{"Total Initial Vulnerabilities": 666, "Initial Vulns Per OS": {"windows": {"8": 19, "8.1": 57, "10": 19, "xp": 109, "vista": 32, "7": 20}, "centos": {"5": 36, "8": 15, "6": 35, "7": 45, "4": 28, "3": 8}, "freebsd": {"13": 11, "12": 22, "10": 5, "9": 33, "11": 20, "8": 70}, "ubuntu": {"16.04": 25, "20.04": 12, "12.04": 14, "14.04": 11, "18.04": 20}}, "Average Initial RoA Per OS": {"windows": {"8": 0.07107229128819907, "8.1": 0.03583123721558051, "10": 0.01321831731418514, "xp": 0.03684429495641378, "vista": 0.05812660457426039, "7": 0.07183698258570377}, "centos": {"5": 0.04540364843572505, "8": 0.012642330083219912, "6": 0.0373149545076112, "7": 0.05404836941234388, "4": 0.055574384970722236, "3": 0.0690268929161526}, "freebsd": {"13": 0.01469370846172647, "12": 0.05996790120132507, "10": 0.12967387071000278, "9": 0.039916422296158174, "11": 0.03643688584054204, "8": 0.061102688579308645}, "ubuntu": {"16.04": 0.031509780542815446, "20.04": 0.01542029409411611, "12.04": 0.06733447311486494, "14.04": 0.03346798416465591, "18.04": 0.04714076956488203}}, "OS Types In Initial Network": {"windows 8": 7, "windows 8.1": 21, "centos 5": 7, "windows 10": 11, "freebsd 13": 16, "freebsd 12": 11, "centos 8": 16, "freebsd 10": 3, "windows xp": 5, "ubuntu 16.04": 7, "centos 4": 7, "freebsd 9": 7, "centos 6": 12, "centos 7": 18, "ubuntu 18.04": 7, "freebsd 11": 7, "ubuntu 20.04": 12, "windows vista": 8, "ubuntu 12.04": 5, "ubuntu 14.04": 4, "windows 7": 6, "freebsd 8": 2, "centos 3": 1}, "Initial Hosts Without Vulnerabilities": 42, "Host Compromises": {"record name": "Host Compromises", "x": [4291, 7913, 11490, 14348, 24058, 24296, 28092, 42669, 42890, 43065, 43500, 50478, 53486, 55046, 58979, 82315, 82400, 85419, 85522, 86112, 102087, 104970, 109251, 125262, 138309, 174185, 182674, 186481, 186740, 193959, 217492, 223470, 226047, 235184], "y": [13, 10, 34, 0, 47, 49, 16, 57, 52, 50, 79, 185, 86, 167, 93, 41, 42, 73, 74, 145, 72, 125, 83, 172, 89, 67, 136, 112, 71, 129, 174, 90, 76, 59], "cumulative y": [1, 2, 3, 4, 5, 6, 7, 8, 9, 10, 11, 12, 13, 14, 15, 16, 17, 18, 19, 20, 21, 22, 23, 24, 25, 26, 27, 28, 29, 30, 31, 32, 33, 34], "total events": 34, "not exposed x": [42669, 42890, 43065, 43500, 50478, 53486, 55046, 58979, 85419, 85522, 86112, 102087, 104970, 109251, 125262, 138309, 174185, 182674, 186481, 186740, 193959, 217492, 223470, 226047, 235184], "not exposed y": [57, 52, 50, 79, 185, 86, 167, 93, 73, 74, 145, 72, 125, 83, 172, 89, 67, 136, 112, 71, 129, 174, 90, 76, 59], "cumulative not exposed y": [1, 2, 3, 4, 5, 6, 7, 8, 9, 10, 11, 12, 13, 14, 15, 16, 17, 18, 19, 20, 21, 22, 23, 24, 25], "total not exposed events": 25}, "Vuln Compromises": {"record name": "Vuln Compromises", "x": [4291, 7913, 11490, 14348, 24058, 28092, 42669, 42890, 43065, 43500, 55046, 58979, 85419, 86112, 125262, 186740, 193959, 217492], "y": [13, 10, 34, 0, 47, 16, 57, 52, 50, 79, 167, 93, 73, 145, 172, 71, 129, 174], "cumulative y": [1, 2, 3, 4, 5, 6, 7, 8, 9, 10, 11, 12, 13, 14, 15, 16, 17, 18], "total events": 18, "not exposed x": [42669, 42890, 43065, 43500, 55046, 58979, 85419, 86112, 125262, 186740, 193959, 217492], "not exposed y": [57, 52, 50, 79, 167, 93, 73, 145, 172, 71, 129, 174], "cumulative not exposed y": [1, 2, 3, 4, 5, 6, 7, 8, 9, 10, 11, 12], "total not exposed events": 12}, "Reuse Password Compromises": {"record name": "Reuse Password Compromises", "x": [24296, 53486, 82315, 82400, 85522, 102087, 104970, 109251, 174185, 182674, 186481, 223470, 235184], "y": [49, 86, 41, 42, 74, 72, 125, 83, 67, 136, 112, 90, 59], "cumulative y": [1, 2, 3, 4, 5, 6, 7, 8, 9, 10, 11, 12, 13], "total events": 13, "not exposed x": [53486, 85522, 102087, 104970, 109251, 174185, 182674, 186481, 223470, 235184], "not exposed y": [86, 74, 72, 125, 83, 67, 136, 112, 90, 59], "cumulative not exposed y": [1, 2, 3, 4, 5, 6, 7, 8, 9, 10], "total not exposed events": 10}, "Password Spray Compromises": {"record name": "Password Spray Compromises", "x": [50478, 138309, 226047], "y": [185, 89, 76], "cumulative y": [1, 2, 3], "total events": 3, "not exposed x": [50478, 138309, 226047], "not exposed y": [185, 89, 76], "cumulative not exposed y": [1, 2, 3], "total not exposed events": 3}, "User Account Leaks": {"record name": "User Account Has Been Leaked By Compromise", "x": [4291, 4291, 4291, 4291, 4291, 7913, 7913, 7913, 7913, 7913, 11490, 11490, 11490, 11490, 14348, 14348, 14348, 14348, 14348, 24058, 24058, 24058, 24058, 24296, 24296, 24296, 24296, 28092, 28092, 28092, 28092, 28092, 42669, 42669, 42669, 42669, 42890, 42890, 43065, 43065, 43065, 43500, 43500, 43500, 43500, 43500, 50478, 50478, 50478, 53486, 53486, 53486, 53486, 55046, 55046, 58979, 58979, 58979, 58979, 82315, 82315, 82315, 82400, 82400, 82400, 85419, 85419, 85419, 85419, 85522, 85522, 86112, 86112, 86112, 102087, 102087, 102087, 104970, 109251, 109251, 109251, 125262, 125262, 138309, 174185, 174185, 182674, 182674, 182674, 186481, 186481, 186481, 186740, 186740, 186740, 186740, 217492, 217492, 226047, 235184, 235184], "y": ["Addie", "Corrine", "Dyan", "Sula", "Joeann", "Daile", "Marilee", "Kris", "Brittan", "Vannie", "Austina", "Elisabeth", "Feliza", "Gabrila", "Desirae", "Tamiko", "Adriane", "Christalle", "Karlen", "Valli", "Joyce", "Gabriell", "Myrilla", "Mignon", "Roze", "Consolata", "Lurlene", "Darell", "Angeline", "Rasla", "Genovera", "Adora", "Selia", "Herminia", "Fanny", "Bess", "Kara-Lynn", "Abigael", "Sephira", "Franky", "Jocelyn", "Dody", "Maia", "Justina", "Elissa", "Marian", "Rebekah", "Anne-Corinne", "Aprilette", "Marin", "Cathryn", "Goldy", "Lorianne", "Neille", "Kayle", "Helsa", "Luciana", "Daryn", "Roslyn", "Sabrina", "Annice", "Teriann", "Josepha", "Dolores", "Aretha", "Belita", "Daisy", "Millisent", "Emogene", "Benedikta", "Tamara", "Cassie", "Uta", "Dasi", "Tanya", "Henrieta", "Cesya", "Lib", "Rubi", "Zelma", "Aviva", "Birgitta", "Tori", "Cassi", "Bernete", "Yoshi", "Isidora", "Harlene", "Yolanthe", "Corrina", "Sosanna", "Kata", "Rahel", "Pauline", "Winni", "Trenna", "Janean", "Giuditta", "Lesly", "Milzie", "Dacia"], "cumulative y": [1, 2, 3, 4, 5, 6, 7, 8, 9, 10, 11, 12, 13, 14, 15, 16, 17, 18, 19, 20, 21, 22, 23, 24, 25, 26, 27, 28, 29, 30, 31, 32, 33, 34, 35, 36, 37, 38, 39, 40, 41, 42, 43, 44, 45, 46, 47, 48, 49, 50, 51, 52, 53, 54, 55, 56, 57, 58, 59, 60, 61, 62, 63, 64, 65, 66, 67, 68, 69, 70, 71, 72, 73, 74, 75, 76, 77, 78, 79, 80, 81, 82, 83, 84, 85, 86, 87, 88, 89, 90, 91, 92, 93, 94, 95, 96, 97, 98, 99, 100, 101], "total events": 101}, "Vulnerabilities Exploited": {"record name": "Vulnerabilities Exploited", "x": [573, 654, 654, 1045, 1539, 1539, 2458, 2458, 2458, 2458, 2458, 2458, 2458, 2458, 4291, 4291, 4291, 4291, 4291, 4291, 4291, 4291, 4291, 4291, 4291, 4291, 4291, 4291, 5589, 5758, 6508, 7913, 7913, 7913, 7913, 7913, 7913, 7913, 7913, 7913, 7913, 7913, 7913, 8414, 8414, 8414, 8414, 8549, 8549, 8731, 8731, 9289, 9289, 9289, 9590, 10240, 10478, 10478, 10478, 10754, 10754, 11490, 11548, 13059, 13059, 13059, 13293, 13848, 14015, 17146, 18056, 18785, 18785, 19243, 19415, 21131, 21488, 21488, 24058, 24131, 28092, 32189, 40864, 42669, 42669, 42669, 42669, 42669, 42669, 42669, 42890, 42890, 43065, 43065, 43065, 45186, 46659, 50609, 52812, 55046, 55046, 59593, 78722, 82559, 85419, 85419, 85419, 85419, 86857, 94998, 94998, 97690, 101616, 119495, 122096, 134998, 145701, 147385, 147959, 170695, 192001, 193959, 202549, 215312, 217492, 225557, 232272, 243045],