{"Total Initial Vulnerabilities": 558, "Initial Vulns Per OS": {"centos": {"6": 24, "8": 18, "7": 7, "5": 58, "4": 3, "3": 70}, "ubuntu": {"14.04": 22, "18.04": 23, "20.04": 10, "16.04": 15, "12.04": 5, "10.04": 15}, "windows": {"vista": 21, "xp": 78, "10": 13, "7": 14, "8.1": 9, "8": 44}, "freebsd": {"8": 9, "12": 14, "13": 12, "10": 25, "9": 15, "11": 34}}, "Average Initial RoA Per OS": {"centos": {"6": 0.013231753115695312, "8": 0.013020424415063696, "7": 0.018390866720121208, "5": 0.052859095230449064, "4": 0.11072183112957364, "3": 0.07663651746593887}, "ubuntu": {"14.04": 0.04465517469857111, "18.04": 0.02602240427692815, "20.04": 0.02927414061678225, "16.04": 0.036616899963885556, "12.04": 0.044167222337070905, "10.04": 0.05360587768032535}, "windows": {"vista": 0.0389190708584126, "xp": 0.04977973459996031, "10": 0.022018477906605365, "7": 0.023837202848141083, "8.1": 0.0770514230067364, "8": 0.05596740631694359}, "freebsd": {"8": 0.02868800533180518, "12": 0.10495735595341775, "13": 0.08713822783249298, "10": 0.025634808768838713, "9": 0.06414337610651795, "11": 0.02627027532817312}}, "OS Types In Initial Network": {"centos 6": 9, "centos 8": 17, "ubuntu 14.04": 7, "centos 7": 8, "windows vista": 5, "ubuntu 18.04": 14, "freebsd 8": 2, "windows xp": 4, "freebsd 12": 15, "freebsd 13": 14, "ubuntu 20.04": 13, "ubuntu 16.04": 11, "freebsd 10": 7, "windows 10": 12, "freebsd 9": 4, "windows 8.1": 14, "windows 7": 6, "centos 5": 10, "ubuntu 12.04": 1, "windows 8": 11, "freebsd 11": 11, "ubuntu 10.04": 2, "centos 4": 1, "centos 3": 2}, "Initial Hosts Without Vulnerabilities": 47, "Host Compromises": {"record name": "Host Compromises", "x": [621, 1304, 2509, 4685, 11833, 13931, 15841, 17408, 17863, 25288, 26250, 26320, 31326, 51837, 78514, 85173, 91571, 119725, 138349, 163149, 163263, 177349, 184692, 187379, 195373, 197670, 199642, 209565, 213255, 217287, 230560, 233554], "y": [4, 6, 8, 21, 2, 7, 17, 23, 94, 41, 45, 46, 115, 110, 113, 93, 109, 117, 5, 119, 120, 123, 104, 170, 71, 95, 86, 83, 88, 69, 103, 125], "cumulative y": [1, 2, 3, 4, 5, 6, 7, 8, 9, 10, 11, 12, 13, 14, 15, 16, 17, 18, 19, 20, 21, 22, 23, 24, 25, 26, 27, 28, 29, 30, 31, 32], "total events": 32, "not exposed x": [17863, 31326, 51837, 78514, 85173, 91571, 119725, 163149, 163263, 177349, 184692, 187379, 195373, 197670, 199642, 209565, 213255, 217287, 230560, 233554], "not exposed y": [94, 115, 110, 113, 93, 109, 117, 119, 120, 123, 104, 170, 71, 95, 86, 83, 88, 69, 103, 125], "cumulative not exposed y": [1, 2, 3, 4, 5, 6, 7, 8, 9, 10, 11, 12, 13, 14, 15, 16, 17, 18, 19, 20], "total not exposed events": 20}, "Vuln Compromises": {"record name": "Vuln Compromises", "x": [621, 1304, 2509, 4685, 11833, 13931, 15841, 17408, 17863, 31326, 51837, 78514, 85173, 91571, 119725, 163149, 163263, 184692, 187379, 195373, 197670, 199642, 209565, 213255, 217287, 230560, 233554], "y": [4, 6, 8, 21, 2, 7, 17, 23, 94, 115, 110, 113, 93, 109, 117, 119, 120, 104, 170, 71, 95, 86, 83, 88, 69, 103, 125], "cumulative y": [1, 2, 3, 4, 5, 6, 7, 8, 9, 10, 11, 12, 13, 14, 15, 16, 17, 18, 19, 20, 21, 22, 23, 24, 25, 26, 27], "total events": 27, "not exposed x": [17863, 31326, 51837, 78514, 85173, 91571, 119725, 163149, 163263, 184692, 187379, 195373, 197670, 199642, 209565, 213255, 217287, 230560, 233554], "not exposed y": [94, 115, 110, 113, 93, 109, 117, 119, 120, 104, 170, 71, 95, 86, 83, 88, 69, 103, 125], "cumulative not exposed y": [1, 2, 3, 4, 5, 6, 7, 8, 9, 10, 11, 12, 13, 14, 15, 16, 17, 18, 19], "total not exposed events": 19}, "Reuse Password Compromises": {"record name": "Reuse Password Compromises", "x": [25288, 26250, 26320, 177349], "y": [41, 45, 46, 123], "cumulative y": [1, 2, 3, 4], "total events": 4, "not exposed x": [177349], "not exposed y": [123], "cumulative not exposed y": [1], "total not exposed events": 1}, "Password Spray Compromises": {"record name": "Password Spray Compromises", "x": [138349], "y": [5], "cumulative y": [1], "total events": 1, "not exposed x": [], "not exposed y": [], "cumulative not exposed y": [], "total not exposed events": 0}, "User Account Leaks": {"record name": "User Account Has Been Leaked By Compromise", "x": [621, 621, 621, 621, 621, 1304, 1304, 1304, 1304, 1304, 2509, 2509, 2509, 2509, 2509, 4685, 4685, 4685, 4685, 4685, 11833, 11833, 11833, 11833, 11833, 13931, 13931, 13931, 13931, 15841, 15841, 15841, 15841, 15841, 17408, 17408, 17408, 17863, 17863, 17863, 17863, 17863, 25288, 25288, 25288, 26250, 26250, 26250, 26320, 26320, 31326, 31326, 31326, 31326, 31326, 51837, 51837, 51837, 51837, 78514, 78514, 85173, 85173, 85173, 85173, 91571, 91571, 91571, 119725, 119725, 119725, 138349, 138349, 163149, 163149, 163149, 163263, 163263, 163263, 177349, 184692, 184692, 184692, 184692, 187379, 187379, 187379, 187379, 195373, 195373, 195373, 197670, 197670, 197670, 199642, 199642, 199642, 199642, 199642, 209565, 209565, 209565, 209565, 213255, 213255, 213255, 213255, 217287, 217287, 230560, 230560, 233554, 233554, 233554], "y": ["Evangelina", "Elora", "Mikaela", "Fae", "Goldie", "Kerrill", "Janela", "Meade", "Ruth", "Bernadene", "Shel", "Jasmina", "Alidia", "Madlin", "Jacinthe", "Doria", "Harley", "Myrilla", "Ted", "Raquel", "Meara", "Simone", "Darb", "Dayle", "Ania", "Mindy", "Madel", "Lyndsie", "Dari", "Shayla", "Clare", "Deni", "Jeanine", "Helen-Elizabeth", "Fawn", "Sophi", "Emelina", "Shena", "Evelyn", "Heather", "Angelita", "Una", "Kiley", "Rikki", "Tilly", "Mimi", "Maggi", "Margeaux", "Lilas", "Sandy", "Lianna", "Hetti", "Kendra", "Lizette", "Lily", "Velvet", "Zarla", "Othella", "Shelli", "Tessi", "Idaline", "Noelyn", "Bettine", "Claire", "Maxi", "Cynthie", "Benedikta", "Enriqueta", "Pattie", "Kaela", "Esme", "Annora", "Kerri", "Vina", "Domini", "Anne-Corinne", "Jodee", "Catharina", "Virginie", "Vale", "Natka", "Katlin", "Adrian", "Ruthy", "Shae", "Theresina", "Hedwiga", "Dorolice", "Gavra", "Emmi", "Shir", "Farra", "Shandee", "Kari", "Liz", "Karlotta", "Madelina", "Arda", "Scarlet", "Lesya", "Karel", "Cynthea", "Prisca", "Britteny", "Cristine", "Jaquelyn", "Beryle", "Torie", "Sofia", "Shandra", "Yolanda", "Emma", "Jilli", "Odella"], "cumulative y": [1, 2, 3, 4, 5, 6, 7, 8, 9, 10, 11, 12, 13, 14, 15, 16, 17, 18, 19, 20, 21, 22, 23, 24, 25, 26, 27, 28, 29, 30, 31, 32, 33, 34, 35, 36, 37, 38, 39, 40, 41, 42, 43, 44, 45, 46, 47, 48, 49, 50, 51, 52, 53, 54, 55, 56, 57, 58, 59, 60, 61, 62, 63, 64, 65, 66, 67, 68, 69, 70, 71, 72, 73, 74, 75, 76, 77, 78, 79, 80, 81, 82, 83, 84, 85, 86, 87, 88, 89, 90, 91, 92, 93, 94, 95, 96, 97, 98, 99, 100, 101, 102, 103, 104, 105, 106, 107, 108, 109, 110, 111, 112, 113, 114], "total events": 114}, "Vulnerabilities Exploited": {"record name": "Vulnerabilities Exploited", "x": [371, 526, 621, 621, 1304, 1304, 2315, 2315, 2315, 2315, 2315, 2315, 2315, 2315, 2315, 2315, 2315, 2315, 2315, 2315, 2509, 2734, 2734, 4510, 4772, 5365, 5365, 6108, 6108, 7078, 7078, 7078, 7078, 7501, 7501, 7501, 7501, 7962, 8207, 8364, 8898, 8898, 8898, 8898, 9434, 10147, 10879, 11456, 11456, 11833, 11833, 13931, 13931, 13931, 13931, 13931, 13931, 13931, 13931, 13931, 13931, 15841, 17408, 17408, 18949, 22080, 22695, 22695, 24385, 28175, 28175, 28175, 28540, 31326, 31820, 32968, 34890, 37209, 47291, 47291, 47291, 47291, 51837, 53397, 60094, 61715, 69054, 73225, 76743, 82203, 84268, 85173, 90710, 90710, 92222, 109620, 119845, 131669, 131669, 155526, 156545, 159701, 164629, 164629, 170690, 177707, 177707, 184692, 184692, 187379, 187582, 192755, 193914, 213472, 217287, 217287, 227162, 230560, 233554, 233554, 233554, 233554, 233554, 233554, 240981, 240981, 245818],