{"Total Initial Vulnerabilities": 510, "Initial Vulns Per OS": {"centos": {"5": 42, "7": 22, "4": 17, "8": 24, "3": 83, "6": 9}, "freebsd": {"11": 32, "9": 17, "13": 10, "10": 42, "8": 23, "12": 24}, "windows": {"10": 9, "8.1": 26, "vista": 18, "8": 13, "xp": 16, "7": 20}, "ubuntu": {"16.04": 22, "18.04": 14, "14.04": 15, "20.04": 6, "12.04": 6}}, "Average Initial RoA Per OS": {"centos": {"5": 0.05750164441347612, "7": 0.0794955764953768, "4": 0.08920313044947742, "8": 0.05725040639240505, "3": 0.06775950699299738, "6": 0.07197888222436065}, "freebsd": {"11": 0.08449788781015843, "9": 0.022511444569081097, "13": 0.04592039737612612, "10": 0.06650745893515328, "8": 0.03667484126959451, "12": 0.08112896246714531}, "windows": {"10": 0.04467082785383108, "8.1": 0.0588682759957467, "vista": 0.13463393986582295, "8": 0.04741738344682148, "xp": 0.03626011757706467, "7": 0.04483542972465592}, "ubuntu": {"16.04": 0.06141278032195434, "18.04": 0.11819845276152849, "14.04": 0.07343225921532892, "20.04": 0.04952077254953452, "12.04": 0.05377100054338796}}, "OS Types In Initial Network": {"centos 5": 10, "freebsd 11": 10, "windows 10": 11, "ubuntu 16.04": 9, "windows 8.1": 15, "centos 7": 14, "freebsd 13": 13, "ubuntu 18.04": 18, "windows vista": 5, "freebsd 9": 6, "centos 4": 5, "windows 8": 9, "windows xp": 3, "centos 8": 20, "centos 3": 3, "freebsd 10": 6, "windows 7": 6, "freebsd 8": 1, "freebsd 12": 16, "ubuntu 14.04": 5, "centos 6": 6, "ubuntu 20.04": 8, "ubuntu 12.04": 1}, "Initial Hosts Without Vulnerabilities": 49, "Host Compromises": {"record name": "Host Compromises", "x": [972, 6285, 6505, 15451, 16728, 19144, 20857, 27648, 30472, 36257, 36356, 39289, 42003, 45096, 48406, 50363, 50935, 53562, 61278, 65342, 77215, 78190, 95751, 108348, 112363, 112703, 114515, 127543, 128649, 134785, 143923, 155817, 159483, 191129, 196551, 207891, 210682, 234709, 237007], "y": [8, 34, 36, 9, 17, 79, 175, 78, 108, 77, 69, 80, 72, 61, 145, 56, 58, 78, 51, 90, 89, 89, 95, 69, 112, 61, 181, 112, 86, 91, 109, 90, 112, 86, 109, 68, 112, 78, 112], "cumulative y": [1, 2, 3, 4, 5, 6, 7, 8, 9, 10, 11, 12, 13, 14, 15, 16, 17, 18, 19, 20, 21, 22, 23, 24, 25, 26, 27, 28, 29, 30, 31, 32, 33, 34, 35, 36, 37, 38, 39], "total events": 39, "not exposed x": [19144, 20857, 27648, 30472, 36257, 36356, 39289, 42003, 45096, 48406, 50363, 50935, 53562, 61278, 65342, 77215, 78190, 95751, 108348, 112363, 112703, 114515, 127543, 128649, 134785, 143923, 155817, 159483, 191129, 196551, 207891, 210682, 234709, 237007], "not exposed y": [79, 175, 78, 108, 77, 69, 80, 72, 61, 145, 56, 58, 78, 51, 90, 89, 89, 95, 69, 112, 61, 181, 112, 86, 91, 109, 90, 112, 86, 109, 68, 112, 78, 112], "cumulative not exposed y": [1, 2, 3, 4, 5, 6, 7, 8, 9, 10, 11, 12, 13, 14, 15, 16, 17, 18, 19, 20, 21, 22, 23, 24, 25, 26, 27, 28, 29, 30, 31, 32, 33, 34], "total not exposed events": 34}, "Vuln Compromises": {"record name": "Vuln Compromises", "x": [972, 6285, 15451, 16728, 20857, 42003, 50363, 50935, 61278, 77215, 78190, 112363, 112703, 114515, 127543, 128649, 134785, 155817, 159483, 191129, 207891, 210682, 234709, 237007], "y": [8, 34, 9, 17, 175, 72, 56, 58, 51, 89, 89, 112, 61, 181, 112, 86, 91, 90, 112, 86, 68, 112, 78, 112], "cumulative y": [1, 2, 3, 4, 5, 6, 7, 8, 9, 10, 11, 12, 13, 14, 15, 16, 17, 18, 19, 20, 21, 22, 23, 24], "total events": 24, "not exposed x": [20857, 42003, 50363, 50935, 61278, 77215, 78190, 112363, 112703, 114515, 127543, 128649, 134785, 155817, 159483, 191129, 207891, 210682, 234709, 237007], "not exposed y": [175, 72, 56, 58, 51, 89, 89, 112, 61, 181, 112, 86, 91, 90, 112, 86, 68, 112, 78, 112], "cumulative not exposed y": [1, 2, 3, 4, 5, 6, 7, 8, 9, 10, 11, 12, 13, 14, 15, 16, 17, 18, 19, 20], "total not exposed events": 20}, "Reuse Password Compromises": {"record name": "Reuse Password Compromises", "x": [6505, 19144, 27648, 30472, 36356, 39289, 45096, 48406, 53562, 95751, 108348, 143923, 196551], "y": [36, 79, 78, 108, 69, 80, 61, 145, 78, 95, 69, 109, 109], "cumulative y": [1, 2, 3, 4, 5, 6, 7, 8, 9, 10, 11, 12, 13], "total events": 13, "not exposed x": [19144, 27648, 30472, 36356, 39289, 45096, 48406, 53562, 95751, 108348, 143923, 196551], "not exposed y": [79, 78, 108, 69, 80, 61, 145, 78, 95, 69, 109, 109], "cumulative not exposed y": [1, 2, 3, 4, 5, 6, 7, 8, 9, 10, 11, 12], "total not exposed events": 12}, "Password Spray Compromises": {"record name": "Password Spray Compromises", "x": [36257, 65342], "y": [77, 90], "cumulative y": [1, 2], "total events": 2, "not exposed x": [36257, 65342], "not exposed y": [77, 90], "cumulative not exposed y": [1, 2], "total not exposed events": 2}, "User Account Leaks": {"record name": "User Account Has Been Leaked By Compromise", "x": [972, 972, 972, 972, 972, 6285, 6285, 6285, 6285, 6285, 6505, 6505, 6505, 6505, 15451, 15451, 15451, 15451, 15451, 16728, 16728, 16728, 19144, 19144, 19144, 19144, 20857, 20857, 20857, 20857, 20857, 27648, 27648, 27648, 27648, 30472, 30472, 30472, 36257, 36257, 36356, 36356, 39289, 39289, 39289, 42003, 42003, 45096, 45096, 45096, 48406, 48406, 48406, 50363, 50363, 50363, 50363, 50935, 50935, 50935, 53562, 53562, 53562, 61278, 65342, 65342, 65342, 77215, 77215, 77215, 78190, 78190, 78190, 95751, 95751, 95751, 95751, 108348, 112363, 112363, 112703, 112703, 114515, 114515, 114515, 114515, 127543, 127543, 128649, 128649, 134785, 134785, 134785, 143923, 155817, 155817, 155817, 159483, 191129, 191129, 207891, 207891, 207891, 210682, 210682, 210682, 234709, 234709, 234709, 237007, 237007, 237007], "y": ["Leonie", "Natty", "Kellia", "Beitris", "Ronnica", "Debbie", "Tara", "Sylvia", "Meggie", "Sandra", "Sabra", "Neila", "Romonda", "Gavra", "Rina", "Bunni", "Jania", "Florentia", "Pepi", "Betsey", "Katinka", "Brittani", "Nananne", "Almire", "Jaquenetta", "Enriqueta", "Marquita", "Rasia", "Marietta", "Leoline", "Irma", "Sheba", "Kerstin", "Missie", "Ermentrude", "Marcile", "Nydia", "Marisa", "Madelle", "Idalia", "Darlleen", "Nicoline", "Ulrikaumeko", "Corrianne", "Clementina", "Gill", "Britte", "Rivkah", "Flore", "Deni", "Max", "Kasey", "Carena", "Karil", "Jodi", "Rozanna", "Freddie", "Ulrika", "Rhoda", "Binny", "Benedicta", "Willyt", "Cayla", "Garnet", "Brandise", "Karina", "Dori", "Dorette", "Lib", "Tedra", "Aubrie", "Melisandra", "Marge", "Laetitia", "Alysa", "Ingeborg", "Colleen", "Sybila", "Esmeralda", "Engracia", "Devan", "Venita", "Devonne", "Jaquenette", "Lela", "Karleen", "Jade", "Katrinka", "Shari", "Livia", "Alvira", "Karena", "Francine", "Ailey", "Glennis", "Mercedes", "Michelina", "Celeste", "Caty", "Robena", "Bibi", "Minetta", "Leia", "Chelsea", "Elly", "Donny", "Carolann", "Liuka", "Grethel", "Maritsa", "Tish", "Kendra"], "cumulative y": [1, 2, 3, 4, 5, 6, 7, 8, 9, 10, 11, 12, 13, 14, 15, 16, 17, 18, 19, 20, 21, 22, 23, 24, 25, 26, 27, 28, 29, 30, 31, 32, 33, 34, 35, 36, 37, 38, 39, 40, 41, 42, 43, 44, 45, 46, 47, 48, 49, 50, 51, 52, 53, 54, 55, 56, 57, 58, 59, 60, 61, 62, 63, 64, 65, 66, 67, 68, 69, 70, 71, 72, 73, 74, 75, 76, 77, 78, 79, 80, 81, 82, 83, 84, 85, 86, 87, 88, 89, 90, 91, 92, 93, 94, 95, 96, 97, 98, 99, 100, 101, 102, 103, 104, 105, 106, 107, 108, 109, 110, 111, 112], "total events": 112}, "Vulnerabilities Exploited": {"record name": "Vulnerabilities Exploited",