{"Total Initial Vulnerabilities": 888, "Initial Vulns Per OS": {"windows": {"8": 37, "7": 22, "xp": 116, "8.1": 23, "10": 7, "vista": 10}, "freebsd": {"10": 47, "9": 66, "12": 30, "11": 22, "13": 13}, "ubuntu": {"12.04": 37, "20.04": 19, "18.04": 19, "16.04": 41, "10.04": 108, "14.04": 20}, "centos": {"8": 20, "5": 30, "6": 31, "7": 47, "3": 123}}, "Average Initial RoA Per OS": {"windows": {"8": 0.04802170368885659, "7": 0.08147328958233314, "xp": 0.04959001486108229, "8.1": 0.054050609350025536, "10": 0.05604639286537816, "vista": 0.031442807714461264}, "freebsd": {"10": 0.06832401170879468, "9": 0.05554984015681487, "12": 0.07270464826275443, "11": 0.018752324587147005, "13": 0.11681215855276192}, "ubuntu": {"12.04": 0.04036884205708169, "20.04": 0.11946776905401324, "18.04": 0.057575841828388895, "16.04": 0.037123292542332084, "10.04": 0.04474267786886063, "14.04": 0.052720497544364406}, "centos": {"8": 0.1637618912206863, "5": 0.07148708092895656, "6": 0.049379433534212445, "7": 0.06619817530106309, "3": 0.06383419890337012}}, "OS Types In Initial Network": {"windows 8": 14, "windows 7": 7, "freebsd 10": 9, "ubuntu 12.04": 6, "centos 8": 18, "windows 8.1": 11, "centos 5": 7, "centos 6": 11, "ubuntu 20.04": 17, "freebsd 9": 10, "freebsd 12": 9, "freebsd 13": 12, "ubuntu 14.04": 6, "windows xp": 3, "centos 7": 14, "freebsd 11": 8, "centos 3": 5, "ubuntu 18.04": 9, "ubuntu 16.04": 12, "windows 10": 4, "ubuntu 10.04": 5, "windows vista": 3}, "Initial Hosts Without Vulnerabilities": 37, "Host Compromises": {"record name": "Host Compromises", "x": [162, 238, 306, 6466, 7613, 8518, 9079, 10279, 11033, 11964, 12885, 13817, 14950, 19829, 25064, 26865, 28118, 44688, 50915, 93078, 157650, 217459, 218609], "y": [0, 1, 2, 26, 27, 30, 33, 38, 40, 42, 44, 47, 49, 10, 19, 24, 29, 25, 48, 9, 3, 11, 12], "cumulative y": [1, 2, 3, 4, 5, 6, 7, 8, 9, 10, 11, 12, 13, 14, 15, 16, 17, 18, 19, 20, 21, 22, 23], "total events": 23, "not exposed x": [], "not exposed y": [], "cumulative not exposed y": [], "total not exposed events": 0}, "Vuln Compromises": {"record name": "Vuln Compromises", "x": [162, 238, 306, 6466, 7613, 9079, 10279, 11033, 12885, 14950, 19829, 25064, 26865, 28118, 50915], "y": [0, 1, 2, 26, 27, 33, 38, 40, 44, 49, 10, 19, 24, 29, 48], "cumulative y": [1, 2, 3, 4, 5, 6, 7, 8, 9, 10, 11, 12, 13, 14, 15], "total events": 15, "not exposed x": [], "not exposed y": [], "cumulative not exposed y": [], "total not exposed events": 0}, "Reuse Password Compromises": {"record name": "Reuse Password Compromises", "x": [8518, 11964, 13817], "y": [30, 42, 47], "cumulative y": [1, 2, 3], "total events": 3, "not exposed x": [], "not exposed y": [], "cumulative not exposed y": [], "total not exposed events": 0}, "Password Spray Compromises": {"record name": "Password Spray Compromises", "x": [44688, 93078, 157650, 217459, 218609], "y": [25, 9, 3, 11, 12], "cumulative y": [1, 2, 3, 4, 5], "total events": 5, "not exposed x": [], "not exposed y": [], "cumulative not exposed y": [], "total not exposed events": 0}, "User Account Leaks": {"record name": "User Account Has Been Leaked By Compromise", "x": [162, 162, 162, 162, 162, 238, 238, 238, 238, 238, 306, 306, 306, 306, 306, 6466, 6466, 6466, 6466, 7613, 7613, 7613, 7613, 8518, 8518, 8518, 9079, 9079, 9079, 9079, 9079, 10279, 10279, 10279, 10279, 11033, 11033, 11033, 11033, 11964, 11964, 11964, 12885, 12885, 12885, 12885, 13817, 13817, 13817, 14950, 14950, 14950, 14950, 14950, 19829, 19829, 19829, 25064, 25064, 25064, 25064, 26865, 28118, 28118, 44688, 44688, 44688, 50915, 50915, 50915, 50915, 50915, 93078, 93078, 93078, 157650, 157650, 157650, 217459, 217459, 217459, 218609], "y": ["Quintilla", "Melisandra", "Kelley", "Dyan", "Tiphanie", "Neely", "Malena", "Edythe", "Dot", "Alfie", "Antonella", "Casey", "Carmelina", "Giana", "Mella", "Pepi", "Corella", "Melisent", "Cicily", "Jewelle", "Diana", "Elisabet", "Madalyn", "Jerrie", "Selia", "Sophey", "Marthena", "Mab", "Estel", "Blinnie", "Jaine", "Shawn", "Valeria", "Elaine", "Nyssa", "Carmela", "Rosabel", "Madelaine", "Fredrika", "Misti", "Rosalinde", "Opal", "Babita", "Charissa", "Keri", "Allianora", "Iolande", "Ulrike", "Maggie", "Angelika", "Rebekah", "Clotilda", "Hollie", "Beverlee", "Ashly", "Twyla", "Chryste", "Sheena", "Noami", "Perry", "Helene", "Cristen", "Malorie", "Brittne", "Velma", "Happy", "Dasie", "Jinny", "Ertha", "Laetitia", "Garland", "Yalonda", "Elvera", "Felita", "Melodee", "Shir", "Aggie", "Joann", "Stella", "Cami", "Joy", "Jeanine"], "cumulative y": [1, 2, 3, 4, 5, 6, 7, 8, 9, 10, 11, 12, 13, 14, 15, 16, 17, 18, 19, 20, 21, 22, 23, 24, 25, 26, 27, 28, 29, 30, 31, 32, 33, 34, 35, 36, 37, 38, 39, 40, 41, 42, 43, 44, 45, 46, 47, 48, 49, 50, 51, 52, 53, 54, 55, 56, 57, 58, 59, 60, 61, 62, 63, 64, 65, 66, 67, 68, 69, 70, 71, 72, 73, 74, 75, 76, 77, 78, 79, 80, 81, 82], "total events": 82}, "Vulnerabilities Exploited": {"record name": "Vulnerabilities Exploited", "x": [162, 162, 238, 306, 1063, 1063, 1472, 1734, 1734, 1734, 1873, 2078, 2078, 2677, 2677, 3236, 3366, 5040, 5040, 5040, 5040, 5040, 5040, 5040, 5040, 5040, 5040, 5040, 5040, 5040, 5040, 5040, 5040, 5298, 5298, 5923, 5923, 6153, 6466, 6466, 6466, 7613, 7613, 7613, 7613, 7613, 7613, 7613, 7613, 7613, 7613, 7613, 7613, 7613, 7613, 7613, 7613, 8105, 8105, 8105, 8105, 9079, 10279, 11033, 11679, 11679, 11679, 11679, 12535, 12885, 12885, 12885, 12885, 13002, 13512, 13512, 14389, 14389, 14950, 15436, 15436, 15436, 15863, 17116, 17116, 19829, 19829, 19829, 25064, 25064, 25064, 25064, 25064, 25064, 25064, 25245, 27711, 27711, 28118, 29161, 31768, 33192, 41262, 44963, 50223, 50915, 53844, 58593, 59637, 63103, 66371, 67113, 67113, 70145, 70145, 70145, 76368, 83657, 103770, 106871, 130166, 228509], "cumulative exploited vulns": [1, 2, 3, 4, 5, 6, 7, 8, 9, 10, 11, 12, 13, 14, 15, 16, 17, 18, 19, 20, 21, 22, 23, 24, 25, 26, 27, 28, 29, 30, 31, 32, 33, 34, 35, 36, 37, 38, 39, 40, 41, 42, 43, 44, 45, 46, 47, 48, 49, 50, 51, 52, 53, 54, 55, 56, 57, 58, 59, 60, 61, 62, 63, 64, 65, 66, 67, 68, 69, 70, 71, 72, 73, 74, 75, 76, 77, 78, 79, 80, 81, 82, 83, 84, 85, 86, 87, 88, 89, 90, 91, 92, 93, 94, 95, 96, 97, 98, 99, 100, 101, 102, 103, 104, 105, 106, 107, 108, 109, 110, 111, 112, 113, 114, 115, 116, 117, 118, 119, 120, 121, 122],