{"Total Initial Vulnerabilities": 556, "Initial Vulns Per OS": {"ubuntu": {"20.04": 27, "18.04": 28, "12.04": 25, "16.04": 34, "14.04": 28, "10.04": 13}, "freebsd": {"9": 24, "13": 19, "8": 98, "11": 17, "12": 15, "10": 37}, "centos": {"3": 23, "6": 3, "7": 28, "8": 8, "4": 8, "5": 21}, "windows": {"8": 12, "8.1": 32, "10": 17, "7": 14, "vista": 16, "xp": 9}}, "Average Initial RoA Per OS": {"ubuntu": {"20.04": 0.06665462453462494, "18.04": 0.06704541248952957, "12.04": 0.09412066057602132, "16.04": 0.034298334650978896, "14.04": 0.0608126499944882, "10.04": 0.028207447458929318}, "freebsd": {"9": 0.02944956769210895, "13": 0.10578995016153751, "8": 0.03998390766094633, "11": 0.03179145218546313, "12": 0.1011283593452547, "10": 0.0463469061759496}, "centos": {"3": 0.058872519505100585, "6": 0.12195951898049635, "7": 0.052575745570296296, "8": 0.15089859427821395, "4": 0.1426464800337928, "5": 0.07101601987820746}, "windows": {"8": 0.08577438965681922, "8.1": 0.06981378494288171, "10": 0.07809483482734765, "7": 0.09786211631053802, "vista": 0.05703129125342959, "xp": 0.04970934687751704}}, "OS Types In Initial Network": {"freebsd 13": 22, "windows 10": 15, "ubuntu 20.04": 21, "freebsd 9": 4, "ubuntu 18.04": 11, "centos 8": 15, "centos 3": 1, "freebsd 8": 4, "centos 6": 3, "centos 7": 11, "windows 7": 6, "ubuntu 12.04": 4, "windows 8": 8, "centos 4": 3, "freebsd 11": 5, "centos 5": 6, "freebsd 12": 12, "ubuntu 16.04": 11, "ubuntu 14.04": 8, "windows 8.1": 15, "ubuntu 10.04": 2, "freebsd 10": 7, "windows vista": 5, "windows xp": 1}, "Initial Hosts Without Vulnerabilities": 49, "Host Compromises": {"record name": "Host Compromises", "x": [1711, 1937, 4164, 6566, 8710, 10988, 11238, 12096, 15424, 16067, 18707, 20355, 20805, 25589, 76821, 125878, 201024, 212803, 213354, 213465, 214086, 230208], "y": [7, 8, 14, 27, 40, 45, 46, 111, 9, 10, 20, 25, 28, 42, 31, 29, 37, 4, 5, 100, 175, 101], "cumulative y": [1, 2, 3, 4, 5, 6, 7, 8, 9, 10, 11, 12, 13, 14, 15, 16, 17, 18, 19, 20, 21, 22], "total events": 22, "not exposed x": [12096, 213465, 214086, 230208], "not exposed y": [111, 100, 175, 101], "cumulative not exposed y": [1, 2, 3, 4], "total not exposed events": 4}, "Vuln Compromises": {"record name": "Vuln Compromises", "x": [1711, 1937, 4164, 6566, 8710, 10988, 11238, 15424, 16067, 25589, 76821], "y": [7, 8, 14, 27, 40, 45, 46, 9, 10, 42, 31], "cumulative y": [1, 2, 3, 4, 5, 6, 7, 8, 9, 10, 11], "total events": 11, "not exposed x": [], "not exposed y": [], "cumulative not exposed y": [], "total not exposed events": 0}, "Reuse Password Compromises": {"record name": "Reuse Password Compromises", "x": [12096, 18707, 20355, 20805, 212803, 213354, 213465, 214086], "y": [111, 20, 25, 28, 4, 5, 100, 175], "cumulative y": [1, 2, 3, 4, 5, 6, 7, 8], "total events": 8, "not exposed x": [12096, 213465, 214086], "not exposed y": [111, 100, 175], "cumulative not exposed y": [1, 2, 3], "total not exposed events": 3}, "Password Spray Compromises": {"record name": "Password Spray Compromises", "x": [125878, 201024, 230208], "y": [29, 37, 101], "cumulative y": [1, 2, 3], "total events": 3, "not exposed x": [230208], "not exposed y": [101], "cumulative not exposed y": [1], "total not exposed events": 1}, "User Account Leaks": {"record name": "User Account Has Been Leaked By Compromise", "x": [1711, 1711, 1711, 1711, 1711, 1937, 1937, 1937, 1937, 1937, 4164, 4164, 4164, 4164, 4164, 6566, 6566, 6566, 8710, 8710, 8710, 8710, 8710, 10988, 10988, 10988, 10988, 11238, 11238, 11238, 11238, 12096, 12096, 12096, 12096, 15424, 15424, 15424, 15424, 15424, 16067, 16067, 16067, 16067, 18707, 18707, 18707, 18707, 20355, 20355, 20355, 20355, 20805, 20805, 20805, 25589, 25589, 25589, 76821, 76821, 76821, 76821, 125878, 125878, 125878, 201024, 201024, 212803, 212803, 213354, 213354, 213354, 213465, 213465, 213465, 214086, 214086, 214086, 230208, 230208, 230208], "y": ["Helga", "Tallia", "Jewelle", "Kellyann", "Micaela", "Zarah", "Josie", "Jennette", "Carley", "Siobhan", "Tedra", "Lexis", "Merilee", "Michelina", "Tally", "Fara", "Brigitte", "Blinny", "Stesha", "Renee", "Mallory", "Chrystal", "Meredith", "Dalila", "Shanda", "Jewell", "Nell", "Pearla", "Fedora", "Jeanne", "Elsey", "Grace", "Eda", "Anthe", "Jenifer", "Kelsi", "Melisande", "Nance", "Kirstyn", "Audra", "Karlee", "Hilda", "Joni", "Amelie", "Eustacia", "Brittaney", "Cally", "Alejandrina", "Dayna", "Daffy", "Corie", "Yolanthe", "Winnie", "Emera", "Henrie", "Juliana", "Aeriela", "Norrie", "Dina", "Cathyleen", "Ammamaria", "Doralynne", "Melloney", "Retha", "Hestia", "Kimberlyn", "Karrah", "Ferdinanda", "Jeannie", "Helena", "Winonah", "Nelle", "Nonie", "Peggie", "Sasha", "Meta", "Lexy", "Elenore", "Andrea", "Melitta", "Sharlene"], "cumulative y": [1, 2, 3, 4, 5, 6, 7, 8, 9, 10, 11, 12, 13, 14, 15, 16, 17, 18, 19, 20, 21, 22, 23, 24, 25, 26, 27, 28, 29, 30, 31, 32, 33, 34, 35, 36, 37, 38, 39, 40, 41, 42, 43, 44, 45, 46, 47, 48, 49, 50, 51, 52, 53, 54, 55, 56, 57, 58, 59, 60, 61, 62, 63, 64, 65, 66, 67, 68, 69, 70, 71, 72, 73, 74, 75, 76, 77, 78, 79, 80, 81], "total events": 81}, "Vulnerabilities Exploited": {"record name": "Vulnerabilities Exploited", "x": [668, 668, 1711, 1711, 1711, 1711, 1711, 1711, 1711, 1711, 1814, 1814, 2487, 2487, 3109, 3109, 3109, 3109, 3109, 3109, 3109, 3537, 3537, 4164, 4164, 4234, 4758, 4758, 5298, 5579, 5579, 6051, 6181, 6566, 6566, 6938, 10988, 10988, 10988, 10988, 10988, 10988, 10988, 10988, 10988, 10988, 10988, 10988, 10988, 10988, 10988, 11373, 12326, 12326, 12326, 12326, 14101, 14101, 14584, 15424, 16067, 16067, 16067, 16067, 18111, 18111, 24100, 24514, 26628, 37485, 38267, 46018, 52255, 54306, 58311, 70918, 74863, 76821, 123534], "cumulative exploited vulns": [1, 2, 3, 4, 5, 6, 7, 8, 9, 10, 11, 12, 13, 14, 15, 16, 17, 18, 19, 20, 21, 22, 23, 24, 25, 26, 27, 28, 29, 30, 31, 32, 33, 34, 35, 36, 37, 38, 39, 40, 41, 42, 43, 44, 45, 46, 47, 48, 49, 50, 51, 52, 53, 54, 55, 56, 57, 58, 59, 60, 61, 62, 63, 64, 65, 66, 67, 68, 69, 70, 71, 72, 73, 74, 75, 76, 77, 78, 79], "roa": [0.21815332488337646, 0.09685558405131738, 0.8568058905045148, 0.5865855132921528, 0.24263929011817345, 0.5128705770590595, 0.08719405705231124, 0.4266048503320217, 0.22581869105472854, 0.054449813664316137, 0.36184195625218185, 0.4002347741263984, 0.29628778313886206, 0.2940296374065244, 0.4568465717979334, 0.1479131118737514, 0.21894971963881163, 0.35819155566102323, 0.4341347733618807, 0.06443514381127005, 0.06097934341004837, 0.8689445349515506, 0.8689445349515506, 0.2993764789809778, 0.019615096061172427, 0.08638290946790199, 0.4452993470128699, 0.32303140981344736, 0.13060555063582405, 0.4411919571207291, 0.1822179351828759, 0.7125141381901061, 0.003818267010608498, 0.03125185136820847, 0.06850980900884325, 0.2742695530630384, 0.6561976537299354, 0.5780847830345708, 0.6360503250163093, 0.036238146255626755, 0.30910862108061166, 0.24171567350202072, 0.45985735586693216, 0.21079480554881655, 0.16212768968667285, 0.22144989388230382, 0.5444368599963345, 0.08718824853012673, 0.32438765322106816, 0.19749305126241248, 0.14920837722301222, 0.40343575505434676, 0.7807907052826695, 0.2873911657268403, 0.34005981398629526, 0.2838883901921534, 0.06674318135646802, 0.031120631182177384, 0.1484168399456129, 0.31481194803649726, 0.6321869546078566, 0.028101301287548182, 0.7065426100618215, 0.3747051674094297, 0.18843995446393136, 0.36049608708730696, 0.6046609011839081, 0.47643233535739676, 0.5401009764774256, 0.061869729830280995, 0.25945365491853056, 0.030695932193023134, 0.004994411331512934, 0.041033130483463305, 0.011464964980065117, 0.05005297465750099, 0.04322294184911653, 0.2433299814264958, 0.14375951912977333],