{"Total Initial Vulnerabilities": 679, "Initial Vulns Per OS": {"windows": {"8": 37, "10": 18, "8.1": 28, "7": 29, "vista": 23}, "centos": {"8": 7, "6": 33, "7": 12, "4": 48, "5": 19, "3": 1}, "ubuntu": {"18.04": 13, "12.04": 25, "20.04": 21, "14.04": 26, "10.04": 62, "16.04": 9}, "freebsd": {"13": 14, "12": 16, "11": 32, "8": 107, "10": 35, "9": 64}}, "Average Initial RoA Per OS": {"windows": {"8": 0.04286625695636546, "10": 0.026171063721093867, "8.1": 0.08103232683914514, "7": 0.05013310917256258, "vista": 0.04867040604855849}, "centos": {"8": 0.06241013487638549, "6": 0.0280424620664875, "7": 0.05439474354977993, "4": 0.04773906726262355, "5": 0.007859762147488916, "3": 0.004268498906590503}, "ubuntu": {"18.04": 0.0709001477459581, "12.04": 0.06000606353456445, "20.04": 0.03650613142439162, "14.04": 0.010121141424564436, "10.04": 0.04763116099228988, "16.04": 0.04774974755107713}, "freebsd": {"13": 0.04553109349528327, "12": 0.026136691444080176, "11": 0.03396567511569701, "8": 0.05188043000071239, "10": 0.030907384166932467, "9": 0.04457908584608014}}, "OS Types In Initial Network": {"windows 8": 12, "centos 8": 9, "ubuntu 18.04": 13, "centos 6": 11, "windows 10": 17, "ubuntu 20.04": 16, "freebsd 13": 18, "freebsd 12": 10, "windows 8.1": 12, "freebsd 11": 10, "centos 7": 5, "ubuntu 12.04": 4, "windows 7": 8, "ubuntu 14.04": 7, "windows vista": 3, "ubuntu 10.04": 2, "centos 4": 6, "freebsd 8": 4, "centos 5": 8, "freebsd 10": 8, "freebsd 9": 10, "ubuntu 16.04": 6, "centos 3": 1}, "Initial Hosts Without Vulnerabilities": 43, "Host Compromises": {"record name": "Host Compromises", "x": [1134, 7155, 9216, 12021, 15042, 15446, 19905, 20009, 21047, 23518, 46777, 46846, 46931, 49027, 49157, 55997, 56095, 63163, 65810, 86282, 107949, 110608, 111278, 112620, 116588, 155683, 160246], "y": [7, 35, 43, 114, 118, 116, 117, 59, 178, 120, 182, 106, 102, 76, 80, 146, 149, 104, 107, 111, 57, 103, 192, 108, 74, 110, 121], "cumulative y": [1, 2, 3, 4, 5, 6, 7, 8, 9, 10, 11, 12, 13, 14, 15, 16, 17, 18, 19, 20, 21, 22, 23, 24, 25, 26, 27], "total events": 27, "not exposed x": [12021, 15042, 15446, 19905, 20009, 21047, 23518, 46777, 46846, 46931, 49027, 49157, 55997, 56095, 63163, 65810, 86282, 107949, 110608, 111278, 112620, 116588, 155683, 160246], "not exposed y": [114, 118, 116, 117, 59, 178, 120, 182, 106, 102, 76, 80, 146, 149, 104, 107, 111, 57, 103, 192, 108, 74, 110, 121], "cumulative not exposed y": [1, 2, 3, 4, 5, 6, 7, 8, 9, 10, 11, 12, 13, 14, 15, 16, 17, 18, 19, 20, 21, 22, 23, 24], "total not exposed events": 24}, "Vuln Compromises": {"record name": "Vuln Compromises", "x": [1134, 7155, 9216, 12021, 15042, 15446, 19905, 20009, 21047, 23518, 46777, 46931, 49027, 63163, 86282, 107949, 110608, 111278, 112620, 116588, 155683, 160246], "y": [7, 35, 43, 114, 118, 116, 117, 59, 178, 120, 182, 102, 76, 104, 111, 57, 103, 192, 108, 74, 110, 121], "cumulative y": [1, 2, 3, 4, 5, 6, 7, 8, 9, 10, 11, 12, 13, 14, 15, 16, 17, 18, 19, 20, 21, 22], "total events": 22, "not exposed x": [12021, 15042, 15446, 19905, 20009, 21047, 23518, 46777, 46931, 49027, 63163, 86282, 107949, 110608, 111278, 112620, 116588, 155683, 160246], "not exposed y": [114, 118, 116, 117, 59, 178, 120, 182, 102, 76, 104, 111, 57, 103, 192, 108, 74, 110, 121], "cumulative not exposed y": [1, 2, 3, 4, 5, 6, 7, 8, 9, 10, 11, 12, 13, 14, 15, 16, 17, 18, 19], "total not exposed events": 19}, "Reuse Password Compromises": {"record name": "Reuse Password Compromises", "x": [46846, 49157, 55997, 56095, 65810], "y": [106, 80, 146, 149, 107], "cumulative y": [1, 2, 3, 4, 5], "total events": 5, "not exposed x": [46846, 49157, 55997, 56095, 65810], "not exposed y": [106, 80, 146, 149, 107], "cumulative not exposed y": [1, 2, 3, 4, 5], "total not exposed events": 5}, "Password Spray Compromises": {"record name": "Password Spray Compromises", "x": [], "y": [], "cumulative y": [], "total events": 0, "not exposed x": [], "not exposed y": [], "cumulative not exposed y": [], "total not exposed events": 0}, "User Account Leaks": {"record name": "User Account Has Been Leaked By Compromise", "x": [1134, 1134, 1134, 1134, 1134, 7155, 7155, 7155, 7155, 7155, 9216, 9216, 9216, 9216, 9216, 12021, 12021, 12021, 12021, 15042, 15042, 15042, 15042, 15042, 15446, 15446, 15446, 15446, 19905, 19905, 19905, 19905, 20009, 20009, 20009, 20009, 21047, 21047, 21047, 23518, 23518, 23518, 46777, 46777, 46777, 46846, 46846, 46846, 46846, 46931, 46931, 46931, 46931, 49027, 49027, 49027, 49027, 49027, 49157, 49157, 49157, 55997, 55997, 55997, 56095, 56095, 56095, 56095, 63163, 63163, 63163, 86282, 86282, 86282, 86282, 86282, 107949, 107949, 107949, 107949, 110608, 110608, 110608, 111278, 112620, 112620, 112620, 116588, 116588, 116588, 155683, 155683, 155683, 160246, 160246], "y": ["Chrysler", "Quintana", "Harri", "Zorina", "Tedra", "Horatia", "Christel", "Dorella", "Rodina", "Piper", "Gertrudis", "Devondra", "Dannie", "Karita", "Emilee", "Janeva", "Birdie", "Angil", "Evonne", "Randy", "Bell", "Danell", "Angel", "Elana", "Norene", "Sofie", "Constancia", "Lilly", "June", "Juli", "Storm", "Dehlia", "Ginevra", "Erena", "Heida", "Susi", "Joannes", "Elora", "Gill", "Viola", "Ellette", "Corrina", "Emmalynne", "Jaine", "Cathrine", "Fayre", "Colleen", "Analise", "Milly", "Rosa", "Yasmin", "Marysa", "Arabelle", "Abbey", "Bekki", "Jeanie", "Ricki", "Suzette", "Faina", "Joell", "Dorette", "Josephina", "Marlo", "Bonnee", "Linnea", "Elizabeth", "Sasha", "Mabel", "De", "Seana", "Barbra", "Dale", "Oralee", "Elianora", "Teressa", "Joella", "Florence", "Jacinda", "Jonie", "Maegan", "Sean", "Fianna", "Rora", "Marquita", "Deirdre", "Odelia", "Bren", "Sibley", "Eirena", "Kellyann", "Starlene", "Dosi", "Berenice", "Rochell", "Ema"], "cumulative y": [1, 2, 3, 4, 5, 6, 7, 8, 9, 10, 11, 12, 13, 14, 15, 16, 17, 18, 19, 20, 21, 22, 23, 24, 25, 26, 27, 28, 29, 30, 31, 32, 33, 34, 35, 36, 37, 38, 39, 40, 41, 42, 43, 44, 45, 46, 47, 48, 49, 50, 51, 52, 53, 54, 55, 56, 57, 58, 59, 60, 61, 62, 63, 64, 65, 66, 67, 68, 69, 70, 71, 72, 73, 74, 75, 76, 77, 78, 79, 80, 81, 82, 83, 84, 85, 86, 87, 88, 89, 90, 91, 92, 93, 94, 95], "total events": 95}, "Vulnerabilities Exploited": {"record name": "Vulnerabilities Exploited", "x": [495, 495, 495, 495, 495, 495, 495, 706, 706, 706, 889, 1134, 1553, 2465, 2465, 2830, 2978, 2978, 3261, 3261, 3681, 4075, 4075, 4075, 4075, 4284, 5398, 5398, 5398, 5398, 5398, 5398, 5398, 5398, 5398, 5398, 5398, 5398, 5398, 5398, 5942, 5942, 6464, 6464, 6464, 6464, 6464, 6733, 6733, 6733, 7155, 7155, 7394, 7394, 7733, 7733, 8091, 8091, 8091, 9216, 9302, 10405, 10526, 10808, 12234, 15042, 15042, 15042, 15446, 15446, 15446, 19905, 20009, 21047, 21047, 27418, 29964, 40902, 49027, 49027, 49346, 54339, 54339, 55572, 55572, 55572, 57160, 63972, 83317, 83317, 83317, 85325, 97353, 102558, 104251, 104251, 104251, 104251, 104251, 104251, 104251, 104858, 110608, 116839, 118888, 136395, 155683, 155683, 156003, 160428, 161127, 161127, 192621, 219557], "cumulative exploited vulns": [1, 2, 3, 4, 5, 6, 7, 8, 9, 10, 11, 12, 13, 14, 15, 16, 17, 18, 19, 20, 21, 22, 23, 24, 25, 26, 27, 28, 29, 30, 31, 32, 33, 34, 35, 36, 37, 38, 39, 40, 41, 42, 43, 44, 45, 46, 47, 48, 49, 50, 51, 52, 53, 54, 55, 56, 57, 58, 59, 60, 61, 62, 63, 64, 65, 66, 67, 68, 69, 70, 71, 72, 73, 74, 75, 76, 77, 78, 79, 80, 81, 82, 83, 84, 85, 86, 87, 88, 89, 90, 91, 92, 93, 94, 95, 96, 97, 98, 99, 100, 101, 102, 103, 104, 105, 106, 107, 108, 109, 110, 111, 112, 113, 114],