{"Total Initial Vulnerabilities": 633, "Initial Vulns Per OS": {"ubuntu": {"18.04": 30, "10.04": 28, "12.04": 29, "16.04": 19, "20.04": 23, "14.04": 24}, "centos": {"5": 33, "8": 12, "6": 48, "7": 12, "4": 34, "3": 47}, "freebsd": {"11": 25, "10": 33, "8": 34, "12": 40, "9": 21, "13": 31}, "windows": {"10": 20, "vista": 22, "8.1": 20, "xp": 21, "8": 18, "7": 9}}, "Average Initial RoA Per OS": {"ubuntu": {"18.04": 0.08713997643090571, "10.04": 0.06391946530500404, "12.04": 0.026679813148675766, "16.04": 0.07799730618375471, "20.04": 0.05673512306572379, "14.04": 0.05312454480809572}, "centos": {"5": 0.12856469326217593, "8": 0.046944913827209826, "6": 0.05236936767407818, "7": 0.02196272062479558, "4": 0.042688291478520705, "3": 0.04438676046610433}, "freebsd": {"11": 0.07638239217745464, "10": 0.05882612471147546, "8": 0.05110740297366172, "12": 0.04309400150751988, "9": 0.012181092586721084, "13": 0.06779041455769654}, "windows": {"10": 0.04126939892981096, "vista": 0.04183801999367939, "8.1": 0.032666092807475164, "xp": 0.07328248554213627, "8": 0.06240644968874847, "7": 0.10499929490637983}}, "OS Types In Initial Network": {"ubuntu 18.04": 15, "centos 5": 8, "freebsd 11": 7, "ubuntu 10.04": 3, "freebsd 10": 9, "ubuntu 12.04": 4, "windows 10": 14, "windows vista": 6, "ubuntu 16.04": 8, "freebsd 8": 1, "freebsd 12": 15, "windows 8.1": 10, "ubuntu 20.04": 22, "windows xp": 2, "centos 8": 13, "windows 8": 7, "freebsd 9": 4, "freebsd 13": 16, "ubuntu 14.04": 7, "centos 6": 12, "windows 7": 3, "centos 7": 7, "centos 4": 4, "centos 3": 3}, "Initial Hosts Without Vulnerabilities": 40, "Host Compromises": {"record name": "Host Compromises", "x": [1791, 4031, 5283, 5646, 5892, 7597, 13333, 15608, 19006, 19978, 21900, 22781, 24425, 66915, 75124, 92039, 116353, 122244, 128873, 135360, 139207, 139341, 154781, 155063, 158438, 166490, 220651, 220839, 223287, 241933, 244680], "y": [3, 15, 22, 24, 25, 30, 11, 16, 31, 35, 41, 44, 47, 7, 37, 28, 43, 88, 83, 0, 52, 56, 58, 74, 59, 147, 136, 125, 191, 116, 85], "cumulative y": [1, 2, 3, 4, 5, 6, 7, 8, 9, 10, 11, 12, 13, 14, 15, 16, 17, 18, 19, 20, 21, 22, 23, 24, 25, 26, 27, 28, 29, 30, 31], "total events": 31, "not exposed x": [122244, 128873, 139207, 139341, 154781, 155063, 158438, 166490, 220651, 220839, 223287, 241933, 244680], "not exposed y": [88, 83, 52, 56, 58, 74, 59, 147, 136, 125, 191, 116, 85], "cumulative not exposed y": [1, 2, 3, 4, 5, 6, 7, 8, 9, 10, 11, 12, 13], "total not exposed events": 13}, "Vuln Compromises": {"record name": "Vuln Compromises", "x": [1791, 4031, 5283, 5646, 5892, 7597, 13333, 19006, 19978, 21900, 22781, 24425, 66915, 92039, 116353, 139207, 154781, 155063, 166490, 220839, 223287, 244680], "y": [3, 15, 22, 24, 25, 30, 11, 31, 35, 41, 44, 47, 7, 28, 43, 52, 58, 74, 147, 125, 191, 85], "cumulative y": [1, 2, 3, 4, 5, 6, 7, 8, 9, 10, 11, 12, 13, 14, 15, 16, 17, 18, 19, 20, 21, 22], "total events": 22, "not exposed x": [139207, 154781, 155063, 166490, 220839, 223287, 244680], "not exposed y": [52, 58, 74, 147, 125, 191, 85], "cumulative not exposed y": [1, 2, 3, 4, 5, 6, 7], "total not exposed events": 7}, "Reuse Password Compromises": {"record name": "Reuse Password Compromises", "x": [15608, 75124, 122244, 128873, 135360, 139341, 158438, 241933], "y": [16, 37, 88, 83, 0, 56, 59, 116], "cumulative y": [1, 2, 3, 4, 5, 6, 7, 8], "total events": 8, "not exposed x": [122244, 128873, 139341, 158438, 241933], "not exposed y": [88, 83, 56, 59, 116], "cumulative not exposed y": [1, 2, 3, 4, 5], "total not exposed events": 5}, "Password Spray Compromises": {"record name": "Password Spray Compromises", "x": [220651], "y": [136], "cumulative y": [1], "total events": 1, "not exposed x": [220651], "not exposed y": [136], "cumulative not exposed y": [1], "total not exposed events": 1}, "User Account Leaks": {"record name": "User Account Has Been Leaked By Compromise", "x": [1791, 1791, 1791, 1791, 1791, 4031, 4031, 4031, 4031, 4031, 5283, 5283, 5283, 5283, 5283, 5646, 5646, 5646, 5646, 5646, 5892, 5892, 5892, 5892, 7597, 7597, 7597, 7597, 13333, 13333, 13333, 13333, 15608, 15608, 15608, 15608, 19006, 19006, 19006, 19978, 19978, 19978, 19978, 21900, 21900, 21900, 22781, 22781, 22781, 22781, 22781, 24425, 24425, 24425, 24425, 66915, 66915, 66915, 75124, 75124, 75124, 75124, 92039, 92039, 92039, 116353, 116353, 116353, 116353, 122244, 122244, 128873, 128873, 128873, 135360, 135360, 135360, 135360, 139207, 139207, 139207, 139207, 139341, 139341, 155063, 155063, 155063, 158438, 166490, 166490, 220651, 220651, 220651, 220651, 220839, 220839, 220839, 223287, 223287, 241933, 241933, 241933, 241933, 244680], "y": ["Denice", "Grethel", "Leeann", "Vinita", "Coralyn", "Brinna", "Cornie", "Sophie", "Daveen", "Othilie", "Rebekkah", "Ethelda", "Pam", "Patricia", "Alena", "Madeleine", "Aubrette", "Ophelia", "Nikaniki", "Beverley", "Seka", "Jewell", "Bunnie", "Verna", "Ailis", "Alexia", "Tracey", "Andy", "Lydie", "Sarina", "Jackqueline", "Angil", "Gina", "Kelci", "Chastity", "Jillie", "Goldarina", "Charita", "Janie", "Cacilie", "Alis", "Issie", "Deloria", "Adelice", "Louisette", "Kim", "Katey", "Saraann", "Glenna", "Martelle", "Roobbie", "Blinnie", "Latashia", "Chere", "Sib", "Tanitansy", "Persis", "Ketti", "Cyndie", "Maren", "Dolley", "Germana", "Maud", "Layne", "Cortney", "Shanta", "Audre", "Livy", "Quinn", "Ambur", "Kirbie", "Claire", "Ileane", "Devon", "Lorette", "Vita", "Kathrine", "Randa", "Sonni", "Wenonah", "Lind", "Daisie", "Arliene", "Jacki", "Dorris", "Sadie", "Krystalle", "Fancy", "Idaline", "Theresa", "Nita", "Katrine", "Barbabra", "Vivien", "Korrie", "Hulda", "Kelli", "Gill", "Hilliary", "Lea", "Iolanthe", "Isis", "Arden", "Dacey"], "cumulative y": [1, 2, 3, 4, 5, 6, 7, 8, 9, 10, 11, 12, 13, 14, 15, 16, 17, 18, 19, 20, 21, 22, 23, 24, 25, 26, 27, 28, 29, 30, 31, 32, 33, 34, 35, 36, 37, 38, 39, 40, 41, 42, 43, 44, 45, 46, 47, 48, 49, 50, 51, 52, 53, 54, 55, 56, 57, 58, 59, 60, 61, 62, 63, 64, 65, 66, 67, 68, 69, 70, 71, 72, 73, 74, 75, 76, 77, 78, 79, 80, 81, 82, 83, 84, 85, 86, 87, 88, 89, 90, 91, 92, 93, 94, 95, 96, 97, 98, 99, 100, 101, 102, 103, 104], "total events": 104}, "Vulnerabilities Exploited": {"record name": "Vulnerabilities Exploited", "x": [515, 515, 515, 515, 1791, 1791, 1791, 1791, 1791, 1791, 1791, 1791, 1791, 1791, 2289, 2512, 2593, 2771, 3187, 3187, 3187, 3187, 3187, 3419, 4031, 4626, 4951, 4951, 5283, 5646, 5892, 5892, 5892, 6410, 6944, 7597, 7772, 9690, 9974, 11153, 11379, 12042, 13333, 13333, 13333, 13333, 13333, 13333, 13333, 13333, 13333, 13333, 13410, 14910, 15150, 17444, 17826, 18423, 19006, 19395, 19978, 20883, 20883, 20883, 21264, 21900, 21900, 21900, 22454, 24425, 24425, 25006, 25380, 35325, 36864, 66534, 70660, 70660, 71958, 75320, 75320, 75320, 82763, 84904, 92039, 111526, 116353, 117776, 117776, 117776, 117776, 117776, 129579, 138687, 138687, 138687, 147321, 154781, 154781, 155063, 159854, 159854, 166490, 220839, 223287, 223556, 223556, 224249, 224249, 227655, 227655, 238330], "cumulative exploited vulns": [1, 2, 3, 4, 5, 6, 7, 8, 9, 10, 11, 12, 13, 14, 15, 16, 17, 18, 19, 20, 21, 22, 23, 24, 25, 26, 27, 28, 29, 30, 31, 32, 33, 34, 35, 36, 37, 38, 39, 40, 41, 42, 43, 44, 45, 46, 47, 48, 49, 50, 51, 52, 53, 54, 55, 56, 57, 58, 59, 60, 61, 62, 63, 64, 65, 66, 67, 68, 69, 70, 71, 72, 73, 74, 75, 76, 77, 78, 79, 80, 81, 82, 83, 84, 85, 86, 87, 88, 89, 90, 91, 92, 93, 94, 95, 96, 97, 98, 99, 100, 101, 102, 103, 104, 105, 106, 107, 108, 109, 110, 111, 112],