{"Total Initial Vulnerabilities": 808, "Initial Vulns Per OS": {"windows": {"8.1": 25, "7": 31, "10": 10, "vista": 26, "8": 32, "xp": 37}, "ubuntu": {"14.04": 33, "16.04": 33, "18.04": 22, "10.04": 233, "20.04": 10, "12.04": 3}, "freebsd": {"13": 11, "12": 24, "10": 30, "9": 44, "11": 28}, "centos": {"6": 26, "5": 61, "7": 22, "8": 9, "3": 54, "4": 4}}, "Average Initial RoA Per OS": {"windows": {"8.1": 0.06681560822113747, "7": 0.08388298081782555, "10": 0.164501515042528, "vista": 0.04326574800369011, "8": 0.08001551755880323, "xp": 0.06263099419576244}, "ubuntu": {"14.04": 0.07384411538352631, "16.04": 0.056575643271344504, "18.04": 0.11893144233658899, "10.04": 0.06934623096270778, "20.04": 0.022320618205524587, "12.04": 0.01478360314000876}, "freebsd": {"13": 0.10663071336643176, "12": 0.08263828824935382, "10": 0.05982414967021978, "9": 0.06103600553207619, "11": 0.06638970504963485}, "centos": {"6": 0.04293117899547578, "5": 0.07983182193832992, "7": 0.057658295468795924, "8": 0.03837742978610604, "3": 0.07352747714151668, "4": 0.010508387555486947}}, "OS Types In Initial Network": {"windows 8.1": 16, "ubuntu 14.04": 7, "freebsd 13": 15, "centos 8": 13, "windows 8": 12, "centos 6": 7, "ubuntu 16.04": 12, "windows 7": 6, "windows 10": 15, "windows vista": 4, "freebsd 12": 14, "ubuntu 20.04": 7, "centos 7": 16, "centos 5": 12, "freebsd 10": 7, "ubuntu 18.04": 10, "freebsd 9": 8, "ubuntu 10.04": 7, "windows xp": 1, "centos 3": 2, "freebsd 11": 7, "centos 4": 1, "ubuntu 12.04": 1}, "Initial Hosts Without Vulnerabilities": 43, "Host Compromises": {"record name": "Host Compromises", "x": [2890, 4881, 10327, 20525, 20786, 22889, 34392, 52841, 56341, 59768, 62616, 75304, 87035, 89316, 91629, 147766], "y": [29, 42, 20, 25, 106, 104, 114, 113, 197, 198, 7, 48, 8, 14, 19, 1], "cumulative y": [1, 2, 3, 4, 5, 6, 7, 8, 9, 10, 11, 12, 13, 14, 15, 16], "total events": 16, "not exposed x": [20786, 22889, 34392, 52841, 56341, 59768], "not exposed y": [106, 104, 114, 113, 197, 198], "cumulative not exposed y": [1, 2, 3, 4, 5, 6], "total not exposed events": 6}, "Vuln Compromises": {"record name": "Vuln Compromises", "x": [2890, 4881, 10327, 20525, 20786, 22889, 34392, 52841, 56341, 59768, 75304], "y": [29, 42, 20, 25, 106, 104, 114, 113, 197, 198, 48], "cumulative y": [1, 2, 3, 4, 5, 6, 7, 8, 9, 10, 11], "total events": 11, "not exposed x": [20786, 22889, 34392, 52841, 56341, 59768], "not exposed y": [106, 104, 114, 113, 197, 198], "cumulative not exposed y": [1, 2, 3, 4, 5, 6], "total not exposed events": 6}, "Reuse Password Compromises": {"record name": "Reuse Password Compromises", "x": [89316, 147766], "y": [14, 1], "cumulative y": [1, 2], "total events": 2, "not exposed x": [], "not exposed y": [], "cumulative not exposed y": [], "total not exposed events": 0}, "Password Spray Compromises": {"record name": "Password Spray Compromises", "x": [62616, 87035, 91629], "y": [7, 8, 19], "cumulative y": [1, 2, 3], "total events": 3, "not exposed x": [], "not exposed y": [], "cumulative not exposed y": [], "total not exposed events": 0}, "User Account Leaks": {"record name": "User Account Has Been Leaked By Compromise", "x": [2890, 2890, 2890, 2890, 2890, 4881, 4881, 4881, 4881, 4881, 10327, 10327, 10327, 10327, 10327, 20525, 20525, 20525, 20525, 20525, 20786, 20786, 20786, 20786, 22889, 22889, 22889, 22889, 22889, 34392, 34392, 34392, 52841, 52841, 52841, 52841, 56341, 56341, 56341, 56341, 59768, 59768, 59768, 59768, 62616, 62616, 62616, 75304, 75304, 75304, 87035, 87035, 87035, 87035, 89316, 89316, 89316, 89316, 91629, 91629, 91629, 91629, 147766, 147766], "y": ["Micki", "Joyann", "Marian", "Betta", "Thea", "Ardelis", "Merrie", "Emmalee", "Breena", "Agnola", "Reena", "Pamela", "Luce", "Umeko", "Uta", "Shawn", "Elayne", "Teri", "Tamqrah", "Corabelle", "Cathee", "Karissa", "Johnna", "Ranee", "Faustine", "Jordanna", "Ingaberg", "Charmion", "Faunie", "Kristin", "Bevvy", "Kristal", "Dora", "Vere", "Mora", "Davida", "Helyn", "Kaylil", "Lori", "Shawna", "Amandy", "Ellene", "Jemmy", "Moreen", "Rosamund", "Brinn", "Matilde", "Gabriel", "Ellette", "Sue", "Adrienne", "Eunice", "Brandice", "Annabella", "Damaris", "Goldie", "Klarika", "Vitoria", "Cathie", "Marji", "Eleni", "Jessy", "Mandi", "Gretal"], "cumulative y": [1, 2, 3, 4, 5, 6, 7, 8, 9, 10, 11, 12, 13, 14, 15, 16, 17, 18, 19, 20, 21, 22, 23, 24, 25, 26, 27, 28, 29, 30, 31, 32, 33, 34, 35, 36, 37, 38, 39, 40, 41, 42, 43, 44, 45, 46, 47, 48, 49, 50, 51, 52, 53, 54, 55, 56, 57, 58, 59, 60, 61, 62, 63, 64], "total events": 64}, "Vulnerabilities Exploited": {"record name": "Vulnerabilities Exploited", "x": [422, 422, 422, 422, 895, 895, 1025, 1025, 1153, 1153, 1153, 1520, 1520, 1520, 1520, 1520, 1520, 1672, 1718, 1811, 1961, 2194, 2253, 2316, 2549, 2634, 2890, 2890, 3285, 3869, 3869, 3948, 4653, 4723, 4881, 5015, 5305, 5445, 5445, 5557, 5904, 5904, 5904, 5904, 7504, 7504, 7504, 7504, 7504, 7504, 7504, 7504, 7504, 7504, 7504, 7504, 8016, 8626, 9010, 12021, 12296, 13912, 14684, 16499, 16499, 16499, 16499, 16499, 16499, 16499, 16499, 16499, 16499, 17000, 17000, 17719, 19012, 20525, 20786, 22889, 22889, 23209, 23209, 23453, 25477, 25732, 26788, 32261, 32261, 32261, 32261, 32261, 32261, 33490, 34392, 44307, 46167, 51114, 51114, 56341, 59768, 59768, 64298, 66871, 75304, 75304, 148116, 148116, 148116, 165968, 222086], "cumulative exploited vulns": [1, 2, 3, 4, 5, 6, 7, 8, 9, 10, 11, 12, 13, 14, 15, 16, 17, 18, 19, 20, 21, 22, 23, 24, 25, 26, 27, 28, 29, 30, 31, 32, 33, 34, 35, 36, 37, 38, 39, 40, 41, 42, 43, 44, 45, 46, 47, 48, 49, 50, 51, 52, 53, 54, 55, 56, 57, 58, 59, 60, 61, 62, 63, 64, 65, 66, 67, 68, 69, 70, 71, 72, 73, 74, 75, 76, 77, 78, 79, 80, 81, 82, 83, 84, 85, 86, 87, 88, 89, 90, 91, 92, 93, 94, 95, 96, 97, 98, 99, 100, 101, 102, 103, 104, 105, 106, 107, 108, 109, 110, 111],