{"Total Initial Vulnerabilities": 636, "Initial Vulns Per OS": {"windows": {"8": 21, "8.1": 41, "7": 14, "10": 11, "xp": 67, "vista": 21}, "centos": {"7": 30, "6": 20, "4": 33, "8": 25, "5": 16}, "ubuntu": {"16.04": 31, "12.04": 15, "14.04": 19, "18.04": 30, "20.04": 7, "10.04": 9}, "freebsd": {"12": 50, "13": 11, "9": 34, "10": 5, "8": 119, "11": 7}}, "Average Initial RoA Per OS": {"windows": {"8": 0.04349515751213717, "8.1": 0.018757658306581673, "7": 0.02066779073305056, "10": 0.12286903492531497, "xp": 0.05957733904937539, "vista": 0.046503212494694905}, "centos": {"7": 0.051857886204515376, "6": 0.04345968743451066, "4": 0.06980252064979603, "8": 0.10860992333093711, "5": 0.02958734545972135}, "ubuntu": {"16.04": 0.04761341550276937, "12.04": 0.04533795400140621, "14.04": 0.03260343546101945, "18.04": 0.042428032683094453, "20.04": 0.10085884753516301, "10.04": 0.08146470804692135}, "freebsd": {"12": 0.0345483812941265, "13": 0.02553555601315699, "9": 0.051796303946469925, "10": 0.02801709460938222, "8": 0.04588846798622181, "11": 0.004349559747846357}}, "OS Types In Initial Network": {"centos 4": 10, "windows 8": 8, "centos 7": 13, "windows 10": 12, "ubuntu 20.04": 11, "centos 6": 7, "ubuntu 14.04": 7, "ubuntu 16.04": 8, "ubuntu 12.04": 6, "windows 8.1": 11, "centos 8": 17, "freebsd 12": 16, "freebsd 13": 19, "windows 7": 6, "freebsd 9": 7, "windows xp": 4, "ubuntu 18.04": 15, "freebsd 10": 7, "centos 5": 4, "windows vista": 5, "freebsd 8": 3, "freebsd 11": 3, "ubuntu 10.04": 1}, "Initial Hosts Without Vulnerabilities": 52, "Host Compromises": {"record name": "Host Compromises", "x": [934, 1632, 2104, 2969, 4652, 6430, 9034, 10512, 11188, 13386, 13517, 26455, 27677, 31783, 38471, 38994, 61216, 96762, 235834], "y": [9, 13, 103, 104, 15, 24, 32, 35, 36, 40, 41, 2, 6, 21, 44, 45, 29, 47, 108], "cumulative y": [1, 2, 3, 4, 5, 6, 7, 8, 9, 10, 11, 12, 13, 14, 15, 16, 17, 18, 19], "total events": 19, "not exposed x": [2104, 2969, 235834], "not exposed y": [103, 104, 108], "cumulative not exposed y": [1, 2, 3], "total not exposed events": 3}, "Vuln Compromises": {"record name": "Vuln Compromises", "x": [934, 1632, 2104, 2969, 4652, 6430, 9034, 10512, 11188, 13386, 13517, 26455, 27677, 38471, 61216, 96762], "y": [9, 13, 103, 104, 15, 24, 32, 35, 36, 40, 41, 2, 6, 44, 29, 47], "cumulative y": [1, 2, 3, 4, 5, 6, 7, 8, 9, 10, 11, 12, 13, 14, 15, 16], "total events": 16, "not exposed x": [2104, 2969], "not exposed y": [103, 104], "cumulative not exposed y": [1, 2], "total not exposed events": 2}, "Reuse Password Compromises": {"record name": "Reuse Password Compromises", "x": [31783, 38994], "y": [21, 45], "cumulative y": [1, 2], "total events": 2, "not exposed x": [], "not exposed y": [], "cumulative not exposed y": [], "total not exposed events": 0}, "Password Spray Compromises": {"record name": "Password Spray Compromises", "x": [235834], "y": [108], "cumulative y": [1], "total events": 1, "not exposed x": [235834], "not exposed y": [108], "cumulative not exposed y": [1], "total not exposed events": 1}, "User Account Leaks": {"record name": "User Account Has Been Leaked By Compromise", "x": [934, 934, 934, 934, 934, 1632, 1632, 1632, 1632, 1632, 2104, 2104, 2104, 2104, 2969, 2969, 2969, 2969, 2969, 4652, 4652, 4652, 4652, 6430, 6430, 6430, 6430, 6430, 9034, 9034, 10512, 10512, 10512, 10512, 11188, 11188, 11188, 11188, 13386, 13386, 13386, 13386, 13517, 13517, 13517, 13517, 13517, 26455, 26455, 26455, 26455, 26455, 27677, 27677, 27677, 31783, 31783, 31783, 38471, 38471, 38471, 38471, 38471, 38994, 61216, 61216, 61216, 96762, 96762, 96762, 96762, 235834, 235834], "y": ["Bessy", "Meagan", "Leda", "Amabel", "Emelia", "Kacey", "Jolyn", "Vivienne", "Darryl", "Erena", "Jeane", "Austin", "Clarinda", "Lynsey", "Nance", "Valera", "Hulda", "Livvyy", "Martynne", "Anthea", "Madelle", "Shauna", "Evania", "Laurena", "Gerianne", "Sherline", "Jennilee", "Charlean", "Brynn", "Enid", "Bobbe", "Karly", "Evita", "Bonnibelle", "Netta", "Kimmie", "Mechelle", "Mela", "Gwyneth", "Berta", "Johnath", "Hildagarde", "Glenda", "Nessy", "Celia", "Rubi", "Bobbee", "Alicea", "Kittie", "Kym", "Odilia", "Annabel", "Anabel", "Lucina", "Lorrin", "Ursa", "Ernaline", "Paula", "Darcy", "Dorolice", "Kaleena", "Linnea", "Laney", "Alma", "Stephana", "Rita", "Elna", "Beatriz", "Birdie", "Jayne", "Jessi", "Rayshell", "Tiffany"], "cumulative y": [1, 2, 3, 4, 5, 6, 7, 8, 9, 10, 11, 12, 13, 14, 15, 16, 17, 18, 19, 20, 21, 22, 23, 24, 25, 26, 27, 28, 29, 30, 31, 32, 33, 34, 35, 36, 37, 38, 39, 40, 41, 42, 43, 44, 45, 46, 47, 48, 49, 50, 51, 52, 53, 54, 55, 56, 57, 58, 59, 60, 61, 62, 63, 64, 65, 66, 67, 68, 69, 70, 71, 72, 73], "total events": 73}, "Vulnerabilities Exploited": {"record name": "Vulnerabilities Exploited", "x": [765, 818, 818, 934, 934, 934, 1023, 1023, 1023, 1632, 1632, 1632, 1632, 1632, 2104, 2381, 2969, 2969, 2969, 2969, 2969, 2969, 2969, 2969, 2969, 3221, 3221, 3221, 3560, 3763, 3763, 5143, 5143, 5494, 6430, 6430, 6600, 6600, 7312, 7536, 7536, 9034, 9034, 9034, 9034, 9034, 9183, 10101, 10512, 11188, 11188, 11188, 11188, 11188, 11188, 11188, 11188, 12057, 12057, 12057, 13386, 13386, 13386, 13386, 13386, 13386, 13386, 13386, 13386, 13386, 14294, 14647, 14647, 16446, 16446, 17924, 24117, 32448, 34429, 37265, 37265, 40065, 40065, 40065, 40492, 59986, 96762, 96762, 96762, 115125, 174560, 175971, 226343], "cumulative exploited vulns": [1, 2, 3, 4, 5, 6, 7, 8, 9, 10, 11, 12, 13, 14, 15, 16, 17, 18, 19, 20, 21, 22, 23, 24, 25, 26, 27, 28, 29, 30, 31, 32, 33, 34, 35, 36, 37, 38, 39, 40, 41, 42, 43, 44, 45, 46, 47, 48, 49, 50, 51, 52, 53, 54, 55, 56, 57, 58, 59, 60, 61, 62, 63, 64, 65, 66, 67, 68, 69, 70, 71, 72, 73, 74, 75, 76, 77, 78, 79, 80, 81, 82, 83, 84, 85, 86, 87, 88, 89, 90, 91, 92, 93], "roa": [0.4080523573229681, 0.010180156942706246, 0.010180156942706246, 0.3132724199251192, 0.3378820972131202, 0.16654562520203692, 0.8549479883880036, 0.4275417744531225, 0.02838636444089121, 0.47328360601920194, 0.29334729252677544, 0.47671529651715366, 0.322527782829381, 0.4246792558717735, 0.1176829514505556, 0.5574874184574179, 0.6556159316959536, 0.39062804359512165, 0.2600083000910173, 0.6646719259277556, 0.6894624369812826, 0.07998566178359079, 0.6646719259277556, 0.6894624369812826, 0.07998566178359079, 0.9429859706547651, 0.26053519547157317, 0.037534520465542225, 0.11502129435990527, 0.24337196222342056, 0.1185071412807844, 0.38769531099591276, 0.04703817849850295, 0.14842185723309634, 0.8602819695780768, 0.8602819695780768, 0.19079568547171838, 0.1722506342256997, 0.2174946264036755, 0.9457081339115445, 0.25093758336862615, 0.747660065067994, 0.5629808481897356, 0.34610237769804664, 0.3272291670651722, 0.03648941317046067, 0.34714679391183106, 0.34901907172587077, 0.08804208186616047, 0.6792963626793244, 0.259388804770628, 0.34745854332083576, 0.19810773693729095, 0.17717970087717422, 0.2359224176787295, 0.24173102293085208, 0.2609090759861891, 0.4466631799086741, 0.47649139359004195, 0.0856455071304697, 0.245859686072167, 0.598227117575875, 0.4371668823335134, 0.4782539683895915, 0.24285359549049595, 0.24285359549049595, 0.35746318854214953, 0.2604051367455177, 0.05376639365764356, 0.0424015931093486, 0.044264422939467245, 0.058191173412001196, 0.06496826657447544, 0.5942812374629031, 0.505245050876821, 0.3523996841813518, 0.23347383780777756, 0.18841931031040932, 0.012987756068464657, 0.048301364339943295, 0.47833686107837636, 0.17361421863264953, 0.08197001109502211, 0.002019481395983517, 0.7256930497496158, 0.0013933646245051304, 0.010007670676703339, 0.16917159683936459, 0.050929235031194287, 0.02489338947495325, 0.026840571176871518, 0.09200175794494737, 0.06586569670725664],