{"Total Initial Vulnerabilities": 631, "Initial Vulns Per OS": {"freebsd": {"13": 14, "11": 30, "12": 22, "9": 6, "10": 30, "8": 91}, "centos": {"5": 20, "8": 7, "6": 34, "7": 23, "3": 24}, "ubuntu": {"18.04": 33, "10.04": 78, "16.04": 26, "20.04": 21, "14.04": 10, "12.04": 8}, "windows": {"7": 6, "8.1": 28, "vista": 11, "8": 46, "10": 13, "xp": 50}}, "Average Initial RoA Per OS": {"freebsd": {"13": 0.023293262208648635, "11": 0.024129663204037456, "12": 0.029668465568810032, "9": 0.024997647101509243, "10": 0.06718979472580257, "8": 0.04710013671352492}, "centos": {"5": 0.014636145737331307, "8": 0.02851056255092039, "6": 0.028463839920509715, "7": 0.017017544409215747, "3": 0.04212726887840624}, "ubuntu": {"18.04": 0.02673269333990786, "10.04": 0.060310478668881874, "16.04": 0.014676970471148715, "20.04": 0.030311777826447228, "14.04": 0.11183220231672411, "12.04": 0.052599542237942706}, "windows": {"7": 0.02394327190216913, "8.1": 0.014394933580193206, "vista": 0.05248247895305574, "8": 0.015733803678879874, "10": 0.008448799372888336, "xp": 0.04115427622166167}}, "OS Types In Initial Network": {"freebsd 13": 16, "centos 8": 13, "freebsd 11": 13, "freebsd 12": 12, "centos 5": 9, "ubuntu 18.04": 11, "ubuntu 10.04": 3, "centos 7": 15, "ubuntu 16.04": 14, "ubuntu 20.04": 15, "centos 6": 11, "windows 7": 3, "windows 8.1": 14, "windows 10": 16, "windows vista": 5, "windows 8": 13, "freebsd 9": 2, "freebsd 10": 6, "windows xp": 2, "ubuntu 14.04": 2, "ubuntu 12.04": 2, "freebsd 8": 2, "centos 3": 1}, "Initial Hosts Without Vulnerabilities": 41, "Host Compromises": {"record name": "Host Compromises", "x": [179, 1722, 5164, 5218, 6281, 9187, 10190, 16818, 23534, 25545, 26075, 28173, 31582, 36362, 38605, 45359, 45910, 50861, 198687, 208453], "y": [0, 7, 24, 84, 25, 36, 40, 138, 140, 6, 8, 11, 14, 28, 33, 44, 52, 57, 142, 167], "cumulative y": [1, 2, 3, 4, 5, 6, 7, 8, 9, 10, 11, 12, 13, 14, 15, 16, 17, 18, 19, 20], "total events": 20, "not exposed x": [5218, 16818, 23534, 45910, 50861, 198687, 208453], "not exposed y": [84, 138, 140, 52, 57, 142, 167], "cumulative not exposed y": [1, 2, 3, 4, 5, 6, 7], "total not exposed events": 7}, "Vuln Compromises": {"record name": "Vuln Compromises", "x": [179, 1722, 5164, 5218, 6281, 9187, 10190, 16818, 23534, 25545, 26075, 28173, 31582, 45359], "y": [0, 7, 24, 84, 25, 36, 40, 138, 140, 6, 8, 11, 14, 44], "cumulative y": [1, 2, 3, 4, 5, 6, 7, 8, 9, 10, 11, 12, 13, 14], "total events": 14, "not exposed x": [5218, 16818, 23534], "not exposed y": [84, 138, 140], "cumulative not exposed y": [1, 2, 3], "total not exposed events": 3}, "Reuse Password Compromises": {"record name": "Reuse Password Compromises", "x": [36362, 38605, 45910, 208453], "y": [28, 33, 52, 167], "cumulative y": [1, 2, 3, 4], "total events": 4, "not exposed x": [45910, 208453], "not exposed y": [52, 167], "cumulative not exposed y": [1, 2], "total not exposed events": 2}, "Password Spray Compromises": {"record name": "Password Spray Compromises", "x": [50861, 198687], "y": [57, 142], "cumulative y": [1, 2], "total events": 2, "not exposed x": [50861, 198687], "not exposed y": [57, 142], "cumulative not exposed y": [1, 2], "total not exposed events": 2}, "User Account Leaks": {"record name": "User Account Has Been Leaked By Compromise", "x": [179, 179, 179, 179, 179, 1722, 1722, 1722, 1722, 1722, 5164, 5164, 5164, 5164, 5164, 5218, 5218, 5218, 5218, 5218, 6281, 6281, 6281, 6281, 9187, 9187, 9187, 9187, 10190, 10190, 10190, 10190, 16818, 16818, 16818, 16818, 23534, 23534, 23534, 23534, 23534, 25545, 25545, 25545, 26075, 26075, 26075, 26075, 26075, 28173, 28173, 28173, 28173, 31582, 31582, 31582, 31582, 36362, 36362, 36362, 38605, 38605, 45359, 45359, 45359, 45359, 45910, 45910, 50861, 198687, 198687, 198687, 208453, 208453], "y": ["Coralyn", "Janene", "Rozanna", "Ofelia", "Eugenie", "Gipsy", "Melisenda", "Adela", "Gerti", "Goldarina", "Orsa", "Constancy", "Minnaminnie", "Dehlia", "Colleen", "Carlina", "Tiffie", "Viviana", "Poppy", "Donica", "Max", "Lillis", "Alvira", "Melanie", "Florenza", "Joela", "Mitzi", "Tybi", "Debi", "Ashli", "Jeralee", "Costanza", "Mirilla", "Eada", "Alison", "Ginni", "Kizzee", "Darcie", "Dory", "Randy", "Roda", "Jillene", "Audie", "Tiffy", "Tana", "Marty", "Zulema", "Denny", "Shirl", "Amara", "Paula", "Kizzie", "Kimbra", "Margarette", "Bobbie", "Magdaia", "Ernaline", "Rosalind", "Maureene", "Johnath", "Karlee", "Stefa", "Ginevra", "Krissy", "Lanita", "Becca", "Katina", "Cory", "Brooke", "Bren", "Susie", "Doroteya", "Miof Mela", "Nady"], "cumulative y": [1, 2, 3, 4, 5, 6, 7, 8, 9, 10, 11, 12, 13, 14, 15, 16, 17, 18, 19, 20, 21, 22, 23, 24, 25, 26, 27, 28, 29, 30, 31, 32, 33, 34, 35, 36, 37, 38, 39, 40, 41, 42, 43, 44, 45, 46, 47, 48, 49, 50, 51, 52, 53, 54, 55, 56, 57, 58, 59, 60, 61, 62, 63, 64, 65, 66, 67, 68, 69, 70, 71, 72, 73, 74], "total events": 74}, "Vulnerabilities Exploited": {"record name": "Vulnerabilities Exploited", "x": [179, 179, 345, 345, 957, 1722, 1722, 2126, 2416, 2525, 3380, 3380, 3380, 3380, 3380, 3380, 3380, 3380, 3380, 3380, 3380, 3648, 3783, 3783, 5020, 5164, 5164, 5942, 6646, 6646, 7579, 7579, 8207, 8207, 9187, 9769, 9769, 10190, 10519, 10519, 12338, 12338, 12338, 12338, 12338, 12338, 12338, 12338, 12338, 12338, 12338, 12338, 12338, 12338, 12338, 12338, 12338, 12338, 12338, 12338, 12651, 12651, 12651, 12651, 13443, 18318, 18318, 18318, 21574, 23534, 24195, 28173, 31582, 31582, 35183, 35183, 45359, 45359, 45359, 45359, 45359, 45359, 45359, 45359, 45470, 52418, 52418, 73776, 105869, 113405, 126390, 163156, 163156, 164147, 164147], "cumulative exploited vulns": [1, 2, 3, 4, 5, 6, 7, 8, 9, 10, 11, 12, 13, 14, 15, 16, 17, 18, 19, 20, 21, 22, 23, 24, 25, 26, 27, 28, 29, 30, 31, 32, 33, 34, 35, 36, 37, 38, 39, 40, 41, 42, 43, 44, 45, 46, 47, 48, 49, 50, 51, 52, 53, 54, 55, 56, 57, 58, 59, 60, 61, 62, 63, 64, 65, 66, 67, 68, 69, 70, 71, 72, 73, 74, 75, 76, 77, 78, 79, 80, 81, 82, 83, 84, 85, 86, 87, 88, 89, 90, 91, 92, 93, 94, 95], "roa": [0.4593700058328771, 0.04663425484628521, 0.14341862812714803, 0.14341862812714803, 0.3163046667457164, 0.7248499973286001, 0.17985683904351474, 0.30390614953790135, 0.4463940053474138, 0.7324079754086447, 0.628188735478106, 0.5746377370295513, 0.5640068270417625, 0.06264738483326839, 0.09569854914306557, 0.008350351833404858, 0.27446523249927235, 0.27359441802323065, 0.04826606782434243, 0.14937643647596305, 0.10068656241719671, 0.5669787098166438, 0.44152443791505824, 0.0191050916659005, 0.19834973387670501, 0.3853041589395903, 0.16158110167506362, 0.3605121566965226, 0.13176192317955585, 0.10486853979604598, 0.02761735150459991, 0.003439796400052213, 0.05414767467284681, 0.08235817109877457, 0.12704582351671834, 0.04834947530350146, 0.03106020631888522, 0.10045177528764808, 0.20351706819779697, 0.20338964868879567, 0.7730350448418611, 0.30187558828456, 0.18441006533507534, 0.40870718927032235, 0.37123505965455295, 0.15589519372272448, 0.09283343260248908, 0.03965624035954222, 0.12771948818002574, 0.10355949463262659, 0.42329365770238486, 0.13743358462519764, 0.5508915944275629, 0.18587272500444746, 0.3336039049891003, 0.18627253254131382, 0.1678794802634205, 0.15939563603100043, 0.15268359335851034, 0.1720331846308028, 0.39343634092339985, 0.10005694936192666, 0.23119550408591194, 0.25093324565172914, 0.07103932433390983, 0.3546168097485233, 0.15438765500077584, 0.0462753636696965, 0.25629543079068445, 0.2777272837858075, 0.12426488003532717, 0.5325175172359977, 0.8118261544509171, 0.25098155188754606, 0.6716611330638631, 0.3175802474883225, 0.25576756592946287, 0.07142554644858962, 0.026882333221018656, 0.5334566421406062, 0.7941686465512874, 0.22384497346352253, 0.7577123044837084, 0.20824114311828218, 0.11171197692752421, 0.11111662810509752, 0.0844715225168294, 0.018480297940718166, 0.01340701543593856, 0.14941004498612215, 0.1517278176080222, 0.6347025551747102, 0.41027673116567503, 0.18549313593267533, 0.10343383213540289],