{"Total Initial Vulnerabilities": 763, "Initial Vulns Per OS": {"windows": {"7": 10, "8": 43, "10": 28, "vista": 39, "8.1": 16, "xp": 74}, "freebsd": {"13": 17, "12": 32, "11": 30, "9": 15, "8": 51, "10": 10}, "centos": {"3": 148, "7": 23, "8": 12, "5": 26, "6": 40, "4": 6}, "ubuntu": {"18.04": 33, "14.04": 21, "20.04": 17, "16.04": 17, "12.04": 16, "10.04": 39}}, "Average Initial RoA Per OS": {"windows": {"7": 0.1403362624317654, "8": 0.04490580384614282, "10": 0.038372170510985806, "vista": 0.07035989797089662, "8.1": 0.04746884620751521, "xp": 0.05442833835398525}, "freebsd": {"13": 0.044103087756121644, "12": 0.051788126749310666, "11": 0.061260097510997445, "9": 0.08860278838972527, "8": 0.03193867093074867, "10": 0.0769870934774086}, "centos": {"3": 0.06563200503763275, "7": 0.07041278807041643, "8": 0.04087017152240794, "5": 0.029538810465746246, "6": 0.04633617500837929, "4": 0.03495822001740509}, "ubuntu": {"18.04": 0.04769190057442292, "14.04": 0.07049708417905806, "20.04": 0.04554766428489787, "16.04": 0.03603476835405728, "12.04": 0.06749775245563164, "10.04": 0.0728169712289463}}, "OS Types In Initial Network": {"windows 7": 5, "freebsd 13": 12, "centos 3": 5, "windows 8": 15, "ubuntu 18.04": 12, "windows 10": 21, "ubuntu 20.04": 16, "centos 7": 14, "windows vista": 7, "centos 8": 13, "freebsd 12": 13, "centos 5": 8, "freebsd 11": 10, "windows 8.1": 7, "freebsd 9": 3, "centos 6": 14, "ubuntu 14.04": 5, "freebsd 8": 2, "ubuntu 16.04": 6, "freebsd 10": 3, "ubuntu 12.04": 2, "centos 4": 2, "windows xp": 3, "ubuntu 10.04": 2}, "Initial Hosts Without Vulnerabilities": 32, "Host Compromises": {"record name": "Host Compromises", "x": [7276, 7688, 9493, 10217, 10687, 12502, 20887, 20977, 28881, 32481, 64928, 104360, 106623, 107859, 142755, 147445, 156607, 167110, 179971, 181575, 183075, 187110, 187237, 187374, 192969, 193095, 194530, 202183, 204113, 208180, 208931, 220039, 220823, 222974, 223106, 224933, 225096, 225971, 227007, 228735, 242459], "y": [43, 45, 2, 3, 6, 15, 42, 44, 19, 30, 39, 1, 10, 14, 29, 47, 16, 49, 20, 24, 28, 40, 51, 54, 50, 53, 52, 186, 56, 136, 132, 57, 92, 62, 61, 60, 59, 182, 180, 179, 88], "cumulative y": [1, 2, 3, 4, 5, 6, 7, 8, 9, 10, 11, 12, 13, 14, 15, 16, 17, 18, 19, 20, 21, 22, 23, 24, 25, 26, 27, 28, 29, 30, 31, 32, 33, 34, 35, 36, 37, 38, 39, 40, 41], "total events": 41, "not exposed x": [187237, 187374, 192969, 193095, 194530, 202183, 204113, 208180, 208931, 220039, 220823, 222974, 223106, 224933, 225096, 225971, 227007, 228735, 242459], "not exposed y": [51, 54, 50, 53, 52, 186, 56, 136, 132, 57, 92, 62, 61, 60, 59, 182, 180, 179, 88], "cumulative not exposed y": [1, 2, 3, 4, 5, 6, 7, 8, 9, 10, 11, 12, 13, 14, 15, 16, 17, 18, 19], "total not exposed events": 19}, "Vuln Compromises": {"record name": "Vuln Compromises", "x": [7276, 7688, 9493, 10217, 10687, 12502, 20887, 20977, 142755, 147445, 192969, 202183, 204113, 208931, 222974, 224933], "y": [43, 45, 2, 3, 6, 15, 42, 44, 29, 47, 50, 186, 56, 132, 62, 60], "cumulative y": [1, 2, 3, 4, 5, 6, 7, 8, 9, 10, 11, 12, 13, 14, 15, 16], "total events": 16, "not exposed x": [192969, 202183, 204113, 208931, 222974, 224933], "not exposed y": [50, 186, 56, 132, 62, 60], "cumulative not exposed y": [1, 2, 3, 4, 5, 6], "total not exposed events": 6}, "Reuse Password Compromises": {"record name": "Reuse Password Compromises", "x": [28881, 32481, 64928, 104360, 106623, 107859, 156607, 167110, 179971, 181575, 183075, 187110, 187237, 187374, 193095, 194530, 208180, 220039, 220823, 223106, 225096, 225971, 227007, 228735, 242459], "y": [19, 30, 39, 1, 10, 14, 16, 49, 20, 24, 28, 40, 51, 54, 53, 52, 136, 57, 92, 61, 59, 182, 180, 179, 88], "cumulative y": [1, 2, 3, 4, 5, 6, 7, 8, 9, 10, 11, 12, 13, 14, 15, 16, 17, 18, 19, 20, 21, 22, 23, 24, 25], "total events": 25, "not exposed x": [187237, 187374, 193095, 194530, 208180, 220039, 220823, 223106, 225096, 225971, 227007, 228735, 242459], "not exposed y": [51, 54, 53, 52, 136, 57, 92, 61, 59, 182, 180, 179, 88], "cumulative not exposed y": [1, 2, 3, 4, 5, 6, 7, 8, 9, 10, 11, 12, 13], "total not exposed events": 13}, "Password Spray Compromises": {"record name": "Password Spray Compromises", "x": [], "y": [], "cumulative y": [], "total events": 0, "not exposed x": [], "not exposed y": [], "cumulative not exposed y": [], "total not exposed events": 0}, "User Account Leaks": {"record name": "User Account Has Been Leaked By Compromise", "x": [7276, 7276, 7276, 7276, 7276, 7688, 7688, 7688, 7688, 7688, 9493, 9493, 9493, 9493, 9493, 10217, 10217, 10217, 10217, 10217, 10687, 10687, 10687, 10687, 10687, 12502, 12502, 12502, 12502, 20887, 20887, 20887, 20977, 20977, 20977, 20977, 20977, 28881, 28881, 28881, 32481, 32481, 32481, 32481, 64928, 64928, 64928, 64928, 104360, 104360, 104360, 104360, 106623, 106623, 106623, 106623, 107859, 107859, 142755, 142755, 142755, 142755, 142755, 147445, 147445, 147445, 147445, 156607, 167110, 179971, 181575, 181575, 183075, 183075, 183075, 187110, 187237, 187237, 187374, 187374, 187374, 192969, 192969, 193095, 194530, 194530, 194530, 202183, 204113, 204113, 204113, 208180, 208180, 208931, 220039, 220823, 222974, 222974, 222974, 223106, 224933, 224933, 224933, 224933, 225096, 225096, 225971, 225971, 225971, 228735, 228735, 242459, 242459], "y": ["Harriott", "Lauraine", "Arlee", "Mella", "Drusy", "Annabela", "Lizabeth", "Merrile", "Emlynne", "Kimmie", "Fallon", "Brigitta", "Renell", "Monika", "Elizabeth", "Juline", "Birgit", "Nerita", "Dollie", "Eleni", "Ted", "Dael", "Adriena", "Willa", "Elisha", "Aryn", "Patience", "Kathe", "Lynnea", "Siobhan", "Amberly", "Dina", "Billie", "Devina", "Domini", "Cassandra", "Janis", "Lauri", "Danyelle", "Blake", "Laurene", "Marti", "Karry", "Isidora", "Tillie", "Annaliese", "Christiane", "Peggi", "Kassi", "Ondrea", "Georgeanna", "Lisabeth", "Dionne", "Mildrid", "Olympe", "Hollie", "Anthia", "Camel", "Morissa", "Steffi", "Cordey", "Elayne", "Valeda", "Ramonda", "Christiana", "Becky", "Midge", "Jacquelyn", "Yolanda", "Lynda", "Lainey", "Beverly", "Jacquenetta", "Phaedra", "Rhetta", "Karisa", "Grete", "Rochell", "Carlyn", "Mala", "Louella", "Evangelin", "Adora", "Viola", "Kimmi", "Hinda", "Caryl", "Ashlen", "Maribelle", "Roxie", "Ernestine", "Effie", "Abra", "Sibylle", "Shantee", "Audrey", "Robin", "Erin", "Pavla", "Emalia", "Winni", "Freddy", "Janet", "Hilliary", "Wilhelmine", "Addia", "Lorilee", "Christen", "Laurie", "Theodosia", "Willy", "Claribel", "Nanni"], "cumulative y": [1, 2, 3, 4, 5, 6, 7, 8, 9, 10, 11, 12, 13, 14, 15, 16, 17, 18, 19, 20, 21, 22, 23, 24, 25, 26, 27, 28, 29, 30, 31, 32, 33, 34, 35, 36, 37, 38, 39, 40, 41, 42, 43, 44, 45, 46, 47, 48, 49, 50, 51, 52, 53, 54, 55, 56, 57, 58, 59, 60, 61, 62, 63, 64, 65, 66, 67, 68, 69, 70, 71, 72, 73, 74, 75, 76, 77, 78, 79, 80, 81, 82, 83, 84, 85, 86, 87, 88, 89, 90, 91, 92, 93, 94, 95, 96, 97, 98, 99, 100, 101, 102, 103, 104, 105, 106, 107, 108, 109, 110, 111, 112, 113], "total events": 113}, "Vulnerabilities Exploited": {"record name": "Vulnerabilities Exploited", "x": [285, 1235, 1235, 1235, 1235, 1235, 1235, 1235, 1235, 1235, 1641, 1641, 1641, 1641, 1641, 1641, 1641, 1641, 1711, 2492, 2683, 2683, 2683, 2683, 3057, 3057, 3057, 3057, 3057, 3466, 3845, 4431, 4629, 4683, 4912, 4912, 4971, 5104, 5359, 5359, 5566, 7206, 7206, 7206, 7206, 7206, 7206, 7206, 7206, 7206, 7206, 7206, 7206, 7206, 7206, 7206, 7206, 7206, 7206, 7276, 7336, 7812, 8006, 8006, 8570, 9493, 9493, 9493, 9493, 9493, 9493, 9493, 9493, 9493, 10217, 10217, 10217, 10217, 10217, 10217, 10687, 10687, 11184, 11822, 12502, 13491, 15638, 16151, 20887, 20887, 20887, 20887, 20887, 20887, 20887, 20887, 20977, 23781, 28989, 31599, 34425, 35409, 51241, 62839, 65144, 66091, 76236, 76236, 127482, 142755, 155748, 158041, 202183, 202183, 202183, 202183, 202183, 202183, 202183, 202183, 202183, 204113, 204113, 204113, 204274, 208931, 208931, 208931, 208931, 222974, 222974, 222974, 224933, 229060],