{"Total Initial Vulnerabilities": 897, "Initial Vulns Per OS": {"freebsd": {"8": 17, "12": 17, "13": 9, "11": 31, "9": 69, "10": 16}, "windows": {"8.1": 36, "8": 21, "xp": 122, "10": 11, "vista": 4, "7": 21}, "ubuntu": {"14.04": 46, "20.04": 4, "18.04": 26, "12.04": 57, "16.04": 8, "10.04": 111}, "centos": {"7": 46, "5": 37, "3": 105, "8": 7, "4": 45, "6": 31}}, "Average Initial RoA Per OS": {"freebsd": {"8": 0.05945892538499821, "12": 0.07071058812958227, "13": 0.04668614767097739, "11": 0.08095662953067438, "9": 0.05288579906013042, "10": 0.07657126543392627}, "windows": {"8.1": 0.06317856342469173, "8": 0.03683928041207838, "xp": 0.04994395409702396, "10": 0.024935159048072305, "vista": 0.08540979257170644, "7": 0.037875244444066994}, "ubuntu": {"14.04": 0.05929438282587065, "20.04": 0.06943369055515335, "18.04": 0.06437512572939896, "12.04": 0.07426870847696299, "16.04": 0.05702862123584548, "10.04": 0.042838030931222085}, "centos": {"7": 0.055489392716455165, "5": 0.04430513648883373, "3": 0.04401198659989127, "8": 0.09181115051291573, "4": 0.04887460949422822, "6": 0.06525017122647635}}, "OS Types In Initial Network": {"freebsd 8": 2, "centos 8": 14, "windows 8.1": 12, "ubuntu 20.04": 9, "ubuntu 14.04": 9, "centos 7": 15, "windows 8": 12, "centos 5": 11, "freebsd 12": 8, "windows xp": 3, "centos 3": 4, "windows 10": 12, "freebsd 13": 9, "windows vista": 2, "freebsd 11": 9, "ubuntu 18.04": 15, "ubuntu 12.04": 9, "freebsd 9": 8, "centos 4": 7, "ubuntu 16.04": 6, "centos 6": 11, "windows 7": 4, "freebsd 10": 5, "ubuntu 10.04": 4}, "Initial Hosts Without Vulnerabilities": 32, "Host Compromises": {"record name": "Host Compromises", "x": [6625, 7860, 8441, 11591, 13737, 20045, 22118, 26010, 26085, 27263, 61441, 87582, 183180, 213901, 214111, 215496, 216061, 221871, 224559, 249553], "y": [30, 37, 40, 6, 11, 12, 19, 35, 36, 42, 45, 32, 26, 15, 114, 178, 180, 83, 82, 89], "cumulative y": [1, 2, 3, 4, 5, 6, 7, 8, 9, 10, 11, 12, 13, 14, 15, 16, 17, 18, 19, 20], "total events": 20, "not exposed x": [214111, 215496, 216061, 221871, 224559, 249553], "not exposed y": [114, 178, 180, 83, 82, 89], "cumulative not exposed y": [1, 2, 3, 4, 5, 6], "total not exposed events": 6}, "Vuln Compromises": {"record name": "Vuln Compromises", "x": [6625, 7860, 8441, 11591, 13737, 20045, 22118, 26010, 87582, 214111, 216061, 224559, 249553], "y": [30, 37, 40, 6, 11, 12, 19, 35, 32, 114, 180, 82, 89], "cumulative y": [1, 2, 3, 4, 5, 6, 7, 8, 9, 10, 11, 12, 13], "total events": 13, "not exposed x": [214111, 216061, 224559, 249553], "not exposed y": [114, 180, 82, 89], "cumulative not exposed y": [1, 2, 3, 4], "total not exposed events": 4}, "Reuse Password Compromises": {"record name": "Reuse Password Compromises", "x": [26085, 27263, 215496], "y": [36, 42, 178], "cumulative y": [1, 2, 3], "total events": 3, "not exposed x": [215496], "not exposed y": [178], "cumulative not exposed y": [1], "total not exposed events": 1}, "Password Spray Compromises": {"record name": "Password Spray Compromises", "x": [61441, 183180, 213901, 221871], "y": [45, 26, 15, 83], "cumulative y": [1, 2, 3, 4], "total events": 4, "not exposed x": [221871], "not exposed y": [83], "cumulative not exposed y": [1], "total not exposed events": 1}, "User Account Leaks": {"record name": "User Account Has Been Leaked By Compromise", "x": [6625, 6625, 6625, 6625, 6625, 7860, 7860, 7860, 7860, 8441, 8441, 8441, 8441, 8441, 11591, 11591, 11591, 11591, 11591, 13737, 13737, 13737, 13737, 20045, 20045, 20045, 22118, 22118, 22118, 22118, 22118, 26010, 26010, 26085, 26085, 26085, 26085, 27263, 27263, 27263, 27263, 61441, 61441, 61441, 87582, 87582, 87582, 87582, 87582, 183180, 183180, 213901, 213901, 213901, 213901, 214111, 214111, 214111, 214111, 214111, 215496, 215496, 216061, 216061, 216061, 216061, 216061, 221871, 221871, 221871, 221871, 224559, 224559, 249553, 249553, 249553], "y": ["Prissie", "Simonette", "Fayina", "Rina", "Harmony", "Klara", "Sybille", "Kali", "Dotty", "Lebbie", "Nellie", "Jaquith", "Nadya", "Karlie", "Shelba", "Aubrey", "Camila", "Glori", "Prudy", "Lotty", "Jessica", "Eadith", "Norina", "Bunnie", "Sabina", "Dianna", "Eran", "Patrizia", "Anita", "Trenna", "Bernette", "Jeanie", "Darsey", "Sarena", "Lani", "Madelaine", "Zorina", "Binni", "Kerry", "Ianthe", "Sammy", "Yoshiko", "Vicki", "Priscella", "Doe", "Marysa", "Lori", "Aurea", "Daveta", "Miof Mela", "Lizzy", "Doralynn", "Adara", "Tedra", "Cora", "Sigrid", "Zelda", "Debee", "Katherine", "Kiele", "Melisandra", "Farrand", "Melania", "Romola", "Caren", "Brita", "Justina", "Juliet", "Cathee", "Merl", "Lezlie", "Lorry", "Ailina", "Shalna", "Sula", "Tamar"], "cumulative y": [1, 2, 3, 4, 5, 6, 7, 8, 9, 10, 11, 12, 13, 14, 15, 16, 17, 18, 19, 20, 21, 22, 23, 24, 25, 26, 27, 28, 29, 30, 31, 32, 33, 34, 35, 36, 37, 38, 39, 40, 41, 42, 43, 44, 45, 46, 47, 48, 49, 50, 51, 52, 53, 54, 55, 56, 57, 58, 59, 60, 61, 62, 63, 64, 65, 66, 67, 68, 69, 70, 71, 72, 73, 74, 75, 76], "total events": 76}, "Vulnerabilities Exploited": {"record name": "Vulnerabilities Exploited", "x": [587, 587, 587, 587, 587, 1231, 1397, 1446, 1510, 1757, 2941, 2941, 2941, 2941, 2941, 2941, 2941, 2941, 2941, 2941, 2941, 2941, 2941, 4775, 4775, 4775, 4775, 4775, 4775, 4775, 4775, 4775, 4775, 4775, 4775, 4775, 4830, 5150, 5501, 5501, 5501, 5728, 5804, 5914, 6307, 6625, 6970, 7115, 7226, 7226, 7226, 7860, 7860, 7860, 7860, 7860, 8441, 8783, 8783, 9057, 9689, 9927, 10569, 10569, 10569, 10569, 13737, 13737, 13737, 13737, 13737, 13737, 13737, 13950, 13950, 13950, 13950, 13950, 15517, 15517, 15517, 16037, 18016, 20045, 20045, 20045, 20045, 20045, 20045, 20045, 20045, 20045, 20045, 20045, 20045, 20118, 21247, 22118, 22234, 22234, 23390, 27002, 32779, 42737, 54496, 59708, 64455, 73220, 87582, 155167, 168794, 180389, 180733, 214111, 214111, 214669, 214669, 215629, 222224, 222224, 222224, 222224, 225701, 226774, 237356, 246882, 249553], "cumulative exploited vulns": [1, 2, 3, 4, 5, 6, 7, 8, 9, 10, 11, 12, 13, 14, 15, 16, 17, 18, 19, 20, 21, 22, 23, 24, 25, 26, 27, 28, 29, 30, 31, 32, 33, 34, 35, 36, 37, 38, 39, 40, 41, 42, 43, 44, 45, 46, 47, 48, 49, 50, 51, 52, 53, 54, 55, 56, 57, 58, 59, 60, 61, 62, 63, 64, 65, 66, 67, 68, 69, 70, 71, 72, 73, 74, 75, 76, 77, 78, 79, 80, 81, 82, 83, 84, 85, 86, 87, 88, 89, 90, 91, 92, 93, 94, 95, 96, 97, 98, 99, 100, 101, 102, 103, 104, 105, 106, 107, 108, 109, 110, 111, 112, 113, 114, 115, 116, 117, 118, 119, 120, 121, 122, 123, 124, 125, 126, 127],