{"Total Initial Vulnerabilities": 620, "Initial Vulns Per OS": {"freebsd": {"12": 34, "13": 11, "11": 31, "10": 8, "8": 22, "9": 19}, "ubuntu": {"18.04": 22, "16.04": 21, "20.04": 26, "14.04": 42, "12.04": 18, "10.04": 54}, "centos": {"6": 35, "7": 20, "4": 10, "5": 13, "3": 73, "8": 1}, "windows": {"xp": 22, "8": 51, "8.1": 16, "vista": 10, "7": 54, "10": 7}}, "Average Initial RoA Per OS": {"freebsd": {"12": 0.06669345840140746, "13": 0.10718740490859345, "11": 0.09665945009108157, "10": 0.044848733717992806, "8": 0.04109986088459484, "9": 0.12217161205917977}, "ubuntu": {"18.04": 0.11798726384498996, "16.04": 0.12182549009110286, "20.04": 0.052440796030485085, "14.04": 0.03631525610649079, "12.04": 0.07474929110847577, "10.04": 0.07295649598686137}, "centos": {"6": 0.11664762107529084, "7": 0.042944162892502545, "4": 0.03265939303862762, "5": 0.07778277092281166, "3": 0.04448617709817778, "8": 0.021503982737855334}, "windows": {"xp": 0.06571212172963413, "8": 0.06878863589780615, "8.1": 0.09439366686171978, "vista": 0.06315800089486669, "7": 0.07827488714153061, "10": 0.11522524840988994}}, "OS Types In Initial Network": {"freebsd 12": 11, "windows 10": 13, "freebsd 13": 11, "freebsd 11": 11, "freebsd 10": 6, "ubuntu 20.04": 24, "ubuntu 18.04": 11, "centos 6": 11, "windows xp": 3, "centos 7": 14, "ubuntu 16.04": 8, "windows 8": 13, "windows 8.1": 7, "centos 4": 4, "ubuntu 14.04": 8, "centos 8": 6, "centos 5": 6, "freebsd 8": 1, "ubuntu 12.04": 5, "freebsd 9": 5, "windows vista": 5, "windows 7": 10, "centos 3": 4, "ubuntu 10.04": 3}, "Initial Hosts Without Vulnerabilities": 44, "Host Compromises": {"record name": "Host Compromises", "x": [603, 1504, 6136, 7084, 7352, 7449, 16463, 23130, 27081, 30165, 33123, 39779, 46684, 49535, 52082, 70447, 102819, 105063, 128502, 138654, 144106, 164230, 216884, 229832], "y": [4, 11, 36, 41, 54, 109, 8, 31, 47, 3, 14, 34, 72, 67, 72, 53, 97, 74, 68, 146, 50, 57, 184, 51], "cumulative y": [1, 2, 3, 4, 5, 6, 7, 8, 9, 10, 11, 12, 13, 14, 15, 16, 17, 18, 19, 20, 21, 22, 23, 24], "total events": 24, "not exposed x": [7352, 7449, 46684, 49535, 52082, 70447, 102819, 105063, 128502, 138654, 144106, 164230, 216884, 229832], "not exposed y": [54, 109, 72, 67, 72, 53, 97, 74, 68, 146, 50, 57, 184, 51], "cumulative not exposed y": [1, 2, 3, 4, 5, 6, 7, 8, 9, 10, 11, 12, 13, 14], "total not exposed events": 14}, "Vuln Compromises": {"record name": "Vuln Compromises", "x": [603, 1504, 6136, 7084, 7352, 7449, 23130, 27081, 30165, 33123, 39779, 46684, 52082, 102819, 105063, 128502, 144106, 164230, 216884, 229832], "y": [4, 11, 36, 41, 54, 109, 31, 47, 3, 14, 34, 72, 72, 97, 74, 68, 50, 57, 184, 51], "cumulative y": [1, 2, 3, 4, 5, 6, 7, 8, 9, 10, 11, 12, 13, 14, 15, 16, 17, 18, 19, 20], "total events": 20, "not exposed x": [7352, 7449, 46684, 52082, 102819, 105063, 128502, 144106, 164230, 216884, 229832], "not exposed y": [54, 109, 72, 72, 97, 74, 68, 50, 57, 184, 51], "cumulative not exposed y": [1, 2, 3, 4, 5, 6, 7, 8, 9, 10, 11], "total not exposed events": 11}, "Reuse Password Compromises": {"record name": "Reuse Password Compromises", "x": [16463, 49535, 70447], "y": [8, 67, 53], "cumulative y": [1, 2, 3], "total events": 3, "not exposed x": [49535, 70447], "not exposed y": [67, 53], "cumulative not exposed y": [1, 2], "total not exposed events": 2}, "Password Spray Compromises": {"record name": "Password Spray Compromises", "x": [138654], "y": [146], "cumulative y": [1], "total events": 1, "not exposed x": [138654], "not exposed y": [146], "cumulative not exposed y": [1], "total not exposed events": 1}, "User Account Leaks": {"record name": "User Account Has Been Leaked By Compromise", "x": [603, 603, 603, 603, 603, 1504, 1504, 1504, 1504, 1504, 6136, 6136, 6136, 6136, 6136, 7084, 7084, 7084, 7084, 7084, 7352, 7352, 7352, 7352, 7352, 7449, 7449, 7449, 7449, 7449, 16463, 16463, 16463, 16463, 23130, 23130, 23130, 23130, 27081, 27081, 27081, 27081, 30165, 30165, 30165, 30165, 30165, 33123, 33123, 33123, 39779, 39779, 39779, 39779, 46684, 46684, 46684, 46684, 46684, 49535, 49535, 49535, 49535, 70447, 70447, 102819, 102819, 102819, 105063, 105063, 105063, 128502, 128502, 128502, 138654, 138654, 138654, 144106, 144106, 144106, 144106, 164230, 164230, 164230, 216884, 216884, 216884, 216884, 229832], "y": ["Barbi", "Ronda", "Quentin", "Virgina", "Modesta", "Hendrika", "Brandea", "Rebecka", "Annice", "Ericka", "Jany", "Ana", "Ronny", "Bethany", "Elsy", "Max", "Debbi", "Dena", "Fara", "Rebekkah", "Marleah", "Carmita", "Nita", "Marianna", "Merrielle", "Kirbie", "Esther", "Sena", "Orella", "Trudey", "Brett", "Jyoti", "Vin", "Deeyn", "Malinde", "Lauryn", "Helli", "Veradis", "Crissy", "Vernice", "Shanna", "Starlin", "Perle", "Con", "Gaylene", "Christel", "Kathie", "Etti", "Ninette", "Brina", "Karia", "Glenn", "Philomena", "Noelle", "Vanya", "Philis", "Elsa", "Feodora", "Mirella", "Bel", "Hester", "Brianne", "Marlyn", "Fred", "Sheryl", "Rennie", "Meryl", "Rora", "Jaquenette", "Josephina", "Theodosia", "Faith", "Bettine", "Emma", "Louise", "Keslie", "Sharia", "Harmony", "Elonore", "Halli", "Marie-Jeanne", "Malinda", "Joyann", "Hayley", "Edie", "Aurilia", "Junie", "Netty", "Annabal"], "cumulative y": [1, 2, 3, 4, 5, 6, 7, 8, 9, 10, 11, 12, 13, 14, 15, 16, 17, 18, 19, 20, 21, 22, 23, 24, 25, 26, 27, 28, 29, 30, 31, 32, 33, 34, 35, 36, 37, 38, 39, 40, 41, 42, 43, 44, 45, 46, 47, 48, 49, 50, 51, 52, 53, 54, 55, 56, 57, 58, 59, 60, 61, 62, 63, 64, 65, 66, 67, 68, 69, 70, 71, 72, 73, 74, 75, 76, 77, 78, 79, 80, 81, 82, 83, 84, 85, 86, 87, 88, 89], "total events": 89}, "Vulnerabilities Exploited": {"record name": "Vulnerabilities Exploited", "x": [305, 541, 541, 603, 603, 796, 905, 905, 1107, 1425, 1504, 2573, 2573, 3395, 3395, 3395, 3395, 3622, 4441, 4547, 4992, 4992, 4992, 4992, 4992, 5528, 5528, 5679, 5679, 6136, 6136, 6226, 6226, 6348, 6469, 7084, 7084, 7084, 7084, 7084, 7084, 7084, 7449, 8350, 9096, 9982, 10400, 14860, 16853, 17112, 19914, 20180, 23130, 23130, 23130, 23130, 23130, 23130, 23491, 24050, 24050, 25390, 27081, 30296, 30296, 30970, 35478, 39779, 39779, 40211, 40211, 44984, 44984, 46684, 46684, 46684, 70030, 70030, 74241, 82872, 87042, 87042, 87042, 99091, 105063, 148852, 164230, 164230, 174384, 174384, 182889, 183592, 216884, 216884], "cumulative exploited vulns": [1, 2, 3, 4, 5, 6, 7, 8, 9, 10, 11, 12, 13, 14, 15, 16, 17, 18, 19, 20, 21, 22, 23, 24, 25, 26, 27, 28, 29, 30, 31, 32, 33, 34, 35, 36, 37, 38, 39, 40, 41, 42, 43, 44, 45, 46, 47, 48, 49, 50, 51, 52, 53, 54, 55, 56, 57, 58, 59, 60, 61, 62, 63, 64, 65, 66, 67, 68, 69, 70, 71, 72, 73, 74, 75, 76, 77, 78, 79, 80, 81, 82, 83, 84, 85, 86, 87, 88, 89, 90, 91, 92, 93, 94],