{"Total Initial Vulnerabilities": 850, "Initial Vulns Per OS": {"centos": {"7": 20, "3": 115, "6": 14, "8": 13, "5": 33, "4": 40}, "windows": {"vista": 19, "10": 7, "8": 33, "7": 24, "8.1": 20}, "ubuntu": {"18.04": 16, "14.04": 38, "20.04": 15, "12.04": 28, "10.04": 160, "16.04": 28}, "freebsd": {"10": 34, "12": 27, "11": 27, "8": 96, "9": 37, "13": 6}}, "Average Initial RoA Per OS": {"centos": {"7": 0.0627829752744768, "3": 0.041023307467390295, "6": 0.14075069368102008, "8": 0.016347225632207404, "5": 0.09331395650176702, "4": 0.054487031434494}, "windows": {"vista": 0.055033203950039515, "10": 0.03663941388904995, "8": 0.0540282952952261, "7": 0.052085404503873396, "8.1": 0.04531878015515519}, "ubuntu": {"18.04": 0.13772734407023393, "14.04": 0.06916890726762827, "20.04": 0.028399273134664928, "12.04": 0.07112637526343832, "10.04": 0.06681725827562868, "16.04": 0.07114430206501868}, "freebsd": {"10": 0.06023113745604899, "12": 0.09310145517628492, "11": 0.12530421702246147, "8": 0.05523150236056467, "9": 0.06675421994290391, "13": 0.020447209212888156}}, "OS Types In Initial Network": {"centos 7": 14, "windows vista": 3, "ubuntu 18.04": 9, "windows 10": 8, "freebsd 10": 7, "ubuntu 20.04": 15, "ubuntu 14.04": 9, "freebsd 12": 13, "centos 3": 6, "centos 8": 23, "centos 6": 5, "ubuntu 12.04": 6, "freebsd 11": 12, "freebsd 13": 13, "windows 8": 11, "freebsd 8": 3, "windows 7": 4, "centos 5": 7, "ubuntu 10.04": 5, "centos 4": 6, "freebsd 9": 6, "ubuntu 16.04": 8, "windows 8.1": 7}, "Initial Hosts Without Vulnerabilities": 47, "Host Compromises": {"record name": "Host Compromises", "x": [2060, 4100, 4561, 9437, 9978, 11890, 12147, 12219, 16729, 17485, 19062, 21339, 22144, 22601, 23979, 25860, 26829, 33470, 35983, 43338, 54954, 56127, 91170, 236158, 236436, 236589, 239453, 240190, 240330, 242644, 243565, 243746, 243913, 244213, 245063, 245960, 246134, 246468, 246648, 248310], "y": [9, 17, 21, 37, 41, 46, 48, 49, 12, 15, 22, 23, 26, 28, 31, 36, 40, 1, 5, 29, 0, 110, 143, 83, 94, 98, 182, 62, 121, 89, 90, 171, 99, 50, 141, 97, 148, 145, 55, 91], "cumulative y": [1, 2, 3, 4, 5, 6, 7, 8, 9, 10, 11, 12, 13, 14, 15, 16, 17, 18, 19, 20, 21, 22, 23, 24, 25, 26, 27, 28, 29, 30, 31, 32, 33, 34, 35, 36, 37, 38, 39, 40], "total events": 40, "not exposed x": [56127, 91170, 236158, 236436, 236589, 239453, 240190, 240330, 242644, 243565, 243746, 243913, 244213, 245063, 245960, 246134, 246468, 246648, 248310], "not exposed y": [110, 143, 83, 94, 98, 182, 62, 121, 89, 90, 171, 99, 50, 141, 97, 148, 145, 55, 91], "cumulative not exposed y": [1, 2, 3, 4, 5, 6, 7, 8, 9, 10, 11, 12, 13, 14, 15, 16, 17, 18, 19], "total not exposed events": 19}, "Vuln Compromises": {"record name": "Vuln Compromises", "x": [2060, 4100, 4561, 9437, 9978, 11890, 16729, 17485, 21339, 23979, 25860, 33470, 43338, 56127, 236436, 239453, 242644, 243565, 244213, 245063, 246468], "y": [9, 17, 21, 37, 41, 46, 12, 15, 23, 31, 36, 1, 29, 110, 94, 182, 89, 90, 50, 141, 145], "cumulative y": [1, 2, 3, 4, 5, 6, 7, 8, 9, 10, 11, 12, 13, 14, 15, 16, 17, 18, 19, 20, 21], "total events": 21, "not exposed x": [56127, 236436, 239453, 242644, 243565, 244213, 245063, 246468], "not exposed y": [110, 94, 182, 89, 90, 50, 141, 145], "cumulative not exposed y": [1, 2, 3, 4, 5, 6, 7, 8], "total not exposed events": 8}, "Reuse Password Compromises": {"record name": "Reuse Password Compromises", "x": [12147, 12219, 19062, 22144, 22601, 26829, 35983, 91170, 236589, 240330, 243746, 243913, 245960, 246134, 246648, 248310], "y": [48, 49, 22, 26, 28, 40, 5, 143, 98, 121, 171, 99, 97, 148, 55, 91], "cumulative y": [1, 2, 3, 4, 5, 6, 7, 8, 9, 10, 11, 12, 13, 14, 15, 16], "total events": 16, "not exposed x": [91170, 236589, 240330, 243746, 243913, 245960, 246134, 246648, 248310], "not exposed y": [143, 98, 121, 171, 99, 97, 148, 55, 91], "cumulative not exposed y": [1, 2, 3, 4, 5, 6, 7, 8, 9], "total not exposed events": 9}, "Password Spray Compromises": {"record name": "Password Spray Compromises", "x": [54954, 236158, 240190], "y": [0, 83, 62], "cumulative y": [1, 2, 3], "total events": 3, "not exposed x": [236158, 240190], "not exposed y": [83, 62], "cumulative not exposed y": [1, 2], "total not exposed events": 2}, "User Account Leaks": {"record name": "User Account Has Been Leaked By Compromise", "x": [2060, 2060, 2060, 2060, 2060, 4100, 4100, 4100, 4100, 4100, 4561, 4561, 4561, 4561, 9437, 9437, 9437, 9437, 9437, 9978, 9978, 9978, 9978, 9978, 11890, 11890, 11890, 11890, 12147, 12147, 12147, 12147, 12219, 12219, 12219, 12219, 16729, 16729, 16729, 16729, 17485, 17485, 19062, 19062, 19062, 19062, 21339, 21339, 21339, 21339, 21339, 22144, 22144, 22144, 22601, 22601, 22601, 22601, 23979, 23979, 23979, 23979, 23979, 25860, 25860, 25860, 25860, 26829, 26829, 33470, 33470, 33470, 35983, 35983, 43338, 43338, 43338, 54954, 54954, 56127, 56127, 56127, 56127, 91170, 91170, 91170, 236158, 236158, 236436, 236436, 236436, 236589, 236589, 236589, 239453, 239453, 239453, 240190, 240190, 240330, 242644, 242644, 243565, 243746, 243913, 244213, 245063, 245063, 245063, 245960, 245960, 246468, 246648, 246648, 248310], "y": ["Lynna", "Darsey", "Kittie", "Carmel", "Madelyn", "Junie", "Mada", "Jewelle", "Naoma", "Kalina", "Adele", "Christin", "Karlee", "Sheila-Kathryn", "Fredra", "Karrie", "Catriona", "Janelle", "Freda", "Bianca", "Rosanne", "Carleen", "Odelinda", "Dani", "Dari", "Sonja", "Editha", "Zenia", "Leeanne", "Darryl", "Chrystal", "Vicky", "Sianna", "Liuka", "Dacey", "Celle", "Millisent", "Mirilla", "Shani", "Larina", "Loutitia", "Leigh", "Nevsa", "Fancy", "Rivi", "Enrica", "Cecily", "Billye", "Goldie", "Cordelie", "Dusty", "Norine", "Shandy", "Maris", "Teresita", "Arline", "Catharine", "Damaris", "Krystle", "Tori", "Rebecca", "Florence", "Ardelia", "Rubina", "Alene", "Janet", "Cleopatra", "Aurlie", "Dorothea", "Ardisj", "Margret", "Savina", "Regina", "Gilda", "Bobbee", "Felipa", "Livvie", "Reina", "Talyah", "Madlen", "Nikoletta", "Jodi", "Nana", "Georgeta", "Gabriela", "Lane", "Leeann", "Annora", "Tomasina", "Mellisent", "Brit", "Shanta", "Sophey", "Willamina", "Goldy", "Anet", "Cordy", "Marleen", "Gennifer", "Cherise", "Elle", "Marena", "Elena", "Issi", "Cosette", "Lola", "Gabriellia", "Janeen", "Amalle", "Lucila", "Steffi", "Harriet", "Devonna", "Averyl", "Noella"], "cumulative y": [1, 2, 3, 4, 5, 6, 7, 8, 9, 10, 11, 12, 13, 14, 15, 16, 17, 18, 19, 20, 21, 22, 23, 24, 25, 26, 27, 28, 29, 30, 31, 32, 33, 34, 35, 36, 37, 38, 39, 40, 41, 42, 43, 44, 45, 46, 47, 48, 49, 50, 51, 52, 53, 54, 55, 56, 57, 58, 59, 60, 61, 62, 63, 64, 65, 66, 67, 68, 69, 70, 71, 72, 73, 74, 75, 76, 77, 78, 79, 80, 81, 82, 83, 84, 85, 86, 87, 88, 89, 90, 91, 92, 93, 94, 95, 96, 97, 98, 99, 100, 101, 102, 103, 104, 105, 106, 107, 108, 109, 110, 111, 112, 113, 114, 115], "total events": 115}, "Vulnerabilities Exploited": {"record name": "Vulnerabilities Exploited", "x": [549, 549, 549, 549, 549, 647, 647, 974, 974, 974, 1285, 1285, 1700, 1700, 1985, 3409, 3558, 4100, 4100, 4100, 4100, 4100, 4100, 5259, 5259, 5259, 5259, 5259, 7032, 7032, 7032, 7032, 7032, 7032, 7032, 7032, 7032, 7032, 7032, 7032, 7032, 7032, 7032, 7032, 7239, 7633, 7788, 7998, 8371, 8608, 8945, 8945, 8945, 11022, 11022, 11890, 11890, 11890, 11890, 11890, 12929, 14123, 14123, 14754, 15151, 15625, 16233, 16729, 17485, 17485, 19660, 19660, 19660, 21339, 21339, 21339, 21339, 21339, 21339, 21339, 21339, 21339, 21339, 21339, 21339, 21339, 21339, 21339, 21339, 23979, 24092, 24953, 25860, 28532, 28532, 29778, 29778, 32749, 33470, 33470, 33470, 36640, 37161, 37161, 38498, 41913, 43987, 48781, 48781, 56127, 56127, 64577, 81519, 81519, 236436, 239453, 239453, 239453, 242644, 243565, 243565, 243565, 243565, 243565, 243565, 243565, 243565, 244213, 244213],