{"Total Initial Vulnerabilities": 630, "Initial Vulns Per OS": {"windows": {"8": 13, "10": 7, "7": 16, "vista": 23, "8.1": 27}, "centos": {"7": 36, "4": 45, "8": 15, "5": 23, "3": 89, "6": 22}, "freebsd": {"12": 37, "10": 31, "11": 23, "13": 13, "9": 10, "8": 12}, "ubuntu": {"20.04": 12, "14.04": 32, "12.04": 31, "16.04": 28, "10.04": 54, "18.04": 31}}, "Average Initial RoA Per OS": {"windows": {"8": 0.08491439969243669, "10": 0.10403039387829807, "7": 0.04252340654811781, "vista": 0.05539633723939935, "8.1": 0.05018673735341939}, "centos": {"7": 0.04679303601549893, "4": 0.0517540453331748, "8": 0.06902837326746013, "5": 0.04156912690035163, "3": 0.0667664871029641, "6": 0.04525354593796219}, "freebsd": {"12": 0.03960027007134779, "10": 0.04641368366030636, "11": 0.041639723794899657, "13": 0.04232728921898561, "9": 0.11463811237238342, "8": 0.056239657674838545}, "ubuntu": {"20.04": 0.11878141444331651, "14.04": 0.06277943291588502, "12.04": 0.059251226957750924, "16.04": 0.07126603562276772, "10.04": 0.0855030281817793, "18.04": 0.10968594011166222}}, "OS Types In Initial Network": {"windows 8": 8, "centos 7": 16, "centos 4": 6, "ubuntu 20.04": 18, "windows 10": 13, "freebsd 12": 16, "windows 8.1": 11, "centos 8": 19, "windows 7": 4, "ubuntu 14.04": 6, "ubuntu 12.04": 5, "ubuntu 18.04": 11, "ubuntu 16.04": 9, "windows vista": 4, "freebsd 10": 5, "freebsd 11": 10, "freebsd 13": 14, "centos 5": 6, "ubuntu 10.04": 3, "centos 3": 4, "centos 6": 9, "freebsd 9": 2, "freebsd 8": 1}, "Initial Hosts Without Vulnerabilities": 45, "Host Compromises": {"record name": "Host Compromises", "x": [2678, 3591, 3782, 4332, 23527, 23850, 27256, 27322, 29786, 31586, 45089, 48562, 59775, 60988, 65622, 65731, 65827, 86698, 87778, 101905, 107750, 111230, 131505, 180121, 192243], "y": [20, 24, 25, 27, 10, 11, 29, 69, 35, 39, 12, 26, 53, 174, 169, 167, 121, 115, 117, 100, 102, 87, 123, 98, 118], "cumulative y": [1, 2, 3, 4, 5, 6, 7, 8, 9, 10, 11, 12, 13, 14, 15, 16, 17, 18, 19, 20, 21, 22, 23, 24, 25], "total events": 25, "not exposed x": [27322, 59775, 60988, 65622, 65731, 65827, 86698, 87778, 101905, 107750, 111230, 131505, 180121, 192243], "not exposed y": [69, 53, 174, 169, 167, 121, 115, 117, 100, 102, 87, 123, 98, 118], "cumulative not exposed y": [1, 2, 3, 4, 5, 6, 7, 8, 9, 10, 11, 12, 13, 14], "total not exposed events": 14}, "Vuln Compromises": {"record name": "Vuln Compromises", "x": [2678, 3591, 3782, 23527, 23850, 27256, 29786, 31586, 59775, 60988, 65622, 86698, 107750, 131505, 180121, 192243], "y": [20, 24, 25, 10, 11, 29, 35, 39, 53, 174, 169, 115, 102, 123, 98, 118], "cumulative y": [1, 2, 3, 4, 5, 6, 7, 8, 9, 10, 11, 12, 13, 14, 15, 16], "total events": 16, "not exposed x": [59775, 60988, 65622, 86698, 107750, 131505, 180121, 192243], "not exposed y": [53, 174, 169, 115, 102, 123, 98, 118], "cumulative not exposed y": [1, 2, 3, 4, 5, 6, 7, 8], "total not exposed events": 8}, "Reuse Password Compromises": {"record name": "Reuse Password Compromises", "x": [4332, 27322, 45089, 48562, 65731, 65827, 87778, 101905, 111230], "y": [27, 69, 12, 26, 167, 121, 117, 100, 87], "cumulative y": [1, 2, 3, 4, 5, 6, 7, 8, 9], "total events": 9, "not exposed x": [27322, 65731, 65827, 87778, 101905, 111230], "not exposed y": [69, 167, 121, 117, 100, 87], "cumulative not exposed y": [1, 2, 3, 4, 5, 6], "total not exposed events": 6}, "Password Spray Compromises": {"record name": "Password Spray Compromises", "x": [], "y": [], "cumulative y": [], "total events": 0, "not exposed x": [], "not exposed y": [], "cumulative not exposed y": [], "total not exposed events": 0}, "User Account Leaks": {"record name": "User Account Has Been Leaked By Compromise", "x": [2678, 2678, 2678, 2678, 2678, 3591, 3591, 3591, 3591, 3591, 3782, 3782, 3782, 3782, 4332, 4332, 4332, 23527, 23527, 23527, 23527, 23527, 23850, 23850, 23850, 23850, 23850, 27256, 27256, 27256, 27256, 27322, 27322, 27322, 27322, 29786, 29786, 29786, 29786, 31586, 31586, 31586, 31586, 31586, 45089, 45089, 45089, 45089, 48562, 48562, 48562, 48562, 59775, 59775, 59775, 60988, 60988, 60988, 60988, 60988, 65622, 65622, 65622, 65731, 65731, 65731, 65827, 65827, 65827, 86698, 86698, 86698, 87778, 87778, 87778, 87778, 101905, 101905, 107750, 107750, 107750, 111230, 111230, 131505, 131505, 131505, 180121, 180121, 180121, 192243, 192243], "y": ["Dennie", "Felecia", "Catha", "Alyce", "Beitris", "Natalee", "Livia", "Netta", "Hetti", "Fiona", "Halette", "Hedvig", "Viki", "Lynn", "Nisse", "Addi", "Rhody", "Lynda", "Madelon", "Theresa", "Netti", "Loise", "Tove", "Fawne", "Milena", "Alyse", "Ansley", "Idell", "Audrye", "Haily", "Mellicent", "Bernette", "Danette", "Olive", "Katrina", "Cathrine", "Pearla", "Denna", "Drusy", "Quintana", "Myranda", "Lu", "Delila", "Keeley", "Kirby", "Zorana", "Melli", "Lorne", "Sophey", "Idalia", "Genevra", "Rubina", "Annetta", "Matilda", "Aura", "Mady", "Amye", "Nola", "Jobina", "Shandy", "Raeann", "Marita", "Breena", "Iris", "Luella", "Sonnie", "Marge", "Marcellina", "Bari", "Ceil", "Paolina", "Nell", "Nicoline", "Gayle", "Fianna", "Timmi", "Binni", "Susannah", "Luise", "Neille", "Hilary", "Bellanca", "Flory", "Juliana", "Pia", "Riki", "Beverley", "Jaquelin", "Merilyn", "Andromache", "Petra"], "cumulative y": [1, 2, 3, 4, 5, 6, 7, 8, 9, 10, 11, 12, 13, 14, 15, 16, 17, 18, 19, 20, 21, 22, 23, 24, 25, 26, 27, 28, 29, 30, 31, 32, 33, 34, 35, 36, 37, 38, 39, 40, 41, 42, 43, 44, 45, 46, 47, 48, 49, 50, 51, 52, 53, 54, 55, 56, 57, 58, 59, 60, 61, 62, 63, 64, 65, 66, 67, 68, 69, 70, 71, 72, 73, 74, 75, 76, 77, 78, 79, 80, 81, 82, 83, 84, 85, 86, 87, 88, 89, 90, 91], "total events": 91}, "Vulnerabilities Exploited": {"record name": "Vulnerabilities Exploited", "x": [496, 496, 496, 496, 585, 880, 1419, 1556, 1845, 1845, 1845, 2006, 2006, 2006, 2006, 2310, 2499, 2499, 2499, 3019, 3591, 3591, 3782, 3782, 4217, 4217, 4688, 5134, 5839, 5839, 6385, 7614, 7614, 7614, 7614, 7614, 7988, 8634, 8962, 8962, 8962, 8962, 10501, 10501, 10501, 10501, 10501, 10501, 10501, 10501, 10501, 10501, 10501, 10501, 10501, 10501, 10501, 10501, 10501, 10501, 10501, 10501, 11402, 11810, 13844, 14783, 15703, 16005, 17283, 17283, 17283, 18655, 18655, 18655, 18655, 19797, 20968, 20968, 22735, 23633, 23850, 23850, 23850, 24010, 27256, 29786, 31586, 31586, 31586, 31802, 31802, 33733, 36478, 39220, 39564, 42589, 43547, 54995, 59775, 61264, 61264, 63282, 65622, 65622, 65622, 66405, 86140, 86140, 86140, 90001, 105897, 118181, 127224, 131505, 138860], "cumulative exploited vulns": [1, 2, 3, 4, 5, 6, 7, 8, 9, 10, 11, 12, 13, 14, 15, 16, 17, 18, 19, 20, 21, 22, 23, 24, 25, 26, 27, 28, 29, 30, 31, 32, 33, 34, 35, 36, 37, 38, 39, 40, 41, 42, 43, 44, 45, 46, 47, 48, 49, 50, 51, 52, 53, 54, 55, 56, 57, 58, 59, 60, 61, 62, 63, 64, 65, 66, 67, 68, 69, 70, 71, 72, 73, 74, 75, 76, 77, 78, 79, 80, 81, 82, 83, 84, 85, 86, 87, 88, 89, 90, 91, 92, 93, 94, 95, 96, 97, 98, 99, 100, 101, 102, 103, 104, 105, 106, 107, 108, 109, 110, 111, 112, 113, 114, 115],