{"Total Initial Vulnerabilities": 631, "Initial Vulns Per OS": {"windows": {"vista": 28, "8": 28, "10": 5, "7": 43, "8.1": 21}, "freebsd": {"9": 25, "12": 11, "13": 17, "8": 64, "10": 47, "11": 13}, "ubuntu": {"16.04": 31, "18.04": 19, "14.04": 28, "20.04": 8, "12.04": 17}, "centos": {"3": 95, "5": 34, "8": 16, "7": 32, "6": 27, "4": 22}}, "Average Initial RoA Per OS": {"windows": {"vista": 0.11675902911637161, "8": 0.04288247563624605, "10": 0.0824451573793431, "7": 0.07125220901498885, "8.1": 0.06401116559770877}, "freebsd": {"9": 0.10539981204715262, "12": 0.023513191341814732, "13": 0.07194569638955248, "8": 0.06284778502913983, "10": 0.08041076904923569, "11": 0.06623439036218572}, "ubuntu": {"16.04": 0.03224002910627498, "18.04": 0.021503068634538793, "14.04": 0.06193191098430637, "20.04": 0.05676818905876961, "12.04": 0.08650229223104663}, "centos": {"3": 0.06785639967520786, "5": 0.07481353342543565, "8": 0.07362744492540171, "7": 0.03812294230144158, "6": 0.059730171923029436, "4": 0.09434475602509441}}, "OS Types In Initial Network": {"windows vista": 5, "freebsd 9": 5, "freebsd 12": 10, "ubuntu 20.04": 10, "windows 8.1": 15, "windows 8": 12, "ubuntu 16.04": 15, "centos 3": 6, "freebsd 13": 19, "ubuntu 18.04": 8, "centos 5": 8, "centos 8": 16, "windows 10": 7, "ubuntu 14.04": 8, "windows 7": 10, "freebsd 8": 2, "centos 7": 12, "ubuntu 12.04": 4, "freebsd 10": 8, "freebsd 11": 7, "centos 6": 10, "centos 4": 3}, "Initial Hosts Without Vulnerabilities": 49, "Host Compromises": {"record name": "Host Compromises", "x": [1641, 2848, 4104, 4190, 6729, 11914, 23297, 55786, 61682, 64568, 76766, 129695, 141184, 189292, 195935, 245423], "y": [11, 14, 19, 70, 91, 74, 173, 133, 136, 86, 88, 69, 71, 135, 99, 144], "cumulative y": [1, 2, 3, 4, 5, 6, 7, 8, 9, 10, 11, 12, 13, 14, 15, 16], "total events": 16, "not exposed x": [4190, 6729, 11914, 23297, 55786, 61682, 64568, 76766, 129695, 141184, 189292, 195935, 245423], "not exposed y": [70, 91, 74, 173, 133, 136, 86, 88, 69, 71, 135, 99, 144], "cumulative not exposed y": [1, 2, 3, 4, 5, 6, 7, 8, 9, 10, 11, 12, 13], "total not exposed events": 13}, "Vuln Compromises": {"record name": "Vuln Compromises", "x": [1641, 2848, 4104, 4190, 6729, 11914, 23297, 55786, 61682, 76766, 141184, 189292, 195935, 245423], "y": [11, 14, 19, 70, 91, 74, 173, 133, 136, 88, 71, 135, 99, 144], "cumulative y": [1, 2, 3, 4, 5, 6, 7, 8, 9, 10, 11, 12, 13, 14], "total events": 14, "not exposed x": [4190, 6729, 11914, 23297, 55786, 61682, 76766, 141184, 189292, 195935, 245423], "not exposed y": [70, 91, 74, 173, 133, 136, 88, 71, 135, 99, 144], "cumulative not exposed y": [1, 2, 3, 4, 5, 6, 7, 8, 9, 10, 11], "total not exposed events": 11}, "Reuse Password Compromises": {"record name": "Reuse Password Compromises", "x": [64568], "y": [86], "cumulative y": [1], "total events": 1, "not exposed x": [64568], "not exposed y": [86], "cumulative not exposed y": [1], "total not exposed events": 1}, "Password Spray Compromises": {"record name": "Password Spray Compromises", "x": [129695], "y": [69], "cumulative y": [1], "total events": 1, "not exposed x": [129695], "not exposed y": [69], "cumulative not exposed y": [1], "total not exposed events": 1}, "User Account Leaks": {"record name": "User Account Has Been Leaked By Compromise", "x": [1641, 1641, 1641, 1641, 1641, 2848, 2848, 2848, 2848, 2848, 4104, 4104, 4104, 4104, 4104, 4190, 4190, 4190, 4190, 4190, 6729, 6729, 6729, 6729, 6729, 11914, 11914, 11914, 11914, 11914, 23297, 23297, 23297, 23297, 23297, 55786, 55786, 55786, 55786, 55786, 61682, 61682, 61682, 61682, 64568, 64568, 64568, 64568, 76766, 76766, 129695, 129695, 129695, 141184, 141184, 141184, 141184, 189292, 189292, 189292, 189292, 195935, 195935, 195935, 195935, 195935, 245423, 245423], "y": ["Myrtle", "Claudetta", "Blanca", "Charlotta", "Sammy", "Christy", "Nerty", "Ladonna", "Salli", "Nessa", "Margaretta", "Becka", "Dulcinea", "Wendye", "Charin", "Stephi", "Ursala", "Fifine", "Arly", "Cinderella", "Quinta", "Perl", "Gloriane", "Bria", "Robena", "Natasha", "Lucretia", "Gwenora", "Berte", "Faye", "Ted", "Yolane", "Hanny", "Fredrika", "Edi", "Millie", "Janean", "Pansie", "Faunie", "Brigitte", "Gracia", "Melita", "Hyacinth", "Ebony", "Lorie", "Milly", "Justina", "Kylynn", "Lesli", "Alyson", "Kori", "Kayle", "Cloe", "Rea", "Neala", "Sunshine", "Barry", "Lorilyn", "Elbertina", "Lani", "Sarette", "Chlo", "Ashlee", "Marabel", "Arliene", "Mirelle", "Bennie", "Darcie"], "cumulative y": [1, 2, 3, 4, 5, 6, 7, 8, 9, 10, 11, 12, 13, 14, 15, 16, 17, 18, 19, 20, 21, 22, 23, 24, 25, 26, 27, 28, 29, 30, 31, 32, 33, 34, 35, 36, 37, 38, 39, 40, 41, 42, 43, 44, 45, 46, 47, 48, 49, 50, 51, 52, 53, 54, 55, 56, 57, 58, 59, 60, 61, 62, 63, 64, 65, 66, 67, 68], "total events": 68}, "Vulnerabilities Exploited": {"record name": "Vulnerabilities Exploited", "x": [605, 605, 605, 1562, 1562, 1562, 1562, 1562, 1562, 1562, 1641, 1840, 2035, 2035, 2035, 2303, 2303, 2303, 2303, 2848, 2848, 2848, 3181, 3181, 4104, 4104, 4190, 4435, 6085, 6270, 6729, 6923, 7602, 7602, 7602, 7602, 8847, 11379, 11914, 12444, 12444, 12444, 15297, 20313, 22509, 23297, 23297, 23297, 23297, 26095, 27130, 40951, 48357, 55500, 55786, 67094, 71498, 71498, 76766, 76766, 76766, 76766, 123645, 130885, 135762, 135762, 135762, 135762, 135762, 135762, 140618, 140618, 141184, 141184, 141741, 187513, 189292, 190944, 195935, 195935, 245423, 245423], "cumulative exploited vulns": [1, 2, 3, 4, 5, 6, 7, 8, 9, 10, 11, 12, 13, 14, 15, 16, 17, 18, 19, 20, 21, 22, 23, 24, 25, 26, 27, 28, 29, 30, 31, 32, 33, 34, 35, 36, 37, 38, 39, 40, 41, 42, 43, 44, 45, 46, 47, 48, 49, 50, 51, 52, 53, 54, 55, 56, 57, 58, 59, 60, 61, 62, 63, 64, 65, 66, 67, 68, 69, 70, 71, 72, 73, 74, 75, 76, 77, 78, 79, 80, 81, 82], "roa": [0.5177798293278926, 0.20898144400931637, 0.0008578855003022363, 0.10043410783912791, 0.2297101782389243, 0.16669067552864608, 0.35342325609553465, 0.0885986762429803, 0.1067156724200456, 0.12415996514747733, 0.563255877687788, 0.18296439596415678, 0.2280038010402158, 0.0935523994164711, 0.06122539454671272, 0.37888940775032287, 0.2894282604704481, 0.007367061875287771, 0.784512423672038, 0.2728238594354261, 0.17794339434428663, 0.06872678918152222, 0.7657502158811527, 0.7657502158811527, 0.7777341121747046, 0.20580676439386206, 0.16797663464208695, 0.34462366285504153, 0.09344181594483894, 0.32573096194813667, 0.3691760393231348, 0.31914581120101, 0.5764311603088424, 0.572026822290762, 0.4067764508820198, 0.3140178706978359, 0.10548682543355574, 0.1605040319376981, 0.6721132882014306, 0.11069461324590965, 0.2130511934296678, 0.01696758604730101, 0.17687745168703037, 0.11553264399102595, 0.15498757293935608, 0.7055225170319896, 0.5042162442716751, 0.35876686899319116, 0.21464112667754165, 0.09466270451326145, 0.0436779646065989, 0.0057771801244523475, 0.07652409501809794, 0.041274977458050185, 0.2927879111938521, 0.06828412245892312, 0.7313139962083584, 0.5901477133793401, 0.8485757197166868, 0.1641445627517019, 0.13836217156160457, 0.024706231830259044, 0.23033961009307555, 0.06367258354232974, 0.6277931837266368, 0.20275689477213027, 0.20275689477213027, 0.17118315605738763, 0.2635653845410049, 0.2845226940032581, 0.13563651314269912, 0.13563651314269912, 0.17787828228245983, 0.07854577941544802, 0.1781301483385789, 0.017483606162565675, 0.15970775462866593, 0.29519581223352886, 0.18728807485958468, 0.012071843844072297, 0.4397740111826306, 0.4397740111826306],