{"Total Initial Vulnerabilities": 621, "Initial Vulns Per OS": {"freebsd": {"13": 19, "12": 14, "9": 21, "11": 13, "10": 6, "8": 82}, "ubuntu": {"18.04": 16, "20.04": 17, "16.04": 20, "14.04": 24, "12.04": 37}, "windows": {"8": 14, "7": 27, "8.1": 15, "vista": 27, "xp": 113, "10": 16}, "centos": {"7": 18, "8": 14, "4": 16, "6": 22, "3": 57, "5": 13}}, "Average Initial RoA Per OS": {"freebsd": {"13": 0.07585885698493462, "12": 0.0588583276794925, "9": 0.11024943606559406, "11": 0.05102579550780793, "10": 0.07986491229650317, "8": 0.045252563167228824}, "ubuntu": {"18.04": 0.022793929929867115, "20.04": 0.022877001368289757, "16.04": 0.08378438837879318, "14.04": 0.0933972870355086, "12.04": 0.05741093973462677}, "windows": {"8": 0.07338308109173723, "7": 0.0671987209215913, "8.1": 0.022039567443912188, "vista": 0.05228063330180782, "xp": 0.07885324627412212, "10": 0.017864605129046085}, "centos": {"7": 0.017817522735670832, "8": 0.026219490171923678, "4": 0.03235115317929595, "6": 0.0656444053401714, "3": 0.05864535230251939, "5": 0.1131118170847239}}, "OS Types In Initial Network": {"freebsd 12": 13, "freebsd 13": 18, "windows 10": 21, "ubuntu 18.04": 10, "freebsd 11": 7, "windows 8": 9, "ubuntu 16.04": 6, "centos 7": 10, "ubuntu 20.04": 20, "centos 8": 17, "windows 7": 8, "centos 4": 3, "centos 6": 12, "freebsd 9": 3, "windows 8.1": 6, "ubuntu 14.04": 8, "windows vista": 5, "freebsd 10": 4, "ubuntu 12.04": 8, "windows xp": 4, "freebsd 8": 3, "centos 3": 2, "centos 5": 3}, "Initial Hosts Without Vulnerabilities": 51, "Host Compromises": {"record name": "Host Compromises", "x": [216, 3488, 10418, 11736, 19086, 34934, 40801, 49230, 105118, 105201, 152108, 230601, 242342, 245809, 247072, 247203], "y": [5, 22, 32, 39, 26, 49, 18, 113, 71, 70, 74, 117, 75, 147, 155, 151], "cumulative y": [1, 2, 3, 4, 5, 6, 7, 8, 9, 10, 11, 12, 13, 14, 15, 16], "total events": 16, "not exposed x": [49230, 105118, 105201, 152108, 230601, 242342, 245809, 247072, 247203], "not exposed y": [113, 71, 70, 74, 117, 75, 147, 155, 151], "cumulative not exposed y": [1, 2, 3, 4, 5, 6, 7, 8, 9], "total not exposed events": 9}, "Vuln Compromises": {"record name": "Vuln Compromises", "x": [216, 3488, 10418, 11736, 19086, 34934, 40801, 49230, 105118, 105201, 152108, 230601, 242342, 245809, 247072, 247203], "y": [5, 22, 32, 39, 26, 49, 18, 113, 71, 70, 74, 117, 75, 147, 155, 151], "cumulative y": [1, 2, 3, 4, 5, 6, 7, 8, 9, 10, 11, 12, 13, 14, 15, 16], "total events": 16, "not exposed x": [49230, 105118, 105201, 152108, 230601, 242342, 245809, 247072, 247203], "not exposed y": [113, 71, 70, 74, 117, 75, 147, 155, 151], "cumulative not exposed y": [1, 2, 3, 4, 5, 6, 7, 8, 9], "total not exposed events": 9}, "Reuse Password Compromises": {"record name": "Reuse Password Compromises", "x": [], "y": [], "cumulative y": [], "total events": 0, "not exposed x": [], "not exposed y": [], "cumulative not exposed y": [], "total not exposed events": 0}, "Password Spray Compromises": {"record name": "Password Spray Compromises", "x": [], "y": [], "cumulative y": [], "total events": 0, "not exposed x": [], "not exposed y": [], "cumulative not exposed y": [], "total not exposed events": 0}, "User Account Leaks": {"record name": "User Account Has Been Leaked By Compromise", "x": [216, 216, 216, 216, 216, 3488, 3488, 3488, 3488, 3488, 10418, 10418, 10418, 10418, 10418, 11736, 11736, 11736, 19086, 19086, 19086, 19086, 19086, 34934, 34934, 34934, 34934, 34934, 40801, 40801, 40801, 49230, 49230, 49230, 49230, 105118, 105118, 105118, 105118, 105118, 105201, 105201, 105201, 105201, 105201, 152108, 152108, 152108, 152108, 230601, 230601, 230601, 242342, 242342, 242342, 245809, 245809, 245809, 247072, 247072, 247203, 247203, 247203], "y": ["Catina", "Marguerite", "Sharl", "Noell", "Johna", "Selene", "Dehlia", "Maryanna", "Claude", "Malinde", "Mab", "Maire", "Leah", "Adda", "Vita", "Vinny", "Nata", "Kiley", "Mariel", "Tarra", "Nanete", "Irma", "Mozelle", "Esmeralda", "Jazmin", "Henrie", "Hinda", "Millisent", "Carita", "Colette", "Stevana", "Philly", "Chanda", "Dacia", "Haley", "Doralia", "Genny", "Dallas", "Lonee", "Olva", "Ashla", "Koren", "Eveline", "Phil", "Kylie", "Cindie", "Karola", "Ava", "Alicia", "Lotte", "Benetta", "Marlie", "Stacy", "Laureen", "Cissiee", "Cyndie", "Ivory", "Rosana", "Liliane", "Marlane", "Emlynne", "Janeczka", "Teresita"], "cumulative y": [1, 2, 3, 4, 5, 6, 7, 8, 9, 10, 11, 12, 13, 14, 15, 16, 17, 18, 19, 20, 21, 22, 23, 24, 25, 26, 27, 28, 29, 30, 31, 32, 33, 34, 35, 36, 37, 38, 39, 40, 41, 42, 43, 44, 45, 46, 47, 48, 49, 50, 51, 52, 53, 54, 55, 56, 57, 58, 59, 60, 61, 62, 63], "total events": 63}, "Vulnerabilities Exploited": {"record name": "Vulnerabilities Exploited", "x": [216, 840, 840, 840, 840, 1103, 1603, 2144, 2144, 2294, 2995, 2995, 2995, 3113, 3113, 3488, 3488, 5423, 5423, 5423, 5423, 7764, 7764, 8920, 9496, 9811, 10209, 10306, 10418, 10496, 11259, 11259, 11736, 12060, 12872, 13075, 13075, 13075, 13075, 14451, 14451, 14451, 14451, 15513, 15653, 15939, 17203, 19086, 19086, 20039, 23616, 25823, 25823, 25823, 28901, 34934, 35098, 35379, 42361, 43034, 49230, 49230, 49772, 50163, 50163, 59781, 63561, 72488, 75749, 76051, 76051, 77845, 77845, 90526, 90526, 90526, 90526, 104081, 104861, 104861, 104861, 104861, 104861, 106895, 110344, 113073, 113956, 118825, 124881, 128994, 129310, 129673, 129673, 130134, 149416, 149416, 152108, 152108, 152108, 152551, 169062, 170478, 188776, 188776, 189132, 211044, 211044, 211044, 213911, 230601, 230601, 230601, 231405, 233511, 235215, 243003, 243003, 245416, 245416, 245809, 247203], "cumulative exploited vulns": [1, 2, 3, 4, 5, 6, 7, 8, 9, 10, 11, 12, 13, 14, 15, 16, 17, 18, 19, 20, 21, 22, 23, 24, 25, 26, 27, 28, 29, 30, 31, 32, 33, 34, 35, 36, 37, 38, 39, 40, 41, 42, 43, 44, 45, 46, 47, 48, 49, 50, 51, 52, 53, 54, 55, 56, 57, 58, 59, 60, 61, 62, 63, 64, 65, 66, 67, 68, 69, 70, 71, 72, 73, 74, 75, 76, 77, 78, 79, 80, 81, 82, 83, 84, 85, 86, 87, 88, 89, 90, 91, 92, 93, 94, 95, 96, 97, 98, 99, 100, 101, 102, 103, 104, 105, 106, 107, 108, 109, 110, 111, 112, 113, 114, 115, 116, 117, 118, 119, 120, 121],