{"Total Initial Vulnerabilities": 756, "Initial Vulns Per OS": {"freebsd": {"11": 30, "13": 9, "10": 38, "12": 23, "9": 12, "8": 66}, "centos": {"4": 43, "7": 23, "6": 27, "5": 26, "8": 7, "3": 128}, "windows": {"10": 10, "8": 26, "8.1": 24, "vista": 18, "xp": 16}, "ubuntu": {"18.04": 48, "10.04": 111, "20.04": 16, "12.04": 23, "14.04": 10, "16.04": 22}}, "Average Initial RoA Per OS": {"freebsd": {"11": 0.053900564700388634, "13": 0.042026352957426454, "10": 0.029575757872444194, "12": 0.05236487676931103, "9": 0.05639934016852132, "8": 0.05035860936540393}, "centos": {"4": 0.05670428280309594, "7": 0.06650748240859852, "6": 0.057340738663941064, "5": 0.027402399628859368, "8": 0.014622467036472603, "3": 0.05856701952442878}, "windows": {"10": 0.08401780424008187, "8": 0.04606738749364895, "8.1": 0.049847661005796184, "vista": 0.07569034259141902, "xp": 0.035411984647247007}, "ubuntu": {"18.04": 0.04107598630172012, "10.04": 0.04313697227881424, "20.04": 0.06171394457852858, "12.04": 0.026784084816877933, "14.04": 0.024734060428087037, "16.04": 0.06236560691179884}}, "OS Types In Initial Network": {"freebsd 11": 10, "centos 4": 8, "centos 6": 11, "freebsd 13": 11, "centos 7": 9, "windows 10": 12, "windows 8": 11, "ubuntu 18.04": 21, "windows 8.1": 13, "centos 5": 9, "ubuntu 10.04": 3, "ubuntu 20.04": 14, "centos 8": 13, "ubuntu 12.04": 5, "ubuntu 14.04": 3, "freebsd 10": 11, "freebsd 12": 10, "windows vista": 5, "freebsd 9": 3, "windows xp": 2, "ubuntu 16.04": 8, "freebsd 8": 2, "windows 7": 1, "centos 3": 5}, "Initial Hosts Without Vulnerabilities": 47, "Host Compromises": {"record name": "Host Compromises", "x": [1377, 1531, 3517, 4134, 12343, 20984, 22066, 25499, 34066, 35169, 45038, 46800, 49730, 51621, 102080, 203734, 203855, 221341, 234962], "y": [12, 13, 15, 18, 43, 99, 104, 124, 102, 110, 170, 174, 82, 80, 60, 173, 73, 89, 109], "cumulative y": [1, 2, 3, 4, 5, 6, 7, 8, 9, 10, 11, 12, 13, 14, 15, 16, 17, 18, 19], "total events": 19, "not exposed x": [20984, 22066, 25499, 34066, 35169, 45038, 46800, 49730, 51621, 102080, 203734, 203855, 221341, 234962], "not exposed y": [99, 104, 124, 102, 110, 170, 174, 82, 80, 60, 173, 73, 89, 109], "cumulative not exposed y": [1, 2, 3, 4, 5, 6, 7, 8, 9, 10, 11, 12, 13, 14], "total not exposed events": 14}, "Vuln Compromises": {"record name": "Vuln Compromises", "x": [1377, 1531, 3517, 4134, 12343, 20984, 25499, 34066, 35169, 49730], "y": [12, 13, 15, 18, 43, 99, 124, 102, 110, 82], "cumulative y": [1, 2, 3, 4, 5, 6, 7, 8, 9, 10], "total events": 10, "not exposed x": [20984, 25499, 34066, 35169, 49730], "not exposed y": [99, 124, 102, 110, 82], "cumulative not exposed y": [1, 2, 3, 4, 5], "total not exposed events": 5}, "Reuse Password Compromises": {"record name": "Reuse Password Compromises", "x": [45038, 46800, 51621, 102080, 203734, 203855, 221341], "y": [170, 174, 80, 60, 173, 73, 89], "cumulative y": [1, 2, 3, 4, 5, 6, 7], "total events": 7, "not exposed x": [45038, 46800, 51621, 102080, 203734, 203855, 221341], "not exposed y": [170, 174, 80, 60, 173, 73, 89], "cumulative not exposed y": [1, 2, 3, 4, 5, 6, 7], "total not exposed events": 7}, "Password Spray Compromises": {"record name": "Password Spray Compromises", "x": [22066, 234962], "y": [104, 109], "cumulative y": [1, 2], "total events": 2, "not exposed x": [22066, 234962], "not exposed y": [104, 109], "cumulative not exposed y": [1, 2], "total not exposed events": 2}, "User Account Leaks": {"record name": "User Account Has Been Leaked By Compromise", "x": [1377, 1377, 1377, 1377, 1377, 1531, 1531, 1531, 1531, 1531, 3517, 3517, 3517, 3517, 3517, 4134, 4134, 4134, 4134, 12343, 12343, 12343, 12343, 12343, 20984, 20984, 20984, 20984, 20984, 22066, 22066, 22066, 22066, 25499, 25499, 25499, 34066, 34066, 34066, 34066, 34066, 35169, 35169, 35169, 35169, 45038, 45038, 45038, 45038, 46800, 49730, 49730, 49730, 49730, 49730, 51621, 51621, 51621, 51621, 102080, 102080, 102080, 203734, 203734, 203734, 203855, 203855, 221341, 234962, 234962, 234962], "y": ["Drucy", "Christina", "Mavra", "Maurizia", "Marieann", "Randee", "Matilde", "Faydra", "Yolanda", "Merrile", "Lynelle", "Brook", "Aridatha", "Vonni", "Aveline", "Abagael", "Sophie", "Anet", "Kathryne", "Beatrisa", "Kettie", "Cordelia", "Anissa", "Clair", "Patrica", "Christie", "Bonny", "Shauna", "Dinnie", "Hannah", "Gertrudis", "Arleta", "Jane", "Elysia", "Rozalin", "Minnie", "Coreen", "Maryanne", "Diena", "Abbi", "Shela", "Max", "Raven", "Lacie", "Carleen", "Joli", "Rebbecca", "Moria", "Bernelle", "Georgianna", "Nadia", "Mechelle", "Ricky", "Doro", "Christian", "Corine", "Wenda", "Nerita", "Gabriellia", "Appolonia", "Vicky", "Eleen", "Bendite", "Winona", "Bibbie", "Auria", "Tiphani", "Siobhan", "Neila", "Koren", "Catharine"], "cumulative y": [1, 2, 3, 4, 5, 6, 7, 8, 9, 10, 11, 12, 13, 14, 15, 16, 17, 18, 19, 20, 21, 22, 23, 24, 25, 26, 27, 28, 29, 30, 31, 32, 33, 34, 35, 36, 37, 38, 39, 40, 41, 42, 43, 44, 45, 46, 47, 48, 49, 50, 51, 52, 53, 54, 55, 56, 57, 58, 59, 60, 61, 62, 63, 64, 65, 66, 67, 68, 69, 70, 71], "total events": 71}, "Vulnerabilities Exploited": {"record name": "Vulnerabilities Exploited", "x": [164, 757, 790, 1043, 1100, 1100, 1191, 1191, 1377, 1377, 1431, 1531, 3517, 3517, 3517, 3517, 3517, 3517, 3517, 3517, 3517, 3517, 3517, 3517, 3517, 3517, 3517, 3517, 3517, 3517, 3517, 3744, 3744, 4134, 4895, 4895, 4895, 4895, 4895, 4895, 5067, 6383, 7134, 7134, 7134, 7134, 7419, 7872, 7872, 8814, 8977, 9299, 9887, 9887, 9887, 11220, 11220, 11220, 11220, 11220, 11220, 11220, 11220, 11220, 11220, 11391, 11851, 11851, 12343, 12343, 16256, 16256, 16256, 16256, 16256, 16256, 16256, 16256, 16256, 16256, 16256, 16256, 16256, 16256, 16256, 16256, 16256, 16502, 20984, 20984, 20984, 20984, 20984, 20984, 20984, 20984, 20984, 20984, 20984, 21287, 22516, 25499, 25499, 27682, 28982, 34066, 34166, 35169, 35169, 42270, 44741, 45787, 45787, 45787, 45787, 45787, 45787, 45787, 45787, 45787, 45787, 45787, 45787, 45787, 45787, 45787, 53062, 53062, 64573, 68989, 102268, 110929, 116539, 157100, 200583, 201009, 203341, 203341, 203341, 203341, 205549, 205549, 205549, 208630], "cumulative exploited vulns": [1, 2, 3, 4, 5, 6, 7, 8, 9, 10, 11, 12, 13, 14, 15, 16, 17, 18, 19, 20, 21, 22, 23, 24, 25, 26, 27, 28, 29, 30, 31, 32, 33, 34, 35, 36, 37, 38, 39, 40, 41, 42, 43, 44, 45, 46, 47, 48, 49, 50, 51, 52, 53, 54, 55, 56, 57, 58, 59, 60, 61, 62, 63, 64, 65, 66, 67, 68, 69, 70, 71, 72, 73, 74, 75, 76, 77, 78, 79, 80, 81, 82, 83, 84, 85, 86, 87, 88, 89, 90, 91, 92, 93, 94, 95, 96, 97, 98, 99, 100, 101, 102, 103, 104, 105, 106, 107, 108, 109, 110, 111, 112, 113, 114, 115, 116, 117, 118, 119, 120, 121, 122, 123, 124, 125, 126, 127, 128, 129, 130, 131, 132, 133, 134, 135, 136, 137, 138, 139, 140, 141, 142, 143, 144],