{"Total Initial Vulnerabilities": 646, "Initial Vulns Per OS": {"centos": {"7": 34, "8": 21, "5": 15, "4": 27, "6": 8, "3": 67}, "windows": {"8.1": 19, "7": 19, "vista": 26, "10": 11, "8": 18, "xp": 37}, "ubuntu": {"16.04": 34, "14.04": 34, "18.04": 21, "20.04": 30, "10.04": 30, "12.04": 7}, "freebsd": {"13": 14, "10": 50, "8": 56, "12": 15, "11": 20, "9": 33}}, "Average Initial RoA Per OS": {"centos": {"7": 0.053662425968576455, "8": 0.07341623694474857, "5": 0.02643100072352184, "4": 0.0555506866044407, "6": 0.02829734730218008, "3": 0.06171072995671204}, "windows": {"8.1": 0.022791592016835335, "7": 0.07829492327654762, "vista": 0.05479479811344653, "10": 0.07123121329645152, "8": 0.04321715837030269, "xp": 0.08249783320445873}, "ubuntu": {"16.04": 0.08073325173761181, "14.04": 0.05352230031486431, "18.04": 0.10662530813701339, "20.04": 0.12735785082916765, "10.04": 0.05732217429256446, "12.04": 0.06527553839444711}, "freebsd": {"13": 0.0905344451360794, "10": 0.0418393737665234, "8": 0.060234612153413844, "12": 0.046530665299182115, "11": 0.09521370059508805, "9": 0.07848682477210787}}, "OS Types In Initial Network": {"centos 7": 14, "centos 8": 19, "freebsd 13": 13, "centos 6": 7, "windows 8.1": 10, "ubuntu 16.04": 12, "centos 5": 5, "ubuntu 14.04": 6, "windows 7": 7, "ubuntu 18.04": 10, "windows 10": 15, "centos 4": 4, "freebsd 10": 11, "ubuntu 20.04": 20, "windows vista": 6, "windows 8": 7, "ubuntu 10.04": 2, "freebsd 8": 3, "ubuntu 12.04": 2, "freebsd 12": 12, "freebsd 11": 6, "freebsd 9": 6, "centos 3": 2, "windows xp": 1}, "Initial Hosts Without Vulnerabilities": 51, "Host Compromises": {"record name": "Host Compromises", "x": [3666, 3924, 5260, 6506, 7618, 10400, 11348, 12362, 12435, 13538, 14102, 15379, 16071, 16540, 18494, 19442, 19658, 19788, 29932, 35274, 35848, 39650, 49765, 59314, 67938, 69234, 141187, 187574, 193227, 205515, 212390, 230734, 242817], "y": [32, 33, 39, 46, 49, 8, 12, 16, 17, 21, 54, 51, 50, 52, 152, 56, 153, 155, 27, 38, 41, 141, 151, 147, 18, 20, 111, 100, 160, 78, 1, 40, 75], "cumulative y": [1, 2, 3, 4, 5, 6, 7, 8, 9, 10, 11, 12, 13, 14, 15, 16, 17, 18, 19, 20, 21, 22, 23, 24, 25, 26, 27, 28, 29, 30, 31, 32, 33], "total events": 33, "not exposed x": [14102, 15379, 16071, 16540, 18494, 19442, 19658, 19788, 39650, 49765, 59314, 141187, 187574, 193227, 205515, 242817], "not exposed y": [54, 51, 50, 52, 152, 56, 153, 155, 141, 151, 147, 111, 100, 160, 78, 75], "cumulative not exposed y": [1, 2, 3, 4, 5, 6, 7, 8, 9, 10, 11, 12, 13, 14, 15, 16], "total not exposed events": 16}, "Vuln Compromises": {"record name": "Vuln Compromises", "x": [3666, 3924, 5260, 6506, 10400, 11348, 12362, 13538, 14102, 15379, 16071, 19658, 35274, 35848, 39650, 49765, 59314, 69234, 193227, 230734], "y": [32, 33, 39, 46, 8, 12, 16, 21, 54, 51, 50, 153, 38, 41, 141, 151, 147, 20, 160, 40], "cumulative y": [1, 2, 3, 4, 5, 6, 7, 8, 9, 10, 11, 12, 13, 14, 15, 16, 17, 18, 19, 20], "total events": 20, "not exposed x": [14102, 15379, 16071, 19658, 39650, 49765, 59314, 193227], "not exposed y": [54, 51, 50, 153, 141, 151, 147, 160], "cumulative not exposed y": [1, 2, 3, 4, 5, 6, 7, 8], "total not exposed events": 8}, "Reuse Password Compromises": {"record name": "Reuse Password Compromises", "x": [12435, 16540, 18494, 19442, 19788, 29932, 67938], "y": [17, 52, 152, 56, 155, 27, 18], "cumulative y": [1, 2, 3, 4, 5, 6, 7], "total events": 7, "not exposed x": [16540, 18494, 19442, 19788], "not exposed y": [52, 152, 56, 155], "cumulative not exposed y": [1, 2, 3, 4], "total not exposed events": 4}, "Password Spray Compromises": {"record name": "Password Spray Compromises", "x": [7618, 141187, 187574, 205515, 212390, 242817], "y": [49, 111, 100, 78, 1, 75], "cumulative y": [1, 2, 3, 4, 5, 6], "total events": 6, "not exposed x": [141187, 187574, 205515, 242817], "not exposed y": [111, 100, 78, 75], "cumulative not exposed y": [1, 2, 3, 4], "total not exposed events": 4}, "User Account Leaks": {"record name": "User Account Has Been Leaked By Compromise", "x": [3666, 3666, 3666, 3666, 3666, 3924, 3924, 3924, 3924, 5260, 5260, 5260, 5260, 5260, 6506, 6506, 6506, 6506, 6506, 7618, 7618, 7618, 7618, 10400, 10400, 10400, 11348, 11348, 11348, 11348, 12362, 12362, 12362, 12362, 12362, 12435, 12435, 12435, 13538, 13538, 13538, 13538, 14102, 14102, 14102, 14102, 15379, 15379, 16071, 16071, 16071, 16071, 16540, 16540, 16540, 16540, 18494, 18494, 18494, 19442, 19442, 19442, 19658, 19658, 19658, 19658, 19788, 19788, 19788, 29932, 29932, 29932, 29932, 35274, 35274, 35848, 35848, 39650, 39650, 49765, 49765, 49765, 49765, 59314, 59314, 59314, 67938, 67938, 69234, 69234, 69234, 69234, 141187, 141187, 141187, 187574, 187574, 187574, 193227, 193227, 205515, 205515, 212390, 212390, 230734, 230734, 230734, 242817, 242817], "y": ["Belle", "Cassandre", "Cristy", "Joline", "Bibbye", "Nananne", "Sandi", "Nannie", "Clerissa", "Cinda", "Ethel", "Rica", "Neila", "Robenia", "Violet", "Alica", "Valery", "Jemmy", "Patti", "Betteanne", "Cayla", "Marcie", "Nerita", "Minnaminnie", "Ardene", "Phelia", "Sileas", "Caye", "Shana", "Wanda", "Bridie", "Cathyleen", "Merrielle", "Cloe", "Raven", "Janelle", "Sena", "Florri", "Aaren", "Malanie", "Jere", "Sherye", "Natassia", "Maure", "Deidre", "Halie", "Doralia", "Milissent", "Lacee", "Viviana", "Calli", "Fran", "Roana", "Betsey", "Mela", "Fidela", "Olly", "Aime", "Beatrice", "Leanna", "Kessia", "Laina", "Gerianna", "Rhodia", "Denyse", "Othilia", "Aleen", "Kenna", "Darla", "Phil", "Maitilde", "Nadeen", "Lauretta", "Katlin", "Debra", "Noell", "Dorine", "Ophelie", "Georgie", "Lynnell", "Jessy", "Brigitte", "Pearl", "Min", "Claudie", "Rosalyn", "Reiko", "Alina", "Arlyne", "Toni", "Odelia", "Eveleen", "Zea", "Hyacinthe", "Zitella", "Rozina", "Phyllida", "Chiquita", "Gratia", "Lynett", "Marnie", "Ariela", "Madelena", "Harley", "Lanny", "Corabel", "Liv", "Catie", "Andie"], "cumulative y": [1, 2, 3, 4, 5, 6, 7, 8, 9, 10, 11, 12, 13, 14, 15, 16, 17, 18, 19, 20, 21, 22, 23, 24, 25, 26, 27, 28, 29, 30, 31, 32, 33, 34, 35, 36, 37, 38, 39, 40, 41, 42, 43, 44, 45, 46, 47, 48, 49, 50, 51, 52, 53, 54, 55, 56, 57, 58, 59, 60, 61, 62, 63, 64, 65, 66, 67, 68, 69, 70, 71, 72, 73, 74, 75, 76, 77, 78, 79, 80, 81, 82, 83, 84, 85, 86, 87, 88, 89, 90, 91, 92, 93, 94, 95, 96, 97, 98, 99, 100, 101, 102, 103, 104, 105, 106, 107, 108, 109], "total events": 109}, "Vulnerabilities Exploited": {"record name": "Vulnerabilities Exploited", "x": [724, 724, 937, 937, 937, 937, 937, 1109, 1109, 1521, 1521, 1581, 1581, 1763, 1763, 2246, 2246, 2421, 2735, 3038, 3163, 3277, 3666, 3924, 3924, 4380, 4380, 4380, 4380, 4380, 5053, 5053, 5053, 5260, 5260, 5636, 5636, 5636, 5636, 5770, 6262, 6506, 6506, 7075, 7075, 7075, 7075, 7075, 7075, 7523, 8704, 8704, 8704, 8704, 8704, 8704, 8704, 10739, 11348, 13108, 13538, 14102, 14102, 14102, 14102, 14102, 14656, 15716, 16071, 16764, 18627, 19030, 20130, 20130, 20130, 20130, 20130, 20130, 20605, 22136, 22859, 22859, 22859, 23417, 24062, 24062, 25752, 32172, 35274, 35274, 35274, 35274, 35274, 35274, 35274, 35274, 35274, 35274, 35274, 35274, 35274, 35274, 49765, 53906, 56925, 56925, 56925, 58786, 69234, 70014, 73046, 93494, 96578, 102877, 114530, 139534, 149727, 188748, 190647, 193227, 202149, 205842, 209966, 209966, 228092, 236029, 236029, 236029, 243794, 243794], "cumulative exploited vulns": [1, 2, 3, 4, 5, 6, 7, 8, 9, 10, 11, 12, 13, 14, 15, 16, 17, 18, 19, 20, 21, 22, 23, 24, 25, 26, 27, 28, 29, 30, 31, 32, 33, 34, 35, 36, 37, 38, 39, 40, 41, 42, 43, 44, 45, 46, 47, 48, 49, 50, 51, 52, 53, 54, 55, 56, 57, 58, 59, 60, 61, 62, 63, 64, 65, 66, 67, 68, 69, 70, 71, 72, 73, 74, 75, 76, 77, 78, 79, 80, 81, 82, 83, 84, 85, 86, 87, 88, 89, 90, 91, 92, 93, 94, 95, 96, 97, 98, 99, 100, 101, 102, 103, 104, 105, 106, 107, 108, 109, 110, 111, 112, 113, 114, 115, 116, 117, 118, 119, 120, 121, 122, 123, 124, 125, 126, 127, 128, 129, 130],