{"Total Initial Vulnerabilities": 663, "Initial Vulns Per OS": {"centos": {"8": 11, "7": 20, "4": 35, "3": 88, "5": 18, "6": 11}, "ubuntu": {"16.04": 7, "12.04": 30, "10.04": 121, "14.04": 30, "20.04": 10, "18.04": 7}, "freebsd": {"11": 34, "12": 32, "10": 18, "13": 14, "8": 51, "9": 2}, "windows": {"7": 47, "vista": 13, "10": 3, "8": 18, "8.1": 15, "xp": 28}}, "Average Initial RoA Per OS": {"centos": {"8": 0.1029118900607645, "7": 0.052294622491269684, "4": 0.036605131090825346, "3": 0.06378321040703208, "5": 0.05120373275563102, "6": 0.09645191296537625}, "ubuntu": {"16.04": 0.09404239713066473, "12.04": 0.058146934633251074, "10.04": 0.05870262120855776, "14.04": 0.036903845294287446, "20.04": 0.04459879427548058, "18.04": 0.053568888166382896}, "freebsd": {"11": 0.07303436715942994, "12": 0.08506317120251339, "10": 0.06203690949389911, "13": 0.05386064007836545, "8": 0.08846116225996957, "9": 0.03755365593869736}, "windows": {"7": 0.06611123927829386, "vista": 0.02728514422844547, "10": 0.1015054548517476, "8": 0.07848974148153426, "8.1": 0.11272914708089489, "xp": 0.047614168502094344}}, "OS Types In Initial Network": {"windows 10": 14, "centos 8": 20, "centos 7": 15, "ubuntu 16.04": 4, "freebsd 11": 15, "freebsd 12": 15, "freebsd 13": 22, "freebsd 10": 6, "centos 4": 6, "windows 7": 10, "ubuntu 12.04": 6, "windows vista": 5, "freebsd 8": 3, "windows 8": 8, "ubuntu 10.04": 3, "windows 8.1": 11, "ubuntu 14.04": 5, "ubuntu 20.04": 10, "ubuntu 18.04": 5, "centos 3": 3, "centos 5": 5, "freebsd 9": 1, "centos 6": 7, "windows xp": 1}, "Initial Hosts Without Vulnerabilities": 61, "Host Compromises": {"record name": "Host Compromises", "x": [1101, 3124, 5341, 6799, 6913, 14555, 16303, 65743, 75785, 94206, 109818, 113891, 132065, 153795, 221128], "y": [12, 24, 29, 37, 38, 25, 28, 7, 42, 105, 87, 168, 115, 165, 1], "cumulative y": [1, 2, 3, 4, 5, 6, 7, 8, 9, 10, 11, 12, 13, 14, 15], "total events": 15, "not exposed x": [94206, 109818, 113891, 132065, 153795], "not exposed y": [105, 87, 168, 115, 165], "cumulative not exposed y": [1, 2, 3, 4, 5], "total not exposed events": 5}, "Vuln Compromises": {"record name": "Vuln Compromises", "x": [1101, 3124, 5341, 6799, 6913, 14555, 16303, 65743, 94206, 109818, 113891, 132065, 153795], "y": [12, 24, 29, 37, 38, 25, 28, 7, 105, 87, 168, 115, 165], "cumulative y": [1, 2, 3, 4, 5, 6, 7, 8, 9, 10, 11, 12, 13], "total events": 13, "not exposed x": [94206, 109818, 113891, 132065, 153795], "not exposed y": [105, 87, 168, 115, 165], "cumulative not exposed y": [1, 2, 3, 4, 5], "total not exposed events": 5}, "Reuse Password Compromises": {"record name": "Reuse Password Compromises", "x": [], "y": [], "cumulative y": [], "total events": 0, "not exposed x": [], "not exposed y": [], "cumulative not exposed y": [], "total not exposed events": 0}, "Password Spray Compromises": {"record name": "Password Spray Compromises", "x": [75785, 221128], "y": [42, 1], "cumulative y": [1, 2], "total events": 2, "not exposed x": [], "not exposed y": [], "cumulative not exposed y": [], "total not exposed events": 0}, "User Account Leaks": {"record name": "User Account Has Been Leaked By Compromise", "x": [1101, 1101, 1101, 1101, 1101, 3124, 3124, 3124, 3124, 5341, 5341, 5341, 5341, 5341, 6799, 6799, 6799, 6799, 6913, 6913, 6913, 6913, 6913, 14555, 14555, 14555, 14555, 14555, 16303, 16303, 16303, 65743, 65743, 65743, 65743, 65743, 75785, 75785, 75785, 75785, 94206, 94206, 94206, 94206, 109818, 109818, 109818, 109818, 109818, 113891, 113891, 113891, 132065, 132065, 132065, 132065, 153795, 153795, 221128, 221128, 221128], "y": ["Charity", "Horatia", "Jeralee", "Anita", "Cristabel", "Laraine", "Beitris", "Vilhelmina", "Dora", "Ianthe", "Elbertine", "Marion", "Lavena", "Georgena", "Louella", "Josy", "Olympe", "Roberta", "Bernadina", "Annelise", "Maura", "Jacquelin", "Anne-Corinne", "Joletta", "Melitta", "Ola", "Tabbatha", "Barbaraanne", "Sonny", "Sophronia", "Bernadine", "Valerye", "Mariellen", "Flossie", "Giorgia", "Stephana", "Susie", "Collette", "Glenn", "Lacy", "Karita", "Aurelie", "Gayle", "Ainslie", "Megen", "Sandie", "Mariejeanne", "Maris", "Valentina", "Gabrila", "Lyda", "Jeanette", "Selie", "Isabelita", "Althea", "Genna", "Philly", "Philis", "Darsey", "Lisabeth", "Myrtie"], "cumulative y": [1, 2, 3, 4, 5, 6, 7, 8, 9, 10, 11, 12, 13, 14, 15, 16, 17, 18, 19, 20, 21, 22, 23, 24, 25, 26, 27, 28, 29, 30, 31, 32, 33, 34, 35, 36, 37, 38, 39, 40, 41, 42, 43, 44, 45, 46, 47, 48, 49, 50, 51, 52, 53, 54, 55, 56, 57, 58, 59, 60, 61], "total events": 61}, "Vulnerabilities Exploited": {"record name": "Vulnerabilities Exploited", "x": [127, 649, 1101, 1101, 1298, 1530, 1530, 1530, 1530, 1628, 1822, 1822, 1822, 2143, 2143, 2958, 3124, 3124, 3403, 3663, 3754, 4735, 4735, 4735, 4735, 4735, 4735, 4735, 4735, 4735, 4735, 4735, 4735, 4735, 4735, 4735, 4735, 4735, 5341, 5341, 5341, 5515, 5515, 5825, 5825, 5825, 5825, 6799, 6913, 6913, 6913, 7480, 7480, 7480, 8442, 8442, 9350, 9350, 10484, 11077, 12062, 12062, 14244, 14555, 16303, 16303, 16303, 16303, 16303, 16303, 16303, 16303, 16303, 16303, 16303, 16303, 16303, 16303, 16303, 18873, 20450, 23605, 24743, 25929, 39054, 51557, 53235, 55252, 57299, 59615, 65743, 68269, 93225, 94206, 109500, 109818, 112503, 112503, 113891, 116697, 127121, 133775, 146066, 241357, 244122, 244122], "cumulative exploited vulns": [1, 2, 3, 4, 5, 6, 7, 8, 9, 10, 11, 12, 13, 14, 15, 16, 17, 18, 19, 20, 21, 22, 23, 24, 25, 26, 27, 28, 29, 30, 31, 32, 33, 34, 35, 36, 37, 38, 39, 40, 41, 42, 43, 44, 45, 46, 47, 48, 49, 50, 51, 52, 53, 54, 55, 56, 57, 58, 59, 60, 61, 62, 63, 64, 65, 66, 67, 68, 69, 70, 71, 72, 73, 74, 75, 76, 77, 78, 79, 80, 81, 82, 83, 84, 85, 86, 87, 88, 89, 90, 91, 92, 93, 94, 95, 96, 97, 98, 99, 100, 101, 102, 103, 104, 105, 106], "roa": [0.16918239863691392, 0.28651827112285744, 0.677774042501753, 0.21793647736496977, 0.2912160728005057, 0.6127016893440207, 0.6863906493563412, 0.3922432650503815, 0.3922432650503815, 0.15894384628429944, 0.38742254069979104, 0.44030226051809274, 0.028609083946283875, 0.5850890110107678, 0.5549946884357558, 0.3966817221865929, 0.21549916506048233, 0.13701839121414955, 0.3661236582566069, 0.4288361348547253, 0.08847815190420058, 0.8962833480054876, 0.8962833480054876, 0.5196270453527452, 0.49863671369233586, 0.40567255400067603, 0.367161264033902, 0.2837818224587788, 0.6875507336082828, 0.27919696880010525, 0.3031370515436732, 0.16683218897685712, 0.13921020773944176, 0.3545940334540042, 0.4015948333812404, 0.22178253659208713, 0.20706736153672511, 0.02008431205790993, 0.4280288497871106, 0.391599437350109, 0.024114165961502253, 0.03721516298222548, 0.3070980517253522, 0.5368161254890803, 0.407889593005352, 0.059783355271410835, 0.05184683363064443, 0.5498348594422369, 0.31969782172615496, 0.28438103447475627, 0.0008657512874305374, 0.6035384798350069, 0.5175897974892902, 0.20626116155695556, 0.32500676659128047, 0.10587514551017826, 0.03878817806798259, 0.03878817806798259, 0.2240543626159451, 0.2006509127034118, 0.2261387074944959, 0.21648737781145497, 0.5066267930362411, 0.6198909601488607, 0.6060572460675872, 0.18032019771650853, 0.08303565490709099, 0.06234479044342652, 0.28346451081593155, 0.02161670457190198, 0.1290464280282255, 0.7657357439117118, 0.6351678875579826, 0.3466737657317086, 0.40935120798224894, 0.7162862803748969, 0.14117975546575573, 0.6619078430073772, 0.3004426893365021, 0.14119725236976038, 0.02516734421418697, 0.21871612110144262, 0.28805473359326045, 0.0062570218483536475, 0.09684372785479647, 0.014588887199983297, 0.13148091813588542, 0.3377066991994994, 0.09541052539173168, 0.19668253330503524, 0.7321703451722075, 0.2820113729511392, 0.5583530940324276, 0.539695932922074, 0.05975733991098573, 0.06351954903437183, 0.8356442418136162, 0.48139166579698855, 0.09859304538032736, 0.7060234320755618, 0.12646648953489345, 0.22817486302544024, 0.24053538880532144, 0.06014404957354791, 0.08460770611910366, 0.0006958838606229404],