{"Total Initial Vulnerabilities": 788, "Initial Vulns Per OS": {"centos": {"4": 8, "8": 8, "7": 26, "5": 37, "6": 24, "3": 115}, "freebsd": {"12": 34, "10": 27, "13": 11, "9": 18, "11": 26, "8": 27}, "windows": {"8": 59, "vista": 24, "8.1": 30, "xp": 93, "10": 3, "7": 13}, "ubuntu": {"14.04": 32, "18.04": 14, "12.04": 58, "20.04": 10, "16.04": 32, "10.04": 59}}, "Average Initial RoA Per OS": {"centos": {"4": 0.02017337851833977, "8": 0.12737654788364486, "7": 0.032619728863748074, "5": 0.06605308960415832, "6": 0.062128445126258404, "3": 0.05642793877286336}, "freebsd": {"12": 0.0457197246727022, "10": 0.04366485529399908, "13": 0.10566703716789534, "9": 0.0801092833808804, "11": 0.09207505877666998, "8": 0.03691987500666615}, "windows": {"8": 0.04017485697356133, "vista": 0.08325863985066867, "8.1": 0.04295256413130502, "xp": 0.042727204777119866, "10": 0.19892492575243667, "7": 0.11408494713252011}, "ubuntu": {"14.04": 0.1048669272240978, "18.04": 0.04760103657602129, "12.04": 0.07832883591564997, "20.04": 0.07685493944521812, "16.04": 0.05068400868382384, "10.04": 0.03770246795071513}}, "OS Types In Initial Network": {"centos 4": 3, "freebsd 12": 17, "windows 10": 8, "windows 8": 14, "freebsd 10": 6, "centos 6": 12, "freebsd 13": 15, "ubuntu 14.04": 9, "windows vista": 6, "ubuntu 18.04": 8, "freebsd 9": 5, "centos 8": 13, "centos 7": 15, "windows 8.1": 13, "ubuntu 12.04": 9, "freebsd 11": 9, "windows xp": 3, "ubuntu 20.04": 7, "centos 5": 9, "ubuntu 16.04": 8, "windows 7": 4, "centos 3": 5, "freebsd 8": 1, "ubuntu 10.04": 1}, "Initial Hosts Without Vulnerabilities": 44, "Host Compromises": {"record name": "Host Compromises", "x": [398, 1628, 11306, 19901, 21324, 23236, 33409, 40177, 84545, 110959, 114407, 152080, 170881, 176541, 177064, 188081, 188304, 190824, 190955, 199259, 201178, 204014, 209272, 224911, 225572, 227319, 231284], "y": [0, 4, 48, 26, 35, 44, 42, 19, 46, 64, 62, 65, 97, 111, 103, 102, 133, 163, 164, 135, 52, 51, 166, 10, 12, 15, 24], "cumulative y": [1, 2, 3, 4, 5, 6, 7, 8, 9, 10, 11, 12, 13, 14, 15, 16, 17, 18, 19, 20, 21, 22, 23, 24, 25, 26, 27], "total events": 27, "not exposed x": [110959, 114407, 152080, 170881, 176541, 177064, 188081, 188304, 190824, 190955, 199259, 201178, 204014, 209272], "not exposed y": [64, 62, 65, 97, 111, 103, 102, 133, 163, 164, 135, 52, 51, 166], "cumulative not exposed y": [1, 2, 3, 4, 5, 6, 7, 8, 9, 10, 11, 12, 13, 14], "total not exposed events": 14}, "Vuln Compromises": {"record name": "Vuln Compromises", "x": [398, 1628, 11306, 19901, 21324, 23236, 40177, 84545, 110959, 114407, 152080, 170881, 188304, 190824, 190955, 201178, 204014, 225572], "y": [0, 4, 48, 26, 35, 44, 19, 46, 64, 62, 65, 97, 133, 163, 164, 52, 51, 12], "cumulative y": [1, 2, 3, 4, 5, 6, 7, 8, 9, 10, 11, 12, 13, 14, 15, 16, 17, 18], "total events": 18, "not exposed x": [110959, 114407, 152080, 170881, 188304, 190824, 190955, 201178, 204014], "not exposed y": [64, 62, 65, 97, 133, 163, 164, 52, 51], "cumulative not exposed y": [1, 2, 3, 4, 5, 6, 7, 8, 9], "total not exposed events": 9}, "Reuse Password Compromises": {"record name": "Reuse Password Compromises", "x": [33409, 176541, 177064, 188081, 199259, 209272, 224911, 227319, 231284], "y": [42, 111, 103, 102, 135, 166, 10, 15, 24], "cumulative y": [1, 2, 3, 4, 5, 6, 7, 8, 9], "total events": 9, "not exposed x": [176541, 177064, 188081, 199259, 209272], "not exposed y": [111, 103, 102, 135, 166], "cumulative not exposed y": [1, 2, 3, 4, 5], "total not exposed events": 5}, "Password Spray Compromises": {"record name": "Password Spray Compromises", "x": [], "y": [], "cumulative y": [], "total events": 0, "not exposed x": [], "not exposed y": [], "cumulative not exposed y": [], "total not exposed events": 0}, "User Account Leaks": {"record name": "User Account Has Been Leaked By Compromise", "x": [398, 398, 398, 398, 398, 1628, 1628, 1628, 1628, 1628, 11306, 11306, 11306, 11306, 11306, 19901, 19901, 19901, 19901, 21324, 21324, 21324, 21324, 23236, 23236, 23236, 33409, 33409, 33409, 33409, 40177, 40177, 40177, 40177, 84545, 84545, 84545, 84545, 110959, 110959, 110959, 110959, 114407, 114407, 114407, 114407, 152080, 152080, 152080, 152080, 170881, 170881, 170881, 170881, 176541, 176541, 176541, 176541, 177064, 177064, 177064, 188081, 188081, 188304, 188304, 188304, 190824, 190824, 190824, 190955, 199259, 199259, 199259, 201178, 204014, 204014, 204014, 204014, 209272, 224911, 224911, 225572, 225572, 225572, 225572, 227319, 231284, 231284], "y": ["Dorothee", "Terrye", "Paulita", "Melissa", "Ally", "Hatty", "Louisette", "Kally", "Odessa", "Adrian", "Delly", "Camila", "Kalila", "Lari", "Suki", "Vittoria", "Devonne", "Lesya", "Chrystal", "Vonni", "Edithe", "Kai", "Gweneth", "Vannie", "Carma", "Karlen", "Janie", "Bryna", "Doralin", "Carlotta", "Jillana", "Janene", "Hilda", "Jemmie", "Hedwig", "Celine", "Misti", "Tabby", "Joleen", "Ashley", "Pearline", "Vikki", "Kelley", "Cherish", "Nerissa", "Jo-Ann", "Robenia", "Harli", "Danyelle", "Jenny", "Pavia", "Ailyn", "Kayla", "Celestia", "Marga", "Reiko", "Charissa", "Sally", "Caterina", "Brandea", "Zabrina", "Avivah", "Ceil", "Coletta", "Dinah", "Rena", "Cookie", "Hilliary", "Tiffani", "Brigida", "Sileas", "Adelice", "Bambi", "Gayle", "Jo-Anne", "Emilia", "Crista", "Mersey", "Merrill", "Pat", "Merrielle", "Lavena", "Neely", "Rhodie", "Xenia", "Marys", "Gilemette", "Amity"], "cumulative y": [1, 2, 3, 4, 5, 6, 7, 8, 9, 10, 11, 12, 13, 14, 15, 16, 17, 18, 19, 20, 21, 22, 23, 24, 25, 26, 27, 28, 29, 30, 31, 32, 33, 34, 35, 36, 37, 38, 39, 40, 41, 42, 43, 44, 45, 46, 47, 48, 49, 50, 51, 52, 53, 54, 55, 56, 57, 58, 59, 60, 61, 62, 63, 64, 65, 66, 67, 68, 69, 70, 71, 72, 73, 74, 75, 76, 77, 78, 79, 80, 81, 82, 83, 84, 85, 86, 87, 88], "total events": 88}, "Vulnerabilities Exploited": {"record name": "Vulnerabilities Exploited", "x": [398, 1069, 1294, 1628, 1628, 1628, 1628, 1628, 1628, 1775, 1986, 2143, 2143, 2143, 3810, 3810, 4320, 4720, 5163, 7166, 7166, 7166, 7166, 7166, 7166, 7166, 7166, 7166, 7166, 7166, 7166, 7166, 7166, 7166, 7166, 7166, 7166, 7369, 7369, 7851, 7851, 7947, 8443, 9142, 9142, 9369, 9580, 9820, 10182, 10833, 10942, 11306, 11402, 13643, 14707, 15053, 15859, 19901, 19901, 19901, 19901, 19901, 19901, 19901, 19901, 19901, 19901, 19901, 19901, 19901, 19901, 19901, 20638, 21324, 21977, 22509, 22882, 23236, 24488, 27901, 28920, 30737, 32617, 32617, 34957, 40177, 40177, 45986, 47039, 53530, 59587, 60161, 61846, 68898, 74446, 84545, 98067, 105760, 111054, 112416, 121098, 152080, 152208, 171408, 171408, 171408, 172212, 172590, 180092, 180900, 182118, 184434, 184434, 184434, 188304, 188672, 188672, 190824, 190824, 190824, 190824, 190824, 190824, 190824, 190824, 190824, 190824, 201178, 201331, 201331, 212179, 214351, 242955, 245594], "cumulative exploited vulns": [1, 2, 3, 4, 5, 6, 7, 8, 9, 10, 11, 12, 13, 14, 15, 16, 17, 18, 19, 20, 21, 22, 23, 24, 25, 26, 27, 28, 29, 30, 31, 32, 33, 34, 35, 36, 37, 38, 39, 40, 41, 42, 43, 44, 45, 46, 47, 48, 49, 50, 51, 52, 53, 54, 55, 56, 57, 58, 59, 60, 61, 62, 63, 64, 65, 66, 67, 68, 69, 70, 71, 72, 73, 74, 75, 76, 77, 78, 79, 80, 81, 82, 83, 84, 85, 86, 87, 88, 89, 90, 91, 92, 93, 94, 95, 96, 97, 98, 99, 100, 101, 102, 103, 104, 105, 106, 107, 108, 109, 110, 111, 112, 113, 114, 115, 116, 117, 118, 119, 120, 121, 122, 123, 124, 125, 126, 127, 128, 129, 130, 131, 132, 133, 134],