{"Total Initial Vulnerabilities": 667, "Initial Vulns Per OS": {"freebsd": {"12": 19, "9": 44, "13": 24, "10": 14, "11": 25, "8": 62}, "windows": {"7": 17, "8": 42, "8.1": 12, "10": 10, "vista": 23}, "centos": {"8": 16, "6": 22, "3": 33, "5": 29, "7": 11, "4": 11}, "ubuntu": {"16.04": 35, "14.04": 17, "18.04": 17, "20.04": 30, "12.04": 47, "10.04": 107}}, "Average Initial RoA Per OS": {"freebsd": {"12": 0.12002129746819738, "9": 0.04233025677574811, "13": 0.020431917748647582, "10": 0.04587948321233882, "11": 0.06676396117202628, "8": 0.04727838692799139}, "windows": {"7": 0.12622857513068142, "8": 0.05174692688191969, "8.1": 0.14672773794354343, "10": 0.01134966810489757, "vista": 0.08973995671235423}, "centos": {"8": 0.03229021804353779, "6": 0.028459233923453783, "3": 0.06760489000898963, "5": 0.1182777312103544, "7": 0.041044260926040334, "4": 0.08081669303809515}, "ubuntu": {"16.04": 0.08189745599301618, "14.04": 0.09445278893865192, "18.04": 0.07362587373719398, "20.04": 0.0551888417553661, "12.04": 0.07157360149475497, "10.04": 0.051099261302187726}}, "OS Types In Initial Network": {"freebsd 12": 13, "freebsd 9": 8, "windows 7": 5, "freebsd 13": 18, "windows 8": 15, "centos 8": 14, "ubuntu 16.04": 10, "ubuntu 14.04": 6, "centos 6": 8, "ubuntu 18.04": 10, "freebsd 10": 10, "ubuntu 20.04": 23, "centos 3": 2, "centos 5": 8, "freebsd 11": 12, "freebsd 8": 3, "centos 7": 7, "windows 10": 7, "windows 8.1": 6, "centos 4": 2, "ubuntu 12.04": 5, "ubuntu 10.04": 3, "windows vista": 5}, "Initial Hosts Without Vulnerabilities": 34, "Host Compromises": {"record name": "Host Compromises", "x": [1952, 7532, 8380, 9621, 10014, 10070, 10544, 14569, 21446, 21644, 24350, 26718, 38402, 41355, 43277, 46413, 48182, 51245, 58080, 65542, 71241, 71423, 72149, 75411, 91646, 111858, 112552, 135298, 149959, 158574, 160120, 161452, 166429, 166564, 170246, 171344, 176316, 183303, 187668, 194431, 205837, 209193, 214841, 226125, 226426, 227398, 230349, 230559, 230744, 247424], "y": [18, 20, 25, 33, 36, 70, 71, 133, 73, 60, 64, 67, 34, 44, 92, 96, 72, 176, 74, 3, 16, 108, 103, 112, 106, 104, 111, 0, 29, 48, 114, 105, 98, 163, 88, 192, 107, 101, 170, 174, 77, 190, 113, 161, 157, 160, 118, 117, 119, 19], "cumulative y": [1, 2, 3, 4, 5, 6, 7, 8, 9, 10, 11, 12, 13, 14, 15, 16, 17, 18, 19, 20, 21, 22, 23, 24, 25, 26, 27, 28, 29, 30, 31, 32, 33, 34, 35, 36, 37, 38, 39, 40, 41, 42, 43, 44, 45, 46, 47, 48, 49, 50], "total events": 50, "not exposed x": [10070, 10544, 14569, 21446, 21644, 24350, 26718, 43277, 46413, 48182, 51245, 58080, 71423, 72149, 75411, 91646, 111858, 112552, 160120, 161452, 166429, 166564, 170246, 171344, 176316, 183303, 187668, 194431, 205837, 209193, 214841, 226125, 226426, 227398, 230349, 230559, 230744], "not exposed y": [70, 71, 133, 73, 60, 64, 67, 92, 96, 72, 176, 74, 108, 103, 112, 106, 104, 111, 114, 105, 98, 163, 88, 192, 107, 101, 170, 174, 77, 190, 113, 161, 157, 160, 118, 117, 119], "cumulative not exposed y": [1, 2, 3, 4, 5, 6, 7, 8, 9, 10, 11, 12, 13, 14, 15, 16, 17, 18, 19, 20, 21, 22, 23, 24, 25, 26, 27, 28, 29, 30, 31, 32, 33, 34, 35, 36, 37], "total not exposed events": 37}, "Vuln Compromises": {"record name": "Vuln Compromises", "x": [1952, 7532, 8380, 9621, 10014, 14569, 21446, 21644, 26718, 43277, 48182, 58080, 71241, 71423, 111858, 149959, 158574, 160120, 161452, 166429, 166564, 170246, 176316, 183303, 187668, 194431, 205837, 226426, 230349, 230559, 247424], "y": [18, 20, 25, 33, 36, 133, 73, 60, 67, 92, 72, 74, 16, 108, 104, 29, 48, 114, 105, 98, 163, 88, 107, 101, 170, 174, 77, 157, 118, 117, 19], "cumulative y": [1, 2, 3, 4, 5, 6, 7, 8, 9, 10, 11, 12, 13, 14, 15, 16, 17, 18, 19, 20, 21, 22, 23, 24, 25, 26, 27, 28, 29, 30, 31], "total events": 31, "not exposed x": [14569, 21446, 21644, 26718, 43277, 48182, 58080, 71423, 111858, 160120, 161452, 166429, 166564, 170246, 176316, 183303, 187668, 194431, 205837, 226426, 230349, 230559], "not exposed y": [133, 73, 60, 67, 92, 72, 74, 108, 104, 114, 105, 98, 163, 88, 107, 101, 170, 174, 77, 157, 118, 117], "cumulative not exposed y": [1, 2, 3, 4, 5, 6, 7, 8, 9, 10, 11, 12, 13, 14, 15, 16, 17, 18, 19, 20, 21, 22], "total not exposed events": 22}, "Reuse Password Compromises": {"record name": "Reuse Password Compromises", "x": [10070, 10544, 24350, 38402, 41355, 46413, 51245, 65542, 72149, 75411, 91646, 112552, 135298, 171344, 209193, 214841, 226125, 227398, 230744], "y": [70, 71, 64, 34, 44, 96, 176, 3, 103, 112, 106, 111, 0, 192, 190, 113, 161, 160, 119], "cumulative y": [1, 2, 3, 4, 5, 6, 7, 8, 9, 10, 11, 12, 13, 14, 15, 16, 17, 18, 19], "total events": 19, "not exposed x": [10070, 10544, 24350, 46413, 51245, 72149, 75411, 91646, 112552, 171344, 209193, 214841, 226125, 227398, 230744], "not exposed y": [70, 71, 64, 96, 176, 103, 112, 106, 111, 192, 190, 113, 161, 160, 119], "cumulative not exposed y": [1, 2, 3, 4, 5, 6, 7, 8, 9, 10, 11, 12, 13, 14, 15], "total not exposed events": 15}, "Password Spray Compromises": {"record name": "Password Spray Compromises", "x": [], "y": [], "cumulative y": [], "total events": 0, "not exposed x": [], "not exposed y": [], "cumulative not exposed y": [], "total not exposed events": 0}, "User Account Leaks": {"record name": "User Account Has Been Leaked By Compromise", "x": [1952, 1952, 1952, 1952, 1952, 7532, 7532, 7532, 7532, 8380, 8380, 8380, 8380, 8380, 9621, 9621, 9621, 9621, 10014, 10014, 10014, 10014, 10070, 10070, 10070, 10070, 10544, 10544, 10544, 10544, 14569, 14569, 14569, 14569, 14569, 21446, 21446, 21446, 21644, 21644, 21644, 21644, 21644, 24350, 24350, 24350, 26718, 26718, 26718, 26718, 38402, 41355, 41355, 43277, 43277, 43277, 43277, 43277, 46413, 46413, 48182, 48182, 48182, 48182, 51245, 51245, 58080, 58080, 58080, 65542, 65542, 71241, 71241, 71241, 71241, 71423, 71423, 72149, 72149, 72149, 75411, 75411, 75411, 75411, 91646, 91646, 111858, 111858, 111858, 112552, 135298, 135298, 149959, 149959, 158574, 158574, 158574, 158574, 160120, 160120, 161452, 166429, 166429, 166564, 170246, 170246, 171344, 176316, 176316, 183303, 183303, 183303, 187668, 187668, 187668, 187668, 194431, 205837, 205837, 209193, 209193, 209193, 214841, 226125, 226426, 226426, 227398, 230559, 230559, 230744, 230744, 247424, 247424, 247424, 247424], "y": ["Damara", "Pamelina", "Frederique", "Natala", "Phoebe", "Kathleen", "Ella", "Ursula", "Ernestine", "Lil", "Sascha", "Veronike", "Goldy", "Catlaina", "Maressa", "Tammy", "Deidre", "Clari", "Sydney", "Alexi", "Florentia", "Bibbye", "Jonie", "Elvera", "Fredelia", "Kakalina", "Ingeberg", "Minetta", "Diannne", "Frederica", "Corrianne", "Noel", "Ruth", "Orella", "Bonnibelle", "Carri", "Corilla", "Bennie", "Kai", "Florina", "Hana", "Cesya", "Mona", "Edi", "Judith", "Daphne", "Cassey", "Ardisj", "Hanni", "Marietta", "Yolane", "Sharla", "Phedra", "Esta", "Mirna", "Amalita", "Mommy", "Fred", "Rosmunda", "Andi", "Ginny", "Claudia", "Lind", "Jenna", "Norina", "Gillan", "Estelle", "Pat", "Cordelia", "Minni", "Dotty", "Merrielle", "Gae", "Phyllida", "Elisa", "Beverlee", "Consolata", "Robin", "Charlot", "Gayleen", "Erma", "Maisie", "Terrijo", "Idell", "Lorne", "Gay", "Bab", "Cheryl", "Casey", "Babita", "Cybill", "Roseline", "Rene", "Prisca", "Lula", "Chryste", "Evania", "Raven", "Anthea", "Alvina", "Madalena", "Aaren", "Verla", "Lois", "Latrina", "Candis", "Gwendolin", "Ronalda", "Olympie", "Lorianne", "Anne-Marie", "Billi", "Jody", "Bunni", "Ellynn", "Carol", "Eran", "Annadiane", "Dixie", "Geneva", "Kelly", "Rozella", "Meridel", "Xaviera", "Lenora", "Janette", "Rycca", "Peri", "Lanny", "Harmony", "Dollie", "Patsy", "Bertha", "Alix", "Georgia"],