{"Total Initial Vulnerabilities": 750, "Initial Vulns Per OS": {"freebsd": {"13": 13, "9": 32, "10": 34, "11": 33, "8": 3, "12": 5}, "ubuntu": {"10.04": 127, "18.04": 9, "16.04": 36, "12.04": 37, "20.04": 10, "14.04": 17}, "windows": {"7": 53, "10": 10, "8.1": 24, "8": 15, "vista": 10, "xp": 93}, "centos": {"7": 14, "4": 39, "5": 20, "6": 42, "8": 8, "3": 66}}, "Average Initial RoA Per OS": {"freebsd": {"13": 0.10871258965710974, "9": 0.024661324983861945, "10": 0.03374238171071362, "11": 0.01866836618873601, "8": 0.03578257491263448, "12": 0.007321213552104956}, "ubuntu": {"10.04": 0.054818275749189765, "18.04": 0.051514712695105214, "16.04": 0.04004738203636893, "12.04": 0.029776200626432728, "20.04": 0.04058093665359822, "14.04": 0.02505724324035285}, "windows": {"7": 0.029902249704519705, "10": 0.030355788391293204, "8.1": 0.051706372939782565, "8": 0.05168835283726768, "vista": 0.04576716549686867, "xp": 0.04498423084388899}, "centos": {"7": 0.07805959159292539, "4": 0.047105599553971055, "5": 0.04830514134543105, "6": 0.03235190489293666, "8": 0.01287734431207067, "3": 0.040992899809568155}}, "OS Types In Initial Network": {"windows 10": 15, "freebsd 13": 13, "ubuntu 10.04": 4, "ubuntu 18.04": 7, "freebsd 9": 5, "ubuntu 20.04": 19, "windows 7": 13, "freebsd 10": 11, "freebsd 11": 13, "ubuntu 16.04": 10, "centos 7": 7, "centos 4": 5, "centos 5": 8, "windows 8.1": 13, "centos 6": 15, "ubuntu 12.04": 5, "centos 8": 16, "ubuntu 14.04": 5, "windows 8": 4, "windows vista": 2, "centos 3": 3, "freebsd 8": 1, "freebsd 12": 4, "windows xp": 2}, "Initial Hosts Without Vulnerabilities": 51, "Host Compromises": {"record name": "Host Compromises", "x": [6468, 9952, 10408, 19115, 30207, 31413, 34019, 37958, 41054, 49900, 71258, 76787, 87542, 89041, 93717, 112869, 128915, 133147, 148851, 165419, 165592, 167191, 171737, 176700, 177946, 194896, 202231, 206642, 210454, 218261, 221924, 222089, 226664, 229636, 241657], "y": [36, 2, 4, 108, 29, 34, 43, 100, 107, 12, 106, 185, 14, 62, 67, 86, 173, 124, 11, 126, 58, 81, 102, 130, 66, 99, 97, 179, 177, 134, 153, 154, 0, 59, 10], "cumulative y": [1, 2, 3, 4, 5, 6, 7, 8, 9, 10, 11, 12, 13, 14, 15, 16, 17, 18, 19, 20, 21, 22, 23, 24, 25, 26, 27, 28, 29, 30, 31, 32, 33, 34, 35], "total events": 35, "not exposed x": [19115, 37958, 41054, 71258, 76787, 89041, 93717, 112869, 128915, 133147, 165419, 165592, 167191, 171737, 176700, 177946, 194896, 202231, 206642, 210454, 218261, 221924, 222089, 229636], "not exposed y": [108, 100, 107, 106, 185, 62, 67, 86, 173, 124, 126, 58, 81, 102, 130, 66, 99, 97, 179, 177, 134, 153, 154, 59], "cumulative not exposed y": [1, 2, 3, 4, 5, 6, 7, 8, 9, 10, 11, 12, 13, 14, 15, 16, 17, 18, 19, 20, 21, 22, 23, 24], "total not exposed events": 24}, "Vuln Compromises": {"record name": "Vuln Compromises", "x": [6468, 9952, 10408, 19115, 30207, 34019, 37958, 41054, 71258, 76787, 89041, 93717, 112869, 133147, 148851, 165419, 165592, 171737, 177946, 210454, 218261, 221924, 229636], "y": [36, 2, 4, 108, 29, 43, 100, 107, 106, 185, 62, 67, 86, 124, 11, 126, 58, 102, 66, 177, 134, 153, 59], "cumulative y": [1, 2, 3, 4, 5, 6, 7, 8, 9, 10, 11, 12, 13, 14, 15, 16, 17, 18, 19, 20, 21, 22, 23], "total events": 23, "not exposed x": [19115, 37958, 41054, 71258, 76787, 89041, 93717, 112869, 133147, 165419, 165592, 171737, 177946, 210454, 218261, 221924, 229636], "not exposed y": [108, 100, 107, 106, 185, 62, 67, 86, 124, 126, 58, 102, 66, 177, 134, 153, 59], "cumulative not exposed y": [1, 2, 3, 4, 5, 6, 7, 8, 9, 10, 11, 12, 13, 14, 15, 16, 17], "total not exposed events": 17}, "Reuse Password Compromises": {"record name": "Reuse Password Compromises", "x": [31413, 49900, 87542, 128915, 167191, 176700, 194896, 202231, 206642, 222089, 226664, 241657], "y": [34, 12, 14, 173, 81, 130, 99, 97, 179, 154, 0, 10], "cumulative y": [1, 2, 3, 4, 5, 6, 7, 8, 9, 10, 11, 12], "total events": 12, "not exposed x": [128915, 167191, 176700, 194896, 202231, 206642, 222089], "not exposed y": [173, 81, 130, 99, 97, 179, 154], "cumulative not exposed y": [1, 2, 3, 4, 5, 6, 7], "total not exposed events": 7}, "Password Spray Compromises": {"record name": "Password Spray Compromises", "x": [], "y": [], "cumulative y": [], "total events": 0, "not exposed x": [], "not exposed y": [], "cumulative not exposed y": [], "total not exposed events": 0}, "User Account Leaks": {"record name": "User Account Has Been Leaked By Compromise", "x": [6468, 6468, 6468, 6468, 6468, 9952, 9952, 9952, 9952, 9952, 10408, 10408, 10408, 10408, 10408, 19115, 19115, 19115, 19115, 19115, 30207, 30207, 30207, 30207, 30207, 31413, 31413, 31413, 31413, 34019, 34019, 34019, 34019, 37958, 37958, 37958, 37958, 41054, 41054, 41054, 41054, 41054, 49900, 49900, 49900, 49900, 71258, 71258, 71258, 71258, 71258, 76787, 76787, 76787, 76787, 87542, 89041, 89041, 89041, 93717, 93717, 93717, 112869, 112869, 112869, 128915, 128915, 133147, 133147, 148851, 148851, 148851, 165419, 165592, 165592, 165592, 167191, 167191, 171737, 171737, 176700, 176700, 177946, 177946, 177946, 177946, 177946, 194896, 194896, 194896, 194896, 202231, 202231, 202231, 206642, 206642, 210454, 210454, 210454, 218261, 218261, 218261, 221924, 221924, 221924, 221924, 222089, 222089, 222089, 226664, 229636, 229636, 229636, 241657, 241657, 241657, 241657], "y": ["Sophey", "Aurel", "Oliy", "Gabriell", "Verile", "Betsey", "Charmain", "Petunia", "Tandi", "Binnie", "Karoline", "Laurie", "Zia", "Hephzibah", "Luciana", "Jillana", "Norah", "Ardyth", "Merrili", "Kissiah", "Cordi", "Jeana", "Eleonore", "Sam", "Tony", "Della", "Glad", "Marga", "Perle", "Lotta", "Tine", "Bobby", "Edin", "Jasmin", "Tobi", "Jada", "Cymbre", "Noel", "Kandace", "Rodie", "Barbette", "Dee", "Bernadette", "Georgeanne", "Wilmette", "Dorella", "Alfy", "Miquela", "Marijo", "Therine", "Christan", "Arlee", "Ekaterina", "Shaylynn", "Latashia", "Sandy", "Hyacinth", "Lou", "Clemmy", "Noelyn", "Correy", "Amelia", "Caty", "Claribel", "Bonnee", "Joyce", "Lilia", "Roana", "Allx", "Anastasie", "Leticia", "Ronna", "Veronique", "Kakalina", "Vanni", "Birgitta", "Olimpia", "Albertina", "Hope", "Pammie", "Lana", "Crysta", "Myranda", "Dale", "Fanya", "Karil", "Maurene", "Iormina", "Carola", "Brooke", "Kerrin", "Geri", "Marris", "Dita", "Jessica", "Joanie", "Bianka", "Leisha", "Hertha", "Shelagh", "Eimile", "Lindsy", "Adriaens", "Verine", "Sybyl", "Marina", "Rachelle", "Devondra", "Susette", "Bekki", "Sydel", "Zahara", "Brigida", "Guenevere", "Grissel", "Elisa", "Dorri"], "cumulative y": [1, 2, 3, 4, 5, 6, 7, 8, 9, 10, 11, 12, 13, 14, 15, 16, 17, 18, 19, 20, 21, 22, 23, 24, 25, 26, 27, 28, 29, 30, 31, 32, 33, 34, 35, 36, 37, 38, 39, 40, 41, 42, 43, 44, 45, 46, 47, 48, 49, 50, 51, 52, 53, 54, 55, 56, 57, 58, 59, 60, 61, 62, 63, 64, 65, 66, 67, 68, 69, 70, 71, 72, 73, 74, 75, 76, 77, 78, 79, 80, 81, 82, 83, 84, 85, 86, 87, 88, 89, 90, 91, 92, 93, 94, 95, 96, 97, 98, 99, 100, 101, 102, 103, 104, 105, 106, 107, 108, 109, 110, 111, 112, 113, 114, 115, 116, 117], "total events": 117}, "Vulnerabilities Exploited": {"record name": "Vulnerabilities Exploited",