{"Total Initial Vulnerabilities": 624, "Initial Vulns Per OS": {"windows": {"xp": 57, "8": 7, "8.1": 14, "10": 10, "7": 20, "vista": 14}, "centos": {"5": 26, "7": 27, "4": 10, "8": 4, "6": 17, "3": 84}, "ubuntu": {"20.04": 12, "16.04": 32, "18.04": 8, "14.04": 23, "10.04": 46, "12.04": 1}, "freebsd": {"9": 23, "12": 21, "8": 132, "11": 14, "13": 8, "10": 14}}, "Average Initial RoA Per OS": {"windows": {"xp": 0.04631002464371098, "8": 0.12445158108011699, "8.1": 0.05748933010967942, "10": 0.04963116657429903, "7": 0.05423238889365948, "vista": 0.042670693968785645}, "centos": {"5": 0.04063700819125779, "7": 0.10029272823670209, "4": 0.07157641530328859, "8": 0.085752064543042, "6": 0.062172577141791925, "3": 0.06333056084560826}, "ubuntu": {"20.04": 0.06063728262163685, "16.04": 0.09536836142980734, "18.04": 0.09765926054307736, "14.04": 0.05330916276223668, "10.04": 0.06578127604200129, "12.04": 0.0003276274642506495}, "freebsd": {"9": 0.051080382206434315, "12": 0.09673554809123852, "8": 0.05221094206494189, "11": 0.08120264844577936, "13": 0.07192758708232369, "10": 0.07802620260978618}}, "OS Types In Initial Network": {"windows xp": 3, "centos 5": 8, "centos 8": 19, "windows 8.1": 9, "ubuntu 20.04": 16, "freebsd 13": 19, "centos 7": 15, "freebsd 9": 6, "windows 8": 4, "centos 6": 10, "ubuntu 16.04": 10, "freebsd 12": 15, "windows 10": 17, "freebsd 11": 9, "freebsd 8": 5, "centos 4": 2, "windows 7": 4, "ubuntu 18.04": 8, "ubuntu 14.04": 7, "centos 3": 3, "ubuntu 10.04": 2, "freebsd 10": 5, "ubuntu 12.04": 1, "windows vista": 3}, "Initial Hosts Without Vulnerabilities": 76, "Host Compromises": {"record name": "Host Compromises", "x": [2275, 3259, 4648, 4852, 4922, 11702, 17203, 23256, 28433, 64574, 86858, 87612, 87949, 88121, 91210, 92207, 93729, 95417, 100553, 103933, 114345, 117124, 123415, 124188, 127051, 133485, 135975, 148916, 162602, 163951, 165899, 167023, 176077, 176251, 188799, 196406, 199238, 221083, 221822, 223434, 241250], "y": [7, 17, 25, 27, 28, 0, 23, 48, 16, 108, 170, 120, 77, 74, 197, 124, 122, 70, 190, 73, 11, 18, 24, 102, 130, 37, 42, 75, 109, 168, 118, 62, 158, 113, 157, 159, 161, 4, 5, 9, 45], "cumulative y": [1, 2, 3, 4, 5, 6, 7, 8, 9, 10, 11, 12, 13, 14, 15, 16, 17, 18, 19, 20, 21, 22, 23, 24, 25, 26, 27, 28, 29, 30, 31, 32, 33, 34, 35, 36, 37, 38, 39, 40, 41], "total events": 41, "not exposed x": [64574, 86858, 87612, 87949, 88121, 91210, 92207, 93729, 95417, 100553, 103933, 124188, 127051, 148916, 162602, 163951, 165899, 167023, 176077, 176251, 188799, 196406, 199238], "not exposed y": [108, 170, 120, 77, 74, 197, 124, 122, 70, 190, 73, 102, 130, 75, 109, 168, 118, 62, 158, 113, 157, 159, 161], "cumulative not exposed y": [1, 2, 3, 4, 5, 6, 7, 8, 9, 10, 11, 12, 13, 14, 15, 16, 17, 18, 19, 20, 21, 22, 23], "total not exposed events": 23}, "Vuln Compromises": {"record name": "Vuln Compromises", "x": [2275, 3259, 4648, 4852, 4922, 11702, 17203, 28433, 64574, 86858, 87612, 87949, 88121, 91210, 95417, 100553, 103933, 124188, 148916, 162602, 165899, 176077, 176251, 188799, 196406], "y": [7, 17, 25, 27, 28, 0, 23, 16, 108, 170, 120, 77, 74, 197, 70, 190, 73, 102, 75, 109, 118, 158, 113, 157, 159], "cumulative y": [1, 2, 3, 4, 5, 6, 7, 8, 9, 10, 11, 12, 13, 14, 15, 16, 17, 18, 19, 20, 21, 22, 23, 24, 25], "total events": 25, "not exposed x": [64574, 86858, 87612, 87949, 88121, 91210, 95417, 100553, 103933, 124188, 148916, 162602, 165899, 176077, 176251, 188799, 196406], "not exposed y": [108, 170, 120, 77, 74, 197, 70, 190, 73, 102, 75, 109, 118, 158, 113, 157, 159], "cumulative not exposed y": [1, 2, 3, 4, 5, 6, 7, 8, 9, 10, 11, 12, 13, 14, 15, 16, 17], "total not exposed events": 17}, "Reuse Password Compromises": {"record name": "Reuse Password Compromises", "x": [23256, 92207, 93729, 114345, 117124, 123415, 127051, 133485, 135975, 163951, 167023, 199238, 221083, 223434, 241250], "y": [48, 124, 122, 11, 18, 24, 130, 37, 42, 168, 62, 161, 4, 9, 45], "cumulative y": [1, 2, 3, 4, 5, 6, 7, 8, 9, 10, 11, 12, 13, 14, 15], "total events": 15, "not exposed x": [92207, 93729, 127051, 163951, 167023, 199238], "not exposed y": [124, 122, 130, 168, 62, 161], "cumulative not exposed y": [1, 2, 3, 4, 5, 6], "total not exposed events": 6}, "Password Spray Compromises": {"record name": "Password Spray Compromises", "x": [221822], "y": [5], "cumulative y": [1], "total events": 1, "not exposed x": [], "not exposed y": [], "cumulative not exposed y": [], "total not exposed events": 0}, "User Account Leaks": {"record name": "User Account Has Been Leaked By Compromise", "x": [2275, 2275, 2275, 2275, 2275, 3259, 3259, 3259, 3259, 3259, 4648, 4648, 4648, 4648, 4648, 4852, 4852, 4852, 4852, 4852, 4922, 4922, 4922, 4922, 4922, 11702, 11702, 11702, 17203, 17203, 17203, 17203, 17203, 23256, 23256, 23256, 28433, 28433, 28433, 28433, 64574, 64574, 64574, 86858, 86858, 86858, 86858, 87612, 87612, 87612, 87612, 87612, 87949, 87949, 87949, 87949, 88121, 88121, 88121, 88121, 88121, 91210, 91210, 91210, 91210, 92207, 92207, 92207, 93729, 93729, 93729, 95417, 95417, 95417, 95417, 95417, 100553, 100553, 103933, 114345, 114345, 117124, 123415, 123415, 123415, 124188, 124188, 124188, 127051, 133485, 133485, 135975, 135975, 148916, 162602, 162602, 163951, 163951, 165899, 167023, 167023, 167023, 176077, 176077, 176077, 176251, 188799, 188799, 196406, 196406, 199238, 199238, 199238, 221083, 221083, 223434, 241250, 241250], "y": ["Pietra", "Federica", "Roselin", "Phillis", "Nikkie", "Cristi", "Georgianne", "Paige", "Christyna", "Catherin", "Eadie", "Rosana", "Ladonna", "Rachelle", "Bobbee", "Ronny", "Kerrill", "Ddene", "Emylee", "Renate", "Kass", "Adan", "Karissa", "Corri", "Renee", "Devinne", "Anita", "Heda", "Malissia", "Elbertina", "Consuelo", "Linnea", "Carmelina", "Celinda", "Mariya", "Kendra", "Tallia", "Fredelia", "Helaine", "Rodina", "Liuka", "Nariko", "Nelli", "Violette", "Vikki", "Reina", "Teresita", "Nert", "Elaine", "Patti", "Ernaline", "Gerrie", "Shel", "Beverly", "Arlena", "Tamar", "Nedda", "Phyllys", "Virginie", "Bernetta", "Leshia", "Elana", "Marisa", "Sella", "Becca", "Claudette", "Tammy", "Cleo", "Cassie", "Yolande", "Mil", "Aurea", "Wenonah", "Dareen", "Marian", "Odilia", "Ermentrude", "Nonnah", "Leanor", "Dodie", "Adriaens", "Tamiko", "Henrietta", "Charyl", "Pierrette", "Demetria", "Nelie", "Flossie", "Netty", "Blinny", "Lianna", "Viviana", "Celesta", "Wynny", "Sophie", "Rhona", "Karilynn", "Magdalene", "Dale", "Chrystal", "Nani", "Betsey", "Aline", "Stesha", "Lori", "Meg", "Jerry", "Sybila", "Hyacinthe", "Nanci", "Rivi", "Lisabeth", "Merle", "Cammy", "Paulina", "Anthia", "Halette", "Emera"], "cumulative y": [1, 2, 3, 4, 5, 6, 7, 8, 9, 10, 11, 12, 13, 14, 15, 16, 17, 18, 19, 20, 21, 22, 23, 24, 25, 26, 27, 28, 29, 30, 31, 32, 33, 34, 35, 36, 37, 38, 39, 40, 41, 42, 43, 44, 45, 46, 47, 48, 49, 50, 51, 52, 53, 54, 55, 56, 57, 58, 59, 60, 61, 62, 63, 64, 65, 66, 67, 68, 69, 70, 71, 72, 73, 74, 75, 76, 77, 78, 79, 80, 81, 82, 83, 84, 85, 86, 87, 88, 89, 90, 91, 92, 93, 94, 95, 96, 97, 98, 99, 100, 101, 102, 103, 104, 105, 106, 107, 108, 109, 110, 111, 112, 113, 114, 115, 116, 117, 118], "total events": 118}, "Vulnerabilities Exploited": {"record name": "Vulnerabilities Exploited",