{"Total Initial Vulnerabilities": 726, "Initial Vulns Per OS": {"centos": {"7": 39, "6": 28, "8": 12, "5": 44, "3": 79, "4": 34}, "ubuntu": {"16.04": 53, "18.04": 28, "10.04": 85, "14.04": 21, "12.04": 23, "20.04": 9}, "windows": {"7": 32, "8.1": 30, "vista": 13, "8": 39, "xp": 25, "10": 4}, "freebsd": {"11": 4, "8": 51, "13": 7, "12": 20, "10": 15, "9": 31}}, "Average Initial RoA Per OS": {"centos": {"7": 0.07946810403342552, "6": 0.04163155677225102, "8": 0.12867404401423305, "5": 0.04851041250406516, "3": 0.05848359794186917, "4": 0.029486689959477386}, "ubuntu": {"16.04": 0.052926901405197346, "18.04": 0.07136185829282066, "10.04": 0.048670975766023375, "14.04": 0.07387047299551368, "12.04": 0.03778571633010415, "20.04": 0.09608347591910452}, "windows": {"7": 0.06648609024730985, "8.1": 0.08498762488353837, "vista": 0.02086655646941231, "8": 0.026026499340232892, "xp": 0.04852481156085192, "10": 0.12011543458291156}, "freebsd": {"11": 0.06945658656544285, "8": 0.03624802060509055, "13": 0.13808759170784854, "12": 0.0740444253955138, "10": 0.046675388975688466, "9": 0.033193776476528915}}, "OS Types In Initial Network": {"centos 7": 18, "ubuntu 16.04": 13, "windows 7": 7, "freebsd 11": 3, "centos 6": 8, "ubuntu 18.04": 11, "freebsd 13": 17, "freebsd 12": 13, "ubuntu 10.04": 4, "windows 8.1": 12, "freebsd 8": 3, "centos 8": 15, "windows 8": 13, "ubuntu 20.04": 12, "centos 5": 10, "ubuntu 14.04": 7, "ubuntu 12.04": 3, "centos 3": 4, "windows vista": 2, "windows 10": 11, "windows xp": 2, "centos 4": 5, "freebsd 10": 3, "freebsd 9": 4}, "Initial Hosts Without Vulnerabilities": 50, "Host Compromises": {"record name": "Host Compromises", "x": [633, 2161, 2491, 2564, 6381, 7756, 8823, 12889, 14779, 16030, 21979, 38272, 40036, 43240, 45247, 50802, 55691, 66113, 68843, 68951, 75144, 79369, 83996, 85256, 89548, 100565, 101459, 112196, 125494, 130922, 131069, 131942, 138917, 146104, 148961, 157136, 157309, 167650, 182054, 183012, 198657, 208456, 212009, 239777, 249830], "y": [2, 11, 12, 13, 28, 34, 38, 48, 0, 5, 25, 16, 21, 31, 36, 78, 74, 76, 3, 4, 19, 29, 41, 43, 102, 105, 61, 60, 7, 20, 22, 23, 40, 104, 112, 162, 159, 169, 163, 165, 160, 8, 17, 107, 82], "cumulative y": [1, 2, 3, 4, 5, 6, 7, 8, 9, 10, 11, 12, 13, 14, 15, 16, 17, 18, 19, 20, 21, 22, 23, 24, 25, 26, 27, 28, 29, 30, 31, 32, 33, 34, 35, 36, 37, 38, 39, 40, 41, 42, 43, 44, 45], "total events": 45, "not exposed x": [50802, 55691, 66113, 89548, 100565, 101459, 112196, 146104, 148961, 157136, 157309, 167650, 182054, 183012, 198657, 239777, 249830], "not exposed y": [78, 74, 76, 102, 105, 61, 60, 104, 112, 162, 159, 169, 163, 165, 160, 107, 82], "cumulative not exposed y": [1, 2, 3, 4, 5, 6, 7, 8, 9, 10, 11, 12, 13, 14, 15, 16, 17], "total not exposed events": 17}, "Vuln Compromises": {"record name": "Vuln Compromises", "x": [633, 2161, 2491, 2564, 6381, 7756, 8823, 12889, 14779, 16030, 21979, 38272, 40036, 43240, 45247, 50802, 55691, 66113, 68843, 68951, 75144, 79369, 83996, 89548, 100565, 101459, 112196, 125494, 130922, 131069, 131942, 138917, 146104, 148961, 157136, 157309, 167650, 182054, 183012, 198657, 208456, 212009, 239777, 249830], "y": [2, 11, 12, 13, 28, 34, 38, 48, 0, 5, 25, 16, 21, 31, 36, 78, 74, 76, 3, 4, 19, 29, 41, 102, 105, 61, 60, 7, 20, 22, 23, 40, 104, 112, 162, 159, 169, 163, 165, 160, 8, 17, 107, 82], "cumulative y": [1, 2, 3, 4, 5, 6, 7, 8, 9, 10, 11, 12, 13, 14, 15, 16, 17, 18, 19, 20, 21, 22, 23, 24, 25, 26, 27, 28, 29, 30, 31, 32, 33, 34, 35, 36, 37, 38, 39, 40, 41, 42, 43, 44], "total events": 44, "not exposed x": [50802, 55691, 66113, 89548, 100565, 101459, 112196, 146104, 148961, 157136, 157309, 167650, 182054, 183012, 198657, 239777, 249830], "not exposed y": [78, 74, 76, 102, 105, 61, 60, 104, 112, 162, 159, 169, 163, 165, 160, 107, 82], "cumulative not exposed y": [1, 2, 3, 4, 5, 6, 7, 8, 9, 10, 11, 12, 13, 14, 15, 16, 17], "total not exposed events": 17}, "Reuse Password Compromises": {"record name": "Reuse Password Compromises", "x": [], "y": [], "cumulative y": [], "total events": 0, "not exposed x": [], "not exposed y": [], "cumulative not exposed y": [], "total not exposed events": 0}, "Password Spray Compromises": {"record name": "Password Spray Compromises", "x": [85256], "y": [43], "cumulative y": [1], "total events": 1, "not exposed x": [], "not exposed y": [], "cumulative not exposed y": [], "total not exposed events": 0}, "User Account Leaks": {"record name": "User Account Has Been Leaked By Compromise", "x": [633, 633, 633, 633, 633, 2161, 2161, 2161, 2161, 2491, 2491, 2491, 2491, 2491, 2564, 2564, 2564, 2564, 2564, 6381, 6381, 6381, 6381, 6381, 7756, 7756, 7756, 7756, 7756, 8823, 8823, 8823, 8823, 8823, 12889, 12889, 12889, 12889, 12889, 14779, 14779, 14779, 14779, 14779, 16030, 16030, 16030, 16030, 21979, 21979, 21979, 21979, 21979, 38272, 38272, 38272, 40036, 40036, 40036, 43240, 43240, 43240, 43240, 45247, 45247, 45247, 45247, 50802, 50802, 50802, 50802, 55691, 55691, 55691, 55691, 55691, 66113, 66113, 66113, 66113, 66113, 68843, 68843, 68843, 68951, 68951, 68951, 75144, 75144, 75144, 79369, 79369, 79369, 79369, 79369, 83996, 83996, 83996, 85256, 85256, 89548, 89548, 100565, 100565, 112196, 125494, 125494, 130922, 130922, 131069, 131069, 131069, 131942, 131942, 131942, 138917, 138917, 146104, 146104, 148961, 157136, 157309, 167650, 167650, 167650, 183012, 198657, 212009, 212009, 249830], "y": ["Row", "Pamella", "Hynda", "Nessy", "Caryn", "Sisely", "Jacinta", "Gray", "Layla", "Celestyna", "Astrid", "Nathalia", "Corrianne", "Vikki", "Tandie", "Donny", "Fancy", "Layne", "Darbie", "Lynnet", "Catarina", "Arliene", "Enriqueta", "Marian", "Bidget", "Sheelah", "Jeane", "Manon", "Alana", "Josselyn", "Fredericka", "Philippa", "Lia", "Maryanne", "Emilia", "Lois", "Arleen", "Kirsteni", "Oliy", "Trula", "Lura", "Mariel", "Karolina", "Mame", "Shauna", "Kelcey", "Carmita", "Gwenore", "Andromache", "Morna", "Imojean", "Nikoletta", "Chloris", "Junette", "Adey", "Tallulah", "Joy", "Gwyn", "Sibley", "Rene", "Rica", "Angelle", "Freda", "Ashlie", "Mariette", "Vita", "Madelon", "Sabine", "Millie", "Lissi", "Cordula", "Ophelia", "Leshia", "Revkah", "Emera", "Michelle", "Bertine", "Carmella", "Lauren", "Teddie", "Linea", "Nadiya", "Loralie", "Ernaline", "Allix", "Ana", "Charin", "Kaitlyn", "Emylee", "Cindra", "Wynnie", "Marcy", "Zorah", "Cleopatra", "Fionna", "Tiphani", "Ulrica", "Jorrie", "Erma", "Rorie", "Lindie", "Tallia", "Johnette", "Kaia", "Elizabet", "Rena", "Sarah", "Willa", "Imogene", "Randene", "Barbabra", "Toni", "Sorcha", "Harley", "Nora", "Sibylla", "Arlyne", "Agnes", "Christel", "Cati", "Ellie", "Candi", "Nisse", "Audrie", "Tabbi", "Karoly", "Brittney", "Jodee", "Celene", "Agace"], "cumulative y": [1, 2, 3, 4, 5, 6, 7, 8, 9, 10, 11, 12, 13, 14, 15, 16, 17, 18, 19, 20, 21, 22, 23, 24, 25, 26, 27, 28, 29, 30, 31, 32, 33, 34, 35, 36, 37, 38, 39, 40, 41, 42, 43, 44, 45, 46, 47, 48, 49, 50, 51, 52, 53, 54, 55, 56, 57, 58, 59, 60, 61, 62, 63, 64, 65, 66, 67, 68, 69, 70, 71, 72, 73, 74, 75, 76, 77, 78, 79, 80, 81, 82, 83, 84, 85, 86, 87, 88, 89, 90, 91, 92, 93, 94, 95, 96, 97, 98, 99, 100, 101, 102, 103, 104, 105, 106, 107, 108, 109, 110, 111, 112, 113, 114, 115, 116, 117, 118, 119, 120, 121, 122, 123, 124, 125, 126, 127, 128, 129, 130], "total events": 130}, "Vulnerabilities Exploited": {"record name": "Vulnerabilities Exploited",