{"Total Initial Vulnerabilities": 860, "Initial Vulns Per OS": {"ubuntu": {"18.04": 42, "16.04": 33, "20.04": 16, "14.04": 40, "12.04": 3}, "windows": {"8.1": 24, "8": 29, "xp": 168, "7": 41, "vista": 37, "10": 17}, "centos": {"4": 6, "5": 23, "8": 22, "7": 21, "6": 16, "3": 75}, "freebsd": {"11": 34, "8": 161, "10": 18, "13": 7, "12": 15, "9": 12}}, "Average Initial RoA Per OS": {"ubuntu": {"18.04": 0.04656773792794039, "16.04": 0.03816901061946965, "20.04": 0.051170158399378614, "14.04": 0.05954198994233824, "12.04": 0.011675647524298933}, "windows": {"8.1": 0.04649919634229451, "8": 0.04704255864404911, "xp": 0.05110783938478959, "7": 0.08624550738018551, "vista": 0.09342253376686076, "10": 0.037189591698699044}, "centos": {"4": 0.05381369660872743, "5": 0.0837676736952866, "8": 0.07365890664798962, "7": 0.0449726220582557, "6": 0.03463665287633608, "3": 0.07845144601545556}, "freebsd": {"11": 0.04565837771032898, "8": 0.0543464008818604, "10": 0.05758457558933061, "13": 0.012048065864148904, "12": 0.012291594630945691, "9": 0.07476038397779507}}, "OS Types In Initial Network": {"ubuntu 18.04": 16, "ubuntu 16.04": 6, "ubuntu 20.04": 18, "windows 8.1": 14, "centos 4": 3, "centos 5": 7, "centos 8": 14, "freebsd 13": 13, "freebsd 11": 7, "windows 10": 22, "freebsd 9": 2, "ubuntu 14.04": 12, "freebsd 8": 5, "freebsd 10": 6, "windows 8": 5, "windows xp": 5, "windows 7": 11, "centos 7": 8, "freebsd 12": 8, "windows vista": 6, "centos 6": 8, "ubuntu 12.04": 1, "centos 3": 3}, "Initial Hosts Without Vulnerabilities": 50, "Host Compromises": {"record name": "Host Compromises", "x": [260, 1067, 2035, 2326, 2978, 3016, 3892, 5661, 6096, 7501, 10706, 11099, 12033, 21978, 23099, 24911, 28092, 28196, 30236, 33739, 34337, 37203, 39023, 41553, 42870, 46157, 55326, 71778, 73115, 76681, 89345, 92228, 103757, 118619, 118802, 119370, 123715, 123886, 153465, 153622, 156155, 157983], "y": [0, 3, 9, 12, 16, 17, 74, 78, 135, 141, 138, 124, 123, 153, 142, 152, 21, 22, 26, 33, 34, 40, 44, 49, 121, 119, 122, 116, 134, 1, 29, 36, 120, 148, 146, 145, 149, 150, 38, 39, 43, 47], "cumulative y": [1, 2, 3, 4, 5, 6, 7, 8, 9, 10, 11, 12, 13, 14, 15, 16, 17, 18, 19, 20, 21, 22, 23, 24, 25, 26, 27, 28, 29, 30, 31, 32, 33, 34, 35, 36, 37, 38, 39, 40, 41, 42], "total events": 42, "not exposed x": [3892, 5661, 6096, 7501, 10706, 11099, 12033, 21978, 23099, 24911, 42870, 46157, 55326, 71778, 73115, 103757, 118619, 118802, 119370, 123715, 123886], "not exposed y": [74, 78, 135, 141, 138, 124, 123, 153, 142, 152, 121, 119, 122, 116, 134, 120, 148, 146, 145, 149, 150], "cumulative not exposed y": [1, 2, 3, 4, 5, 6, 7, 8, 9, 10, 11, 12, 13, 14, 15, 16, 17, 18, 19, 20, 21], "total not exposed events": 21}, "Vuln Compromises": {"record name": "Vuln Compromises", "x": [260, 2035, 3892, 7501, 11099, 21978, 23099, 24911, 28092, 28196, 30236, 33739, 37203, 73115, 89345, 92228, 103757, 118619, 118802, 119370, 123715], "y": [0, 9, 74, 141, 124, 153, 142, 152, 21, 22, 26, 33, 40, 134, 29, 36, 120, 148, 146, 145, 149], "cumulative y": [1, 2, 3, 4, 5, 6, 7, 8, 9, 10, 11, 12, 13, 14, 15, 16, 17, 18, 19, 20, 21], "total events": 21, "not exposed x": [3892, 7501, 11099, 21978, 23099, 24911, 73115, 103757, 118619, 118802, 119370, 123715], "not exposed y": [74, 141, 124, 153, 142, 152, 134, 120, 148, 146, 145, 149], "cumulative not exposed y": [1, 2, 3, 4, 5, 6, 7, 8, 9, 10, 11, 12], "total not exposed events": 12}, "Reuse Password Compromises": {"record name": "Reuse Password Compromises", "x": [1067, 2326, 2978, 3016, 5661, 6096, 10706, 12033, 34337, 39023, 41553, 42870, 55326, 76681, 123886, 153465, 153622, 156155, 157983], "y": [3, 12, 16, 17, 78, 135, 138, 123, 34, 44, 49, 121, 122, 1, 150, 38, 39, 43, 47], "cumulative y": [1, 2, 3, 4, 5, 6, 7, 8, 9, 10, 11, 12, 13, 14, 15, 16, 17, 18, 19], "total events": 19, "not exposed x": [5661, 6096, 10706, 12033, 42870, 55326, 123886], "not exposed y": [78, 135, 138, 123, 121, 122, 150], "cumulative not exposed y": [1, 2, 3, 4, 5, 6, 7], "total not exposed events": 7}, "Password Spray Compromises": {"record name": "Password Spray Compromises", "x": [46157, 71778], "y": [119, 116], "cumulative y": [1, 2], "total events": 2, "not exposed x": [46157, 71778], "not exposed y": [119, 116], "cumulative not exposed y": [1, 2], "total not exposed events": 2}, "User Account Leaks": {"record name": "User Account Has Been Leaked By Compromise", "x": [260, 260, 260, 260, 260, 1067, 1067, 1067, 1067, 2035, 2035, 2035, 2035, 2326, 2326, 2326, 2978, 2978, 2978, 3016, 3016, 3016, 3016, 3892, 3892, 3892, 3892, 3892, 5661, 5661, 5661, 5661, 6096, 6096, 6096, 7501, 7501, 7501, 7501, 10706, 10706, 10706, 11099, 11099, 11099, 12033, 12033, 21978, 21978, 21978, 21978, 23099, 23099, 24911, 24911, 24911, 24911, 28092, 28092, 28092, 28092, 28196, 28196, 28196, 30236, 30236, 30236, 30236, 30236, 33739, 33739, 33739, 33739, 34337, 34337, 37203, 37203, 39023, 39023, 39023, 41553, 41553, 41553, 42870, 42870, 46157, 46157, 46157, 55326, 55326, 73115, 73115, 73115, 76681, 76681, 89345, 89345, 89345, 92228, 92228, 92228, 92228, 103757, 103757, 118619, 118619, 118619, 118802, 118802, 119370, 119370, 123715, 123715, 123886, 153465, 153465, 153622, 153622, 156155, 156155, 157983, 157983], "y": ["Legra", "Britney", "Constance", "Celestyna", "Marillin", "Edin", "Leigha", "Kali", "Letitia", "Sherilyn", "Marlo", "Yolande", "Jacqui", "Sheila-Kathryn", "Kalina", "Crystal", "Letty", "Brunhilda", "Jenni", "Kendre", "Tory", "Bennie", "Cristine", "Sherye", "Justinn", "Gracie", "Mabel", "Bab", "Cecilla", "Barbe", "Mellicent", "Bonnibelle", "Rosmunda", "Ianthe", "Arlen", "Glenda", "Amie", "Milena", "Celina", "Dennie", "Karoline", "Jillian", "Coralie", "Loella", "Julianna", "Iolanthe", "Juliet", "Devinne", "Bibby", "Stesha", "Eadith", "Kessiah", "Milzie", "Ekaterina", "Suzy", "Sallee", "Hedda", "Joni", "Helga", "Maritsa", "Annette", "Fanya", "Christye", "Nadiya", "Gusty", "Enrichetta", "Miriam", "Vivian", "Amberly", "Glynda", "Winna", "Zonnya", "Lotte", "Kizzie", "Glennis", "Jemimah", "Karole", "Kissie", "Corie", "Cody", "Randy", "Angele", "Edithe", "Chiquia", "Pamelina", "Alena", "Teodora", "Karlie", "Lucinda", "Friederike", "Daloris", "Trudie", "Tessy", "Jolee", "Demetra", "Joyan", "Melitta", "Shell", "Anselma", "Sandi", "Anthea", "Celisse", "Ginnie", "Rhona", "Salli", "Josy", "Gilbertina", "Mirelle", "Retha", "Midge", "Robina", "Astra", "Essy", "Margit", "Althea", "Eve", "Domeniga", "Riane", "Sharron", "Gabbi", "Nickie", "Kippy"], "cumulative y": [1, 2, 3, 4, 5, 6, 7, 8, 9, 10, 11, 12, 13, 14, 15, 16, 17, 18, 19, 20, 21, 22, 23, 24, 25, 26, 27, 28, 29, 30, 31, 32, 33, 34, 35, 36, 37, 38, 39, 40, 41, 42, 43, 44, 45, 46, 47, 48, 49, 50, 51, 52, 53, 54, 55, 56, 57, 58, 59, 60, 61, 62, 63, 64, 65, 66, 67, 68, 69, 70, 71, 72, 73, 74, 75, 76, 77, 78, 79, 80, 81, 82, 83, 84, 85, 86, 87, 88, 89, 90, 91, 92, 93, 94, 95, 96, 97, 98, 99, 100, 101, 102, 103, 104, 105, 106, 107, 108, 109, 110, 111, 112, 113, 114, 115, 116, 117, 118, 119, 120, 121, 122], "total events": 122}, "Vulnerabilities Exploited": {"record name": "Vulnerabilities Exploited", "x": [260, 260, 260, 260, 887, 887, 887, 887, 990, 1246, 1334, 1588, 2725, 3892, 5855, 7501, 7501, 7501, 7501, 7501, 7680, 11395, 11395, 12476, 12822, 21978, 21978, 21978, 21978, 21978, 21978, 23099, 27093, 27684, 28092, 28092, 28851, 29563, 29563, 30236, 30236, 30236, 30236, 30236, 30527, 31704, 32251, 32251, 35255, 37203, 37443, 38517, 38517, 40519, 50256, 53906, 54759, 55556, 69210, 70629, 71328, 73115, 87220, 88608, 89345, 89345, 89345, 92228, 94294, 97740, 103757, 119370, 119370, 119370, 119370, 119370, 119370, 119370, 122995, 130998, 133841, 147601, 153898, 153898, 167666, 184759],