{"Total Initial Vulnerabilities": 1002, "Initial Vulns Per OS": {"centos": {"8": 18, "5": 30, "7": 13, "6": 24, "3": 131, "4": 23}, "freebsd": {"11": 23, "12": 20, "13": 17, "10": 31, "9": 18, "8": 77}, "windows": {"8.1": 27, "8": 23, "10": 9, "xp": 186, "vista": 27, "7": 24}, "ubuntu": {"18.04": 32, "14.04": 35, "16.04": 30, "12.04": 52, "20.04": 10, "10.04": 122}}, "Average Initial RoA Per OS": {"centos": {"8": 0.07387584779449768, "5": 0.020980327715739995, "7": 0.02929260973202156, "6": 0.02244944199849147, "3": 0.054670281620060025, "4": 0.047827741400468395}, "freebsd": {"11": 0.06719847031100523, "12": 0.06409901265927856, "13": 0.0646550728304266, "10": 0.04780815082169256, "9": 0.13596740182662737, "8": 0.05336272871643464}, "windows": {"8.1": 0.03855076165129144, "8": 0.039987750563513114, "10": 0.042532022812390165, "xp": 0.04923185191907551, "vista": 0.0664327160955174, "7": 0.022339158189056033}, "ubuntu": {"18.04": 0.0537822561491391, "14.04": 0.026450947727541637, "16.04": 0.03241126148929669, "12.04": 0.028120918515830925, "20.04": 0.06810242575512108, "10.04": 0.04142906270866646}}, "OS Types In Initial Network": {"centos 8": 17, "freebsd 11": 7, "windows 8.1": 15, "ubuntu 20.04": 13, "ubuntu 18.04": 14, "ubuntu 14.04": 9, "ubuntu 16.04": 10, "ubuntu 12.04": 8, "freebsd 12": 8, "centos 5": 7, "freebsd 13": 11, "centos 7": 9, "windows 8": 8, "windows 10": 15, "freebsd 10": 7, "windows xp": 5, "centos 6": 9, "windows vista": 3, "freebsd 9": 5, "freebsd 8": 3, "centos 3": 3, "ubuntu 10.04": 5, "centos 4": 4, "windows 7": 5}, "Initial Hosts Without Vulnerabilities": 34, "Host Compromises": {"record name": "Host Compromises", "x": [768, 8692, 10104, 13427, 19164, 20281, 25242, 27108, 28974, 29701, 30856, 35635, 44482, 45507, 51736, 54344, 58307, 62559, 73380, 80736, 81627, 82314, 85124, 97957, 109837, 112944, 124146, 131175, 131301, 135919, 150167, 158721, 170706, 172329, 172487, 179037, 185096], "y": [6, 36, 46, 15, 40, 45, 13, 18, 20, 23, 26, 38, 8, 11, 29, 32, 44, 79, 9, 33, 35, 37, 48, 5, 34, 49, 1, 16, 17, 30, 2, 27, 81, 82, 85, 83, 4], "cumulative y": [1, 2, 3, 4, 5, 6, 7, 8, 9, 10, 11, 12, 13, 14, 15, 16, 17, 18, 19, 20, 21, 22, 23, 24, 25, 26, 27, 28, 29, 30, 31, 32, 33, 34, 35, 36, 37], "total events": 37, "not exposed x": [62559, 170706, 172329, 172487, 179037], "not exposed y": [79, 81, 82, 85, 83], "cumulative not exposed y": [1, 2, 3, 4, 5], "total not exposed events": 5}, "Vuln Compromises": {"record name": "Vuln Compromises", "x": [768, 8692, 10104, 13427, 19164, 20281, 25242, 27108, 28974, 29701, 30856, 35635, 44482, 45507, 51736, 54344, 58307, 62559, 73380, 80736, 81627, 82314, 85124, 97957, 109837, 124146, 131175, 131301, 150167, 158721, 170706, 172329, 179037, 185096], "y": [6, 36, 46, 15, 40, 45, 13, 18, 20, 23, 26, 38, 8, 11, 29, 32, 44, 79, 9, 33, 35, 37, 48, 5, 34, 1, 16, 17, 2, 27, 81, 82, 83, 4], "cumulative y": [1, 2, 3, 4, 5, 6, 7, 8, 9, 10, 11, 12, 13, 14, 15, 16, 17, 18, 19, 20, 21, 22, 23, 24, 25, 26, 27, 28, 29, 30, 31, 32, 33, 34], "total events": 34, "not exposed x": [62559, 170706, 172329, 179037], "not exposed y": [79, 81, 82, 83], "cumulative not exposed y": [1, 2, 3, 4], "total not exposed events": 4}, "Reuse Password Compromises": {"record name": "Reuse Password Compromises", "x": [112944, 135919, 172487], "y": [49, 30, 85], "cumulative y": [1, 2, 3], "total events": 3, "not exposed x": [172487], "not exposed y": [85], "cumulative not exposed y": [1], "total not exposed events": 1}, "Password Spray Compromises": {"record name": "Password Spray Compromises", "x": [], "y": [], "cumulative y": [], "total events": 0, "not exposed x": [], "not exposed y": [], "cumulative not exposed y": [], "total not exposed events": 0}, "User Account Leaks": {"record name": "User Account Has Been Leaked By Compromise", "x": [768, 768, 768, 768, 768, 8692, 8692, 8692, 8692, 10104, 10104, 10104, 10104, 13427, 13427, 13427, 13427, 13427, 19164, 19164, 19164, 19164, 20281, 20281, 20281, 20281, 20281, 25242, 25242, 25242, 25242, 27108, 27108, 27108, 27108, 28974, 28974, 28974, 28974, 28974, 29701, 29701, 29701, 29701, 30856, 30856, 30856, 35635, 35635, 35635, 35635, 35635, 44482, 44482, 44482, 44482, 44482, 45507, 45507, 45507, 45507, 51736, 51736, 51736, 51736, 54344, 54344, 54344, 54344, 58307, 58307, 58307, 62559, 62559, 62559, 62559, 73380, 73380, 73380, 73380, 80736, 80736, 81627, 82314, 82314, 85124, 97957, 97957, 97957, 97957, 109837, 109837, 109837, 109837, 112944, 124146, 124146, 124146, 131175, 131301, 131301, 135919, 150167, 150167, 150167, 158721, 158721, 170706, 172329, 172329, 172487, 172487, 179037, 179037, 185096, 185096, 185096], "y": ["Elset", "Hatty", "Kathie", "Cassandry", "Ardelle", "Ronny", "Ediva", "Sallyann", "Lynea", "Mable", "Minetta", "Lilian", "Eugenie", "Erena", "Lydie", "Margeaux", "Julianna", "Katleen", "Lauraine", "Julienne", "Izabel", "Bunnie", "Evangelina", "Ethelind", "Malvina", "Marcile", "Idaline", "Phillis", "Matty", "Glenda", "Helsa", "Caprice", "Nisse", "Mina", "Genia", "Melania", "Lacie", "Carolan", "Chlo", "Keeley", "Candice", "Gratiana", "Robin", "Bernardina", "Mabelle", "Perrine", "Lacee", "Catina", "Anica", "Darbie", "Leigh", "Katuscha", "Magda", "Tallie", "Christi", "Dinah", "Cristie", "Anallese", "Kali", "Dorelle", "Charlene", "Nat", "Leland", "Corina", "Cortney", "Glenine", "Toinette", "Chanda", "Leesa", "Petra", "Fanni", "Cosetta", "Rhonda", "Auria", "Dianemarie", "Rae", "Irene", "Pierette", "Pavia", "Liuka", "Doloritas", "Jacinthe", "Ermentrude", "Ferne", "Lita", "Connie", "Carly", "Viki", "Xylina", "Corinna", "Caitlin", "Debbi", "Willow", "Aaren", "Meghann", "Malena", "Trina", "Elke", "Amalle", "Gilemette", "Krystalle", "Briana", "Garland", "Evvy", "Leoine", "Erinn", "Allyson", "Holli", "Margo", "Andie", "Tallou", "Simonne", "Franciska", "Isobel", "Flore", "Fawn", "Daile"], "cumulative y": [1, 2, 3, 4, 5, 6, 7, 8, 9, 10, 11, 12, 13, 14, 15, 16, 17, 18, 19, 20, 21, 22, 23, 24, 25, 26, 27, 28, 29, 30, 31, 32, 33, 34, 35, 36, 37, 38, 39, 40, 41, 42, 43, 44, 45, 46, 47, 48, 49, 50, 51, 52, 53, 54, 55, 56, 57, 58, 59, 60, 61, 62, 63, 64, 65, 66, 67, 68, 69, 70, 71, 72, 73, 74, 75, 76, 77, 78, 79, 80, 81, 82, 83, 84, 85, 86, 87, 88, 89, 90, 91, 92, 93, 94, 95, 96, 97, 98, 99, 100, 101, 102, 103, 104, 105, 106, 107, 108, 109, 110, 111, 112, 113, 114, 115, 116, 117], "total events": 117}, "Vulnerabilities Exploited": {"record name": "Vulnerabilities Exploited", "x": [118, 368, 368, 768, 913, 913, 913, 1385, 1385, 1385, 1485, 1581, 1873, 1873, 2313, 2313, 2411, 2411, 2645, 2645, 2645, 2645, 2738, 2876, 2876, 3239, 3553, 3553, 3972, 3972, 3972, 5694, 5694, 5694, 5694, 5694, 5694, 5694, 5694, 5694, 5694, 7176, 8692, 8692, 8692, 8692, 8692, 8692, 8692, 8692, 8692, 8692, 8692, 8692, 8692, 8769, 8769, 8943, 9245, 9245, 9245, 9535, 9759, 9759, 9953, 10104, 10104, 10104, 10495, 10639, 11359, 11953, 11953, 11953, 12184, 12529, 13427, 13642, 14285, 14752, 15216, 16230, 16230, 16868, 19164, 20067, 20413, 20413, 24214, 24214, 24214, 24852, 26891, 28974, 29091, 29091, 30856, 32566, 32566, 32566, 35726, 39968, 41598, 44482, 44608, 44991, 45507, 51736, 51736, 51736, 51736, 51736, 51736, 55515, 56450, 58307, 63885, 69375, 80736, 80853, 81627, 81627, 81627, 84572, 95681, 95681, 113143, 131175, 147504, 147504, 148845, 170706, 203053], "cumulative exploited vulns": [1, 2, 3, 4, 5, 6, 7, 8, 9, 10, 11, 12, 13, 14, 15, 16, 17, 18, 19, 20, 21, 22, 23, 24, 25, 26, 27, 28, 29, 30, 31, 32, 33, 34, 35, 36, 37, 38, 39, 40, 41, 42, 43, 44, 45, 46, 47, 48, 49, 50, 51, 52, 53, 54, 55, 56, 57, 58, 59, 60, 61, 62, 63, 64, 65, 66, 67, 68, 69, 70, 71, 72, 73, 74, 75, 76, 77, 78, 79, 80, 81, 82, 83, 84, 85, 86, 87, 88, 89, 90, 91, 92, 93, 94, 95, 96, 97, 98, 99, 100, 101, 102, 103, 104, 105, 106, 107, 108, 109, 110, 111, 112, 113, 114, 115, 116, 117, 118, 119, 120, 121, 122, 123, 124, 125, 126, 127, 128, 129, 130, 131, 132, 133],