{"Total Initial Vulnerabilities": 664, "Initial Vulns Per OS": {"freebsd": {"12": 26, "13": 29, "9": 41, "10": 7, "8": 84, "11": 26}, "windows": {"8.1": 22, "7": 8, "8": 35, "10": 23, "vista": 17, "xp": 25}, "centos": {"7": 36, "6": 20, "8": 28, "5": 24, "4": 6, "3": 62}, "ubuntu": {"20.04": 7, "18.04": 27, "16.04": 36, "14.04": 15, "12.04": 31, "10.04": 29}}, "Average Initial RoA Per OS": {"freebsd": {"12": 0.057492649022006084, "13": 0.0844197282392195, "9": 0.05139143123862465, "10": 0.04096240628167067, "8": 0.04519683387155155, "11": 0.03950802098052038}, "windows": {"8.1": 0.07018782001327598, "7": 0.025954790439068957, "8": 0.03280181142802716, "10": 0.05479540064539871, "vista": 0.07027997957932364, "xp": 0.07229809605474095}, "centos": {"7": 0.054736003078646976, "6": 0.0311386490955948, "8": 0.08841809380181255, "5": 0.04714676425558267, "4": 0.05880750585860847, "3": 0.05048924643043023}, "ubuntu": {"20.04": 0.048220458788540754, "18.04": 0.07679417181651321, "16.04": 0.04608701890748775, "14.04": 0.04999747266155481, "12.04": 0.05162474972132558, "10.04": 0.03094686183740891}}, "OS Types In Initial Network": {"freebsd 11": 12, "freebsd 12": 14, "windows 8.1": 9, "centos 7": 14, "windows 7": 5, "freebsd 13": 18, "ubuntu 20.04": 11, "freebsd 9": 8, "centos 6": 10, "freebsd 10": 2, "freebsd 8": 4, "ubuntu 18.04": 15, "ubuntu 12.04": 6, "centos 8": 12, "windows 8": 15, "ubuntu 16.04": 8, "ubuntu 14.04": 5, "windows 10": 15, "windows vista": 3, "centos 5": 7, "windows xp": 1, "centos 4": 2, "centos 3": 3, "ubuntu 10.04": 1}, "Initial Hosts Without Vulnerabilities": 31, "Host Compromises": {"record name": "Host Compromises", "x": [1347, 2498, 2671, 2709, 4353, 4960, 6533, 6588, 13503, 14083, 14154, 16812, 18829, 20585, 21382, 24194, 27511, 28566, 31538, 32138, 41184, 43396, 46123, 46728, 52852, 52982, 58150, 58291, 62992, 66291, 79761, 83434, 84318, 89928, 101425, 104284, 107986, 113030, 117970, 118116, 118277, 118438, 118605, 124476, 133193, 135034, 138746, 138927, 142106, 148917, 160620, 168310, 190962, 194553, 201355, 204430, 211394, 211580, 221770, 221952, 226301, 239672, 241848, 248034], "y": [12, 13, 14, 50, 20, 24, 27, 28, 42, 45, 46, 0, 5, 8, 11, 23, 33, 36, 40, 43, 52, 6, 17, 19, 31, 108, 34, 35, 49, 85, 179, 109, 65, 60, 3, 15, 21, 29, 41, 58, 53, 138, 51, 88, 137, 54, 131, 133, 130, 106, 90, 68, 168, 170, 182, 127, 89, 166, 123, 122, 124, 4, 9, 26], "cumulative y": [1, 2, 3, 4, 5, 6, 7, 8, 9, 10, 11, 12, 13, 14, 15, 16, 17, 18, 19, 20, 21, 22, 23, 24, 25, 26, 27, 28, 29, 30, 31, 32, 33, 34, 35, 36, 37, 38, 39, 40, 41, 42, 43, 44, 45, 46, 47, 48, 49, 50, 51, 52, 53, 54, 55, 56, 57, 58, 59, 60, 61, 62, 63, 64], "total events": 64, "not exposed x": [2709, 41184, 52982, 66291, 79761, 83434, 84318, 89928, 118116, 118277, 118438, 118605, 124476, 133193, 135034, 138746, 138927, 142106, 148917, 160620, 168310, 190962, 194553, 201355, 204430, 211394, 211580, 221770, 221952, 226301], "not exposed y": [50, 52, 108, 85, 179, 109, 65, 60, 58, 53, 138, 51, 88, 137, 54, 131, 133, 130, 106, 90, 68, 168, 170, 182, 127, 89, 166, 123, 122, 124], "cumulative not exposed y": [1, 2, 3, 4, 5, 6, 7, 8, 9, 10, 11, 12, 13, 14, 15, 16, 17, 18, 19, 20, 21, 22, 23, 24, 25, 26, 27, 28, 29, 30], "total not exposed events": 30}, "Vuln Compromises": {"record name": "Vuln Compromises", "x": [1347, 2498, 2671, 6533, 6588, 18829, 24194, 31538, 32138, 46123, 58150, 66291, 83434, 89928, 107986, 113030, 117970, 118605, 124476, 133193, 142106, 148917, 168310, 204430, 211394, 211580, 221770, 239672], "y": [12, 13, 14, 27, 28, 5, 23, 40, 43, 17, 34, 85, 109, 60, 21, 29, 41, 51, 88, 137, 130, 106, 68, 127, 89, 166, 123, 4], "cumulative y": [1, 2, 3, 4, 5, 6, 7, 8, 9, 10, 11, 12, 13, 14, 15, 16, 17, 18, 19, 20, 21, 22, 23, 24, 25, 26, 27, 28], "total events": 28, "not exposed x": [66291, 83434, 89928, 118605, 124476, 133193, 142106, 148917, 168310, 204430, 211394, 211580, 221770], "not exposed y": [85, 109, 60, 51, 88, 137, 130, 106, 68, 127, 89, 166, 123], "cumulative not exposed y": [1, 2, 3, 4, 5, 6, 7, 8, 9, 10, 11, 12, 13], "total not exposed events": 13}, "Reuse Password Compromises": {"record name": "Reuse Password Compromises", "x": [2709, 4353, 4960, 13503, 14083, 14154, 16812, 20585, 21382, 27511, 28566, 41184, 43396, 46728, 52852, 52982, 58291, 62992, 79761, 84318, 101425, 104284, 118116, 118277, 118438, 135034, 138746, 138927, 190962, 194553, 201355, 221952, 226301, 241848, 248034], "y": [50, 20, 24, 42, 45, 46, 0, 8, 11, 33, 36, 52, 6, 19, 31, 108, 35, 49, 179, 65, 3, 15, 58, 53, 138, 54, 131, 133, 168, 170, 182, 122, 124, 9, 26], "cumulative y": [1, 2, 3, 4, 5, 6, 7, 8, 9, 10, 11, 12, 13, 14, 15, 16, 17, 18, 19, 20, 21, 22, 23, 24, 25, 26, 27, 28, 29, 30, 31, 32, 33, 34, 35], "total events": 35, "not exposed x": [2709, 41184, 52982, 79761, 84318, 118116, 118277, 118438, 135034, 138746, 138927, 190962, 194553, 201355, 221952, 226301], "not exposed y": [50, 52, 108, 179, 65, 58, 53, 138, 54, 131, 133, 168, 170, 182, 122, 124], "cumulative not exposed y": [1, 2, 3, 4, 5, 6, 7, 8, 9, 10, 11, 12, 13, 14, 15, 16], "total not exposed events": 16}, "Password Spray Compromises": {"record name": "Password Spray Compromises", "x": [160620], "y": [90], "cumulative y": [1], "total events": 1, "not exposed x": [160620], "not exposed y": [90], "cumulative not exposed y": [1], "total not exposed events": 1}, "User Account Leaks": {"record name": "User Account Has Been Leaked By Compromise", "x": [1347, 1347, 1347, 1347, 1347, 2498, 2498, 2498, 2498, 2498, 2671, 2671, 2671, 2671, 2671, 2709, 2709, 2709, 2709, 4353, 4353, 4353, 4960, 4960, 4960, 4960, 6533, 6533, 6533, 6533, 6588, 6588, 6588, 6588, 13503, 13503, 13503, 13503, 14083, 14083, 14154, 14154, 14154, 16812, 16812, 16812, 18829, 18829, 20585, 20585, 21382, 21382, 21382, 24194, 24194, 24194, 24194, 27511, 27511, 27511, 27511, 28566, 28566, 28566, 31538, 31538, 31538, 31538, 31538, 32138, 32138, 32138, 41184, 41184, 41184, 43396, 43396, 43396, 46123, 46123, 46123, 46728, 46728, 52852, 52852, 52852, 52982, 52982, 52982, 58150, 58150, 58291, 58291, 58291, 62992, 66291, 66291, 66291, 79761, 79761, 79761, 83434, 83434, 83434, 84318, 84318, 84318, 101425, 104284, 104284, 104284, 104284, 107986, 107986, 107986, 113030, 113030, 117970, 117970, 117970, 117970, 118116, 118116, 118277, 118438, 124476, 124476, 124476, 133193, 133193, 135034, 135034, 142106, 142106, 148917, 160620, 201355, 201355, 204430, 204430, 211394, 211580, 211580, 221770, 221952, 226301, 239672, 239672, 241848, 248034],