{"Total Initial Vulnerabilities": 570, "Initial Vulns Per OS": {"centos": {"8": 15, "3": 72, "5": 56, "6": 14, "7": 17, "4": 21}, "ubuntu": {"20.04": 4, "12.04": 28, "14.04": 42, "16.04": 28, "18.04": 20, "10.04": 12}, "freebsd": {"12": 26, "13": 14, "11": 31, "10": 29, "9": 6}, "windows": {"10": 11, "vista": 25, "8": 31, "7": 19, "8.1": 16, "xp": 33}}, "Average Initial RoA Per OS": {"centos": {"8": 0.02333381709902595, "3": 0.04480744586006127, "5": 0.050994693313800674, "6": 0.03263270583692024, "7": 0.02539131047760795, "4": 0.05847075664186236}, "ubuntu": {"20.04": 0.02361338078259242, "12.04": 0.05653581433583809, "14.04": 0.0557626672404383, "16.04": 0.05519071744986685, "18.04": 0.09850859101306246, "10.04": 0.08052233229728532}, "freebsd": {"12": 0.020551614522993568, "13": 0.013822308057414575, "11": 0.050949364910052204, "10": 0.056608829623068825, "9": 0.04445028080736508}, "windows": {"10": 0.021445046032447065, "vista": 0.06239139710909012, "8": 0.033699793625716165, "7": 0.0894749607479538, "8.1": 0.05337722618260724, "xp": 0.04910786358188275}}, "OS Types In Initial Network": {"centos 8": 14, "ubuntu 20.04": 15, "ubuntu 12.04": 4, "centos 5": 13, "centos 3": 3, "centos 6": 5, "freebsd 12": 18, "freebsd 13": 13, "ubuntu 14.04": 12, "windows 10": 16, "freebsd 11": 10, "freebsd 10": 6, "windows vista": 6, "ubuntu 16.04": 12, "windows 8": 11, "ubuntu 18.04": 9, "centos 7": 9, "windows 7": 4, "windows 8.1": 10, "freebsd 9": 3, "ubuntu 10.04": 2, "centos 4": 4, "windows xp": 1}, "Initial Hosts Without Vulnerabilities": 45, "Host Compromises": {"record name": "Host Compromises", "x": [1347, 8724, 11603, 12983, 24252, 30840, 30946, 33291, 37513, 38177, 42351, 43085, 43229, 44705, 50435, 51122, 54896, 76958, 91227, 101543, 105071, 117002, 129192, 130995, 147880, 149118, 167089, 195777], "y": [6, 36, 4, 13, 14, 32, 33, 44, 7, 9, 22, 25, 26, 31, 106, 170, 3, 2, 41, 10, 17, 48, 23, 29, 19, 20, 12, 38], "cumulative y": [1, 2, 3, 4, 5, 6, 7, 8, 9, 10, 11, 12, 13, 14, 15, 16, 17, 18, 19, 20, 21, 22, 23, 24, 25, 26, 27, 28], "total events": 28, "not exposed x": [50435, 51122], "not exposed y": [106, 170], "cumulative not exposed y": [1, 2], "total not exposed events": 2}, "Vuln Compromises": {"record name": "Vuln Compromises", "x": [1347, 8724, 11603, 12983, 24252, 30840, 30946, 33291, 37513, 42351, 43229, 44705, 51122, 54896, 76958, 91227, 101543, 129192, 147880, 149118, 167089, 195777], "y": [6, 36, 4, 13, 14, 32, 33, 44, 7, 22, 26, 31, 170, 3, 2, 41, 10, 23, 19, 20, 12, 38], "cumulative y": [1, 2, 3, 4, 5, 6, 7, 8, 9, 10, 11, 12, 13, 14, 15, 16, 17, 18, 19, 20, 21, 22], "total events": 22, "not exposed x": [51122], "not exposed y": [170], "cumulative not exposed y": [1], "total not exposed events": 1}, "Reuse Password Compromises": {"record name": "Reuse Password Compromises", "x": [38177, 43085, 50435, 117002, 130995], "y": [9, 25, 106, 48, 29], "cumulative y": [1, 2, 3, 4, 5], "total events": 5, "not exposed x": [50435], "not exposed y": [106], "cumulative not exposed y": [1], "total not exposed events": 1}, "Password Spray Compromises": {"record name": "Password Spray Compromises", "x": [105071], "y": [17], "cumulative y": [1], "total events": 1, "not exposed x": [], "not exposed y": [], "cumulative not exposed y": [], "total not exposed events": 0}, "User Account Leaks": {"record name": "User Account Has Been Leaked By Compromise", "x": [1347, 1347, 1347, 1347, 1347, 8724, 8724, 8724, 8724, 8724, 11603, 11603, 11603, 11603, 11603, 12983, 12983, 12983, 12983, 24252, 24252, 24252, 24252, 24252, 30840, 30840, 30946, 30946, 30946, 30946, 30946, 33291, 33291, 33291, 33291, 37513, 37513, 37513, 37513, 38177, 42351, 42351, 43085, 43229, 43229, 43229, 43229, 43229, 44705, 44705, 44705, 44705, 50435, 50435, 50435, 50435, 51122, 51122, 51122, 51122, 54896, 54896, 54896, 54896, 76958, 76958, 76958, 76958, 91227, 91227, 101543, 101543, 101543, 105071, 105071, 105071, 117002, 117002, 129192, 129192, 129192, 129192, 130995, 147880, 147880, 149118, 149118, 149118, 167089, 167089, 167089, 195777, 195777], "y": ["Constance", "Dorelle", "Cybil", "Myrah", "Marlena", "Kerianne", "Arlette", "Steffie", "Crin", "Ibbie", "Chrystal", "Olia", "Ashlan", "Glory", "Henrieta", "Adriena", "Roana", "Morgen", "Kasey", "Aime", "Star", "Aarika", "Danell", "Lenna", "Shanon", "Corie", "Salome", "Arlyne", "Tanitansy", "Ki", "Daryl", "Tyne", "Leta", "Masha", "Dotti", "Frannie", "Jacinthe", "Allis", "Francene", "Bobby", "Leodora", "Pauletta", "Clarice", "Janet", "Grissel", "Tove", "Gene", "Ronna", "Katya", "Ami", "Sadie", "Nikolia", "Jeanette", "Livvie", "Arlee", "Fiona", "Kaitlyn", "Grayce", "Francine", "Kizzie", "Gussi", "Harriet", "Andrei", "Susi", "Denni", "Steffi", "Delores", "Jojo", "Berri", "Elka", "Vitia", "Milka", "Myrtice", "Shae", "Irene", "Novelia", "Marge", "Candy", "Kora", "Lulita", "Phylis", "Georgena", "Karissa", "Agnella", "Bobbee", "Jeanne", "Vikki", "Kaitlin", "Eimile", "Muriel", "Chelsie", "Madelyn", "Leshia"], "cumulative y": [1, 2, 3, 4, 5, 6, 7, 8, 9, 10, 11, 12, 13, 14, 15, 16, 17, 18, 19, 20, 21, 22, 23, 24, 25, 26, 27, 28, 29, 30, 31, 32, 33, 34, 35, 36, 37, 38, 39, 40, 41, 42, 43, 44, 45, 46, 47, 48, 49, 50, 51, 52, 53, 54, 55, 56, 57, 58, 59, 60, 61, 62, 63, 64, 65, 66, 67, 68, 69, 70, 71, 72, 73, 74, 75, 76, 77, 78, 79, 80, 81, 82, 83, 84, 85, 86, 87, 88, 89, 90, 91, 92, 93], "total events": 93}, "Vulnerabilities Exploited": {"record name": "Vulnerabilities Exploited", "x": [554, 1133, 1133, 1347, 1716, 1716, 2164, 2422, 2588, 2588, 2877, 3328, 3328, 3458, 3783, 3783, 4377, 6927, 7295, 7383, 7938, 8724, 10366, 10366, 10366, 11232, 11232, 11603, 12434, 12759, 12983, 12983, 14019, 14019, 14019, 14019, 14019, 14177, 14661, 17109, 17672, 17672, 17672, 17672, 19770, 19770, 21772, 22256, 22832, 26207, 26501, 26501, 27062, 27988, 27988, 28258, 30840, 30946, 30946, 32622, 32622, 32622, 33089, 36470, 37241, 37906, 41438, 41438, 43229, 44705, 44705, 47046, 51122, 51122, 51122, 51122, 52888, 52888, 54896, 59020, 59020, 59020, 59020, 65374, 66816, 66816, 66816, 66816, 66816, 66816, 66816, 66816, 75701, 76958, 78961, 82607, 82607, 82607, 83941, 86246, 101543, 105828, 105828, 105828, 105828, 105828, 126575, 126575, 130460, 147880, 147880, 149887, 198345, 238698, 238698], "cumulative exploited vulns": [1, 2, 3, 4, 5, 6, 7, 8, 9, 10, 11, 12, 13, 14, 15, 16, 17, 18, 19, 20, 21, 22, 23, 24, 25, 26, 27, 28, 29, 30, 31, 32, 33, 34, 35, 36, 37, 38, 39, 40, 41, 42, 43, 44, 45, 46, 47, 48, 49, 50, 51, 52, 53, 54, 55, 56, 57, 58, 59, 60, 61, 62, 63, 64, 65, 66, 67, 68, 69, 70, 71, 72, 73, 74, 75, 76, 77, 78, 79, 80, 81, 82, 83, 84, 85, 86, 87, 88, 89, 90, 91, 92, 93, 94, 95, 96, 97, 98, 99, 100, 101, 102, 103, 104, 105, 106, 107, 108, 109, 110, 111, 112, 113, 114, 115],