{"Total Initial Vulnerabilities": 663, "Initial Vulns Per OS": {"freebsd": {"9": 17, "11": 13, "10": 41, "13": 13, "12": 12, "8": 57}, "ubuntu": {"20.04": 20, "12.04": 30, "16.04": 18, "14.04": 35, "10.04": 34, "18.04": 11}, "windows": {"7": 32, "8.1": 44, "8": 25, "xp": 64, "10": 12, "vista": 22}, "centos": {"6": 19, "8": 8, "7": 36, "5": 30, "3": 46, "4": 24}}, "Average Initial RoA Per OS": {"freebsd": {"9": 0.03780412859982878, "11": 0.07931192815881466, "10": 0.03127724562583502, "13": 0.12825039686707684, "12": 0.17788227302573387, "8": 0.06506987106751361}, "ubuntu": {"20.04": 0.07392354396415816, "12.04": 0.04465635434482993, "16.04": 0.1073609802906693, "14.04": 0.03789079225113203, "10.04": 0.04769456097792172, "18.04": 0.08146785414871721}, "windows": {"7": 0.03863868736210678, "8.1": 0.05038564214398684, "8": 0.07086076809641151, "xp": 0.04997066697601898, "10": 0.06099160136231491, "vista": 0.04282307241363484}, "centos": {"6": 0.16757022293360146, "8": 0.02941393132915619, "7": 0.02663684524132598, "5": 0.027734460038227108, "3": 0.030886645744495508, "4": 0.03431777981354407}}, "OS Types In Initial Network": {"freebsd 9": 4, "centos 5": 6, "freebsd 11": 10, "windows 10": 12, "ubuntu 20.04": 16, "windows 7": 7, "freebsd 10": 6, "freebsd 13": 16, "ubuntu 12.04": 5, "windows 8.1": 13, "centos 6": 13, "centos 8": 12, "centos 7": 17, "ubuntu 16.04": 11, "centos 4": 5, "ubuntu 14.04": 7, "windows 8": 15, "freebsd 12": 8, "ubuntu 10.04": 1, "windows xp": 4, "ubuntu 18.04": 6, "centos 3": 2, "freebsd 8": 2, "windows vista": 2}, "Initial Hosts Without Vulnerabilities": 52, "Host Compromises": {"record name": "Host Compromises", "x": [1621, 3519, 4074, 4436, 9338, 9594, 9677, 12956, 20798, 24623, 31494, 33609, 35429, 44964, 45258, 49347, 50021, 51099, 53929, 55631, 61474, 61944, 69919, 72079, 89650, 94182, 99608, 103781, 104482, 112301, 114363, 117609, 121586, 124360, 125830, 141331, 155085, 157463, 161331, 172134, 185183, 192936, 198259, 203261, 203445, 205201, 210617, 210792, 211804, 211987, 227490, 227654, 235697, 238612, 238866, 244746], "y": [12, 21, 25, 27, 45, 47, 48, 11, 36, 49, 14, 22, 30, 105, 101, 100, 107, 1, 6, 8, 28, 61, 35, 39, 7, 18, 31, 41, 43, 103, 0, 5, 17, 26, 33, 2, 37, 44, 58, 108, 34, 66, 86, 88, 142, 141, 89, 112, 191, 192, 29, 32, 122, 113, 116, 85], "cumulative y": [1, 2, 3, 4, 5, 6, 7, 8, 9, 10, 11, 12, 13, 14, 15, 16, 17, 18, 19, 20, 21, 22, 23, 24, 25, 26, 27, 28, 29, 30, 31, 32, 33, 34, 35, 36, 37, 38, 39, 40, 41, 42, 43, 44, 45, 46, 47, 48, 49, 50, 51, 52, 53, 54, 55, 56], "total events": 56, "not exposed x": [44964, 45258, 49347, 50021, 61944, 112301, 161331, 172134, 192936, 198259, 203261, 203445, 205201, 210617, 210792, 211804, 211987, 235697, 238612, 238866, 244746], "not exposed y": [105, 101, 100, 107, 61, 103, 58, 108, 66, 86, 88, 142, 141, 89, 112, 191, 192, 122, 113, 116, 85], "cumulative not exposed y": [1, 2, 3, 4, 5, 6, 7, 8, 9, 10, 11, 12, 13, 14, 15, 16, 17, 18, 19, 20, 21], "total not exposed events": 21}, "Vuln Compromises": {"record name": "Vuln Compromises", "x": [1621, 3519, 4074, 4436, 9338, 9677, 12956, 24623, 31494, 45258, 51099, 53929, 55631, 61474, 61944, 69919, 72079, 103781, 124360, 141331, 172134, 210617, 211804, 238866], "y": [12, 21, 25, 27, 45, 48, 11, 49, 14, 101, 1, 6, 8, 28, 61, 35, 39, 41, 26, 2, 108, 89, 191, 116], "cumulative y": [1, 2, 3, 4, 5, 6, 7, 8, 9, 10, 11, 12, 13, 14, 15, 16, 17, 18, 19, 20, 21, 22, 23, 24], "total events": 24, "not exposed x": [45258, 61944, 172134, 210617, 211804, 238866], "not exposed y": [101, 61, 108, 89, 191, 116], "cumulative not exposed y": [1, 2, 3, 4, 5, 6], "total not exposed events": 6}, "Reuse Password Compromises": {"record name": "Reuse Password Compromises", "x": [9594, 20798, 33609, 35429, 44964, 49347, 50021, 89650, 94182, 99608, 104482, 112301, 114363, 117609, 121586, 125830, 155085, 157463, 161331, 185183, 192936, 198259, 203261, 203445, 205201, 210792, 211987, 227490, 227654, 235697, 238612, 244746], "y": [47, 36, 22, 30, 105, 100, 107, 7, 18, 31, 43, 103, 0, 5, 17, 33, 37, 44, 58, 34, 66, 86, 88, 142, 141, 112, 192, 29, 32, 122, 113, 85], "cumulative y": [1, 2, 3, 4, 5, 6, 7, 8, 9, 10, 11, 12, 13, 14, 15, 16, 17, 18, 19, 20, 21, 22, 23, 24, 25, 26, 27, 28, 29, 30, 31, 32], "total events": 32, "not exposed x": [44964, 49347, 50021, 112301, 161331, 192936, 198259, 203261, 203445, 205201, 210792, 211987, 235697, 238612, 244746], "not exposed y": [105, 100, 107, 103, 58, 66, 86, 88, 142, 141, 112, 192, 122, 113, 85], "cumulative not exposed y": [1, 2, 3, 4, 5, 6, 7, 8, 9, 10, 11, 12, 13, 14, 15], "total not exposed events": 15}, "Password Spray Compromises": {"record name": "Password Spray Compromises", "x": [], "y": [], "cumulative y": [], "total events": 0, "not exposed x": [], "not exposed y": [], "cumulative not exposed y": [], "total not exposed events": 0}, "User Account Leaks": {"record name": "User Account Has Been Leaked By Compromise", "x": [1621, 1621, 1621, 1621, 1621, 3519, 3519, 3519, 3519, 3519, 4074, 4074, 4074, 4074, 4074, 4436, 4436, 4436, 4436, 4436, 9338, 9338, 9338, 9338, 9338, 9594, 9594, 9594, 9594, 9677, 9677, 9677, 9677, 12956, 12956, 12956, 12956, 20798, 20798, 20798, 24623, 24623, 24623, 24623, 24623, 31494, 31494, 31494, 31494, 33609, 33609, 33609, 35429, 35429, 35429, 44964, 44964, 45258, 45258, 45258, 45258, 49347, 49347, 49347, 50021, 50021, 51099, 51099, 51099, 53929, 55631, 55631, 61474, 61944, 61944, 61944, 69919, 69919, 69919, 69919, 72079, 72079, 72079, 89650, 89650, 89650, 94182, 94182, 99608, 99608, 103781, 104482, 104482, 104482, 104482, 112301, 112301, 114363, 114363, 114363, 117609, 117609, 124360, 124360, 124360, 124360, 125830, 141331, 141331, 141331, 155085, 155085, 157463, 161331, 161331, 161331, 172134, 172134, 192936, 198259, 198259, 198259, 205201, 210617, 210792, 210792, 211804, 211804, 211987, 227654, 227654, 238612, 238612, 244746], "y": ["Ajay", "Matti", "Nanny", "Alayne", "Wilmette", "Laurel", "Babette", "Viva", "Catherina", "TEirtza", "Tiertza", "Mirilla", "Leyla", "Harriott", "Sara-Ann", "Bonita", "Ebony", "Silvie", "Valentine", "Sophey", "Rita", "Tammy", "Fanchon", "Priscella", "Yelena", "Cindie", "Denise", "Gratia", "Antonie", "Veradis", "Fannie", "Norry", "Flossy", "Donetta", "Bryana", "Ertha", "Odelia", "Gabriell", "Cher", "Kassandra", "Edy", "Olga", "Alexine", "Karrie", "Fan", "Morena", "Kariotta", "Jo", "Tilda", "Dolly", "Emera", "Louella", "Cate", "Pauletta", "Jaymee", "Roxane", "Torie", "Joeann", "Brenda", "Ashley", "Nicolette", "Theresina", "Kassey", "Leia", "Thea", "Sibilla", "Jolynn", "Betteanne", "Dorella", "Roxine", "Blithe", "Dalia", "Penny", "Addia", "Rhonda", "Dorolisa", "Karole", "Engracia", "Kerri", "Iona", "Karlie", "Joly", "Dani", "Eustacia", "Casie", "Almeta", "Lyssa", "Kandace", "Emelina", "Oralia", "Leonie", "Reyna", "Jilly", "Ericka", "Chantalle", "Lu", "Thalia", "Bethina", "Adrienne", "Monika", "Barbie", "Jannelle", "Marinna", "Kassi", "Zorana", "Loreen", "Gusella", "Elvira", "Dierdre", "Darda", "Daron", "Maggee", "Gretchen", "Rosanna", "Zena", "Marga", "Theressa", "Ester", "Conny", "Milka", "Brandie", "Esma", "Rhiamon", "Sonya", "Winnie", "Renie", "Charmaine", "Babbie", "Alex", "Isabella", "Janna", "Angela", "Gillie", "Devinne"], "cumulative y": [1, 2, 3, 4, 5, 6, 7, 8, 9, 10, 11, 12, 13, 14, 15, 16, 17, 18, 19, 20, 21, 22, 23, 24, 25, 26, 27, 28, 29, 30, 31, 32, 33, 34, 35, 36, 37, 38, 39, 40, 41, 42, 43, 44, 45, 46, 47, 48, 49, 50, 51, 52, 53, 54, 55, 56, 57, 58, 59, 60, 61, 62, 63, 64, 65, 66, 67, 68, 69, 70, 71, 72, 73, 74, 75, 76, 77, 78, 79, 80, 81, 82, 83, 84, 85, 86, 87, 88, 89, 90, 91, 92, 93, 94, 95, 96, 97, 98, 99, 100, 101, 102, 103, 104, 105, 106, 107, 108, 109, 110, 111, 112, 113, 114, 115, 116, 117, 118, 119, 120, 121, 122, 123, 124, 125, 126, 127, 128, 129, 130, 131, 132, 133, 134], "total events": 134}, "Vulnerabilities Exploited": {"record name": "Vulnerabilities Exploited",