{"Total Initial Vulnerabilities": 583, "Initial Vulns Per OS": {"ubuntu": {"14.04": 29, "12.04": 34, "18.04": 15, "16.04": 26, "20.04": 7}, "windows": {"8": 34, "8.1": 6, "10": 20, "xp": 66, "7": 11, "vista": 22}, "centos": {"6": 53, "8": 17, "5": 18, "7": 18, "3": 102, "4": 19}, "freebsd": {"10": 24, "12": 6, "9": 22, "13": 10, "11": 24}}, "Average Initial RoA Per OS": {"ubuntu": {"14.04": 0.04204044598589173, "12.04": 0.03129358394883975, "18.04": 0.029915308081763358, "16.04": 0.05899497835172155, "20.04": 0.058347939747769396}, "windows": {"8": 0.02905730865542323, "8.1": 0.024982525164880292, "10": 0.02413317233905617, "xp": 0.060338685861287454, "7": 0.03397261562721943, "vista": 0.08628544921960929}, "centos": {"6": 0.10174525486961292, "8": 0.03574392803409707, "5": 0.03083208109935888, "7": 0.028639791926548856, "3": 0.06621513603641833, "4": 0.08376306114514752}, "freebsd": {"10": 0.06597892260552922, "12": 0.03532437835233735, "9": 0.04413113165465927, "13": 0.028196493636260322, "11": 0.04744484817926462}}, "OS Types In Initial Network": {"ubuntu 14.04": 10, "ubuntu 12.04": 6, "windows 10": 23, "windows 8": 11, "ubuntu 18.04": 12, "centos 6": 11, "windows 8.1": 12, "freebsd 13": 16, "centos 8": 12, "freebsd 10": 10, "centos 7": 12, "freebsd 12": 7, "freebsd 9": 6, "ubuntu 20.04": 12, "centos 5": 4, "ubuntu 16.04": 9, "windows xp": 5, "windows 7": 5, "freebsd 11": 7, "centos 3": 2, "windows vista": 3, "centos 4": 5}, "Initial Hosts Without Vulnerabilities": 52, "Host Compromises": {"record name": "Host Compromises", "x": [2468, 11278, 14856, 16475, 17072, 17723, 18198, 19157, 21131, 24963, 26313, 26410, 28982, 29604, 35190, 37799, 37894, 45585, 47756, 48831, 53750, 62466, 64342, 66769, 67508, 68274, 68409, 76108, 87078, 90275, 91238, 92059, 104162, 108387, 109230, 116617, 156506, 165575, 172894, 179235, 181963, 201672, 208434, 211980, 219499, 220478, 223480, 223761, 223937, 232944, 233121, 239831], "y": [14, 2, 19, 27, 31, 33, 35, 38, 45, 0, 4, 56, 59, 61, 65, 191, 73, 11, 16, 18, 25, 41, 43, 47, 49, 117, 118, 70, 156, 120, 124, 122, 1, 10, 13, 28, 163, 6, 21, 36, 40, 146, 157, 119, 121, 187, 150, 148, 86, 143, 105, 153], "cumulative y": [1, 2, 3, 4, 5, 6, 7, 8, 9, 10, 11, 12, 13, 14, 15, 16, 17, 18, 19, 20, 21, 22, 23, 24, 25, 26, 27, 28, 29, 30, 31, 32, 33, 34, 35, 36, 37, 38, 39, 40, 41, 42, 43, 44, 45, 46, 47, 48, 49, 50, 51, 52], "total events": 52, "not exposed x": [26410, 28982, 29604, 35190, 37799, 37894, 68274, 68409, 76108, 87078, 90275, 91238, 92059, 156506, 201672, 208434, 211980, 219499, 220478, 223480, 223761, 223937, 232944, 233121, 239831], "not exposed y": [56, 59, 61, 65, 191, 73, 117, 118, 70, 156, 120, 124, 122, 163, 146, 157, 119, 121, 187, 150, 148, 86, 143, 105, 153], "cumulative not exposed y": [1, 2, 3, 4, 5, 6, 7, 8, 9, 10, 11, 12, 13, 14, 15, 16, 17, 18, 19, 20, 21, 22, 23, 24, 25], "total not exposed events": 25}, "Vuln Compromises": {"record name": "Vuln Compromises", "x": [2468, 11278, 14856, 16475, 17072, 17723, 21131, 24963, 26313, 28982, 29604, 35190, 53750, 62466, 64342, 67508, 76108, 92059, 104162, 109230, 116617, 156506, 165575, 172894, 179235, 181963, 201672, 208434, 211980, 219499, 220478, 223761, 223937, 233121, 239831], "y": [14, 2, 19, 27, 31, 33, 45, 0, 4, 59, 61, 65, 25, 41, 43, 49, 70, 122, 1, 13, 28, 163, 6, 21, 36, 40, 146, 157, 119, 121, 187, 148, 86, 105, 153], "cumulative y": [1, 2, 3, 4, 5, 6, 7, 8, 9, 10, 11, 12, 13, 14, 15, 16, 17, 18, 19, 20, 21, 22, 23, 24, 25, 26, 27, 28, 29, 30, 31, 32, 33, 34, 35], "total events": 35, "not exposed x": [28982, 29604, 35190, 76108, 92059, 156506, 201672, 208434, 211980, 219499, 220478, 223761, 223937, 233121, 239831], "not exposed y": [59, 61, 65, 70, 122, 163, 146, 157, 119, 121, 187, 148, 86, 105, 153], "cumulative not exposed y": [1, 2, 3, 4, 5, 6, 7, 8, 9, 10, 11, 12, 13, 14, 15], "total not exposed events": 15}, "Reuse Password Compromises": {"record name": "Reuse Password Compromises", "x": [18198, 19157, 26410, 37799, 37894, 45585, 47756, 48831, 66769, 68274, 68409, 87078, 90275, 91238, 108387, 223480, 232944], "y": [35, 38, 56, 191, 73, 11, 16, 18, 47, 117, 118, 156, 120, 124, 10, 150, 143], "cumulative y": [1, 2, 3, 4, 5, 6, 7, 8, 9, 10, 11, 12, 13, 14, 15, 16, 17], "total events": 17, "not exposed x": [26410, 37799, 37894, 68274, 68409, 87078, 90275, 91238, 223480, 232944], "not exposed y": [56, 191, 73, 117, 118, 156, 120, 124, 150, 143], "cumulative not exposed y": [1, 2, 3, 4, 5, 6, 7, 8, 9, 10], "total not exposed events": 10}, "Password Spray Compromises": {"record name": "Password Spray Compromises", "x": [], "y": [], "cumulative y": [], "total events": 0, "not exposed x": [], "not exposed y": [], "cumulative not exposed y": [], "total not exposed events": 0}, "User Account Leaks": {"record name": "User Account Has Been Leaked By Compromise", "x": [2468, 2468, 2468, 2468, 2468, 11278, 11278, 11278, 11278, 11278, 14856, 14856, 14856, 14856, 14856, 16475, 16475, 16475, 16475, 17072, 17072, 17072, 17072, 17072, 17723, 17723, 17723, 17723, 18198, 18198, 18198, 18198, 19157, 19157, 19157, 21131, 21131, 21131, 24963, 24963, 24963, 24963, 24963, 26313, 26313, 26313, 26313, 26410, 26410, 26410, 26410, 28982, 28982, 28982, 28982, 29604, 29604, 29604, 35190, 35190, 35190, 37799, 37799, 37799, 37799, 37894, 37894, 37894, 37894, 45585, 45585, 45585, 45585, 47756, 48831, 48831, 48831, 53750, 53750, 53750, 62466, 62466, 62466, 64342, 64342, 66769, 66769, 68274, 68274, 68409, 76108, 76108, 76108, 87078, 87078, 87078, 90275, 90275, 91238, 91238, 92059, 92059, 92059, 104162, 104162, 108387, 108387, 109230, 116617, 116617, 156506, 156506, 165575, 172894, 172894, 179235, 179235, 179235, 181963, 181963, 201672, 208434, 208434, 208434, 208434, 211980, 211980, 211980, 220478, 220478, 220478, 223480, 223761, 223937, 223937, 232944, 233121, 239831], "y": ["Tiphanie", "Maxine", "Kristien", "Mirilla", "Kare", "Bobine", "Mona", "Alis", "Sybille", "Tiffani", "Yovonnda", "Betsy", "Shana", "Rubi", "Brandie", "Aubrey", "Misti", "Lynnett", "Anica", "Mathilde", "Carita", "Kriste", "Germana", "Randie", "Shena", "Dionne", "Marlie", "Leodora", "Hannis", "Louisa", "Nicolle", "Tabina", "Kat", "Fae", "Marie", "Appolonia", "Meade", "Demeter", "Gilbertine", "Dareen", "Aloisia", "Genny", "Sybil", "Gabriel", "Hedy", "Merle", "Karie", "Blondy", "Malvina", "Wenda", "Nelly", "Susy", "Gwenneth", "Madlin", "Marisa", "Ninnetta", "Dorri", "Amber", "Martelle", "Ruth", "Helga", "Rhoda", "Jordanna", "Kim", "Gussi", "Rosmunda", "Alejandrina", "Winne", "Cilka", "Lena", "Tuesday", "Elvera", "Kizzie", "Ardeen", "Vivi", "Alejandra", "Charlotte", "Viviyan", "Claribel", "Elise", "Dacy", "Berthe", "Blinnie", "Averyl", "Rosalynd", "Pru", "Kathleen", "Margi", "Jeana", "Janifer", "Ileane", "Estele", "Ranice", "Jewell", "Lavinia", "Barbie", "Pollyanna", "Dari", "Mahala", "Wandie", "Teressa", "Jinny", "Keely", "Margarethe", "Mareah", "Donelle", "Jodie", "Benita", "Bobbi", "Adaline", "Mirabel", "Renee", "Layla", "Tracey", "Carline", "Rhianna", "Clerissa", "Gretel", "Alethea", "Crista", "Kaela", "Amanda", "Gracie", "Gunilla", "Bernadine", "Katinka", "Patricia", "Hermia", "Krissy", "Berte", "Robyn", "Adelheid", "Glen", "Ronny", "Delphine", "Freddie", "Gabi", "Fidelia"], "cumulative y": [1, 2, 3, 4, 5, 6, 7, 8, 9, 10, 11, 12, 13, 14, 15, 16, 17, 18, 19, 20, 21, 22, 23, 24, 25, 26, 27, 28, 29, 30, 31, 32, 33, 34, 35, 36, 37, 38, 39, 40, 41, 42, 43, 44, 45, 46, 47, 48, 49, 50, 51, 52, 53, 54, 55, 56, 57, 58, 59, 60, 61, 62, 63, 64, 65, 66, 67, 68, 69, 70, 71, 72, 73, 74, 75, 76, 77, 78, 79, 80, 81, 82, 83, 84, 85, 86, 87, 88, 89, 90, 91, 92, 93, 94, 95, 96, 97, 98, 99, 100, 101, 102, 103, 104, 105, 106, 107, 108, 109, 110, 111, 112, 113, 114, 115, 116, 117, 118, 119, 120, 121, 122, 123, 124, 125, 126, 127, 128, 129, 130, 131, 132, 133, 134, 135, 136, 137, 138], "total events": 138}, "Vulnerabilities Exploited": {"record name": "Vulnerabilities Exploited",