{"Total Initial Vulnerabilities": 680, "Initial Vulns Per OS": {"windows": {"10": 8, "8.1": 19, "7": 34, "8": 19, "vista": 74, "xp": 27}, "centos": {"7": 18, "6": 29, "4": 15, "3": 133, "8": 24, "5": 27}, "freebsd": {"11": 15, "10": 33, "12": 18, "13": 12, "9": 13, "8": 30}, "ubuntu": {"16.04": 22, "18.04": 23, "12.04": 17, "14.04": 17, "20.04": 7, "10.04": 46}}, "Average Initial RoA Per OS": {"windows": {"10": 0.0190735177474433, "8.1": 0.05784478838519925, "7": 0.0494786802208388, "8": 0.05883856841180202, "vista": 0.045908269211999024, "xp": 0.03948683055706717}, "centos": {"7": 0.027929295554335074, "6": 0.018300863779680106, "4": 0.034954267520000706, "3": 0.06022499129656117, "8": 0.03221831615284789, "5": 0.056021691825916826}, "freebsd": {"11": 0.028163820386413144, "10": 0.05142325400259887, "12": 0.06109190777711568, "13": 0.022981240983988044, "9": 0.10598003106926075, "8": 0.05618880114501442}, "ubuntu": {"16.04": 0.04179925922300075, "18.04": 0.042477290055957705, "12.04": 0.03986401148511499, "14.04": 0.054425492080411184, "20.04": 0.0991767008691313, "10.04": 0.052063507527376617}}, "OS Types In Initial Network": {"windows 10": 8, "centos 7": 11, "centos 6": 9, "freebsd 11": 7, "ubuntu 18.04": 13, "ubuntu 16.04": 12, "freebsd 10": 9, "ubuntu 20.04": 9, "freebsd 13": 10, "centos 4": 4, "centos 3": 7, "windows 8.1": 14, "centos 8": 17, "ubuntu 12.04": 4, "freebsd 12": 16, "windows 7": 11, "windows 8": 7, "windows vista": 10, "ubuntu 14.04": 5, "freebsd 9": 4, "centos 5": 9, "windows xp": 1, "ubuntu 10.04": 2, "freebsd 8": 1}, "Initial Hosts Without Vulnerabilities": 45, "Host Compromises": {"record name": "Host Compromises", "x": [1509, 1682, 3902, 7820, 9926, 14832, 21921, 24830, 26485, 30762, 31157, 35109, 35922, 42157, 42816, 47951, 60721, 66909, 75627, 75785, 78667, 95229, 121386, 124109, 155725, 174507, 202923, 212938, 213087], "y": [13, 111, 22, 35, 46, 11, 30, 37, 44, 4, 6, 16, 18, 34, 134, 43, 15, 31, 106, 97, 133, 27, 20, 25, 33, 7, 14, 47, 51], "cumulative y": [1, 2, 3, 4, 5, 6, 7, 8, 9, 10, 11, 12, 13, 14, 15, 16, 17, 18, 19, 20, 21, 22, 23, 24, 25, 26, 27, 28, 29], "total events": 29, "not exposed x": [1682, 42816, 75627, 75785, 78667, 213087], "not exposed y": [111, 134, 106, 97, 133, 51], "cumulative not exposed y": [1, 2, 3, 4, 5, 6], "total not exposed events": 6}, "Vuln Compromises": {"record name": "Vuln Compromises", "x": [1509, 1682, 3902, 7820, 9926, 21921, 24830, 26485, 35922, 42816, 60721, 66909, 75627, 75785, 78667], "y": [13, 111, 22, 35, 46, 30, 37, 44, 18, 134, 15, 31, 106, 97, 133], "cumulative y": [1, 2, 3, 4, 5, 6, 7, 8, 9, 10, 11, 12, 13, 14, 15], "total events": 15, "not exposed x": [1682, 42816, 75627, 75785, 78667], "not exposed y": [111, 134, 106, 97, 133], "cumulative not exposed y": [1, 2, 3, 4, 5], "total not exposed events": 5}, "Reuse Password Compromises": {"record name": "Reuse Password Compromises", "x": [14832, 30762, 31157, 35109, 42157, 47951, 95229, 121386, 124109, 155725, 174507, 202923, 212938, 213087], "y": [11, 4, 6, 16, 34, 43, 27, 20, 25, 33, 7, 14, 47, 51], "cumulative y": [1, 2, 3, 4, 5, 6, 7, 8, 9, 10, 11, 12, 13, 14], "total events": 14, "not exposed x": [213087], "not exposed y": [51], "cumulative not exposed y": [1], "total not exposed events": 1}, "Password Spray Compromises": {"record name": "Password Spray Compromises", "x": [], "y": [], "cumulative y": [], "total events": 0, "not exposed x": [], "not exposed y": [], "cumulative not exposed y": [], "total not exposed events": 0}, "User Account Leaks": {"record name": "User Account Has Been Leaked By Compromise", "x": [1509, 1509, 1509, 1509, 1509, 1682, 1682, 1682, 1682, 1682, 3902, 3902, 3902, 3902, 7820, 7820, 7820, 7820, 7820, 9926, 9926, 9926, 9926, 9926, 14832, 14832, 14832, 21921, 21921, 21921, 21921, 24830, 24830, 24830, 24830, 26485, 26485, 26485, 26485, 26485, 30762, 30762, 30762, 30762, 31157, 31157, 31157, 35109, 35109, 35109, 35922, 35922, 35922, 42157, 42157, 42157, 42157, 42816, 42816, 42816, 42816, 42816, 47951, 47951, 47951, 47951, 60721, 60721, 60721, 66909, 66909, 66909, 75627, 75627, 75627, 75627, 75627, 75785, 75785, 95229, 95229, 95229, 95229, 121386, 121386, 121386, 124109, 124109, 155725, 155725, 155725, 174507, 202923, 202923, 212938, 212938, 212938, 212938, 213087, 213087], "y": ["Modesta", "Francine", "Marleen", "Binny", "Nedi", "Arlana", "Hanny", "Millisent", "Aila", "Olivette", "Dinny", "Valencia", "Maryellen", "Brande", "Hilary", "Theda", "Brynne", "Lora", "Fianna", "Jerrilyn", "Jennee", "Leonore", "Gilligan", "Vivie", "Mellicent", "Ami", "Clarissa", "Kyle", "Ranna", "Denny", "Bunny", "Eulalie", "Edyth", "Meggie", "Kore", "Roberta", "Dulce", "Lois", "Chloris", "Victoria", "Desirae", "Larina", "Netti", "Sherill", "Lotty", "Margalit", "Cornie", "Ediva", "Mirilla", "Anna-Diane", "Kacy", "Katy", "Pietra", "Bee", "Janifer", "Katleen", "Ruthanne", "Alys", "Helena", "Merry", "Karlotta", "Alyssa", "Charin", "Brook", "Veronica", "Bird", "Ettie", "Judie", "Gleda", "Kassia", "Atlanta", "Lelah", "Mabelle", "Emmie", "Drusi", "Drucie", "Dareen", "Odelle", "Kalie", "Wallie", "Tanitansy", "Jacynth", "Hannah", "Nydia", "Reta", "Auria", "Gayla", "Maude", "Bobbe", "Clemmie", "Katrinka", "Papagena", "Bertie", "Christiana", "Delila", "Annnora", "Lindsy", "Elonore", "Leia", "Miof Mela"], "cumulative y": [1, 2, 3, 4, 5, 6, 7, 8, 9, 10, 11, 12, 13, 14, 15, 16, 17, 18, 19, 20, 21, 22, 23, 24, 25, 26, 27, 28, 29, 30, 31, 32, 33, 34, 35, 36, 37, 38, 39, 40, 41, 42, 43, 44, 45, 46, 47, 48, 49, 50, 51, 52, 53, 54, 55, 56, 57, 58, 59, 60, 61, 62, 63, 64, 65, 66, 67, 68, 69, 70, 71, 72, 73, 74, 75, 76, 77, 78, 79, 80, 81, 82, 83, 84, 85, 86, 87, 88, 89, 90, 91, 92, 93, 94, 95, 96, 97, 98, 99, 100], "total events": 100}, "Vulnerabilities Exploited": {"record name": "Vulnerabilities Exploited", "x": [484, 838, 1160, 1509, 1682, 1682, 1763, 2109, 2542, 3291, 3291, 3291, 3291, 3291, 3291, 3721, 3721, 3902, 3902, 3902, 4187, 4187, 6191, 6191, 6191, 6191, 6191, 7095, 7627, 7820, 7820, 7820, 8291, 8468, 8468, 8642, 8825, 8976, 9767, 9926, 10482, 14655, 15126, 18286, 18286, 18286, 18286, 18286, 21921, 21921, 23070, 24830, 26485, 35922, 35922, 35922, 35922, 35922, 35922, 35922, 35922, 35922, 37879, 38256, 42816, 42959, 43517, 52132, 56473, 66438, 66909, 75627, 75785, 78667, 79533, 81274, 84942, 102035, 108862, 108862, 111185, 112831, 125349, 133064, 214147, 220945, 222376, 228722], "cumulative exploited vulns": [1, 2, 3, 4, 5, 6, 7, 8, 9, 10, 11, 12, 13, 14, 15, 16, 17, 18, 19, 20, 21, 22, 23, 24, 25, 26, 27, 28, 29, 30, 31, 32, 33, 34, 35, 36, 37, 38, 39, 40, 41, 42, 43, 44, 45, 46, 47, 48, 49, 50, 51, 52, 53, 54, 55, 56, 57, 58, 59, 60, 61, 62, 63, 64, 65, 66, 67, 68, 69, 70, 71, 72, 73, 74, 75, 76, 77, 78, 79, 80, 81, 82, 83, 84, 85, 86, 87, 88],