{"Total Initial Vulnerabilities": 574, "Initial Vulns Per OS": {"centos": {"7": 14, "4": 30, "8": 6, "6": 12, "5": 4, "3": 47}, "freebsd": {"11": 39, "12": 16, "13": 9, "9": 41, "10": 27, "8": 29}, "windows": {"8.1": 21, "7": 23, "8": 15, "xp": 41, "vista": 31}, "ubuntu": {"20.04": 18, "16.04": 43, "18.04": 17, "14.04": 16, "10.04": 37, "12.04": 38}}, "Average Initial RoA Per OS": {"centos": {"7": 0.07914244099090804, "4": 0.048316694729208444, "8": 0.021757845083945865, "6": 0.08975464846332974, "5": 0.012346359631073531, "3": 0.05979986333782985}, "freebsd": {"11": 0.08044652502299317, "12": 0.050379468400928135, "13": 0.05766651778705845, "9": 0.06559899370882971, "10": 0.03316572382517293, "8": 0.03654285598486971}, "windows": {"8.1": 0.060685296273431784, "7": 0.08142839020001916, "8": 0.11511621002768142, "xp": 0.062053964996616744, "vista": 0.05849540661415867}, "ubuntu": {"20.04": 0.01974497158915335, "16.04": 0.13847038746554816, "18.04": 0.046430916710949816, "14.04": 0.08920058277647641, "10.04": 0.07498127417388738, "12.04": 0.035784769585023274}}, "OS Types In Initial Network": {"centos 7": 12, "freebsd 11": 12, "windows 8.1": 12, "centos 4": 8, "freebsd 12": 10, "freebsd 13": 10, "ubuntu 20.04": 21, "centos 6": 8, "ubuntu 16.04": 14, "centos 8": 13, "windows 7": 7, "ubuntu 18.04": 10, "windows 10": 7, "windows 8": 8, "ubuntu 14.04": 4, "freebsd 9": 8, "windows xp": 3, "ubuntu 10.04": 3, "freebsd 10": 9, "windows vista": 6, "freebsd 8": 2, "ubuntu 12.04": 7, "centos 5": 4, "centos 3": 2}, "Initial Hosts Without Vulnerabilities": 49, "Host Compromises": {"record name": "Host Compromises", "x": [1134, 1887, 3971, 10096, 10215, 13616, 15399, 20385, 23458, 25735, 67012, 95882, 100105, 100218, 100328, 100629, 100776, 103909, 106587, 106698, 124501, 136720, 150118, 163504, 166413, 166587, 170308, 176021, 186169, 213922, 216797, 219987], "y": [7, 14, 21, 36, 37, 49, 1, 20, 29, 34, 10, 6, 23, 92, 96, 106, 107, 93, 109, 108, 95, 12, 39, 100, 192, 193, 110, 11, 33, 15, 19, 28], "cumulative y": [1, 2, 3, 4, 5, 6, 7, 8, 9, 10, 11, 12, 13, 14, 15, 16, 17, 18, 19, 20, 21, 22, 23, 24, 25, 26, 27, 28, 29, 30, 31, 32], "total events": 32, "not exposed x": [100218, 100328, 100629, 100776, 103909, 106587, 106698, 124501, 163504, 166413, 166587, 170308], "not exposed y": [92, 96, 106, 107, 93, 109, 108, 95, 100, 192, 193, 110], "cumulative not exposed y": [1, 2, 3, 4, 5, 6, 7, 8, 9, 10, 11, 12], "total not exposed events": 12}, "Vuln Compromises": {"record name": "Vuln Compromises", "x": [1134, 1887, 3971, 10096, 10215, 13616, 15399, 23458, 25735, 95882, 100218, 100328, 100629, 100776, 103909, 106587, 106698, 163504], "y": [7, 14, 21, 36, 37, 49, 1, 29, 34, 6, 92, 96, 106, 107, 93, 109, 108, 100], "cumulative y": [1, 2, 3, 4, 5, 6, 7, 8, 9, 10, 11, 12, 13, 14, 15, 16, 17, 18], "total events": 18, "not exposed x": [100218, 100328, 100629, 100776, 103909, 106587, 106698, 163504], "not exposed y": [92, 96, 106, 107, 93, 109, 108, 100], "cumulative not exposed y": [1, 2, 3, 4, 5, 6, 7, 8], "total not exposed events": 8}, "Reuse Password Compromises": {"record name": "Reuse Password Compromises", "x": [20385, 67012, 100105, 124501, 136720, 150118, 166413, 166587, 170308, 176021, 186169, 213922, 216797, 219987], "y": [20, 10, 23, 95, 12, 39, 192, 193, 110, 11, 33, 15, 19, 28], "cumulative y": [1, 2, 3, 4, 5, 6, 7, 8, 9, 10, 11, 12, 13, 14], "total events": 14, "not exposed x": [124501, 166413, 166587, 170308], "not exposed y": [95, 192, 193, 110], "cumulative not exposed y": [1, 2, 3, 4], "total not exposed events": 4}, "Password Spray Compromises": {"record name": "Password Spray Compromises", "x": [], "y": [], "cumulative y": [], "total events": 0, "not exposed x": [], "not exposed y": [], "cumulative not exposed y": [], "total not exposed events": 0}, "User Account Leaks": {"record name": "User Account Has Been Leaked By Compromise", "x": [1134, 1134, 1134, 1134, 1134, 1887, 1887, 1887, 1887, 1887, 3971, 3971, 3971, 3971, 3971, 10096, 10096, 10096, 10096, 10215, 10215, 10215, 10215, 13616, 13616, 13616, 13616, 13616, 15399, 15399, 15399, 15399, 20385, 20385, 20385, 23458, 23458, 23458, 23458, 25735, 25735, 25735, 67012, 67012, 67012, 67012, 95882, 95882, 95882, 100105, 100105, 100105, 100218, 100218, 100218, 100218, 100328, 100328, 100328, 100328, 100629, 100629, 100776, 100776, 100776, 100776, 100776, 103909, 103909, 103909, 103909, 106587, 106587, 106587, 106698, 106698, 106698, 106698, 124501, 124501, 136720, 136720, 136720, 136720, 150118, 150118, 150118, 150118, 163504, 163504, 163504, 163504, 163504, 166413, 166413, 166587, 170308, 176021, 176021, 176021, 186169, 186169, 213922, 213922, 213922, 219987, 219987, 219987], "y": ["Illa", "Loralee", "Kamilah", "Letitia", "Helaine", "Annalise", "Wilhelmine", "Allina", "Kassey", "Linnet", "Easter", "Josepha", "Caterina", "Constanta", "Annie", "Jessalyn", "Mandie", "Floris", "Ermina", "Grier", "Carlynn", "Piper", "Saudra", "Nathalia", "Toby", "Arden", "Jacki", "Papagena", "Mireille", "Jennee", "Alysia", "Mil", "Elana", "Anastassia", "Roch", "Lisette", "Erminie", "Vivi", "Alla", "Nedi", "Dennie", "Avie", "Rora", "Jannel", "Sashenka", "Kanya", "Athene", "Veronika", "Rosamond", "Gaylene", "Demetra", "Jerrilee", "Brittaney", "Lucita", "Helene", "Rebbecca", "Con", "Sibyl", "Kip", "Flossy", "Nady", "Kessia", "Eleanore", "Collen", "Charita", "Marrissa", "Susannah", "Callida", "Loleta", "Jeanine", "Phelia", "Margareta", "Elisabeth", "Cindie", "Tiff", "Lenna", "Carmencita", "Ferne", "Juliane", "Clarie", "Evangelin", "Rheba", "Mignonne", "Vivianne", "Brandea", "Ginni", "Annemarie", "Annetta", "Vikki", "Georgena", "Retha", "Glori", "Jinny", "Rozalin", "Geraldine", "Honey", "Zia", "Myra", "Janey", "Tami", "Antonia", "Adrienne", "Valentine", "Gerti", "Tracie", "Krista", "Dynah", "Britteny"], "cumulative y": [1, 2, 3, 4, 5, 6, 7, 8, 9, 10, 11, 12, 13, 14, 15, 16, 17, 18, 19, 20, 21, 22, 23, 24, 25, 26, 27, 28, 29, 30, 31, 32, 33, 34, 35, 36, 37, 38, 39, 40, 41, 42, 43, 44, 45, 46, 47, 48, 49, 50, 51, 52, 53, 54, 55, 56, 57, 58, 59, 60, 61, 62, 63, 64, 65, 66, 67, 68, 69, 70, 71, 72, 73, 74, 75, 76, 77, 78, 79, 80, 81, 82, 83, 84, 85, 86, 87, 88, 89, 90, 91, 92, 93, 94, 95, 96, 97, 98, 99, 100, 101, 102, 103, 104, 105, 106, 107, 108], "total events": 108}, "Vulnerabilities Exploited": {"record name": "Vulnerabilities Exploited", "x": [135, 481, 481, 608, 608, 857, 929, 1134, 1641, 1887, 1887, 2190, 2334, 2334, 2457, 3971, 4130, 4678, 4678, 4678, 4678, 4894, 4894, 6598, 6598, 6598, 6598, 6598, 6598, 6598, 6598, 6598, 6598, 6598, 6598, 6598, 6598, 7774, 8277, 8277, 9560, 9560, 9560, 9560, 9560, 9839, 10096, 10215, 10215, 10215, 10274, 12558, 12558, 13232, 13232, 13232, 13616, 13616, 20491, 21968, 23458, 23458, 23458, 23458, 23458, 23458, 23536, 25206, 25735, 25735, 25735, 29367, 34463, 46300, 56325, 88806, 95882, 100629, 100629, 100629, 100629, 100629, 100629, 100629, 100776, 101447, 103309, 103309, 103309, 103309, 103909, 103909, 103909, 103909, 103909, 137806, 137806, 137806, 137806, 137806, 137806, 137806, 137806, 154272, 157687, 157687, 157687, 157687, 157687, 157687, 160160, 163504, 168991, 199340, 199340, 199340, 199340, 199340, 204813, 207837, 214102, 233476], "cumulative exploited vulns": [1, 2, 3, 4, 5, 6, 7, 8, 9, 10, 11, 12, 13, 14, 15, 16, 17, 18, 19, 20, 21, 22, 23, 24, 25, 26, 27, 28, 29, 30, 31, 32, 33, 34, 35, 36, 37, 38, 39, 40, 41, 42, 43, 44, 45, 46, 47, 48, 49, 50, 51, 52, 53, 54, 55, 56, 57, 58, 59, 60, 61, 62, 63, 64, 65, 66, 67, 68, 69, 70, 71, 72, 73, 74, 75, 76, 77, 78, 79, 80, 81, 82, 83, 84, 85, 86, 87, 88, 89, 90, 91, 92, 93, 94, 95, 96, 97, 98, 99, 100, 101, 102, 103, 104, 105, 106, 107, 108, 109, 110, 111, 112, 113, 114, 115, 116, 117, 118, 119, 120, 121, 122],