{"Total Initial Vulnerabilities": 628, "Initial Vulns Per OS": {"ubuntu": {"14.04": 51, "20.04": 15, "18.04": 27, "12.04": 7, "10.04": 34, "16.04": 11}, "freebsd": {"12": 16, "10": 42, "8": 71, "13": 8, "11": 15, "9": 42}, "windows": {"7": 10, "8.1": 21, "8": 16, "10": 7, "vista": 9, "xp": 64}, "centos": {"7": 8, "4": 17, "6": 20, "5": 54, "8": 21, "3": 42}}, "Average Initial RoA Per OS": {"ubuntu": {"14.04": 0.05712878682763311, "20.04": 0.020927714493457737, "18.04": 0.06362940294556439, "12.04": 0.03700097657260002, "10.04": 0.04239763813414145, "16.04": 0.027573253207793056}, "freebsd": {"12": 0.023846512546497566, "10": 0.04396824143155181, "8": 0.05243577631091718, "13": 0.05074343985097891, "11": 0.024766679901020536, "9": 0.049250466551121024}, "windows": {"7": 0.032627459837743095, "8.1": 0.06198073160224015, "8": 0.04255902838071336, "10": 0.0375968937781495, "vista": 0.049395500650207105, "xp": 0.06009027888031487}, "centos": {"7": 0.010246607465862114, "4": 0.09043520574305723, "6": 0.06252700166464169, "5": 0.06402775296083246, "8": 0.02081286959392823, "3": 0.050679601004567386}}, "OS Types In Initial Network": {"ubuntu 14.04": 9, "freebsd 12": 15, "freebsd 10": 10, "windows 7": 5, "centos 6": 12, "ubuntu 20.04": 14, "freebsd 8": 2, "windows 8.1": 14, "freebsd 11": 7, "windows 10": 12, "freebsd 13": 9, "centos 8": 19, "ubuntu 18.04": 24, "ubuntu 12.04": 2, "centos 7": 4, "ubuntu 16.04": 5, "freebsd 9": 7, "centos 4": 3, "ubuntu 10.04": 2, "centos 5": 10, "windows 8": 9, "windows vista": 2, "windows xp": 2, "centos 3": 2}, "Initial Hosts Without Vulnerabilities": 57, "Host Compromises": {"record name": "Host Compromises", "x": [679, 3082, 3286, 7424, 8247, 11056, 11903, 13731, 18554, 23401, 26235, 26677, 30097, 32145, 32688, 41863, 42788, 47776, 48324, 84518, 86081, 90527, 99010, 114651, 130291, 133347, 135962, 137255, 147584, 151063, 160731, 170332, 179931, 180386, 188182, 197948, 202780, 203811, 204719, 209724, 209885, 214774, 217137, 221836, 224497, 234395, 243617, 243791, 247233, 248316], "y": [2, 10, 12, 28, 32, 36, 40, 46, 9, 25, 30, 33, 43, 0, 1, 22, 26, 41, 42, 34, 39, 113, 5, 47, 17, 21, 29, 37, 114, 152, 20, 76, 147, 146, 15, 87, 119, 118, 142, 143, 148, 4, 11, 24, 35, 144, 79, 189, 194, 193], "cumulative y": [1, 2, 3, 4, 5, 6, 7, 8, 9, 10, 11, 12, 13, 14, 15, 16, 17, 18, 19, 20, 21, 22, 23, 24, 25, 26, 27, 28, 29, 30, 31, 32, 33, 34, 35, 36, 37, 38, 39, 40, 41, 42, 43, 44, 45, 46, 47, 48, 49, 50], "total events": 50, "not exposed x": [90527, 147584, 151063, 170332, 179931, 180386, 197948, 202780, 203811, 204719, 209724, 209885, 234395, 243617, 243791, 247233, 248316], "not exposed y": [113, 114, 152, 76, 147, 146, 87, 119, 118, 142, 143, 148, 144, 79, 189, 194, 193], "cumulative not exposed y": [1, 2, 3, 4, 5, 6, 7, 8, 9, 10, 11, 12, 13, 14, 15, 16, 17], "total not exposed events": 17}, "Vuln Compromises": {"record name": "Vuln Compromises", "x": [679, 3082, 7424, 8247, 11056, 11903, 13731, 18554, 30097, 99010, 151063, 180386], "y": [2, 10, 28, 32, 36, 40, 46, 9, 43, 5, 152, 146], "cumulative y": [1, 2, 3, 4, 5, 6, 7, 8, 9, 10, 11, 12], "total events": 12, "not exposed x": [151063, 180386], "not exposed y": [152, 146], "cumulative not exposed y": [1, 2], "total not exposed events": 2}, "Reuse Password Compromises": {"record name": "Reuse Password Compromises", "x": [3286, 23401, 26235, 26677, 32145, 32688, 41863, 42788, 47776, 48324, 84518, 86081, 90527, 114651, 130291, 133347, 135962, 137255, 147584, 160731, 170332, 179931, 188182, 197948, 202780, 203811, 204719, 209724, 209885, 214774, 217137, 221836, 224497, 234395, 243617, 243791, 247233, 248316], "y": [12, 25, 30, 33, 0, 1, 22, 26, 41, 42, 34, 39, 113, 47, 17, 21, 29, 37, 114, 20, 76, 147, 15, 87, 119, 118, 142, 143, 148, 4, 11, 24, 35, 144, 79, 189, 194, 193], "cumulative y": [1, 2, 3, 4, 5, 6, 7, 8, 9, 10, 11, 12, 13, 14, 15, 16, 17, 18, 19, 20, 21, 22, 23, 24, 25, 26, 27, 28, 29, 30, 31, 32, 33, 34, 35, 36, 37, 38], "total events": 38, "not exposed x": [90527, 147584, 170332, 179931, 197948, 202780, 203811, 204719, 209724, 209885, 234395, 243617, 243791, 247233, 248316], "not exposed y": [113, 114, 76, 147, 87, 119, 118, 142, 143, 148, 144, 79, 189, 194, 193], "cumulative not exposed y": [1, 2, 3, 4, 5, 6, 7, 8, 9, 10, 11, 12, 13, 14, 15], "total not exposed events": 15}, "Password Spray Compromises": {"record name": "Password Spray Compromises", "x": [], "y": [], "cumulative y": [], "total events": 0, "not exposed x": [], "not exposed y": [], "cumulative not exposed y": [], "total not exposed events": 0}, "User Account Leaks": {"record name": "User Account Has Been Leaked By Compromise", "x": [679, 679, 679, 679, 679, 3082, 3082, 3082, 3082, 3286, 3286, 3286, 3286, 7424, 7424, 7424, 7424, 7424, 8247, 8247, 8247, 8247, 8247, 11056, 11056, 11056, 11056, 11056, 11903, 11903, 11903, 13731, 13731, 13731, 13731, 13731, 18554, 18554, 18554, 18554, 18554, 23401, 23401, 23401, 26235, 26235, 26235, 26235, 26677, 26677, 30097, 30097, 30097, 30097, 32145, 32145, 32145, 32688, 32688, 41863, 41863, 41863, 42788, 42788, 42788, 42788, 47776, 47776, 47776, 48324, 48324, 84518, 84518, 84518, 86081, 86081, 86081, 90527, 90527, 90527, 99010, 99010, 114651, 114651, 130291, 130291, 130291, 133347, 135962, 135962, 137255, 137255, 151063, 151063, 151063, 160731, 160731, 160731, 170332, 170332, 170332, 170332, 179931, 179931, 180386, 180386, 180386, 180386, 188182, 188182, 197948, 197948, 202780, 203811, 204719, 204719, 209724, 209724, 209724, 209885, 209885, 214774, 214774, 214774, 217137, 217137, 221836, 221836, 224497, 234395, 234395, 234395, 243617, 243791, 243791], "y": ["Madelena", "Roanne", "Tabbitha", "Fannie", "Janey", "Myrle", "Felita", "Janeczka", "Lindie", "Lacie", "Caryl", "Veronica", "Katusha", "Deborah", "Traci", "Margarette", "Roslyn", "Tobye", "Verene", "Camel", "Angelle", "Kiele", "Nikki", "Shoshanna", "Brittney", "Maurine", "Clara", "Claudette", "Leontine", "Afton", "Elspeth", "Marjy", "Sibyl", "Jany", "Ranee", "Gwenni", "Olivia", "Meredithe", "Brittany", "Leanor", "Claribel", "Jacquenette", "Tyne", "Kellina", "Elise", "Elladine", "Amalea", "Bette-Ann", "Jackquelin", "Teressa", "Klarika", "Jacynth", "Vitia", "Patty", "Brett", "Otha", "Debby", "Frank", "Daile", "Frayda", "Ethelda", "Stormi", "Maryellen", "Myrtie", "Ardis", "Lonnie", "Carly", "Norma", "Henriette", "Elissa", "Diana", "Fulvia", "Robbie", "Katharina", "Bambie", "Addi", "Ara", "Odetta", "Corene", "Emylee", "Merrily", "Page", "Jo-Anne", "Enid", "Ally", "Carlita", "Alvina", "Caren", "Mommy", "Mariska", "Charita", "Andrei", "Odelle", "Phedra", "Berty", "Halley", "Leda", "Ginni", "Yetty", "Scarlett", "Daria", "Coralie", "Rhianna", "Belvia", "Pet", "Mia", "Ashleigh", "Elisa", "Nissie", "Kathryn", "Petrina", "Jessamine", "Ilse", "Marja", "Bobbi", "Adoree", "Vilma", "Alta", "Evonne", "Krissy", "Jeniece", "Gwyneth", "Melisent", "Meriel", "Amitie", "Celestyna", "Ashly", "Lisha", "Anderea", "Elita", "Prisca", "Vicki", "Blinni", "Mariejeanne", "Tisha"], "cumulative y": [1, 2, 3, 4, 5, 6, 7, 8, 9, 10, 11, 12, 13, 14, 15, 16, 17, 18, 19, 20, 21, 22, 23, 24, 25, 26, 27, 28, 29, 30, 31, 32, 33, 34, 35, 36, 37, 38, 39, 40, 41, 42, 43, 44, 45, 46, 47, 48, 49, 50, 51, 52, 53, 54, 55, 56, 57, 58, 59, 60, 61, 62, 63, 64, 65, 66, 67, 68, 69, 70, 71, 72, 73, 74, 75, 76, 77, 78, 79, 80, 81, 82, 83, 84, 85, 86, 87, 88, 89, 90, 91, 92, 93, 94, 95, 96, 97, 98, 99, 100, 101, 102, 103, 104, 105, 106, 107, 108, 109, 110, 111, 112, 113, 114, 115, 116, 117, 118, 119, 120, 121, 122, 123, 124, 125, 126, 127, 128, 129, 130, 131, 132, 133, 134, 135], "total events": 135}, "Vulnerabilities Exploited": {"record name": "Vulnerabilities Exploited",