{"Total Initial Vulnerabilities": 530, "Initial Vulns Per OS": {"freebsd": {"11": 25, "10": 22, "12": 25, "9": 56, "13": 5, "8": 67}, "windows": {"8.1": 23, "vista": 25, "8": 22, "7": 13, "10": 7, "xp": 11}, "centos": {"4": 43, "8": 14, "5": 44, "7": 32, "6": 22}, "ubuntu": {"14.04": 34, "18.04": 9, "12.04": 13, "16.04": 15, "20.04": 3}}, "Average Initial RoA Per OS": {"freebsd": {"11": 0.048642292626380874, "10": 0.05702822327974743, "12": 0.05862483363797038, "9": 0.0394443238339932, "13": 0.032286914959545235, "8": 0.04439979136228814}, "windows": {"8.1": 0.06749392079053167, "vista": 0.0883739902743566, "8": 0.08400443408753297, "7": 0.08290744175703746, "10": 0.05998966362159599, "xp": 0.07026693337510703}, "centos": {"4": 0.0271058683800081, "8": 0.10155733021196922, "5": 0.04600625141341779, "7": 0.0761017489991425, "6": 0.055067505467169785}, "ubuntu": {"14.04": 0.06132468858378912, "18.04": 0.04102564931718338, "12.04": 0.10993265839067244, "16.04": 0.026097512891283935, "20.04": 0.04057037226036657}}, "OS Types In Initial Network": {"freebsd 11": 8, "windows 8.1": 14, "centos 8": 24, "ubuntu 20.04": 14, "centos 4": 6, "ubuntu 14.04": 10, "ubuntu 18.04": 8, "freebsd 10": 7, "centos 6": 12, "windows vista": 6, "freebsd 12": 11, "freebsd 9": 6, "freebsd 13": 12, "ubuntu 12.04": 3, "windows 8": 8, "windows 10": 11, "ubuntu 16.04": 8, "centos 5": 11, "windows 7": 7, "freebsd 8": 2, "centos 7": 11, "windows xp": 1}, "Initial Hosts Without Vulnerabilities": 55, "Host Compromises": {"record name": "Host Compromises", "x": [1234, 4708, 7846, 9919, 13327, 15583, 19511, 20388, 36264, 69042, 74251, 84171, 89995, 94396, 103091, 135471, 159237, 160908, 176258, 181847, 181942, 182030, 189683, 196599, 215878, 223149, 229885, 246281], "y": [10, 36, 49, 12, 19, 29, 41, 43, 35, 33, 0, 26, 46, 6, 28, 17, 39, 45, 42, 8, 9, 11, 32, 2, 15, 37, 7, 14], "cumulative y": [1, 2, 3, 4, 5, 6, 7, 8, 9, 10, 11, 12, 13, 14, 15, 16, 17, 18, 19, 20, 21, 22, 23, 24, 25, 26, 27, 28], "total events": 28, "not exposed x": [], "not exposed y": [], "cumulative not exposed y": [], "total not exposed events": 0}, "Vuln Compromises": {"record name": "Vuln Compromises", "x": [1234, 4708, 7846, 9919, 15583, 20388], "y": [10, 36, 49, 12, 29, 43], "cumulative y": [1, 2, 3, 4, 5, 6], "total events": 6, "not exposed x": [], "not exposed y": [], "cumulative not exposed y": [], "total not exposed events": 0}, "Reuse Password Compromises": {"record name": "Reuse Password Compromises", "x": [13327, 19511, 36264, 69042, 74251, 84171, 89995, 94396, 103091, 135471, 159237, 160908, 176258, 181847, 181942, 182030, 189683, 196599, 215878, 223149, 229885, 246281], "y": [19, 41, 35, 33, 0, 26, 46, 6, 28, 17, 39, 45, 42, 8, 9, 11, 32, 2, 15, 37, 7, 14], "cumulative y": [1, 2, 3, 4, 5, 6, 7, 8, 9, 10, 11, 12, 13, 14, 15, 16, 17, 18, 19, 20, 21, 22], "total events": 22, "not exposed x": [], "not exposed y": [], "cumulative not exposed y": [], "total not exposed events": 0}, "Password Spray Compromises": {"record name": "Password Spray Compromises", "x": [], "y": [], "cumulative y": [], "total events": 0, "not exposed x": [], "not exposed y": [], "cumulative not exposed y": [], "total not exposed events": 0}, "User Account Leaks": {"record name": "User Account Has Been Leaked By Compromise", "x": [1234, 1234, 1234, 1234, 1234, 4708, 4708, 4708, 4708, 4708, 7846, 7846, 7846, 7846, 7846, 9919, 9919, 9919, 9919, 9919, 13327, 13327, 13327, 13327, 15583, 15583, 15583, 15583, 19511, 19511, 19511, 20388, 20388, 20388, 20388, 20388, 36264, 36264, 36264, 36264, 69042, 69042, 69042, 74251, 74251, 74251, 84171, 84171, 84171, 89995, 89995, 94396, 94396, 94396, 94396, 103091, 103091, 135471, 135471, 159237, 159237, 160908, 160908, 176258, 176258, 181847, 181847, 181847, 181847, 181942, 181942, 181942, 181942, 182030, 182030, 182030, 182030, 189683, 189683, 189683, 196599, 215878, 215878, 215878, 223149, 223149, 229885, 229885, 229885, 246281, 246281], "y": ["Paula", "Rene", "Marcille", "Rafaela", "Tyne", "Kettie", "Jillene", "Emelia", "Monique", "Gates", "Gunilla", "Cheryl", "Sasha", "Evie", "Hendrika", "Suzi", "Johnath", "Erina", "Florry", "Carolina", "Letizia", "Clementia", "Elli", "Daffi", "Lula", "Lotta", "Shawnee", "Jillayne", "Jacinta", "Dannie", "Marissa", "Georgianna", "Berta", "Minnnie", "Wren", "Blinny", "Elwira", "Midge", "Deina", "Elvina", "Cory", "Pauline", "Margy", "Darby", "Ricky", "Shina", "Georgina", "Rennie", "Cindra", "Natalie", "Evania", "Gui", "Jeannie", "Sonja", "Constancia", "Adriena", "Joanna", "Calypso", "Viviana", "Merci", "Teddy", "Minda", "Brena", "Felicia", "Alyson", "Tildy", "Tatiania", "Anastasie", "Nicole", "Simona", "Carolyn", "Alison", "Paulie", "Clair", "Ceciley", "Sapphire", "Gertrud", "Corenda", "Maggi", "Glen", "Willie", "Fredi", "Cris", "Kellyann", "Jeralee", "Gwenni", "Kirbie", "Karna", "Arabela", "Rubia", "Margaret"], "cumulative y": [1, 2, 3, 4, 5, 6, 7, 8, 9, 10, 11, 12, 13, 14, 15, 16, 17, 18, 19, 20, 21, 22, 23, 24, 25, 26, 27, 28, 29, 30, 31, 32, 33, 34, 35, 36, 37, 38, 39, 40, 41, 42, 43, 44, 45, 46, 47, 48, 49, 50, 51, 52, 53, 54, 55, 56, 57, 58, 59, 60, 61, 62, 63, 64, 65, 66, 67, 68, 69, 70, 71, 72, 73, 74, 75, 76, 77, 78, 79, 80, 81, 82, 83, 84, 85, 86, 87, 88, 89, 90, 91], "total events": 91}, "Vulnerabilities Exploited": {"record name": "Vulnerabilities Exploited", "x": [280, 761, 948, 1143, 1207, 1708, 1708, 2410, 2410, 2410, 3202, 3202, 3202, 3461, 3587, 3775, 4151, 4151, 4318, 5159, 5159, 5159, 5532, 5875, 5875, 6536, 6536, 6536, 6536, 6536, 6536, 6536, 6705, 7754, 7754, 7754, 7846, 8979, 9919, 10169, 13855, 13855, 14133, 14682, 15583, 15583, 15583, 15709, 15709, 16110, 20388, 20388, 20388, 20388, 22692, 22692, 22692, 31653, 37670, 37948, 39295, 51989, 59758, 70014, 102722, 162546, 191871, 246862, 246862, 246862, 246862, 246862, 246862, 246862, 247573], "cumulative exploited vulns": [1, 2, 3, 4, 5, 6, 7, 8, 9, 10, 11, 12, 13, 14, 15, 16, 17, 18, 19, 20, 21, 22, 23, 24, 25, 26, 27, 28, 29, 30, 31, 32, 33, 34, 35, 36, 37, 38, 39, 40, 41, 42, 43, 44, 45, 46, 47, 48, 49, 50, 51, 52, 53, 54, 55, 56, 57, 58, 59, 60, 61, 62, 63, 64, 65, 66, 67, 68, 69, 70, 71, 72, 73, 74, 75], "roa": [0.8411322511571884, 0.6761333928807797, 0.27300353714915515, 0.009672269094741443, 0.2911302792180124, 0.49581127437476996, 0.3322806899026663, 0.5073662677484874, 0.0619666220788427, 0.0619666220788427, 0.4480302340148296, 0.06993651753457077, 0.017828494965683787, 0.28720766310751505, 0.29302306344918594, 0.09789861651547062, 0.7490927959125712, 0.2783740200586028, 0.36507404760531725, 0.1931539359099868, 0.01640402729045576, 0.0024279591438685884, 0.2306784470532846, 0.3258037633557801, 0.3258037633557801, 0.34974382780835656, 0.2232147546107584, 0.3993470636856653, 0.21475755245772365, 0.11009285581789781, 0.03872595252330392, 0.09476218614013655, 0.5483420199252811, 0.30800863168570314, 0.45841679267610597, 0.004849717332853996, 0.5246781776585149, 0.1262734540115264, 0.5077080611591079, 0.09984537385657116, 0.5343769828848678, 0.05303992567922121, 0.12297555153734055, 0.32302486883175735, 0.6333962802202944, 0.64350624798545, 0.5410177178230914, 0.030997509991737716, 0.008984888846202316, 0.6050505287778144, 0.0499153094575034, 0.3857929530927297, 0.08686410492669303, 0.733854342436663, 0.13493861907719681, 0.12587468257079532, 0.5374945887983588, 0.18666361182150232, 0.029738305344599557, 0.4440212267083562, 0.3101120272030339, 0.1265050180532405, 0.08544020563478683, 0.0706335354029922, 0.25533480946959164, 0.009278148763390634, 0.10247081894656093, 0.2899499648050513, 0.11913754605383294, 0.12085992109114489, 0.21404533654172192, 0.2502500188750954, 0.1421251670653954, 0.15933205095887729, 0.49304837731409873],