{"Total Initial Vulnerabilities": 573, "Initial Vulns Per OS": {"windows": {"8.1": 42, "7": 21, "vista": 24, "10": 19, "8": 33}, "centos": {"8": 19, "4": 54, "5": 22, "6": 23, "7": 4}, "freebsd": {"8": 56, "12": 32, "13": 26, "9": 40, "11": 36, "10": 34}, "ubuntu": {"20.04": 18, "16.04": 9, "18.04": 21, "12.04": 11, "14.04": 29}}, "Average Initial RoA Per OS": {"windows": {"8.1": 0.04929653073943976, "7": 0.05202253953742816, "vista": 0.07245353272872164, "10": 0.06256375818019054, "8": 0.03360983115981702}, "centos": {"8": 0.033439959097924535, "4": 0.0792397531310308, "5": 0.056805784081751326, "6": 0.06755411323963764, "7": 0.07398300311135103}, "freebsd": {"8": 0.03571039973545716, "12": 0.05341302107517809, "13": 0.018725664563477504, "9": 0.039822124901834996, "11": 0.05025706765013125, "10": 0.046014145461211214}, "ubuntu": {"20.04": 0.04010427407813638, "16.04": 0.06410677523993827, "18.04": 0.04113500712429231, "12.04": 0.056581091301567854, "14.04": 0.04373070872977574}}, "OS Types In Initial Network": {"windows 8.1": 18, "centos 8": 18, "freebsd 8": 4, "windows 7": 7, "freebsd 12": 12, "ubuntu 20.04": 14, "freebsd 13": 21, "freebsd 9": 6, "centos 7": 6, "windows vista": 5, "windows 8": 10, "windows 10": 14, "ubuntu 16.04": 5, "centos 4": 8, "freebsd 11": 10, "freebsd 10": 7, "centos 5": 7, "ubuntu 18.04": 11, "centos 6": 8, "ubuntu 12.04": 3, "ubuntu 14.04": 6}, "Initial Hosts Without Vulnerabilities": 33, "Host Compromises": {"record name": "Host Compromises", "x": [2102, 5244, 7161, 12533, 12835, 16884, 19297, 26595, 32320, 32813, 33724, 33826, 34471, 35145, 35250, 50092, 68410, 71890, 84290, 86489, 88048, 92255, 98935, 100521, 100602, 102659, 113598, 119665, 130524, 140300, 142234, 146066, 146980, 159414, 160385, 169153, 169965, 180916, 184160, 189193, 195267, 203173, 246088], "y": ["freebsd 9", "freebsd 10", "freebsd 8", "centos 4", "centos 4", "freebsd 8", "windows 8", "centos 7", "windows 8", "windows 10", "freebsd 13", "windows 10", "freebsd 10", "freebsd 11", "windows 7", "ubuntu 18.04", "freebsd 10", "freebsd 13", "centos 6", "centos 5", "centos 4", "freebsd 11", "freebsd 13", "centos 8", "windows 7", "freebsd 12", "windows 8.1", "freebsd 11", "centos 5", "windows 8", "windows 8", "ubuntu 14.04", "freebsd 13", "freebsd 13", "freebsd 11", "freebsd 9", "windows 7", "ubuntu 20.04", "freebsd 11", "windows 8", "centos 8", "windows 8.1", "centos 8"], "cumulative y": [0, 1, 2, 3, 4, 5, 6, 7, 8, 9, 10, 11, 12, 13, 14, 15, 16, 17, 18, 19, 20, 21, 22, 23, 24, 25, 26, 27, 28, 29, 30, 31, 32, 33, 34, 35, 36, 37, 38, 39, 40, 41, 42], "total events": 43}, "Vuln Compromises": {"record name": "Vuln Compromises", "x": [2102, 5244, 7161, 12533, 16884, 32320, 32813, 33724, 33826, 35145, 35250, 50092, 68410, 71890, 84290, 86489, 88048, 92255, 130524, 142234], "y": ["freebsd 9", "freebsd 10", "freebsd 8", "centos 4", "freebsd 8", "windows 8", "windows 10", "freebsd 13", "windows 10", "freebsd 11", "windows 7", "ubuntu 18.04", "freebsd 10", "freebsd 13", "centos 6", "centos 5", "centos 4", "freebsd 11", "centos 5", "windows 8"], "cumulative y": [0, 1, 2, 3, 4, 5, 6, 7, 8, 9, 10, 11, 12, 13, 14, 15, 16, 17, 18, 19], "total events": 20}, "Reuse Password Compromises": {"record name": "Reuse Password Compromises", "x": [12835, 19297, 34471, 98935, 100521, 100602, 102659, 113598, 119665, 140300, 146066, 146980, 159414, 160385, 169153, 169965, 180916, 184160, 189193, 195267, 203173, 246088], "y": ["centos 4", "windows 8", "freebsd 10", "freebsd 13", "centos 8", "windows 7", "freebsd 12", "windows 8.1", "freebsd 11", "windows 8", "ubuntu 14.04", "freebsd 13", "freebsd 13", "freebsd 11", "freebsd 9", "windows 7", "ubuntu 20.04", "freebsd 11", "windows 8", "centos 8", "windows 8.1", "centos 8"], "cumulative y": [0, 1, 2, 3, 4, 5, 6, 7, 8, 9, 10, 11, 12, 13, 14, 15, 16, 17, 18, 19, 20, 21], "total events": 22}, "Password Spray Compromises": {"record name": "Password Spray Compromises", "x": [26595], "y": ["centos 7"], "cumulative y": [0], "total events": 1}, "User Account Leaks": {"record name": "User Account Has Been Leaked By Compromise", "x": [2102, 2102, 2102, 5244, 5244, 5244, 7161, 7161, 7161, 12533, 12533, 12533, 12835, 12835, 16884, 16884, 19297, 19297, 26595, 32320, 32320, 32813, 32813, 33724, 33724, 33826, 34471, 35145, 35145, 35250, 50092, 68410, 71890, 71890, 84290, 84290, 86489, 86489, 88048, 88048, 98935, 100521, 100521, 119665, 130524, 130524, 146980, 146980, 159414, 169153, 169153, 169965], "y": ["Peria", "Yasmeen", "Amy", "Maurita", "Ellissa", "Davida", "Lari", "Shane", "Casi", "Robbie", "Mercedes", "Robinette", "Oralee", "Shaine", "Ardisj", "Glenn", "Candra", "Rebecca", "Siusan", "Leda", "Laura", "Elsinore", "Adora", "Cory", "Gisella", "Lonnie", "Sibley", "Florida", "Leticia", "Stacie", "Latia", "Constancy", "Lilian", "Doris", "Edwina", "Justina", "Vikky", "Adelaida", "Robena", "Marilyn", "Cinda", "Trudie", "Dorolisa", "Juanita", "Verna", "Lucy", "Carroll", "Adoree", "Clarey", "Loise", "Ericka", "Amie"], "cumulative y": [0, 1, 2, 3, 4, 5, 6, 7, 8, 9, 10, 11, 12, 13, 14, 15, 16, 17, 18, 19, 20, 21, 22, 23, 24, 25, 26, 27, 28, 29, 30, 31, 32, 33, 34, 35, 36, 37, 38, 39, 40, 41, 42, 43, 44, 45, 46, 47, 48, 49, 50, 51], "total events": 52}, "Vulnerabilities Exploited": {"record name": "Vulnerabilities Exploited", "x": [215, 937, 937, 1104, 1104, 1335, 1651, 1651, 1651, 1651, 2102, 2102, 2102, 2102, 2497, 2612, 2988, 2988, 2988, 2988, 2988, 2988, 3075, 3075, 3797, 4128, 4626, 4626, 4626, 4801, 4801, 4906, 5244, 5819, 6464, 6812, 6812, 7161, 7161, 7161, 7484, 7484, 7905, 7905, 7905, 7905, 9016, 9016, 9016, 9225, 9661, 10611, 12533, 12726, 14722, 16884, 19051, 19421, 20333, 22509, 23434, 23771, 24043, 30550, 30939, 32320, 32320, 32434, 32885, 33354, 33826, 34261, 35145, 36439, 36439, 36680, 37147, 37147, 37426, 37982, 50092, 50092, 52562, 52910, 67245, 68410, 68410, 68410, 70644, 71629, 71890, 72753, 78851, 84290, 84645, 86148, 86489, 88145, 94540, 96006, 97242, 99326, 99326, 104609, 104609, 112991, 115382, 115382, 124953, 130524, 130524, 130524, 130524, 130524, 130524, 130524, 134910, 147295, 149730, 176884, 182455, 182455, 182455, 182455, 189327, 189739, 200227, 200227, 205976, 240135, 248952], "cumulative exploited vulns": [0, 1, 2, 3, 4, 5, 6, 7, 8, 9, 10, 11, 12, 13, 14, 15, 16, 17, 18, 19, 20, 21, 22, 23, 24, 25, 26, 27, 28, 29, 30, 31, 32, 33, 34, 35, 36, 37, 38, 39, 40, 41, 42, 43, 44, 45, 46, 47, 48, 49, 50, 51, 52, 53, 54, 55, 56, 57, 58, 59, 60, 61, 62, 63, 64, 65, 66, 67, 68, 69, 70, 71, 72, 73, 74, 75, 76, 77, 78, 79, 80, 81, 82, 83, 84, 85, 86, 87, 88, 89, 90, 91, 92, 93, 94, 95, 96, 97, 98, 99, 100, 101, 102, 103, 104, 105, 106, 107, 108, 109, 110, 111, 112, 113, 114, 115, 116, 117, 118, 119, 120, 121, 122, 123, 124, 125, 126, 127, 128, 129, 130],