{"Total Initial Vulnerabilities": 640, "Initial Vulns Per OS": {"freebsd": {"11": 45, "13": 10, "10": 14, "12": 19, "8": 25, "9": 15}, "ubuntu": {"20.04": 12, "16.04": 22, "12.04": 44, "18.04": 10, "10.04": 20, "14.04": 18}, "centos": {"5": 30, "8": 11, "7": 35, "6": 29, "3": 83, "4": 15}, "windows": {"7": 26, "10": 11, "vista": 51, "8.1": 28, "xp": 47, "8": 20}}, "Average Initial RoA Per OS": {"freebsd": {"11": 0.026178698822579605, "13": 0.15026422291888034, "10": 0.07604257852538328, "12": 0.06894723089580686, "8": 0.05275554153834771, "9": 0.02763542886071301}, "ubuntu": {"20.04": 0.04081730633546858, "16.04": 0.06939011142454504, "12.04": 0.04157573594252608, "18.04": 0.006684132813923915, "10.04": 0.041473532087448806, "14.04": 0.07857747143029635}, "centos": {"5": 0.05076055003729248, "8": 0.04213284131303882, "7": 0.03853188752632499, "6": 0.05593395507902146, "3": 0.052289017764692074, "4": 0.06490245935833497}, "windows": {"7": 0.06689183373455379, "10": 0.08246627806112809, "vista": 0.047144868774435196, "8.1": 0.039773254780888445, "xp": 0.05596828710790879, "8": 0.0379755114299123}}, "OS Types In Initial Network": {"freebsd 11": 13, "ubuntu 20.04": 11, "windows 10": 18, "centos 7": 20, "centos 5": 9, "freebsd 13": 12, "windows 7": 6, "ubuntu 16.04": 14, "ubuntu 12.04": 6, "ubuntu 18.04": 5, "centos 6": 12, "ubuntu 10.04": 1, "windows vista": 11, "windows 8.1": 10, "freebsd 10": 3, "centos 8": 11, "freebsd 12": 9, "ubuntu 14.04": 7, "windows xp": 1, "windows 8": 10, "centos 3": 3, "freebsd 8": 1, "centos 4": 3, "freebsd 9": 4}, "Initial Hosts Without Vulnerabilities": 41, "Host Compromises": {"record name": "Host Compromises", "x": [517, 7507, 7786, 48697, 52808, 55891, 67947, 71592, 76300, 78915, 93645, 105201, 105805, 116152, 117196, 120801, 122046, 124618, 125882, 129128, 134763, 141876, 145869, 151342, 155083, 166245, 169266, 172295, 184579, 211928, 220588, 229373, 248360], "y": ["centos 5", "windows xp", "freebsd 11", "ubuntu 10.04", "freebsd 13", "centos 8", "freebsd 11", "freebsd 12", "freebsd 11", "freebsd 10", "windows 8.1", "ubuntu 12.04", "centos 8", "ubuntu 20.04", "centos 6", "centos 8", "freebsd 12", "centos 7", "centos 6", "centos 7", "freebsd 8", "freebsd 11", "centos 7", "windows 7", "windows 8", "freebsd 10", "centos 3", "freebsd 13", "centos 3", "centos 6", "windows 8", "centos 4", "windows 8.1"], "cumulative y": [0, 1, 2, 3, 4, 5, 6, 7, 8, 9, 10, 11, 12, 13, 14, 15, 16, 17, 18, 19, 20, 21, 22, 23, 24, 25, 26, 27, 28, 29, 30, 31, 32], "total events": 33}, "Vuln Compromises": {"record name": "Vuln Compromises", "x": [517, 7507, 7786, 48697, 52808, 55891, 67947, 76300, 78915, 93645, 105201, 105805, 116152, 117196, 120801, 124618, 125882, 129128, 134763, 141876, 145869, 151342, 166245, 169266, 184579, 211928, 229373], "y": ["centos 5", "windows xp", "freebsd 11", "ubuntu 10.04", "freebsd 13", "centos 8", "freebsd 11", "freebsd 11", "freebsd 10", "windows 8.1", "ubuntu 12.04", "centos 8", "ubuntu 20.04", "centos 6", "centos 8", "centos 7", "centos 6", "centos 7", "freebsd 8", "freebsd 11", "centos 7", "windows 7", "freebsd 10", "centos 3", "centos 3", "centos 6", "centos 4"], "cumulative y": [0, 1, 2, 3, 4, 5, 6, 7, 8, 9, 10, 11, 12, 13, 14, 15, 16, 17, 18, 19, 20, 21, 22, 23, 24, 25, 26], "total events": 27}, "Reuse Password Compromises": {"record name": "Reuse Password Compromises", "x": [248360], "y": ["windows 8.1"], "cumulative y": [0], "total events": 1}, "Password Spray Compromises": {"record name": "Password Spray Compromises", "x": [71592, 122046, 155083, 172295, 220588], "y": ["freebsd 12", "freebsd 12", "windows 8", "freebsd 13", "windows 8"], "cumulative y": [0, 1, 2, 3, 4], "total events": 5}, "User Account Leaks": {"record name": "User Account Has Been Leaked By Compromise", "x": [517, 517, 517, 7507, 7507, 7507, 7786, 7786, 48697, 48697, 48697, 52808, 52808, 52808, 55891, 55891, 67947, 67947, 67947, 71592, 71592, 76300, 76300, 78915, 78915, 78915, 105201, 105201, 116152, 116152, 117196, 120801, 120801, 124618, 125882, 125882, 125882, 129128, 134763, 141876, 166245, 166245, 169266, 172295, 184579, 184579, 220588, 229373], "y": ["Rasla", "Myrna", "Melita", "Dolli", "Kathie", "Yalonda", "Gerladina", "Elenore", "Silva", "Fred", "Janot", "Cookie", "Melisent", "Marianna", "Anabella", "Nicolina", "Maurise", "De", "Cherlyn", "Godiva", "Loella", "Elga", "Brita", "Phaedra", "Seana", "Giralda", "Kriste", "Paulette", "Sayre", "Saundra", "Ethelyn", "Haily", "Sula", "Althea", "Fina", "Lelah", "Juline", "Jeri", "Casi", "Johnath", "Betsey", "Ethyl", "Ivie", "Callida", "Clarisse", "Daphna", "Bunnie", "Robby"], "cumulative y": [0, 1, 2, 3, 4, 5, 6, 7, 8, 9, 10, 11, 12, 13, 14, 15, 16, 17, 18, 19, 20, 21, 22, 23, 24, 25, 26, 27, 28, 29, 30, 31, 32, 33, 34, 35, 36, 37, 38, 39, 40, 41, 42, 43, 44, 45, 46, 47], "total events": 48}, "Vulnerabilities Exploited": {"record name": "Vulnerabilities Exploited", "x": [311, 311, 517, 517, 517, 1225, 1539, 1539, 2038, 2038, 2038, 2201, 2586, 2586, 2905, 3595, 3595, 3595, 3595, 3657, 4114, 4114, 4114, 4359, 4359, 4732, 4962, 4962, 5029, 5189, 5189, 5375, 5375, 5588, 5880, 5880, 5880, 6007, 6145, 6145, 6626, 6709, 7507, 7507, 7507, 7507, 7507, 7507, 7507, 7786, 8015, 8292, 8292, 9375, 10156, 11566, 11566, 12169, 12169, 12169, 12169, 13266, 13266, 13426, 14130, 14458, 14458, 15410, 16355, 16447, 17538, 20666, 20666, 21033, 22316, 23294, 26259, 28991, 32640, 33007, 33007, 33967, 38283, 41643, 43305, 48697, 48840, 52418, 53885, 58988, 59367, 65927, 66485, 67947, 73191, 78915, 96520, 105201, 105201, 105805, 106833, 116938, 117196, 118670, 119766, 119766, 119766, 121149, 123184, 123184, 124718, 134763, 134763, 134763, 134763, 134763, 140531, 142020, 142020, 146835, 150764, 151342, 152003, 154621, 154621, 166245, 166245, 166245, 169266, 169266, 169266, 169266, 181196, 184579, 184579, 184579, 184579, 187358, 188937, 196363, 198252, 206922, 221203, 229373, 229373], "cumulative exploited vulns": [0, 1, 2, 3, 4, 5, 6, 7, 8, 9, 10, 11, 12, 13, 14, 15, 16, 17, 18, 19, 20, 21, 22, 23, 24, 25, 26, 27, 28, 29, 30, 31, 32, 33, 34, 35, 36, 37, 38, 39, 40, 41, 42, 43, 44, 45, 46, 47, 48, 49, 50, 51, 52, 53, 54, 55, 56, 57, 58, 59, 60, 61, 62, 63, 64, 65, 66, 67, 68, 69, 70, 71, 72, 73, 74, 75, 76, 77, 78, 79, 80, 81, 82, 83, 84, 85, 86, 87, 88, 89, 90, 91, 92, 93, 94, 95, 96, 97, 98, 99, 100, 101, 102, 103, 104, 105, 106, 107, 108, 109, 110, 111, 112, 113, 114, 115, 116, 117, 118, 119, 120, 121, 122, 123, 124, 125, 126, 127, 128, 129, 130, 131, 132, 133, 134, 135, 136, 137, 138, 139, 140, 141, 142, 143, 144],