{"Total Initial Vulnerabilities": 720, "Initial Vulns Per OS": {"windows": {"7": 40, "8": 36, "8.1": 24, "10": 11, "vista": 18, "xp": 128}, "ubuntu": {"12.04": 31, "10.04": 147, "16.04": 29, "20.04": 9, "18.04": 13, "14.04": 14}, "centos": {"5": 11, "7": 13, "6": 11, "4": 24, "3": 19, "8": 10}, "freebsd": {"10": 19, "11": 27, "12": 16, "9": 30, "8": 40}}, "Average Initial RoA Per OS": {"windows": {"7": 0.11062106537764327, "8": 0.056892302999979306, "8.1": 0.07848948677587432, "10": 0.08105610746011424, "vista": 0.017703480447787703, "xp": 0.06665626159986325}, "ubuntu": {"12.04": 0.0524217779999462, "10.04": 0.0557972904495403, "16.04": 0.02871477728734439, "20.04": 0.053283012583194095, "18.04": 0.14288817902390638, "14.04": 0.04428470024898613}, "centos": {"5": 0.08941546086626352, "7": 0.048714436103236704, "6": 0.014201779874499516, "4": 0.05705664101118204, "3": 0.05165752213494647, "8": 0.09152232524221081}, "freebsd": {"10": 0.027938520210486144, "11": 0.020717746335938297, "12": 0.01330938843254921, "9": 0.06305946589072295, "8": 0.0855416502262596}}, "OS Types In Initial Network": {"windows 7": 10, "ubuntu 12.04": 7, "ubuntu 10.04": 4, "windows 8": 11, "centos 5": 6, "windows 8.1": 13, "ubuntu 18.04": 10, "windows 10": 14, "freebsd 10": 4, "windows vista": 5, "ubuntu 16.04": 9, "freebsd 13": 9, "freebsd 11": 8, "centos 7": 11, "freebsd 12": 13, "ubuntu 20.04": 12, "centos 6": 9, "windows xp": 4, "centos 4": 6, "freebsd 9": 7, "centos 8": 18, "centos 3": 2, "ubuntu 14.04": 6, "freebsd 8": 2}, "Initial Hosts Without Vulnerabilities": 58, "Host Compromises": {"record name": "Host Compromises", "x": [1270, 3136, 3571, 5228, 5754, 6190, 8319, 11898, 13097, 14203, 14883, 15695, 15755, 21403, 25867, 26006, 29107, 35828, 44682, 46025, 54063, 54800, 55027, 56459, 56840, 62411, 65006, 80794, 89432, 107026, 117238, 120403, 139261, 141904, 145806, 188675, 192105, 197449, 198948, 199061, 204447, 204914, 225532, 231183], "y": ["ubuntu 10.04", "windows 8.1", "ubuntu 16.04", "windows xp", "windows 7", "windows vista", "ubuntu 10.04", "freebsd 9", "windows 7", "centos 3", "centos 8", "freebsd 10", "ubuntu 20.04", "ubuntu 10.04", "windows xp", "windows 8", "freebsd 11", "windows 7", "freebsd 11", "centos 4", "windows 8", "freebsd 13", "centos 4", "windows 8", "centos 8", "windows 8.1", "centos 3", "windows 10", "freebsd 12", "centos 8", "ubuntu 16.04", "freebsd 11", "centos 7", "ubuntu 16.04", "windows 8", "centos 6", "windows xp", "windows 10", "freebsd 9", "windows 8", "windows 8.1", "ubuntu 20.04", "centos 4", "ubuntu 14.04"], "cumulative y": [0, 1, 2, 3, 4, 5, 6, 7, 8, 9, 10, 11, 12, 13, 14, 15, 16, 17, 18, 19, 20, 21, 22, 23, 24, 25, 26, 27, 28, 29, 30, 31, 32, 33, 34, 35, 36, 37, 38, 39, 40, 41, 42, 43], "total events": 44}, "Vuln Compromises": {"record name": "Vuln Compromises", "x": [1270, 3136, 3571, 5228, 5754, 6190, 8319, 11898, 14203, 15755, 21403, 25867, 26006, 35828, 54063, 55027, 56840, 65006, 80794, 107026, 117238, 120403, 141904, 145806, 188675, 198948, 199061, 231183], "y": ["ubuntu 10.04", "windows 8.1", "ubuntu 16.04", "windows xp", "windows 7", "windows vista", "ubuntu 10.04", "freebsd 9", "centos 3", "ubuntu 20.04", "ubuntu 10.04", "windows xp", "windows 8", "windows 7", "windows 8", "centos 4", "centos 8", "centos 3", "windows 10", "centos 8", "ubuntu 16.04", "freebsd 11", "ubuntu 16.04", "windows 8", "centos 6", "freebsd 9", "windows 8", "ubuntu 14.04"], "cumulative y": [0, 1, 2, 3, 4, 5, 6, 7, 8, 9, 10, 11, 12, 13, 14, 15, 16, 17, 18, 19, 20, 21, 22, 23, 24, 25, 26, 27], "total events": 28}, "Reuse Password Compromises": {"record name": "Reuse Password Compromises", "x": [13097, 14883, 15695, 29107, 46025, 54800, 56459, 62411, 89432, 192105, 204447, 204914, 225532], "y": ["windows 7", "centos 8", "freebsd 10", "freebsd 11", "centos 4", "freebsd 13", "windows 8", "windows 8.1", "freebsd 12", "windows xp", "windows 8.1", "ubuntu 20.04", "centos 4"], "cumulative y": [0, 1, 2, 3, 4, 5, 6, 7, 8, 9, 10, 11, 12], "total events": 13}, "Password Spray Compromises": {"record name": "Password Spray Compromises", "x": [44682, 139261, 197449], "y": ["freebsd 11", "centos 7", "windows 10"], "cumulative y": [0, 1, 2], "total events": 3}, "User Account Leaks": {"record name": "User Account Has Been Leaked By Compromise", "x": [1270, 1270, 1270, 3136, 3136, 3136, 3571, 3571, 5228, 5228, 5754, 5754, 5754, 6190, 6190, 8319, 8319, 8319, 11898, 11898, 13097, 13097, 14203, 14203, 14883, 15695, 15755, 15755, 15755, 21403, 21403, 25867, 25867, 26006, 44682, 44682, 46025, 54063, 54063, 55027, 55027, 56840, 56840, 62411, 107026, 117238, 117238, 192105, 197449, 197449, 198948, 198948, 199061, 204447, 225532], "y": ["Queenie", "Laverna", "Margeaux", "Jolyn", "Chelsy", "Lilah", "Eddy", "Anthia", "Arlene", "Nomi", "Livvy", "Marys", "Tamera", "Nadeen", "Anna-Diana", "Jeniffer", "Latrina", "Sarine", "Francoise", "Edie", "Vivia", "Dyna", "Rosene", "Arabela", "Saloma", "Adriena", "Cyndia", "Prudy", "Julieta", "Briny", "Brier", "Zulema", "Florencia", "Ariel", "Vale", "Jolee", "Riannon", "Kaja", "Rebe", "Brandea", "Aleen", "Malva", "Sharleen", "Thia", "Dotti", "Marrilee", "Melitta", "Irena", "Kat", "Jeana", "Yovonnda", "Michaelina", "Wrennie", "Gaynor", "Dorree"], "cumulative y": [0, 1, 2, 3, 4, 5, 6, 7, 8, 9, 10, 11, 12, 13, 14, 15, 16, 17, 18, 19, 20, 21, 22, 23, 24, 25, 26, 27, 28, 29, 30, 31, 32, 33, 34, 35, 36, 37, 38, 39, 40, 41, 42, 43, 44, 45, 46, 47, 48, 49, 50, 51, 52, 53, 54], "total events": 55}, "Vulnerabilities Exploited": {"record name": "Vulnerabilities Exploited", "x": [265, 265, 265, 265, 265, 1270, 1270, 1270, 1270, 1338, 1632, 1762, 1976, 2208, 2596, 3136, 3136, 3616, 5228, 5228, 5228, 5228, 5228, 5228, 5228, 5228, 5228, 5228, 5228, 5228, 5228, 5228, 5228, 5228, 5228, 5754, 5754, 6190, 6190, 6190, 6190, 8319, 8319, 8319, 8319, 8319, 8319, 8319, 8319, 8319, 8319, 8319, 8319, 8319, 8319, 8319, 8319, 8319, 8319, 8319, 8319, 8319, 8500, 8500, 9161, 9474, 11631, 11631, 11631, 11631, 11631, 11898, 11898, 12110, 12750, 12750, 14695, 15491, 15491, 15491, 15491, 18831, 18831, 19811, 20104, 21403, 21403, 21403, 21977, 25867, 25867, 25867, 25867, 25867, 26006, 26006, 26006, 27538, 30637, 30637, 35828, 35982, 35982, 39809, 40277, 45757, 46150, 47740, 47740, 54262, 61099, 61099, 63932, 63932, 63932, 63932, 65006, 65006, 66658, 69042, 69042, 71293, 74313, 79600, 80179, 110552, 114882, 117238, 120403, 121490, 133072, 136206, 138253, 145806, 146102, 146102, 164376, 173129, 185899, 192715, 198948, 220251, 222922, 222922, 222922], "cumulative exploited vulns": [0, 1, 2, 3, 4, 5, 6, 7, 8, 9, 10, 11, 12, 13, 14, 15, 16, 17, 18, 19, 20, 21, 22, 23, 24, 25, 26, 27, 28, 29, 30, 31, 32, 33, 34, 35, 36, 37, 38, 39, 40, 41, 42, 43, 44, 45, 46, 47, 48, 49, 50, 51, 52, 53, 54, 55, 56, 57, 58, 59, 60, 61, 62, 63, 64, 65, 66, 67, 68, 69, 70, 71, 72, 73, 74, 75, 76, 77, 78, 79, 80, 81, 82, 83, 84, 85, 86, 87, 88, 89, 90, 91, 92, 93, 94, 95, 96, 97, 98, 99, 100, 101, 102, 103, 104, 105, 106, 107, 108, 109, 110, 111, 112, 113, 114, 115, 116, 117, 118, 119, 120, 121, 122, 123, 124, 125, 126, 127, 128, 129, 130, 131, 132, 133, 134, 135, 136, 137, 138, 139, 140, 141, 142, 143, 144],