{"Total Initial Vulnerabilities": 712, "Initial Vulns Per OS": {"ubuntu": {"20.04": 15, "12.04": 20, "14.04": 52, "18.04": 14, "16.04": 22, "10.04": 88}, "windows": {"8.1": 23, "10": 11, "7": 44, "vista": 21, "8": 16, "xp": 63}, "freebsd": {"12": 15, "11": 18, "10": 54, "9": 20, "13": 7, "8": 125}, "centos": {"5": 21, "7": 16, "8": 5, "4": 32, "6": 8, "3": 2}}, "Average Initial RoA Per OS": {"ubuntu": {"20.04": 0.05755593213947351, "12.04": 0.018762308742807005, "14.04": 0.06339736580561313, "18.04": 0.02237153224134082, "16.04": 0.02546940000089887, "10.04": 0.048045183334810844}, "windows": {"8.1": 0.09191149639024626, "10": 0.04468745325663689, "7": 0.10696914059419754, "vista": 0.06416693977783762, "8": 0.075702725016649, "xp": 0.05136415179142162}, "freebsd": {"12": 0.040997386227630245, "11": 0.05659441471234136, "10": 0.04755471900260466, "9": 0.04248628899027852, "13": 0.2224644067422819, "8": 0.046964957012934384}, "centos": {"5": 0.04585816917873014, "7": 0.04251997132711451, "8": 0.13953662645388398, "4": 0.044820060214696596, "6": 0.17040323035943508, "3": 0.04338595018985159}}, "OS Types In Initial Network": {"ubuntu 20.04": 23, "windows 8.1": 9, "windows 10": 24, "freebsd 12": 13, "ubuntu 12.04": 2, "ubuntu 14.04": 8, "centos 8": 11, "centos 5": 6, "windows 7": 10, "centos 7": 11, "ubuntu 18.04": 13, "freebsd 13": 12, "centos 4": 5, "ubuntu 16.04": 7, "centos 6": 7, "windows vista": 4, "freebsd 11": 9, "windows 8": 5, "ubuntu 10.04": 3, "freebsd 10": 9, "freebsd 9": 3, "freebsd 8": 4, "windows xp": 1, "centos 3": 1}, "Initial Hosts Without Vulnerabilities": 60, "Host Compromises": {"record name": "Host Compromises", "x": [3836, 6206, 7281, 7321, 7845, 8518, 8601, 9003, 9443, 10058, 10135, 11543, 14120, 14429, 14714, 19069, 21053, 23740, 24785, 24850, 26180, 27250, 27958, 28059, 30680, 32493, 36423, 36521, 37280, 37354, 39495, 39797, 41134, 41345, 41430, 41521, 44373, 45907, 47954, 53249, 53343, 53426, 56942, 58209, 58713, 65414, 65537, 87708, 106865, 109800, 116561, 118706, 123687, 147963, 150830, 154818, 156935, 203848, 208542, 237861], "y": ["ubuntu 20.04", "freebsd 10", "freebsd 12", "ubuntu 12.04", "windows 10", "freebsd 8", "windows 7", "windows vista", "windows 10", "windows 8", "ubuntu 18.04", "windows 7", "windows 7", "windows 8.1", "centos 7", "windows 10", "windows 10", "ubuntu 10.04", "freebsd 11", "freebsd 8", "freebsd 11", "windows 7", "ubuntu 18.04", "ubuntu 18.04", "centos 8", "windows vista", "freebsd 9", "centos 5", "freebsd 13", "ubuntu 20.04", "freebsd 12", "centos 4", "centos 4", "windows 7", "freebsd 12", "centos 7", "ubuntu 20.04", "freebsd 10", "centos 7", "freebsd 10", "ubuntu 14.04", "centos 6", "ubuntu 12.04", "ubuntu 18.04", "ubuntu 16.04", "freebsd 13", "windows 7", "ubuntu 14.04", "centos 7", "windows 8.1", "freebsd 10", "ubuntu 14.04", "freebsd 12", "ubuntu 16.04", "freebsd 13", "freebsd 12", "centos 5", "freebsd 12", "freebsd 11", "windows 10"], "cumulative y": [0, 1, 2, 3, 4, 5, 6, 7, 8, 9, 10, 11, 12, 13, 14, 15, 16, 17, 18, 19, 20, 21, 22, 23, 24, 25, 26, 27, 28, 29, 30, 31, 32, 33, 34, 35, 36, 37, 38, 39, 40, 41, 42, 43, 44, 45, 46, 47, 48, 49, 50, 51, 52, 53, 54, 55, 56, 57, 58, 59], "total events": 60}, "Vuln Compromises": {"record name": "Vuln Compromises", "x": [3836, 6206, 7845, 8518, 10058, 14120, 14429, 23740, 27250, 36423, 39797, 41134, 41345, 41521, 53249, 87708, 106865, 109800, 116561, 118706, 147963, 156935, 203848, 237861], "y": ["ubuntu 20.04", "freebsd 10", "windows 10", "freebsd 8", "windows 8", "windows 7", "windows 8.1", "ubuntu 10.04", "windows 7", "freebsd 9", "centos 4", "centos 4", "windows 7", "centos 7", "freebsd 10", "ubuntu 14.04", "centos 7", "windows 8.1", "freebsd 10", "ubuntu 14.04", "ubuntu 16.04", "centos 5", "freebsd 12", "windows 10"], "cumulative y": [0, 1, 2, 3, 4, 5, 6, 7, 8, 9, 10, 11, 12, 13, 14, 15, 16, 17, 18, 19, 20, 21, 22, 23], "total events": 24}, "Reuse Password Compromises": {"record name": "Reuse Password Compromises", "x": [7281, 7321, 8601, 9003, 9443, 10135, 11543, 14714, 19069, 21053, 24785, 24850, 26180, 27958, 28059, 30680, 32493, 36521, 37280, 37354, 39495, 41430, 44373, 45907, 47954, 53343, 53426, 56942, 58209, 58713, 65414, 65537, 123687, 150830, 154818, 208542], "y": ["freebsd 12", "ubuntu 12.04", "windows 7", "windows vista", "windows 10", "ubuntu 18.04", "windows 7", "centos 7", "windows 10", "windows 10", "freebsd 11", "freebsd 8", "freebsd 11", "ubuntu 18.04", "ubuntu 18.04", "centos 8", "windows vista", "centos 5", "freebsd 13", "ubuntu 20.04", "freebsd 12", "freebsd 12", "ubuntu 20.04", "freebsd 10", "centos 7", "ubuntu 14.04", "centos 6", "ubuntu 12.04", "ubuntu 18.04", "ubuntu 16.04", "freebsd 13", "windows 7", "freebsd 12", "freebsd 13", "freebsd 12", "freebsd 11"], "cumulative y": [0, 1, 2, 3, 4, 5, 6, 7, 8, 9, 10, 11, 12, 13, 14, 15, 16, 17, 18, 19, 20, 21, 22, 23, 24, 25, 26, 27, 28, 29, 30, 31, 32, 33, 34, 35], "total events": 36}, "Password Spray Compromises": {"record name": "Password Spray Compromises", "x": [], "y": [], "cumulative y": [], "total events": 0}, "User Account Leaks": {"record name": "User Account Has Been Leaked By Compromise", "x": [3836, 3836, 3836, 6206, 6206, 6206, 7281, 7281, 7321, 7321, 7845, 7845, 7845, 8518, 8518, 8601, 8601, 9003, 9003, 9443, 9443, 10058, 10058, 10135, 11543, 11543, 14120, 14429, 14429, 14714, 14714, 19069, 19069, 21053, 23740, 23740, 24850, 26180, 27250, 27250, 27958, 27958, 28059, 32493, 36423, 36423, 37280, 37354, 39495, 39797, 39797, 47954, 53249, 53249, 53249, 56942, 87708, 106865, 156935, 156935], "y": ["Kippy", "Cherie", "Florella", "Adelice", "Ardisj", "Una", "Sena", "Florida", "Latisha", "Auberta", "Karen", "Germaine", "Fiona", "Deeann", "Deanna", "Henrietta", "Miof Mela", "Kettie", "Avie", "Ninnette", "Natalee", "Maribel", "Adah", "Joan", "Betta", "Brynna", "Loella", "Charin", "Easter", "Dasya", "Magdalene", "Marilyn", "Rakel", "Margaretha", "Phyllis", "Paloma", "Sosanna", "Wilow", "Ellen", "Marsiella", "Krystalle", "Beitris", "Karrah", "Patrica", "Marquita", "Lurlene", "Simona", "Fiorenze", "Bobbee", "Michelle", "Ann-Marie", "Sela", "Elvina", "Kathi", "Wilmette", "Denise", "Cass", "Gaby", "Kirby", "Carrissa"], "cumulative y": [0, 1, 2, 3, 4, 5, 6, 7, 8, 9, 10, 11, 12, 13, 14, 15, 16, 17, 18, 19, 20, 21, 22, 23, 24, 25, 26, 27, 28, 29, 30, 31, 32, 33, 34, 35, 36, 37, 38, 39, 40, 41, 42, 43, 44, 45, 46, 47, 48, 49, 50, 51, 52, 53, 54, 55, 56, 57, 58, 59], "total events": 60}, "Vulnerabilities Exploited": {"record name": "Vulnerabilities Exploited", "x": [103, 207, 357, 357, 357, 469, 469, 469, 572, 1015, 1079, 1629, 1629, 1629, 1629, 1629, 1629, 2068, 2148, 3036, 3036, 3036, 3036, 3036, 3036, 3698, 3836, 3836, 4163, 4397, 5685, 5685, 5685, 5685, 5685, 5685, 5685, 5685, 5685, 5685, 6206, 6206, 6206, 6641, 6641, 6641, 8518, 8518, 8518, 8518, 8518, 8518, 8518, 8518, 8518, 8842, 10058, 10989, 12475, 12475, 12475, 13864, 14120, 14429, 16358, 16358, 16358, 16358, 16358, 18154, 18865, 20806, 23740, 23740, 23740, 25675, 26880, 27250, 28732, 28732, 28732, 28732, 35761, 36423, 36423, 36423, 36423, 39797, 41134, 41345, 44026, 46589, 48076, 53831, 53831, 54728, 54728, 55109, 66188, 66970, 70031, 70031, 70031, 82301, 87708, 87708, 87890, 87890, 87890, 87890, 90611, 94150, 95766, 106008, 106865, 109800, 116561, 116561, 116561, 149304, 156935, 196093, 237465], "cumulative exploited vulns": [0, 1, 2, 3, 4, 5, 6, 7, 8, 9, 10, 11, 12, 13, 14, 15, 16, 17, 18, 19, 20, 21, 22, 23, 24, 25, 26, 27, 28, 29, 30, 31, 32, 33, 34, 35, 36, 37, 38, 39, 40, 41, 42, 43, 44, 45, 46, 47, 48, 49, 50, 51, 52, 53, 54, 55, 56, 57, 58, 59, 60, 61, 62, 63, 64, 65, 66, 67, 68, 69, 70, 71, 72, 73, 74, 75, 76, 77, 78, 79, 80, 81, 82, 83, 84, 85, 86, 87, 88, 89, 90, 91, 92, 93, 94, 95, 96, 97, 98, 99, 100, 101, 102, 103, 104, 105, 106, 107, 108, 109, 110, 111, 112, 113, 114, 115, 116, 117, 118, 119, 120, 121, 122],