{"Total Initial Vulnerabilities": 578, "Initial Vulns Per OS": {"ubuntu": {"16.04": 52, "18.04": 29, "20.04": 11, "14.04": 26, "10.04": 15, "12.04": 11}, "windows": {"8": 50, "8.1": 24, "7": 14, "10": 4, "xp": 69, "vista": 4}, "freebsd": {"12": 18, "10": 13, "13": 11, "11": 23, "9": 29, "8": 13}, "centos": {"3": 58, "8": 14, "6": 33, "7": 19, "5": 32, "4": 6}}, "Average Initial RoA Per OS": {"ubuntu": {"16.04": 0.051273412681427696, "18.04": 0.039068688338637275, "20.04": 0.017576610388706036, "14.04": 0.03571848437399251, "10.04": 0.08033948426611089, "12.04": 0.037948835404570364}, "windows": {"8": 0.034676496972727365, "8.1": 0.07888612025490173, "7": 0.030791944200916806, "10": 0.07996978267266665, "xp": 0.06920388704323101, "vista": 0.05689942309618211}, "freebsd": {"12": 0.05056454193596418, "10": 0.07603419093868898, "13": 0.058440450961509224, "11": 0.025743721702282202, "9": 0.03674908716575706, "8": 0.016108387544322013}, "centos": {"3": 0.05535905897220298, "8": 0.05082449210239172, "6": 0.048271994099744954, "7": 0.06383998561684949, "5": 0.04864497411609711, "4": 0.01494185489086487}}, "OS Types In Initial Network": {"ubuntu 16.04": 13, "windows 8": 13, "centos 8": 19, "freebsd 12": 12, "freebsd 10": 3, "windows 8.1": 11, "ubuntu 20.04": 23, "freebsd 13": 15, "ubuntu 18.04": 13, "centos 3": 4, "centos 6": 10, "windows 10": 6, "windows 7": 6, "freebsd 11": 10, "centos 7": 11, "ubuntu 14.04": 8, "ubuntu 10.04": 1, "freebsd 9": 6, "centos 5": 8, "ubuntu 12.04": 2, "windows xp": 2, "windows vista": 2, "freebsd 8": 1, "centos 4": 1}, "Initial Hosts Without Vulnerabilities": 56, "Host Compromises": {"record name": "Host Compromises", "x": [905, 4683, 6448, 6848, 13173, 13464, 15280, 16541, 17104, 20491, 24993, 25836, 27110, 29168, 30400, 30867, 32427, 32900, 33221, 34832, 40828, 43225, 46280, 47782, 49274, 49635, 52765, 53225, 54935, 55372, 55484, 56364, 57257, 58889, 60044, 64408, 64529, 64636, 64734, 64840, 64956, 66982, 67076, 67527, 68729, 69576, 71596, 71681, 73365, 76201, 76304, 79570, 80278, 88602, 90625, 91993, 92542, 92653, 94833, 94953, 106429, 108221, 115098, 116162, 118320, 122049, 122607, 122739, 123793, 125220, 132493, 132588, 137606, 139893, 153213, 160281, 161478, 162026, 165850, 169802, 171733, 174135, 174715, 176055, 179505, 190537, 195869, 198510, 207416, 211670, 220407, 231085, 233405, 235962, 238193], "y": ["ubuntu 16.04", "centos 3", "windows 7", "ubuntu 14.04", "centos 3", "centos 4", "centos 7", "windows 8", "centos 3", "windows 8.1", "ubuntu 14.04", "ubuntu 20.04", "freebsd 11", "centos 5", "freebsd 9", "freebsd 13", "windows 8", "freebsd 8", "ubuntu 14.04", "windows xp", "centos 5", "freebsd 13", "freebsd 12", "windows 8.1", "windows 8", "ubuntu 20.04", "ubuntu 20.04", "ubuntu 18.04", "freebsd 12", "freebsd 13", "freebsd 11", "windows 10", "ubuntu 18.04", "windows 8", "centos 8", "windows 7", "freebsd 13", "windows 8.1", "ubuntu 18.04", "centos 8", "windows 8", "ubuntu 20.04", "centos 6", "ubuntu 12.04", "centos 5", "windows 8", "windows 8", "windows 7", "windows 7", "ubuntu 16.04", "windows 8", "centos 5", "windows 7", "ubuntu 20.04", "freebsd 12", "freebsd 10", "freebsd 11", "windows 10", "ubuntu 16.04", "freebsd 12", "centos 7", "ubuntu 16.04", "ubuntu 20.04", "ubuntu 18.04", "ubuntu 16.04", "centos 7", "freebsd 10", "centos 5", "freebsd 11", "windows vista", "freebsd 13", "windows 8", "windows 8.1", "ubuntu 18.04", "windows 8", "windows 8.1", "centos 5", "freebsd 12", "freebsd 9", "ubuntu 18.04", "ubuntu 14.04", "centos 7", "centos 6", "ubuntu 10.04", "freebsd 13", "centos 5", "ubuntu 14.04", "centos 7", "centos 6", "windows 8.1", "ubuntu 14.04", "freebsd 12", "ubuntu 16.04", "ubuntu 16.04", "ubuntu 20.04"], "cumulative y": [0, 1, 2, 3, 4, 5, 6, 7, 8, 9, 10, 11, 12, 13, 14, 15, 16, 17, 18, 19, 20, 21, 22, 23, 24, 25, 26, 27, 28, 29, 30, 31, 32, 33, 34, 35, 36, 37, 38, 39, 40, 41, 42, 43, 44, 45, 46, 47, 48, 49, 50, 51, 52, 53, 54, 55, 56, 57, 58, 59, 60, 61, 62, 63, 64, 65, 66, 67, 68, 69, 70, 71, 72, 73, 74, 75, 76, 77, 78, 79, 80, 81, 82, 83, 84, 85, 86, 87, 88, 89, 90, 91, 92, 93, 94], "total events": 95}, "Vuln Compromises": {"record name": "Vuln Compromises", "x": [905, 4683, 6448, 6848, 16541, 17104, 20491, 24993, 27110, 30400, 30867, 32900, 34832, 40828, 49274, 53225, 54935, 55372, 57257, 58889, 64529, 64956, 68729, 71596, 79570, 80278, 90625, 91993, 94833, 94953, 118320, 122049, 122607, 123793, 125220, 132588, 160281, 161478, 162026, 165850, 171733, 174715, 176055, 190537, 195869, 207416, 211670, 220407, 231085, 233405, 235962], "y": ["ubuntu 16.04", "centos 3", "windows 7", "ubuntu 14.04", "windows 8", "centos 3", "windows 8.1", "ubuntu 14.04", "freebsd 11", "freebsd 9", "freebsd 13", "freebsd 8", "windows xp", "centos 5", "windows 8", "ubuntu 18.04", "freebsd 12", "freebsd 13", "ubuntu 18.04", "windows 8", "freebsd 13", "windows 8", "centos 5", "windows 8", "centos 5", "windows 7", "freebsd 12", "freebsd 10", "ubuntu 16.04", "freebsd 12", "ubuntu 16.04", "centos 7", "freebsd 10", "freebsd 11", "windows vista", "windows 8", "windows 8.1", "centos 5", "freebsd 12", "freebsd 9", "ubuntu 14.04", "centos 6", "ubuntu 10.04", "centos 5", "ubuntu 14.04", "centos 6", "windows 8.1", "ubuntu 14.04", "freebsd 12", "ubuntu 16.04", "ubuntu 16.04"], "cumulative y": [0, 1, 2, 3, 4, 5, 6, 7, 8, 9, 10, 11, 12, 13, 14, 15, 16, 17, 18, 19, 20, 21, 22, 23, 24, 25, 26, 27, 28, 29, 30, 31, 32, 33, 34, 35, 36, 37, 38, 39, 40, 41, 42, 43, 44, 45, 46, 47, 48, 49, 50], "total events": 51}, "Reuse Password Compromises": {"record name": "Reuse Password Compromises", "x": [13173, 13464, 15280, 25836, 29168, 32427, 33221, 43225, 46280, 47782, 49635, 52765, 55484, 56364, 60044, 64408, 64636, 64734, 64840, 66982, 67076, 67527, 69576, 71681, 73365, 76201, 76304, 88602, 92542, 92653, 106429, 108221, 115098, 116162, 122739, 132493, 137606, 139893, 153213, 169802, 174135], "y": ["centos 3", "centos 4", "centos 7", "ubuntu 20.04", "centos 5", "windows 8", "ubuntu 14.04", "freebsd 13", "freebsd 12", "windows 8.1", "ubuntu 20.04", "ubuntu 20.04", "freebsd 11", "windows 10", "centos 8", "windows 7", "windows 8.1", "ubuntu 18.04", "centos 8", "ubuntu 20.04", "centos 6", "ubuntu 12.04", "windows 8", "windows 7", "windows 7", "ubuntu 16.04", "windows 8", "ubuntu 20.04", "freebsd 11", "windows 10", "centos 7", "ubuntu 16.04", "ubuntu 20.04", "ubuntu 18.04", "centos 5", "freebsd 13", "windows 8.1", "ubuntu 18.04", "windows 8", "ubuntu 18.04", "centos 7"], "cumulative y": [0, 1, 2, 3, 4, 5, 6, 7, 8, 9, 10, 11, 12, 13, 14, 15, 16, 17, 18, 19, 20, 21, 22, 23, 24, 25, 26, 27, 28, 29, 30, 31, 32, 33, 34, 35, 36, 37, 38, 39, 40], "total events": 41}, "Password Spray Compromises": {"record name": "Password Spray Compromises", "x": [179505, 198510, 238193], "y": ["freebsd 13", "centos 7", "ubuntu 20.04"], "cumulative y": [0, 1, 2], "total events": 3}, "User Account Leaks": {"record name": "User Account Has Been Leaked By Compromise", "x": [905, 905, 905, 4683, 4683, 6448, 6448, 6448, 6848, 6848, 13173, 13173, 13464, 15280, 15280, 16541, 16541, 17104, 17104, 17104, 20491, 20491, 24993, 25836, 25836, 29168, 30400, 30867, 32427, 32900, 32900, 32900, 34832, 34832, 40828, 40828, 46280, 47782, 49274, 49274, 49274, 53225, 53225, 54935, 55372, 55484, 55484, 56364, 57257, 58889, 64529, 64840, 66982, 69576, 71681, 73365, 80278, 90625, 91993, 92653, 94833, 132588, 137606, 162026, 169802, 190537],