{"Total Initial Vulnerabilities": 783, "Initial Vulns Per OS": {"ubuntu": {"14.04": 15, "12.04": 12, "10.04": 164, "20.04": 21, "18.04": 18, "16.04": 26}, "windows": {"8.1": 53, "7": 15, "8": 41, "10": 14, "vista": 26}, "freebsd": {"10": 41, "12": 24, "13": 11, "9": 25, "11": 26, "8": 76}, "centos": {"5": 31, "6": 31, "3": 67, "7": 8, "8": 10, "4": 28}}, "Average Initial RoA Per OS": {"ubuntu": {"14.04": 0.039505653092134954, "12.04": 0.12033731759738138, "10.04": 0.050885592174262834, "20.04": 0.02120485071355712, "18.04": 0.09751142242022491, "16.04": 0.09693929260467066}, "windows": {"8.1": 0.06169303280422187, "7": 0.060356459435325596, "8": 0.0888201327146502, "10": 0.0339036587118276, "vista": 0.12447036134268828}, "freebsd": {"10": 0.060466031342694064, "12": 0.06589053578698181, "13": 0.03572992195315989, "9": 0.09086065573163647, "11": 0.07014313458522707, "8": 0.06505613376245595}, "centos": {"5": 0.04430597704874251, "6": 0.07803468240195725, "3": 0.06681755510002711, "7": 0.04758754637680594, "8": 0.029064903278141346, "4": 0.04607424125888281}}, "OS Types In Initial Network": {"ubuntu 20.04": 16, "ubuntu 14.04": 4, "windows 8.1": 23, "windows 7": 5, "windows 8": 12, "windows 10": 14, "freebsd 10": 12, "ubuntu 16.04": 9, "freebsd 12": 14, "freebsd 13": 18, "windows vista": 4, "freebsd 9": 4, "centos 8": 14, "centos 5": 5, "ubuntu 12.04": 2, "ubuntu 10.04": 5, "centos 6": 8, "freebsd 11": 9, "ubuntu 18.04": 8, "centos 3": 3, "centos 7": 4, "freebsd 8": 3, "centos 4": 4}, "Initial Hosts Without Vulnerabilities": 43, "Host Compromises": {"record name": "Host Compromises", "x": [3920, 4333, 7524, 9864, 12040, 16235, 19211, 22144, 23271, 74890, 114551, 157245, 220128, 237506], "y": ["ubuntu 12.04", "freebsd 10", "freebsd 10", "windows 8", "freebsd 10", "ubuntu 10.04", "ubuntu 10.04", "windows 8", "windows vista", "windows 10", "windows 10", "centos 6", "ubuntu 20.04", "freebsd 11"], "cumulative y": [0, 1, 2, 3, 4, 5, 6, 7, 8, 9, 10, 11, 12, 13], "total events": 14}, "Vuln Compromises": {"record name": "Vuln Compromises", "x": [3920, 4333, 7524, 9864, 12040, 16235, 19211, 22144, 23271], "y": ["ubuntu 12.04", "freebsd 10", "freebsd 10", "windows 8", "freebsd 10", "ubuntu 10.04", "ubuntu 10.04", "windows 8", "windows vista"], "cumulative y": [0, 1, 2, 3, 4, 5, 6, 7, 8], "total events": 9}, "Reuse Password Compromises": {"record name": "Reuse Password Compromises", "x": [], "y": [], "cumulative y": [], "total events": 0}, "Password Spray Compromises": {"record name": "Password Spray Compromises", "x": [74890, 114551, 157245, 220128, 237506], "y": ["windows 10", "windows 10", "centos 6", "ubuntu 20.04", "freebsd 11"], "cumulative y": [0, 1, 2, 3, 4], "total events": 5}, "User Account Leaks": {"record name": "User Account Has Been Leaked By Compromise", "x": [3920, 3920, 3920, 4333, 4333, 4333, 7524, 7524, 7524, 9864, 9864, 12040, 12040, 16235, 16235, 19211, 19211, 22144, 22144, 23271, 23271, 74890, 74890, 114551, 114551, 157245, 157245, 220128, 237506], "y": ["Corie", "Margareta", "Ira", "Joella", "Margaux", "Caria", "Correy", "Maribelle", "Billye", "Merrile", "Ilyssa", "Dania", "Vale", "Roby", "Johanna", "Morgen", "Halli", "Amanda", "Valencia", "Karylin", "Rosemonde", "Flossie", "Ilka", "Eleonora", "Sibylla", "Loreen", "Corabelle", "Hollyanne", "Benetta"], "cumulative y": [0, 1, 2, 3, 4, 5, 6, 7, 8, 9, 10, 11, 12, 13, 14, 15, 16, 17, 18, 19, 20, 21, 22, 23, 24, 25, 26, 27, 28], "total events": 29}, "Vulnerabilities Exploited": {"record name": "Vulnerabilities Exploited", "x": [305, 305, 305, 528, 528, 809, 809, 809, 960, 1495, 1683, 2129, 2129, 2302, 2472, 2472, 2804, 3152, 3152, 3664, 3664, 3664, 3920, 3920, 3920, 3920, 3989, 4333, 4333, 4333, 4333, 4823, 4823, 6247, 6247, 6247, 6247, 6247, 6247, 6247, 6247, 6247, 6247, 6247, 6247, 6330, 6460, 6460, 6938, 6938, 7222, 7299, 7524, 7569, 7879, 7879, 7879, 8199, 9293, 9293, 9293, 9293, 9293, 9293, 9293, 9293, 9293, 10189, 10189, 10571, 10782, 11260, 11562, 12713, 13997, 13997, 14472, 14472, 16235, 16235, 16235, 16235, 16235, 16235, 16235, 17220, 17220, 19211, 19211, 19211, 19211, 19211, 21894, 22144, 22144, 23271, 23342, 24557, 26348, 27647, 29383, 35438, 36623, 52477, 56959, 130655, 155644, 157911, 209832], "cumulative exploited vulns": [0, 1, 2, 3, 4, 5, 6, 7, 8, 9, 10, 11, 12, 13, 14, 15, 16, 17, 18, 19, 20, 21, 22, 23, 24, 25, 26, 27, 28, 29, 30, 31, 32, 33, 34, 35, 36, 37, 38, 39, 40, 41, 42, 43, 44, 45, 46, 47, 48, 49, 50, 51, 52, 53, 54, 55, 56, 57, 58, 59, 60, 61, 62, 63, 64, 65, 66, 67, 68, 69, 70, 71, 72, 73, 74, 75, 76, 77, 78, 79, 80, 81, 82, 83, 84, 85, 86, 87, 88, 89, 90, 91, 92, 93, 94, 95, 96, 97, 98, 99, 100, 101, 102, 103, 104, 105, 106, 107, 108], "roa": [0.5205152028766225, 0.5205152028766225, 0.048684718629343156, 0.4826184947414799, 0.07973255522288043, 0.7639599632432691, 0.09324964177895946, 0.12425529447522528, 0.2569918470775831, 0.4371450318294447, 0.2270427014304161, 0.32974356172414604, 0.3225767660921095, 0.20872017270451332, 0.3351859044183666, 0.27939462945131976, 0.2250818557822008, 0.07392334079465333, 0.058454348801545784, 0.5539880596994526, 0.020165552049459225, 0.3249644430556629, 0.6642464702381058, 0.2592820307298224, 0.4027326538064059, 0.1559234224518639, 0.6089419990253605, 0.7752268645986996, 0.1940877465654854, 0.5486782018479218, 0.5296245970676421, 0.2568319857922366, 0.1050355614416563, 0.9173400641712803, 0.73619949981567, 0.45700841048974555, 0.44237568468314936, 0.37837792994788844, 0.09106401570685024, 0.46977407931118276, 0.7182223700876913, 0.5611140636461194, 0.5035138017695873, 0.26266896046264737, 0.23415131203756348, 0.28811358872813897, 0.12497258807008724, 0.12497258807008724, 0.4817925985232314, 0.34089908601553887, 0.2369274491576086, 0.19053258997999364, 0.23539755095225115, 0.1497100122807368, 0.7577447864360108, 0.05909590643126082, 0.25512165476756454, 0.21597061813858506, 0.7244514707703918, 0.258879494819974, 0.2616297202653362, 0.022254231178023578, 0.021047430131108935, 0.47038901434482383, 0.03713668977635723, 0.4339378356377619, 0.004346724338259748, 0.13867992058873757, 0.027505128984503618, 0.29688586387258104, 0.47768343317441275, 0.07394286885170903, 0.25023454988554616, 0.07588811644275881, 0.4608052663053764, 0.20198256667409148, 0.2127804612886349, 0.183873302162482, 0.5526054938005074, 0.20439302445878904, 0.3994105590922096, 0.06618029849085381, 0.027611185220175215, 0.37713893614688176, 0.14134599571509385, 0.39478305061150987, 0.07039846859421817, 0.33192819041623395, 0.21901818887678778, 0.3773771137539493, 0.25493697986524544, 0.0992857047273606, 0.1939315964505453, 0.2785206744632013, 0.6767475208549436, 0.43385870606531973, 0.07706179731521626, 0.17303594018791146, 0.06452800875928527, 0.09506108221542652, 0.003482781530143794, 0.08790263965546992, 0.398906129383198, 0.08062110527729431, 0.19067684940786572, 0.009163243172948183, 0.006155864255794295, 0.0044522958122642994, 0.018540200687493246],