{"Total Initial Vulnerabilities": 773, "Initial Vulns Per OS": {"ubuntu": {"18.04": 42, "16.04": 32, "12.04": 58, "10.04": 86, "14.04": 45, "20.04": 4}, "freebsd": {"10": 18, "9": 26, "12": 18, "11": 8, "13": 11}, "centos": {"7": 13, "6": 24, "5": 23, "8": 23, "4": 42, "3": 73}, "windows": {"7": 14, "8": 13, "vista": 31, "10": 22, "8.1": 36, "xp": 111}}, "Average Initial RoA Per OS": {"ubuntu": {"18.04": 0.04865233076153895, "16.04": 0.03595215275523181, "12.04": 0.07730092188621583, "10.04": 0.06735306434931455, "14.04": 0.0546647346821029, "20.04": 0.1094729978130673}, "freebsd": {"10": 0.06470119729274953, "9": 0.028273806297467268, "12": 0.030138834187348158, "11": 0.05346937749070717, "13": 0.011613762521255537}, "centos": {"7": 0.035982366172147166, "6": 0.08351929529038438, "5": 0.09895843809157724, "8": 0.052949894852346774, "4": 0.058561046103721065, "3": 0.04464777575726607}, "windows": {"7": 0.09826296556312057, "8": 0.08435866923452941, "vista": 0.03994783272103488, "10": 0.008426994645827938, "8.1": 0.07704459927517222, "xp": 0.06329176572534313}}, "OS Types In Initial Network": {"ubuntu 18.04": 17, "freebsd 10": 5, "centos 7": 9, "ubuntu 16.04": 11, "centos 6": 10, "centos 5": 7, "ubuntu 12.04": 8, "freebsd 13": 9, "windows 8": 7, "windows 7": 5, "windows 10": 20, "ubuntu 10.04": 3, "windows vista": 4, "freebsd 9": 6, "centos 8": 18, "freebsd 12": 15, "centos 4": 8, "windows 8.1": 13, "ubuntu 14.04": 9, "ubuntu 20.04": 7, "centos 3": 3, "freebsd 11": 3, "windows xp": 3}, "Initial Hosts Without Vulnerabilities": 33, "Host Compromises": {"record name": "Host Compromises", "x": [1054, 5247, 5843, 6585, 6749, 8414, 10780, 12390, 14341, 15609, 20471, 21556, 22048, 28949, 29989, 32738, 45664, 241000], "y": ["centos 7", "freebsd 12", "freebsd 10", "centos 4", "freebsd 12", "ubuntu 18.04", "ubuntu 10.04", "freebsd 10", "ubuntu 12.04", "ubuntu 10.04", "centos 6", "freebsd 9", "centos 5", "centos 5", "windows 8", "ubuntu 14.04", "centos 6", "freebsd 10"], "cumulative y": [0, 1, 2, 3, 4, 5, 6, 7, 8, 9, 10, 11, 12, 13, 14, 15, 16, 17], "total events": 18}, "Vuln Compromises": {"record name": "Vuln Compromises", "x": [1054, 5247, 5843, 6585, 6749, 8414, 10780, 12390, 14341, 20471, 21556, 22048, 28949, 32738], "y": ["centos 7", "freebsd 12", "freebsd 10", "centos 4", "freebsd 12", "ubuntu 18.04", "ubuntu 10.04", "freebsd 10", "ubuntu 12.04", "centos 6", "freebsd 9", "centos 5", "centos 5", "ubuntu 14.04"], "cumulative y": [0, 1, 2, 3, 4, 5, 6, 7, 8, 9, 10, 11, 12, 13], "total events": 14}, "Reuse Password Compromises": {"record name": "Reuse Password Compromises", "x": [15609], "y": ["ubuntu 10.04"], "cumulative y": [0], "total events": 1}, "Password Spray Compromises": {"record name": "Password Spray Compromises", "x": [29989, 45664, 241000], "y": ["windows 8", "centos 6", "freebsd 10"], "cumulative y": [0, 1, 2], "total events": 3}, "User Account Leaks": {"record name": "User Account Has Been Leaked By Compromise", "x": [1054, 1054, 1054, 5247, 5247, 5843, 5843, 5843, 6585, 6585, 6585, 6749, 6749, 6749, 8414, 8414, 8414, 10780, 10780, 10780, 12390, 12390, 12390, 14341, 15609, 15609, 20471, 28949, 28949, 28949, 29989, 32738, 45664, 45664, 241000], "y": ["Lindi", "Agretha", "Wanda", "Lacie", "Holli", "Alia", "Maudie", "Zenia", "Roseanne", "Brandice", "Maribelle", "Dallas", "Jo-Ann", "Louella", "Viviene", "Andromache", "Renelle", "Carey", "Adella", "Wilma", "Daveen", "Devi", "Afton", "Juliann", "Elaine", "Leonore", "Megen", "Jeri", "Maxy", "Yovonnda", "Renate", "Aeriela", "Melisa", "Ammamaria", "Evvy"], "cumulative y": [0, 1, 2, 3, 4, 5, 6, 7, 8, 9, 10, 11, 12, 13, 14, 15, 16, 17, 18, 19, 20, 21, 22, 23, 24, 25, 26, 27, 28, 29, 30, 31, 32, 33, 34], "total events": 35}, "Vulnerabilities Exploited": {"record name": "Vulnerabilities Exploited", "x": [471, 879, 1054, 1152, 1152, 1945, 1945, 1945, 1945, 1945, 4245, 4245, 4245, 4245, 4245, 4245, 4245, 4245, 4245, 4245, 4245, 4245, 4245, 4245, 4245, 4245, 4245, 4245, 4429, 4650, 4886, 4886, 5092, 5092, 5092, 5453, 5453, 5453, 5453, 5843, 6647, 7306, 7918, 7918, 8414, 8832, 9457, 10780, 10780, 10780, 10780, 10780, 10780, 10780, 10780, 10780, 10780, 11894, 11894, 11894, 12390, 12479, 14341, 14341, 14341, 14341, 15269, 17514, 19784, 20262, 21556, 21556, 21556, 21556, 24359, 24359, 25723, 27309, 29494, 32738, 32738, 34916, 35875, 46248, 46248, 48470, 53858, 64982, 94955, 102980, 118243, 211915], "cumulative exploited vulns": [0, 1, 2, 3, 4, 5, 6, 7, 8, 9, 10, 11, 12, 13, 14, 15, 16, 17, 18, 19, 20, 21, 22, 23, 24, 25, 26, 27, 28, 29, 30, 31, 32, 33, 34, 35, 36, 37, 38, 39, 40, 41, 42, 43, 44, 45, 46, 47, 48, 49, 50, 51, 52, 53, 54, 55, 56, 57, 58, 59, 60, 61, 62, 63, 64, 65, 66, 67, 68, 69, 70, 71, 72, 73, 74, 75, 76, 77, 78, 79, 80, 81, 82, 83, 84, 85, 86, 87, 88, 89, 90, 91], "roa": [0.1674207761213691, 0.4715898789958124, 0.5901832734341735, 0.6254471463339529, 0.051707919684458606, 0.6136388446652861, 0.757072421028319, 0.3363865940388703, 0.24793351163115473, 0.24793351163115473, 0.5481084515749136, 0.35934487037230317, 0.05662529819637654, 0.44665594295505484, 0.7291631737026798, 0.3218144116181977, 0.2633915129813478, 0.25192396177815396, 0.3210039131820436, 0.8214001280655809, 0.20344071305955497, 0.3895176241717929, 0.45332687348727074, 0.4934715265036851, 0.30816960403264526, 0.3246922902663353, 0.1287309032202849, 0.20344071305955497, 0.3944081763906261, 0.00869560056772526, 0.6187441980897139, 0.21054090295448838, 0.49544915285988217, 0.4302126842799394, 0.16640091638669452, 0.6083985695116562, 0.02044163531461902, 0.4613487340664094, 0.2141528743317926, 0.7488029629328252, 0.5307353121833155, 0.09142846637326349, 0.27220256538235366, 0.15278323596354576, 0.1189763162034592, 0.07924541023844918, 0.9016490973037126, 0.7183478131158407, 0.46898613224629787, 0.5240932552778359, 0.7843361674520545, 0.18908708741367503, 0.5370207809197822, 0.4095455346724858, 0.4315545403984068, 0.421296932608992, 0.1428561311382231, 0.640338351597677, 0.032855337180211226, 0.14896905334521884, 0.5774040225402799, 0.47783484872886567, 0.16286503304985006, 0.8229824037461434, 0.1503221273116654, 0.1545025197926315, 0.032810766624279133, 0.2609700327720661, 0.05796193620412946, 0.4805353285674368, 0.11610772993048431, 0.18266663823414203, 0.2805336138297622, 0.06652833863569815, 0.09516309287924443, 0.09516309287924443, 0.24709436526649053, 0.6272797120692388, 0.03681757461430528, 0.25650914612401376, 0.11026332762217564, 0.2253198684002617, 0.17740598785106362, 0.07734942414986905, 0.07734942414986905, 0.045177873417814124, 0.24429822856799316, 0.10539590915310278, 0.007158485158706242, 0.012845275804229315, 0.01768437353925833, 0.009408326614417562],