{"Total Initial Vulnerabilities": 627, "Initial Vulns Per OS": {"ubuntu": {"16.04": 37, "14.04": 48, "18.04": 61, "20.04": 14, "12.04": 28, "10.04": 34}, "windows": {"8": 18, "10": 20, "7": 25, "8.1": 23, "vista": 26, "xp": 11}, "freebsd": {"9": 35, "13": 21, "11": 33, "12": 10, "10": 14, "8": 9}, "centos": {"7": 18, "6": 16, "4": 16, "3": 77, "8": 16, "5": 17}}, "Average Initial RoA Per OS": {"ubuntu": {"16.04": 0.056016746079674384, "14.04": 0.048944162818465, "18.04": 0.03161967030446451, "20.04": 0.027058176815474056, "12.04": 0.06363443365474168, "10.04": 0.04088074356022626}, "windows": {"8": 0.0371767699255845, "10": 0.03252620810500214, "7": 0.04913118467125273, "8.1": 0.03104764073777332, "vista": 0.03667259885126019, "xp": 0.03824430068696879}, "freebsd": {"9": 0.04853961203388801, "13": 0.030616053326922514, "11": 0.060326841445099186, "12": 0.07740203808125931, "10": 0.0715349559933018, "8": 0.023354201159074897}, "centos": {"7": 0.06346152674205105, "6": 0.05207661883614689, "4": 0.049896337426065085, "3": 0.042333821485158143, "8": 0.045184250060393984, "5": 0.05675970010922414}}, "OS Types In Initial Network": {"ubuntu 16.04": 13, "ubuntu 14.04": 9, "windows 8": 8, "centos 5": 4, "freebsd 9": 5, "freebsd 13": 15, "centos 7": 13, "ubuntu 20.04": 18, "centos 6": 6, "windows 10": 17, "windows 7": 7, "centos 4": 4, "ubuntu 18.04": 17, "windows 8.1": 8, "freebsd 11": 9, "ubuntu 12.04": 6, "windows vista": 7, "freebsd 12": 6, "freebsd 10": 4, "freebsd 8": 1, "centos 3": 3, "windows xp": 2, "centos 8": 17, "ubuntu 10.04": 1}, "Initial Hosts Without Vulnerabilities": 43, "Host Compromises": {"record name": "Host Compromises", "x": [1834, 2522, 3543, 6735, 7360, 7648, 8900, 8952, 9152, 9630, 13121, 13393, 20263, 28760, 29173, 40857, 45367, 50278, 56307, 113369, 123780, 123893, 128061, 207206], "y": ["centos 6", "centos 4", "ubuntu 12.04", "windows vista", "freebsd 8", "centos 7", "centos 3", "freebsd 13", "windows xp", "windows 7", "windows 7", "ubuntu 20.04", "centos 3", "windows 8", "freebsd 10", "ubuntu 18.04", "centos 7", "windows 8.1", "ubuntu 20.04", "ubuntu 14.04", "centos 5", "centos 7", "ubuntu 14.04", "freebsd 11"], "cumulative y": [0, 1, 2, 3, 4, 5, 6, 7, 8, 9, 10, 11, 12, 13, 14, 15, 16, 17, 18, 19, 20, 21, 22, 23], "total events": 24}, "Vuln Compromises": {"record name": "Vuln Compromises", "x": [1834, 2522, 3543, 6735, 7360, 7648, 8900, 8952, 9152, 9630, 13121, 13393, 20263, 28760, 29173, 40857, 50278, 56307, 123893], "y": ["centos 6", "centos 4", "ubuntu 12.04", "windows vista", "freebsd 8", "centos 7", "centos 3", "freebsd 13", "windows xp", "windows 7", "windows 7", "ubuntu 20.04", "centos 3", "windows 8", "freebsd 10", "ubuntu 18.04", "windows 8.1", "ubuntu 20.04", "centos 7"], "cumulative y": [0, 1, 2, 3, 4, 5, 6, 7, 8, 9, 10, 11, 12, 13, 14, 15, 16, 17, 18], "total events": 19}, "Reuse Password Compromises": {"record name": "Reuse Password Compromises", "x": [], "y": [], "cumulative y": [], "total events": 0}, "Password Spray Compromises": {"record name": "Password Spray Compromises", "x": [45367, 113369, 123780, 128061, 207206], "y": ["centos 7", "ubuntu 14.04", "centos 5", "ubuntu 14.04", "freebsd 11"], "cumulative y": [0, 1, 2, 3, 4], "total events": 5}, "User Account Leaks": {"record name": "User Account Has Been Leaked By Compromise", "x": [1834, 1834, 1834, 2522, 2522, 2522, 3543, 3543, 3543, 6735, 6735, 7360, 7360, 7360, 7648, 7648, 8900, 8900, 8900, 8952, 9152, 9152, 9152, 9630, 9630, 9630, 13393, 13393, 20263, 28760, 29173, 29173, 29173, 45367, 56307, 123780, 128061, 207206], "y": ["Davine", "Jyoti", "Leontine", "Fanechka", "Kenna", "Kania", "Morgan", "Elysha", "Aubrie", "Stormy", "Ursula", "Maurita", "Henrie", "Carrissa", "Tersina", "Poppy", "Tabina", "Cyndi", "Pandora", "Leora", "Brigida", "Carlee", "Shoshana", "Dorothea", "Theodosia", "Jaimie", "Celia", "Claude", "Darcee", "Stacey", "Terra", "Sibel", "Chrysa", "Luisa", "Mary", "Alaine", "Malvina", "Jobie"], "cumulative y": [0, 1, 2, 3, 4, 5, 6, 7, 8, 9, 10, 11, 12, 13, 14, 15, 16, 17, 18, 19, 20, 21, 22, 23, 24, 25, 26, 27, 28, 29, 30, 31, 32, 33, 34, 35, 36, 37], "total events": 38}, "Vulnerabilities Exploited": {"record name": "Vulnerabilities Exploited", "x": [152, 152, 152, 486, 486, 486, 486, 558, 558, 767, 1265, 1265, 1834, 1834, 1976, 2257, 2257, 2522, 2560, 2670, 2917, 3124, 3284, 3543, 3543, 3710, 4316, 4758, 5304, 5582, 5787, 5931, 5931, 6255, 6255, 6735, 7360, 7360, 7360, 7360, 7648, 8248, 8248, 8248, 8248, 8248, 8248, 8900, 8900, 8900, 8900, 8900, 8900, 8900, 8900, 8900, 8900, 8900, 8900, 9152, 9152, 9630, 11815, 11815, 11815, 13121, 13730, 14976, 16258, 16470, 18705, 18705, 19215, 19215, 20263, 20263, 20263, 20263, 20263, 20263, 20263, 21753, 22220, 22220, 23294, 27122, 27573, 27573, 29173, 31203, 33661, 35408, 37094, 40956, 40956, 45726, 46927, 48635, 53619, 56680, 59341, 62365, 73693, 73693, 77007, 98893, 114964, 125835, 125835, 133389, 133389, 152671, 207645, 212060], "cumulative exploited vulns": [0, 1, 2, 3, 4, 5, 6, 7, 8, 9, 10, 11, 12, 13, 14, 15, 16, 17, 18, 19, 20, 21, 22, 23, 24, 25, 26, 27, 28, 29, 30, 31, 32, 33, 34, 35, 36, 37, 38, 39, 40, 41, 42, 43, 44, 45, 46, 47, 48, 49, 50, 51, 52, 53, 54, 55, 56, 57, 58, 59, 60, 61, 62, 63, 64, 65, 66, 67, 68, 69, 70, 71, 72, 73, 74, 75, 76, 77, 78, 79, 80, 81, 82, 83, 84, 85, 86, 87, 88, 89, 90, 91, 92, 93, 94, 95, 96, 97, 98, 99, 100, 101, 102, 103, 104, 105, 106, 107, 108, 109, 110, 111, 112, 113], "roa": [0.37260637675676916, 0.3753910320718586, 0.033325954158815035, 0.063707553606835, 0.3204250587150582, 0.020356246822433914, 0.08124582863250936, 0.21689376549766762, 0.059496511953155085, 0.5292043944115175, 0.4942225769578597, 0.032055839591693086, 0.25102518538590946, 0.22446860505867988, 0.0009401294872162869, 0.3368724662127075, 0.15603593000843213, 0.20518651870313795, 0.09167422822632729, 0.15012808381833026, 0.25183474972667497, 0.11779120731194545, 0.48175786940263593, 0.2395257674067604, 0.05883049113458111, 0.5931697932358553, 0.3864757664806444, 0.1888684361885093, 0.5699956824971923, 0.6272357090921796, 0.7539325093142004, 0.3784228770649091, 0.1394023993966417, 0.6666587535904202, 0.5082615471611283, 0.5175128907656055, 0.24658347311887474, 0.3629704746192115, 0.3152392483632712, 0.1038433347865662, 0.33602777214738183, 0.5549216970064808, 0.5605738237561512, 0.22459661715277432, 0.5549216970064808, 0.22459661715277432, 0.10584577989934803, 0.4617641821984685, 0.6213461118205281, 0.5922124298231008, 0.3171437599254057, 0.2879491739669779, 0.3549256877939115, 0.2811227013265586, 0.09794714810896793, 0.039337563685201395, 0.5471588698370197, 0.35044677312272043, 0.09328562486120204, 0.45851123492746615, 0.2350484396369815, 0.7236385873012938, 0.22822679821148517, 0.20125060836670267, 0.15698519343008413, 0.24227562306283246, 0.22554997463306173, 0.03744340385484808, 0.2543087788485441, 0.2214901517629559, 0.061743313436221955, 0.27263870575309024, 0.3909976688844014, 0.1586656718623056, 0.0834677907433479, 0.49547650422998457, 0.1485200747754008, 0.8733011765786383, 0.6850793490916696, 0.36223629697509546, 0.18791861668375567, 0.5209726968779564, 0.13180091281823292, 0.021723530915911386, 0.0937060425816398, 0.005643384517790148, 0.38079652123020286, 0.23497747471068647, 0.6836520323506191, 0.1680364461715697, 0.1190195263374921, 0.027247431382632574, 0.11405600179436803, 0.11151399930391655, 0.05403384195925626, 0.017816209958403224, 0.19296629769830412, 0.4438629774969499, 0.10753297996574791, 0.6705071227711961, 0.17563845803478945, 0.15622457615923108, 0.29474209511557997, 0.008595850071668219, 0.11780609425616864, 0.0017538525149897468, 0.024740187005833632, 0.3977074552490417, 0.2951161222902509, 0.24738632237927502, 0.004094837394457059, 0.10033942014986885, 0.17595956540045213, 0.17054612700505517],