{"Total Initial Vulnerabilities": 701, "Initial Vulns Per OS": {"freebsd": {"12": 26, "13": 7, "8": 77, "11": 44, "9": 34, "10": 22}, "centos": {"8": 9, "5": 10, "6": 46, "7": 26, "4": 9, "3": 8}, "ubuntu": {"16.04": 27, "12.04": 48, "20.04": 20, "18.04": 30, "14.04": 23, "10.04": 3}, "windows": {"10": 20, "7": 52, "8.1": 52, "8": 11, "vista": 46, "xp": 51}}, "Average Initial RoA Per OS": {"freebsd": {"12": 0.08626765392844118, "13": 0.1330129649781844, "8": 0.052647635001295955, "11": 0.04276367229601307, "9": 0.08676707943079659, "10": 0.05606541032475266}, "centos": {"8": 0.042082888594090546, "5": 0.10125184578507904, "6": 0.025835536909004336, "7": 0.029554825572090083, "4": 0.01209804008905555, "3": 0.01383221135965208}, "ubuntu": {"16.04": 0.028739681957389577, "12.04": 0.047692187126910174, "20.04": 0.09276149310208892, "18.04": 0.013316174902358454, "14.04": 0.053635962227428384, "10.04": 0.03050282756897696}, "windows": {"10": 0.07735902536437936, "7": 0.07329575765043023, "8.1": 0.05978268803850588, "8": 0.049004665305388946, "vista": 0.08311020834853078, "xp": 0.06366238009825473}}, "OS Types In Initial Network": {"freebsd 12": 13, "windows 7": 10, "freebsd 13": 7, "freebsd 8": 4, "centos 8": 11, "ubuntu 16.04": 12, "centos 5": 4, "windows 10": 19, "centos 6": 15, "centos 7": 14, "windows 8.1": 14, "ubuntu 12.04": 5, "freebsd 11": 12, "ubuntu 20.04": 12, "ubuntu 18.04": 14, "windows 8": 6, "windows vista": 6, "freebsd 9": 4, "ubuntu 14.04": 6, "freebsd 10": 5, "centos 4": 3, "centos 3": 1, "windows xp": 2, "ubuntu 10.04": 1}, "Initial Hosts Without Vulnerabilities": 37, "Host Compromises": {"record name": "Host Compromises", "x": [2840, 2968, 4529, 5736, 6356, 8552, 9130, 13268, 13464, 13526, 15676, 15716, 15924, 16132, 16510, 50813, 51111, 99049, 201549, 214150, 216747, 216794, 217549, 218152, 221593, 222521], "y": ["ubuntu 20.04", "ubuntu 18.04", "windows vista", "centos 6", "windows 8.1", "windows vista", "freebsd 9", "windows 8.1", "ubuntu 12.04", "windows 10", "freebsd 9", "ubuntu 16.04", "windows 8", "ubuntu 16.04", "freebsd 8", "ubuntu 14.04", "windows 8.1", "centos 5", "centos 6", "centos 7", "freebsd 12", "centos 8", "centos 7", "windows 10", "windows 10", "windows 10"], "cumulative y": [0, 1, 2, 3, 4, 5, 6, 7, 8, 9, 10, 11, 12, 13, 14, 15, 16, 17, 18, 19, 20, 21, 22, 23, 24, 25], "total events": 26}, "Vuln Compromises": {"record name": "Vuln Compromises", "x": [2840, 2968, 4529, 5736, 6356, 8552, 9130, 13268, 13464, 15676, 15924, 50813], "y": ["ubuntu 20.04", "ubuntu 18.04", "windows vista", "centos 6", "windows 8.1", "windows vista", "freebsd 9", "windows 8.1", "ubuntu 12.04", "freebsd 9", "windows 8", "ubuntu 14.04"], "cumulative y": [0, 1, 2, 3, 4, 5, 6, 7, 8, 9, 10, 11], "total events": 12}, "Reuse Password Compromises": {"record name": "Reuse Password Compromises", "x": [13526, 15716, 16132, 16510, 51111, 216747, 216794, 217549, 218152, 221593, 222521], "y": ["windows 10", "ubuntu 16.04", "ubuntu 16.04", "freebsd 8", "windows 8.1", "freebsd 12", "centos 8", "centos 7", "windows 10", "windows 10", "windows 10"], "cumulative y": [0, 1, 2, 3, 4, 5, 6, 7, 8, 9, 10], "total events": 11}, "Password Spray Compromises": {"record name": "Password Spray Compromises", "x": [99049, 201549, 214150], "y": ["centos 5", "centos 6", "centos 7"], "cumulative y": [0, 1, 2], "total events": 3}, "User Account Leaks": {"record name": "User Account Has Been Leaked By Compromise", "x": [2840, 2840, 2968, 2968, 4529, 4529, 4529, 5736, 5736, 6356, 6356, 8552, 9130, 13268, 13268, 13268, 13464, 13464, 13526, 15676, 15676, 15716, 15924, 16132, 16510, 16510, 50813, 50813, 51111, 99049, 214150, 216747, 216794, 217549, 217549, 218152, 218152, 221593, 222521], "y": ["Darleen", "Robbi", "Natassia", "Cilka", "Tarra", "Rachel", "Ermentrude", "Wandis", "Roanna", "Lyndsey", "Cosette", "Shir", "Margret", "Blondelle", "Shantee", "Connie", "Friederike", "Salomi", "Ivory", "Sioux", "Amye", "Stevana", "Wren", "Dode", "Beitris", "Tami", "Gilli", "Rayshell", "Auria", "Lanie", "Brenna", "Sarena", "Elisa", "Alethea", "Petunia", "Nari", "Violetta", "Asia", "Pris"], "cumulative y": [0, 1, 2, 3, 4, 5, 6, 7, 8, 9, 10, 11, 12, 13, 14, 15, 16, 17, 18, 19, 20, 21, 22, 23, 24, 25, 26, 27, 28, 29, 30, 31, 32, 33, 34, 35, 36, 37, 38], "total events": 39}, "Vulnerabilities Exploited": {"record name": "Vulnerabilities Exploited", "x": [152, 152, 152, 236, 236, 487, 487, 487, 540, 1679, 1942, 2266, 2542, 2542, 2542, 2542, 2542, 2542, 2807, 2807, 2807, 2807, 3130, 3215, 3733, 3979, 4208, 4529, 4529, 4529, 4529, 5130, 5130, 5130, 5130, 5130, 5130, 5130, 5736, 5736, 6356, 8189, 8189, 8189, 8189, 8189, 8189, 8189, 8189, 8189, 8189, 8189, 8189, 8189, 8552, 8868, 8868, 8868, 8868, 9130, 9130, 9213, 9360, 9801, 10435, 12013, 12013, 12442, 12928, 13268, 13464, 13464, 13719, 14582, 15676, 15676, 15676, 15676, 18844, 18844, 19726, 21306, 23380, 25992, 25992, 27476, 27476, 28289, 35130, 35130, 35130, 36079, 37541, 43133, 43133, 43133, 58492, 95083, 173454], "cumulative exploited vulns": [0, 1, 2, 3, 4, 5, 6, 7, 8, 9, 10, 11, 12, 13, 14, 15, 16, 17, 18, 19, 20, 21, 22, 23, 24, 25, 26, 27, 28, 29, 30, 31, 32, 33, 34, 35, 36, 37, 38, 39, 40, 41, 42, 43, 44, 45, 46, 47, 48, 49, 50, 51, 52, 53, 54, 55, 56, 57, 58, 59, 60, 61, 62, 63, 64, 65, 66, 67, 68, 69, 70, 71, 72, 73, 74, 75, 76, 77, 78, 79, 80, 81, 82, 83, 84, 85, 86, 87, 88, 89, 90, 91, 92, 93, 94, 95, 96, 97, 98], "roa": [0.16420328599832054, 0.005192334868645391, 0.16420328599832054, 0.4121955685735683, 0.6386894937333121, 0.5855684221533045, 0.550740139532487, 0.5104789773043599, 0.23118683380207677, 0.03789747091651794, 0.451685242330096, 0.4944843478749091, 0.8105077594715295, 0.15025176525462047, 0.32230556776780045, 0.3076623712726066, 0.12021075849408283, 0.1305371499713488, 0.6359760637554736, 0.5420001807521246, 0.5486319732368059, 0.15902643009120684, 0.06177269749868016, 0.5274799385884913, 0.09673772359693414, 0.15113073838606628, 0.15726583440168096, 0.14257822404048287, 0.08631205615769655, 0.3648364926732136, 0.06556390843459002, 0.6289436812447353, 0.4744596437852867, 0.5183380446262558, 0.169961688606103, 0.5183380446262558, 0.169961688606103, 0.13530567500719937, 0.529075918257221, 0.04811575447507371, 0.10823832002230824, 0.7771202902144965, 0.6119749041861466, 0.32644365645887896, 0.8199161935843998, 0.040043643761459996, 0.09840157378652409, 0.5580393329260201, 0.08318364827637922, 0.5366594581218816, 0.2716875889102286, 0.45118179627899463, 0.17648931878073604, 0.0965396893529332, 0.18413439570314927, 0.13201804276259044, 0.3082126448078275, 0.07425079063577646, 0.07594808993553373, 0.43023420493468406, 0.5643402532653637, 0.041801702392603494, 0.05400017174482876, 0.05631345539435954, 0.47948543920420256, 0.14472259119720593, 0.14472259119720593, 0.38579473401389636, 0.03292910107192111, 0.7288850828597229, 0.5726551170020909, 0.08259578441908402, 0.01305207931335336, 0.13186873732355775, 0.5124940232093719, 0.29649667348251774, 0.6961915623028428, 0.17824305370049207, 0.535144078660649, 0.07873692964366738, 0.1743592177208144, 0.02152018588431384, 0.0026708670211347805, 0.2362114779296117, 0.057319723074772254, 0.19348876553034153, 0.06654219095579808, 0.021895189453307727, 0.12147001814569891, 0.12147001814569891, 0.12147001814569891, 0.12499948634861387, 0.07522038314194561, 0.17827898098308353, 0.1204127495289125, 0.08611709889295369, 0.18188748281694272, 0.01968229685466476, 0.07079367002535],