{"Total Initial Vulnerabilities": 695, "Initial Vulns Per OS": {"ubuntu": {"12.04": 31, "20.04": 25, "18.04": 23, "14.04": 19, "16.04": 43}, "freebsd": {"11": 43, "12": 27, "13": 6, "8": 63, "9": 21, "10": 28}, "centos": {"5": 31, "8": 15, "7": 41, "6": 50, "4": 38, "3": 45}, "windows": {"7": 28, "8.1": 16, "xp": 50, "vista": 23, "10": 2, "8": 27}}, "Average Initial RoA Per OS": {"ubuntu": {"12.04": 0.04080889343403604, "20.04": 0.03868930041095635, "18.04": 0.04178224702091061, "14.04": 0.09158372083591888, "16.04": 0.055583651005119396}, "freebsd": {"11": 0.03590928496013822, "12": 0.06621704236776006, "13": 0.0700931528757668, "8": 0.043644752847095764, "9": 0.09820008834204629, "10": 0.07316178822043252}, "centos": {"5": 0.04544069639643305, "8": 0.04011316137347288, "7": 0.028374559503424303, "6": 0.07148095202890176, "4": 0.02863788722540479, "3": 0.031086833208189342}, "windows": {"7": 0.07330395680645771, "8.1": 0.02455804505720282, "xp": 0.045016906753305934, "vista": 0.04148131232422299, "10": 0.006540137461565206, "8": 0.04513763047229151}}, "OS Types In Initial Network": {"centos 8": 17, "ubuntu 12.04": 9, "freebsd 13": 16, "freebsd 11": 8, "freebsd 12": 8, "centos 5": 7, "centos 7": 17, "windows 7": 7, "ubuntu 20.04": 21, "centos 6": 14, "centos 4": 7, "ubuntu 18.04": 14, "ubuntu 14.04": 5, "windows 10": 6, "freebsd 8": 3, "centos 3": 1, "windows 8.1": 9, "freebsd 9": 4, "windows xp": 1, "ubuntu 16.04": 11, "freebsd 10": 5, "windows vista": 4, "windows 8": 6}, "Initial Hosts Without Vulnerabilities": 47, "Host Compromises": {"record name": "Host Compromises", "x": [1636, 1738, 3450, 3532, 7031, 9489, 11080, 12310, 17069, 17347, 17894, 19676, 21546, 23312, 26729, 27733, 27819, 28481, 35795, 35886, 36948, 59113, 110733, 138269, 138357, 140468, 143566, 147127, 150726, 168045, 169259, 183379], "y": ["freebsd 12", "centos 7", "ubuntu 12.04", "freebsd 11", "centos 7", "freebsd 10", "freebsd 13", "centos 8", "freebsd 8", "ubuntu 16.04", "centos 6", "freebsd 12", "centos 7", "freebsd 9", "windows 10", "ubuntu 16.04", "freebsd 12", "ubuntu 14.04", "ubuntu 16.04", "windows 7", "centos 6", "ubuntu 18.04", "centos 8", "windows 8.1", "centos 7", "centos 4", "windows 10", "centos 7", "ubuntu 16.04", "ubuntu 18.04", "ubuntu 18.04", "windows 10"], "cumulative y": [0, 1, 2, 3, 4, 5, 6, 7, 8, 9, 10, 11, 12, 13, 14, 15, 16, 17, 18, 19, 20, 21, 22, 23, 24, 25, 26, 27, 28, 29, 30, 31], "total events": 32}, "Vuln Compromises": {"record name": "Vuln Compromises", "x": [1636, 1738, 3450, 3532, 7031, 9489, 17069, 17894, 19676, 23312, 26729, 27733, 27819, 28481, 35795, 36948], "y": ["freebsd 12", "centos 7", "ubuntu 12.04", "freebsd 11", "centos 7", "freebsd 10", "freebsd 8", "centos 6", "freebsd 12", "freebsd 9", "windows 10", "ubuntu 16.04", "freebsd 12", "ubuntu 14.04", "ubuntu 16.04", "centos 6"], "cumulative y": [0, 1, 2, 3, 4, 5, 6, 7, 8, 9, 10, 11, 12, 13, 14, 15], "total events": 16}, "Reuse Password Compromises": {"record name": "Reuse Password Compromises", "x": [11080, 12310, 17347, 21546, 35886, 110733, 138357, 143566, 147127, 150726, 168045], "y": ["freebsd 13", "centos 8", "ubuntu 16.04", "centos 7", "windows 7", "centos 8", "centos 7", "windows 10", "centos 7", "ubuntu 16.04", "ubuntu 18.04"], "cumulative y": [0, 1, 2, 3, 4, 5, 6, 7, 8, 9, 10], "total events": 11}, "Password Spray Compromises": {"record name": "Password Spray Compromises", "x": [59113, 138269, 140468, 169259, 183379], "y": ["ubuntu 18.04", "windows 8.1", "centos 4", "ubuntu 18.04", "windows 10"], "cumulative y": [0, 1, 2, 3, 4], "total events": 5}, "User Account Leaks": {"record name": "User Account Has Been Leaked By Compromise", "x": [1636, 1636, 1636, 1738, 1738, 1738, 3450, 3450, 7031, 7031, 7031, 9489, 9489, 12310, 17069, 17069, 17069, 17347, 17347, 17894, 17894, 19676, 19676, 19676, 21546, 23312, 26729, 27733, 27733, 28481, 28481, 28481, 35795, 36948, 59113, 110733, 138269, 138357, 140468, 143566, 147127, 150726, 150726, 169259, 183379, 183379], "y": ["Krissy", "Carroll", "Anabel", "Avrit", "Jemmy", "Sorcha", "Zarla", "Mandie", "Hildy", "Barbra", "Carley", "Isabel", "Dorris", "Beverlee", "Delphine", "Coriss", "Frederica", "Madelaine", "Carmina", "Merry", "Berti", "Sidonia", "Kylie", "Gloria", "Leonore", "Dyane", "Annnora", "Moll", "Riva", "Alexina", "Viole", "Shannon", "Madelina", "Emogene", "Nicolina", "Hildagarde", "Carey", "Mina", "Liv", "Dyna", "Jermaine", "Anastassia", "Marleah", "Roxi", "Eyde", "Ruthy"], "cumulative y": [0, 1, 2, 3, 4, 5, 6, 7, 8, 9, 10, 11, 12, 13, 14, 15, 16, 17, 18, 19, 20, 21, 22, 23, 24, 25, 26, 27, 28, 29, 30, 31, 32, 33, 34, 35, 36, 37, 38, 39, 40, 41, 42, 43, 44, 45], "total events": 46}, "Vulnerabilities Exploited": {"record name": "Vulnerabilities Exploited", "x": [428, 428, 665, 955, 1253, 1636, 1636, 1636, 1738, 1738, 3450, 3532, 3532, 3707, 4882, 6103, 6311, 6311, 6728, 6728, 7107, 8692, 9489, 9489, 10037, 10037, 10648, 11136, 12737, 12737, 12737, 12737, 12901, 13162, 13162, 13162, 13162, 13474, 13474, 13790, 13790, 14273, 15506, 15506, 15762, 15890, 16009, 17069, 17069, 17069, 17069, 17069, 17069, 17069, 17220, 17894, 19107, 19107, 19676, 19676, 19676, 19676, 21356, 21356, 21356, 21356, 21356, 21356, 21356, 21356, 21356, 22503, 23093, 23312, 23312, 24171, 24171, 24171, 24171, 27506, 27733, 27905, 28481, 28481, 35795, 35988, 37356, 37356, 37356, 38224, 39548, 39888, 42858, 42858, 53799, 54285, 54862, 79188, 79188, 79188, 79188, 82823, 86427, 90977, 108127, 108429, 108429, 120869, 127502, 171271, 191810, 221343], "cumulative exploited vulns": [0, 1, 2, 3, 4, 5, 6, 7, 8, 9, 10, 11, 12, 13, 14, 15, 16, 17, 18, 19, 20, 21, 22, 23, 24, 25, 26, 27, 28, 29, 30, 31, 32, 33, 34, 35, 36, 37, 38, 39, 40, 41, 42, 43, 44, 45, 46, 47, 48, 49, 50, 51, 52, 53, 54, 55, 56, 57, 58, 59, 60, 61, 62, 63, 64, 65, 66, 67, 68, 69, 70, 71, 72, 73, 74, 75, 76, 77, 78, 79, 80, 81, 82, 83, 84, 85, 86, 87, 88, 89, 90, 91, 92, 93, 94, 95, 96, 97, 98, 99, 100, 101, 102, 103, 104, 105, 106, 107, 108, 109, 110, 111],