{"Total Initial Vulnerabilities": 694, "Initial Vulns Per OS": {"windows": {"7": 49, "8.1": 24, "10": 14, "8": 34, "vista": 23, "xp": 14}, "ubuntu": {"16.04": 47, "18.04": 21, "12.04": 12, "20.04": 11, "14.04": 41, "10.04": 67}, "freebsd": {"11": 4, "12": 35, "13": 12, "10": 17, "8": 42, "9": 18}, "centos": {"5": 48, "8": 14, "4": 38, "3": 41, "7": 43, "6": 25}}, "Average Initial RoA Per OS": {"windows": {"7": 0.04304396471040316, "8.1": 0.05320036241154649, "10": 0.07398321288683332, "8": 0.04861677879293652, "vista": 0.037802108158707, "xp": 0.05289140348501869}, "ubuntu": {"16.04": 0.04931482305983972, "18.04": 0.06651224589441174, "12.04": 0.047356930866708585, "20.04": 0.06703296201743301, "14.04": 0.027556312948878243, "10.04": 0.05465206525258573}, "freebsd": {"11": 0.06307014216462022, "12": 0.06241253938194199, "13": 0.06454942011802632, "10": 0.03134426031106532, "8": 0.05219470495919848, "9": 0.0936172038943647}, "centos": {"5": 0.052461726688477144, "8": 0.06635192752620987, "4": 0.05326631947761751, "3": 0.05241613344283989, "7": 0.06972866099318968, "6": 0.08439187189226985}}, "OS Types In Initial Network": {"windows 7": 10, "ubuntu 16.04": 9, "freebsd 11": 4, "freebsd 12": 12, "freebsd 13": 10, "centos 5": 10, "freebsd 10": 5, "centos 8": 19, "ubuntu 18.04": 10, "centos 4": 5, "windows 8.1": 9, "centos 3": 1, "windows 10": 14, "ubuntu 20.04": 21, "ubuntu 12.04": 3, "windows 8": 8, "centos 7": 20, "windows vista": 5, "windows xp": 1, "ubuntu 14.04": 8, "freebsd 8": 4, "centos 6": 7, "ubuntu 10.04": 2, "freebsd 9": 3}, "Initial Hosts Without Vulnerabilities": 50, "Host Compromises": {"record name": "Host Compromises", "x": [4236, 7997, 8091, 9658, 10460, 11450, 13750, 14894, 14951, 15016, 16241, 16377, 16654, 16946, 17005, 17076, 22990, 23454, 24690, 26857, 28639, 30643, 30706, 71254, 71329, 71602, 71724, 71809, 83248, 122163, 122341, 126404, 127622, 129781, 142029, 172461, 185381, 194460, 195586, 206364, 221548, 235047], "y": ["centos 3", "windows 7", "centos 4", "windows xp", "ubuntu 14.04", "centos 5", "centos 5", "ubuntu 20.04", "ubuntu 12.04", "windows 8", "ubuntu 16.04", "ubuntu 12.04", "windows 8", "windows 10", "freebsd 13", "ubuntu 20.04", "freebsd 12", "centos 5", "windows 8.1", "centos 5", "ubuntu 18.04", "windows vista", "freebsd 11", "windows 8.1", "ubuntu 10.04", "windows 7", "windows 7", "centos 7", "freebsd 8", "ubuntu 14.04", "centos 6", "windows 7", "centos 8", "windows 10", "freebsd 9", "ubuntu 14.04", "windows 7", "freebsd 13", "ubuntu 20.04", "freebsd 8", "centos 7", "centos 7"], "cumulative y": [0, 1, 2, 3, 4, 5, 6, 7, 8, 9, 10, 11, 12, 13, 14, 15, 16, 17, 18, 19, 20, 21, 22, 23, 24, 25, 26, 27, 28, 29, 30, 31, 32, 33, 34, 35, 36, 37, 38, 39, 40, 41], "total events": 42}, "Vuln Compromises": {"record name": "Vuln Compromises", "x": [4236, 7997, 8091, 9658, 10460, 13750, 14951, 16377, 16946, 23454, 71602, 71724, 122341, 126404, 129781, 185381, 206364], "y": ["centos 3", "windows 7", "centos 4", "windows xp", "ubuntu 14.04", "centos 5", "ubuntu 12.04", "ubuntu 12.04", "windows 10", "centos 5", "windows 7", "windows 7", "centos 6", "windows 7", "windows 10", "windows 7", "freebsd 8"], "cumulative y": [0, 1, 2, 3, 4, 5, 6, 7, 8, 9, 10, 11, 12, 13, 14, 15, 16], "total events": 17}, "Reuse Password Compromises": {"record name": "Reuse Password Compromises", "x": [11450, 15016, 16241, 16654, 17005, 17076, 22990, 24690, 26857, 30643, 30706, 71329, 71809, 127622, 235047], "y": ["centos 5", "windows 8", "ubuntu 16.04", "windows 8", "freebsd 13", "ubuntu 20.04", "freebsd 12", "windows 8.1", "centos 5", "windows vista", "freebsd 11", "ubuntu 10.04", "centos 7", "centos 8", "centos 7"], "cumulative y": [0, 1, 2, 3, 4, 5, 6, 7, 8, 9, 10, 11, 12, 13, 14], "total events": 15}, "Password Spray Compromises": {"record name": "Password Spray Compromises", "x": [14894, 28639, 71254, 83248, 122163, 142029, 172461, 194460, 195586, 221548], "y": ["ubuntu 20.04", "ubuntu 18.04", "windows 8.1", "freebsd 8", "ubuntu 14.04", "freebsd 9", "ubuntu 14.04", "freebsd 13", "ubuntu 20.04", "centos 7"], "cumulative y": [0, 1, 2, 3, 4, 5, 6, 7, 8, 9], "total events": 10}, "User Account Leaks": {"record name": "User Account Has Been Leaked By Compromise", "x": [4236, 4236, 4236, 7997, 7997, 7997, 8091, 8091, 8091, 9658, 9658, 10460, 10460, 11450, 11450, 13750, 13750, 13750, 14894, 14894, 14951, 14951, 15016, 16241, 16241, 16377, 16377, 16654, 16946, 17005, 17076, 17076, 22990, 23454, 23454, 24690, 26857, 28639, 30643, 30706, 30706, 71329, 71329, 71602, 71602, 71724, 71724, 71809, 122163, 122341, 126404, 126404, 172461, 185381, 194460, 221548], "y": ["Amberly", "Deane", "Oralie", "Sydelle", "Constancia", "Vivi", "Amii", "Cahra", "Marna", "Lucilia", "Hilliary", "Cherianne", "Myra", "Lacy", "Joanna", "Gerta", "Terese", "Inna", "Sibeal", "Aileen", "Hynda", "Clementine", "Jessamyn", "Bren", "Bette", "Illa", "Rana", "Cosette", "Harri", "Gilly", "Joli", "Tommie", "Eloisa", "Rozalin", "Elysia", "Ilse", "Norine", "Cristen", "Cathee", "Lynnet", "Tedra", "Roxanna", "Karyn", "Adda", "Benedikta", "Sonnnie", "Deni", "Zorana", "Winni", "Fallon", "Ethelin", "Marcelia", "Carly", "Charity", "Idalia", "Rose"], "cumulative y": [0, 1, 2, 3, 4, 5, 6, 7, 8, 9, 10, 11, 12, 13, 14, 15, 16, 17, 18, 19, 20, 21, 22, 23, 24, 25, 26, 27, 28, 29, 30, 31, 32, 33, 34, 35, 36, 37, 38, 39, 40, 41, 42, 43, 44, 45, 46, 47, 48, 49, 50, 51, 52, 53, 54, 55], "total events": 56}, "Vulnerabilities Exploited": {"record name": "Vulnerabilities Exploited", "x": [127, 306, 306, 306, 388, 388, 767, 767, 767, 1164, 1355, 1423, 1953, 1953, 1953, 2251, 2251, 2524, 2524, 2524, 4236, 4236, 4236, 4236, 4236, 4236, 4236, 4236, 4236, 4236, 4236, 4236, 4236, 4236, 4236, 4236, 4236, 4236, 4236, 4385, 4385, 4853, 5008, 5399, 5869, 6012, 6012, 6250, 6250, 6250, 6250, 6250, 6250, 6548, 6691, 7203, 7203, 7203, 7359, 7359, 7359, 7997, 7997, 8091, 8091, 8518, 8518, 9658, 9658, 9658, 9658, 9658, 9658, 9704, 10460, 10460, 10460, 10616, 10931, 11825, 12181, 12809, 13598, 13750, 14951, 15564, 15934, 16946, 18097, 18552, 18888, 18888, 21262, 22750, 23454, 24058, 26393, 36566, 47990, 49964, 59970, 71602, 71602, 71602, 71724, 72626, 73063, 74439, 74439, 78118, 90491, 122341, 126404, 126404, 127275, 127275, 168557, 178195, 178195, 178195, 206364, 206364, 206364, 206364, 206364, 206364, 214727], "cumulative exploited vulns": [0, 1, 2, 3, 4, 5, 6, 7, 8, 9, 10, 11, 12, 13, 14, 15, 16, 17, 18, 19, 20, 21, 22, 23, 24, 25, 26, 27, 28, 29, 30, 31, 32, 33, 34, 35, 36, 37, 38, 39, 40, 41, 42, 43, 44, 45, 46, 47, 48, 49, 50, 51, 52, 53, 54, 55, 56, 57, 58, 59, 60, 61, 62, 63, 64, 65, 66, 67, 68, 69, 70, 71, 72, 73, 74, 75, 76, 77, 78, 79, 80, 81, 82, 83, 84, 85, 86, 87, 88, 89, 90, 91, 92, 93, 94, 95, 96, 97, 98, 99, 100, 101, 102, 103, 104, 105, 106, 107, 108, 109, 110, 111, 112, 113, 114, 115, 116, 117, 118, 119, 120, 121, 122, 123, 124, 125, 126],