{"Total Initial Vulnerabilities": 644, "Initial Vulns Per OS": {"centos": {"7": 30, "8": 24, "4": 13, "3": 23, "6": 44, "5": 13}, "windows": {"10": 13, "8.1": 19, "8": 16, "7": 25, "vista": 27}, "freebsd": {"12": 9, "11": 44, "10": 14, "9": 30, "13": 12, "8": 63}, "ubuntu": {"20.04": 16, "18.04": 24, "14.04": 36, "16.04": 41, "10.04": 106, "12.04": 2}}, "Average Initial RoA Per OS": {"centos": {"7": 0.046172631835867985, "8": 0.04338421038050878, "4": 0.04564779275674287, "3": 0.054271183022231335, "6": 0.03944448312887265, "5": 0.01745574865006844}, "windows": {"10": 0.060675985278925114, "8.1": 0.05150747964593431, "8": 0.02482321691763692, "7": 0.0641181267574437, "vista": 0.04291462426604171}, "freebsd": {"12": 0.03222145203443641, "11": 0.037865656490713114, "10": 0.09635193448742893, "9": 0.04650943737707651, "13": 0.041628363653412555, "8": 0.0546676888576631}, "ubuntu": {"20.04": 0.09324400042190449, "18.04": 0.03664763433596051, "14.04": 0.11214490403145067, "16.04": 0.04599966830496294, "10.04": 0.0697739479254756, "12.04": 0.007680048591076671}}, "OS Types In Initial Network": {"centos 7": 14, "windows 10": 15, "centos 8": 15, "ubuntu 20.04": 18, "windows 8.1": 13, "windows 8": 6, "centos 4": 5, "centos 6": 13, "freebsd 12": 9, "ubuntu 18.04": 16, "ubuntu 14.04": 9, "centos 3": 1, "freebsd 11": 13, "windows 7": 5, "freebsd 10": 5, "windows vista": 6, "freebsd 9": 5, "freebsd 13": 10, "ubuntu 16.04": 9, "centos 5": 5, "ubuntu 10.04": 4, "ubuntu 12.04": 1, "freebsd 8": 3}, "Initial Hosts Without Vulnerabilities": 44, "Host Compromises": {"record name": "Host Compromises", "x": [4517, 5595, 5936, 6077, 6438, 6664, 51548, 79472, 82983, 86123, 86175, 86219, 114269], "y": ["windows 8.1", "centos 4", "ubuntu 18.04", "windows 8.1", "centos 7", "centos 7", "centos 6", "windows 10", "freebsd 12", "ubuntu 20.04", "freebsd 9", "ubuntu 18.04", "ubuntu 20.04"], "cumulative y": [0, 1, 2, 3, 4, 5, 6, 7, 8, 9, 10, 11, 12], "total events": 13}, "Vuln Compromises": {"record name": "Vuln Compromises", "x": [4517, 5936, 6077, 6438, 6664, 51548], "y": ["windows 8.1", "ubuntu 18.04", "windows 8.1", "centos 7", "centos 7", "centos 6"], "cumulative y": [0, 1, 2, 3, 4, 5], "total events": 6}, "Reuse Password Compromises": {"record name": "Reuse Password Compromises", "x": [5595, 82983, 86123, 86175, 86219], "y": ["centos 4", "freebsd 12", "ubuntu 20.04", "freebsd 9", "ubuntu 18.04"], "cumulative y": [0, 1, 2, 3, 4], "total events": 5}, "Password Spray Compromises": {"record name": "Password Spray Compromises", "x": [79472, 114269], "y": ["windows 10", "ubuntu 20.04"], "cumulative y": [0, 1], "total events": 2}, "User Account Leaks": {"record name": "User Account Has Been Leaked By Compromise", "x": [4517, 4517, 4517, 5595, 5595, 5936, 5936, 5936, 6077, 6077, 6077, 6438, 6438, 6664, 6664, 6664, 51548, 51548, 79472, 79472, 82983, 82983, 86175, 86175, 86219], "y": ["Cosetta", "Beverlee", "Aleece", "Zorana", "Aimee", "Sophey", "Magda", "Melessa", "Kerrie", "Marlee", "Cherish", "Trixy", "Ina", "Beatrisa", "Quinta", "Marian", "Kamilah", "Lelah", "Jehanna", "Norry", "Mommy", "Benedikta", "Celestyna", "Krystyna", "Addie"], "cumulative y": [0, 1, 2, 3, 4, 5, 6, 7, 8, 9, 10, 11, 12, 13, 14, 15, 16, 17, 18, 19, 20, 21, 22, 23, 24], "total events": 25}, "Vulnerabilities Exploited": {"record name": "Vulnerabilities Exploited", "x": [385, 446, 446, 486, 599, 723, 839, 839, 1051, 1051, 1051, 1094, 1256, 1256, 1661, 2399, 2399, 2399, 2399, 2399, 2399, 2399, 2399, 2399, 2399, 2399, 2894, 3421, 3421, 3421, 3815, 3907, 4336, 4336, 4336, 4431, 4499, 4555, 4997, 5179, 5531, 5936, 5936, 6950, 8139, 8139, 8139, 8139, 8752, 9065, 9065, 10192, 15598, 15598, 15598, 16711, 19210, 20548, 23255, 23255, 23736, 31625, 32484, 34069, 38404, 43240, 43656, 44882, 51548, 58312, 91933, 196966], "cumulative exploited vulns": [0, 1, 2, 3, 4, 5, 6, 7, 8, 9, 10, 11, 12, 13, 14, 15, 16, 17, 18, 19, 20, 21, 22, 23, 24, 25, 26, 27, 28, 29, 30, 31, 32, 33, 34, 35, 36, 37, 38, 39, 40, 41, 42, 43, 44, 45, 46, 47, 48, 49, 50, 51, 52, 53, 54, 55, 56, 57, 58, 59, 60, 61, 62, 63, 64, 65, 66, 67, 68, 69, 70, 71], "roa": [0.15906269080797797, 0.3759370402981278, 0.3873037456300032, 0.42325464182996725, 0.4002296650911868, 0.6389878190297467, 0.06906752318525741, 0.022024236222734358, 0.5217206647964185, 0.17178512700117735, 0.1209273938196432, 0.06842888398667014, 0.3591465524654596, 0.3359233088779964, 0.48832288257669676, 0.690205305767041, 0.021470519943504955, 0.3330065031649395, 0.3433374396389751, 0.6910617129292379, 0.5031405146358096, 0.5036218959177152, 0.41779279168051103, 0.22449748446115506, 0.09194143620225345, 0.2845310072641541, 0.08487124775822856, 0.1374978576052462, 0.6061967272485224, 0.02546516434785695, 0.03872312622639437, 0.4292914326212601, 0.4173467588025013, 0.3363911528902939, 0.26739815583564397, 0.21300595391518976, 0.6290643675481005, 0.6439236682591761, 0.22373037703731957, 0.2073059397987656, 0.17606031944464368, 0.05182389116814207, 0.05773315921695671, 0.1293213900608913, 0.03766079278648207, 0.23753391447573963, 0.12296904871791947, 0.058884234966344776, 0.011117773563752532, 0.019766050636073177, 0.019766050636073177, 0.1370345657153109, 0.0828673860653554, 0.24577795177750744, 0.026849514249105498, 0.13739740341726353, 0.0017541666491898364, 0.00033412917953671043, 0.27685567172676717, 0.14259187828626918, 0.0014383453099551156, 0.011921760456013095, 0.08383935282507833, 0.1806721718900684, 0.47604946532347975, 0.1397885412892582, 0.028605423760589593, 0.46897715665571527, 0.08155012396247521, 0.18990560206510593, 0.021887635235959386, 0.009851049389632919], "impact": [3.0093182342021905, 3.8094058020972135, 7.0002343740252035, 5.814205150267667, 4.6774451921512075, 9.10420707200928, 0.9249823565000936, 0.6418163850798864, 7.040188169161242, 2.46531349703331, 2.619368965260417, 2.94950641882864, 4.231879868454413, 8.10558506980849, 4.998425322786852, 7.3627773934952065, 0.24429722355074013, 3.4902360163960444, 3.8173071205828215, 9.758855356418954, 6.597693113676368, 6.657150244013925, 5.396667363335562, 4.093107755260508, 2.1164699981833923, 4.944404339107699, 2.932615991627765, 1.3980357526719356, 9.436037243386487, 0.727518885118591, 0.9654384678262318, 8.276647010469322, 4.856034013020797, 5.078923294910079, 4.505228219047631, 2.972394707650974, 7.72020815137929, 6.452663486636403, 6.5920381999489175, 3.84924622107334, 2.80021218180916, 0.5775471469215887, 0.8236980866313437, 5.7121209744542565, 1.7207556274758018, 4.111977354448683, 1.7117589081376106, 0.6842397506093623, 0.22855032983667978, 1.1741277036761044, 1.1741277036761044, 1.4901794007885782, 2.2005146871010384, 8.877200335014026, 1.2190227250946062, 3.3473013579873836, 0.10193902496764329, 1.2098576117139437, 4.612965190142129, 5.2535229375457115, 0.03053163215268051, 0.9969194270891402, 5.926954934585034, 5.19500388487812, 8.322106727859746, 5.37304739597994, 1.3151625763722796, 4.811187331055154, 7.682067307372612, 8.700928861068219, 2.4797972417424274, 0.8162754014929907],