{"Total Initial Vulnerabilities": 690, "Initial Vulns Per OS": {"windows": {"8": 19, "10": 17, "xp": 37, "vista": 29, "8.1": 31, "7": 68}, "centos": {"4": 20, "7": 45, "5": 18, "6": 17, "8": 6, "3": 58}, "freebsd": {"12": 36, "9": 19, "13": 15, "11": 27, "10": 25, "8": 62}, "ubuntu": {"10.04": 57, "18.04": 23, "20.04": 17, "16.04": 24, "12.04": 13, "14.04": 7}}, "Average Initial RoA Per OS": {"windows": {"8": 0.09147016644601275, "10": 0.057583169587447074, "xp": 0.050923645648116335, "vista": 0.08981032447154147, "8.1": 0.06425906855272541, "7": 0.05480517273287581}, "centos": {"4": 0.03468251270888429, "7": 0.08056448565147153, "5": 0.05053292771398876, "6": 0.08585397314748264, "8": 0.03957140222124686, "3": 0.09005465913170614}, "freebsd": {"12": 0.05405807766049717, "9": 0.029755637390893347, "13": 0.05194311221268661, "11": 0.028632526137016105, "10": 0.041692238802991194, "8": 0.07130709592332322}, "ubuntu": {"10.04": 0.05244345777664104, "18.04": 0.05973207986796353, "20.04": 0.11003440988158729, "16.04": 0.09875182311010794, "12.04": 0.03324854696474166, "14.04": 0.08290402879053202}}, "OS Types In Initial Network": {"windows 10": 18, "windows 8": 5, "centos 4": 3, "freebsd 12": 13, "windows 7": 16, "freebsd 9": 4, "windows xp": 2, "windows vista": 8, "ubuntu 10.04": 2, "centos 7": 21, "freebsd 13": 13, "ubuntu 18.04": 11, "centos 8": 12, "centos 5": 5, "ubuntu 20.04": 15, "freebsd 11": 9, "windows 8.1": 15, "centos 6": 7, "freebsd 10": 4, "freebsd 8": 2, "ubuntu 16.04": 6, "ubuntu 12.04": 2, "ubuntu 14.04": 4, "centos 3": 3}, "Initial Hosts Without Vulnerabilities": 44, "Host Compromises": {"record name": "Host Compromises", "x": [1143, 4305, 11391, 12424, 12624, 13868, 14314, 15483, 17377, 20359, 22996, 49462, 50749, 53939, 54717, 56248, 65044, 124084, 124150, 127167, 135269, 136179, 144573, 198395, 239402, 241801, 242546, 247670], "y": ["windows xp", "ubuntu 10.04", "ubuntu 10.04", "ubuntu 20.04", "freebsd 11", "centos 6", "ubuntu 18.04", "ubuntu 20.04", "windows 10", "ubuntu 18.04", "ubuntu 20.04", "windows 8.1", "freebsd 12", "freebsd 12", "freebsd 9", "centos 3", "windows xp", "freebsd 13", "freebsd 12", "windows vista", "centos 3", "windows 10", "ubuntu 12.04", "centos 8", "freebsd 11", "ubuntu 12.04", "ubuntu 18.04", "centos 7"], "cumulative y": [0, 1, 2, 3, 4, 5, 6, 7, 8, 9, 10, 11, 12, 13, 14, 15, 16, 17, 18, 19, 20, 21, 22, 23, 24, 25, 26, 27], "total events": 28}, "Vuln Compromises": {"record name": "Vuln Compromises", "x": [1143, 4305, 11391, 12424, 22996, 49462, 50749, 53939, 56248, 65044, 124150, 135269, 144573], "y": ["windows xp", "ubuntu 10.04", "ubuntu 10.04", "ubuntu 20.04", "ubuntu 20.04", "windows 8.1", "freebsd 12", "freebsd 12", "centos 3", "windows xp", "freebsd 12", "centos 3", "ubuntu 12.04"], "cumulative y": [0, 1, 2, 3, 4, 5, 6, 7, 8, 9, 10, 11, 12], "total events": 13}, "Reuse Password Compromises": {"record name": "Reuse Password Compromises", "x": [12624, 13868, 14314, 15483, 17377, 20359, 54717, 127167, 136179, 198395, 241801, 242546], "y": ["freebsd 11", "centos 6", "ubuntu 18.04", "ubuntu 20.04", "windows 10", "ubuntu 18.04", "freebsd 9", "windows vista", "windows 10", "centos 8", "ubuntu 12.04", "ubuntu 18.04"], "cumulative y": [0, 1, 2, 3, 4, 5, 6, 7, 8, 9, 10, 11], "total events": 12}, "Password Spray Compromises": {"record name": "Password Spray Compromises", "x": [124084, 239402, 247670], "y": ["freebsd 13", "freebsd 11", "centos 7"], "cumulative y": [0, 1, 2], "total events": 3}, "User Account Leaks": {"record name": "User Account Has Been Leaked By Compromise", "x": [1143, 1143, 1143, 4305, 4305, 4305, 11391, 11391, 11391, 12424, 12424, 12624, 12624, 13868, 14314, 14314, 15483, 15483, 17377, 20359, 20359, 22996, 22996, 49462, 49462, 49462, 50749, 50749, 53939, 54717, 56248, 56248, 56248, 65044, 124084, 124150, 127167, 135269, 135269, 198395, 239402, 247670], "y": ["Olly", "Nadiya", "Colline", "Jobye", "Ileane", "Leeanne", "Lulu", "Valina", "Amanda", "Janina", "Daisi", "Rana", "Sarina", "Kari", "Mag", "Hyacintha", "Camilla", "Daphene", "Odilia", "Olenka", "Cacilie", "Jen", "Allene", "Inez", "Gabrila", "Ruthe", "Aloysia", "Maure", "Kendre", "Marilee", "Patrice", "Elysha", "Nicole", "Prisca", "Lou", "Becki", "Mariam", "Jeanelle", "Susannah", "Rici", "Josey", "Pegeen"], "cumulative y": [0, 1, 2, 3, 4, 5, 6, 7, 8, 9, 10, 11, 12, 13, 14, 15, 16, 17, 18, 19, 20, 21, 22, 23, 24, 25, 26, 27, 28, 29, 30, 31, 32, 33, 34, 35, 36, 37, 38, 39, 40, 41], "total events": 42}, "Vulnerabilities Exploited": {"record name": "Vulnerabilities Exploited", "x": [230, 230, 230, 271, 1143, 1143, 1143, 1143, 1143, 1143, 1143, 1348, 3023, 3023, 3023, 3023, 3023, 3023, 3023, 3023, 3023, 3023, 3023, 3023, 3349, 3349, 3349, 3543, 3756, 3931, 4305, 4305, 4305, 4305, 4305, 4305, 4305, 4305, 4477, 5559, 5559, 5938, 6035, 6241, 6328, 7019, 7019, 7019, 7019, 7157, 7367, 7719, 8171, 8171, 8368, 8506, 8506, 8668, 8668, 8739, 9112, 9112, 11391, 11391, 11391, 11391, 11391, 11391, 11391, 11391, 11391, 11391, 11391, 11391, 11391, 11391, 11790, 12424, 12816, 13030, 13146, 13542, 14181, 14181, 14701, 14701, 14701, 16965, 17515, 22996, 23210, 23595, 29021, 31681, 32211, 33784, 33784, 45313, 46788, 51427, 55943, 55943, 55943, 56248, 59482, 61161, 61161, 61161, 61724, 65044, 65044, 65044, 65044, 65044, 65044, 65325, 65325, 78823, 78823, 78823, 114963, 124357, 125522, 125522, 125522, 125522, 125522, 125522, 125522, 125522, 126389, 135269, 135269, 135269, 135269, 135269, 135269, 135269, 144573, 241946, 241946, 248413, 249988], "cumulative exploited vulns": [0, 1, 2, 3, 4, 5, 6, 7, 8, 9, 10, 11, 12, 13, 14, 15, 16, 17, 18, 19, 20, 21, 22, 23, 24, 25, 26, 27, 28, 29, 30, 31, 32, 33, 34, 35, 36, 37, 38, 39, 40, 41, 42, 43, 44, 45, 46, 47, 48, 49, 50, 51, 52, 53, 54, 55, 56, 57, 58, 59, 60, 61, 62, 63, 64, 65, 66, 67, 68, 69, 70, 71, 72, 73, 74, 75, 76, 77, 78, 79, 80, 81, 82, 83, 84, 85, 86, 87, 88, 89, 90, 91, 92, 93, 94, 95, 96, 97, 98, 99, 100, 101, 102, 103, 104, 105, 106, 107, 108, 109, 110, 111, 112, 113, 114, 115, 116, 117, 118, 119, 120, 121, 122, 123, 124, 125, 126, 127, 128, 129, 130, 131, 132, 133, 134, 135, 136, 137, 138, 139, 140, 141, 142],