{"Total Initial Vulnerabilities": 604, "Initial Vulns Per OS": {"freebsd": {"12": 7, "8": 15, "11": 38, "9": 47, "13": 6, "10": 40}, "ubuntu": {"14.04": 24, "18.04": 36, "16.04": 24, "20.04": 5, "12.04": 13, "10.04": 66}, "centos": {"8": 8, "6": 33, "4": 24, "5": 24, "7": 15, "3": 25}, "windows": {"8": 28, "vista": 48, "7": 6, "8.1": 11, "10": 7, "xp": 54}}, "Average Initial RoA Per OS": {"freebsd": {"12": 0.025440597408718624, "8": 0.01428085480273768, "11": 0.07098685704363991, "9": 0.0942375941857139, "13": 0.1159822272542106, "10": 0.05456145535401635}, "ubuntu": {"14.04": 0.041853628455154335, "18.04": 0.047042049030318486, "16.04": 0.05964402960528994, "20.04": 0.09273458929338166, "12.04": 0.046045787941896434, "10.04": 0.052873383370437746}, "centos": {"8": 0.01759293987532445, "6": 0.08263579788331402, "4": 0.08027370586083139, "5": 0.04513043847870426, "7": 0.09230527228233473, "3": 0.04073580843711762}, "windows": {"8": 0.09440298993672093, "vista": 0.09536183378268874, "7": 0.07745580704600528, "8.1": 0.08726367843390653, "10": 0.05390169774839028, "xp": 0.0975184104766675}}, "OS Types In Initial Network": {"freebsd 12": 6, "windows 8.1": 11, "centos 8": 16, "ubuntu 14.04": 8, "freebsd 8": 2, "freebsd 11": 10, "centos 6": 10, "centos 4": 6, "ubuntu 18.04": 15, "freebsd 9": 10, "centos 5": 8, "windows 8": 8, "ubuntu 20.04": 12, "ubuntu 16.04": 5, "windows 10": 17, "freebsd 13": 11, "windows vista": 10, "centos 7": 12, "freebsd 10": 10, "windows 7": 4, "centos 3": 2, "windows xp": 3, "ubuntu 12.04": 2, "ubuntu 10.04": 2}, "Initial Hosts Without Vulnerabilities": 56, "Host Compromises": {"record name": "Host Compromises", "x": [1171, 5839, 6120, 7319, 7712, 14173, 14478, 27163, 27877, 33090, 34836, 37562, 37650, 38491, 39480, 52248, 53805, 55088, 57838, 58686, 77026, 82895, 86546, 100488, 100671, 109418, 117395, 159606, 166560, 166669, 173928, 238505], "y": ["freebsd 8", "centos 4", "windows 8", "ubuntu 20.04", "centos 7", "windows 8", "ubuntu 16.04", "centos 3", "windows vista", "freebsd 13", "freebsd 13", "freebsd 10", "centos 4", "centos 7", "freebsd 9", "freebsd 13", "ubuntu 10.04", "windows vista", "windows vista", "freebsd 10", "freebsd 10", "windows 10", "ubuntu 18.04", "windows 8.1", "ubuntu 14.04", "centos 7", "freebsd 9", "windows 10", "windows 8", "freebsd 11", "ubuntu 18.04", "centos 8"], "cumulative y": [0, 1, 2, 3, 4, 5, 6, 7, 8, 9, 10, 11, 12, 13, 14, 15, 16, 17, 18, 19, 20, 21, 22, 23, 24, 25, 26, 27, 28, 29, 30, 31], "total events": 32}, "Vuln Compromises": {"record name": "Vuln Compromises", "x": [1171, 5839, 6120, 7319, 7712, 14173, 14478, 27163, 27877, 37650, 38491, 39480, 55088, 58686, 77026, 100671, 117395, 166560], "y": ["freebsd 8", "centos 4", "windows 8", "ubuntu 20.04", "centos 7", "windows 8", "ubuntu 16.04", "centos 3", "windows vista", "centos 4", "centos 7", "freebsd 9", "windows vista", "freebsd 10", "freebsd 10", "ubuntu 14.04", "freebsd 9", "windows 8"], "cumulative y": [0, 1, 2, 3, 4, 5, 6, 7, 8, 9, 10, 11, 12, 13, 14, 15, 16, 17], "total events": 18}, "Reuse Password Compromises": {"record name": "Reuse Password Compromises", "x": [33090, 34836, 37562, 53805, 82895, 86546, 166669], "y": ["freebsd 13", "freebsd 13", "freebsd 10", "ubuntu 10.04", "windows 10", "ubuntu 18.04", "freebsd 11"], "cumulative y": [0, 1, 2, 3, 4, 5, 6], "total events": 7}, "Password Spray Compromises": {"record name": "Password Spray Compromises", "x": [52248, 57838, 100488, 109418, 159606, 173928, 238505], "y": ["freebsd 13", "windows vista", "windows 8.1", "centos 7", "windows 10", "ubuntu 18.04", "centos 8"], "cumulative y": [0, 1, 2, 3, 4, 5, 6], "total events": 7}, "User Account Leaks": {"record name": "User Account Has Been Leaked By Compromise", "x": [1171, 1171, 1171, 5839, 5839, 5839, 6120, 6120, 6120, 7319, 7319, 7319, 7712, 7712, 14173, 14173, 14173, 14478, 27163, 27163, 27163, 27877, 27877, 27877, 33090, 33090, 34836, 37650, 37650, 37650, 38491, 39480, 52248, 55088, 55088, 57838, 58686, 58686, 77026, 77026, 100488, 109418, 117395, 117395, 159606, 166560, 166560, 173928, 173928], "y": ["Cami", "Adelle", "Darsie", "Aleen", "Chandra", "Sissy", "Perla", "Valry", "Allyce", "Teddi", "Lou", "Elsa", "Germain", "Margalo", "Beverlie", "Gusta", "Tarrah", "Ruthe", "Odetta", "Maurita", "Karina", "Jennie", "Corenda", "Karlene", "Maria", "Theresita", "Francesca", "Coreen", "Darlleen", "Priscilla", "Malia", "Vilhelmina", "Anallise", "Meagan", "Carly", "Korney", "Malynda", "Nevsa", "Cassandre", "Angelle", "Petrina", "Harriot", "Cassie", "Maureen", "Magdalen", "Tallia", "Andy", "Benedikta", "Veda"], "cumulative y": [0, 1, 2, 3, 4, 5, 6, 7, 8, 9, 10, 11, 12, 13, 14, 15, 16, 17, 18, 19, 20, 21, 22, 23, 24, 25, 26, 27, 28, 29, 30, 31, 32, 33, 34, 35, 36, 37, 38, 39, 40, 41, 42, 43, 44, 45, 46, 47, 48], "total events": 49}, "Vulnerabilities Exploited": {"record name": "Vulnerabilities Exploited", "x": [184, 323, 1171, 1171, 1171, 1171, 1171, 2100, 2100, 2100, 2100, 2278, 2386, 2386, 3009, 3291, 3291, 3671, 3671, 3671, 3671, 3889, 3976, 3976, 4413, 4413, 4413, 4413, 4473, 4535, 4807, 4807, 5322, 5322, 5839, 5839, 5839, 5839, 6061, 6061, 6061, 6176, 6879, 7319, 7592, 7712, 7893, 7893, 7893, 7893, 8041, 8285, 9072, 10420, 10420, 10420, 10672, 12029, 12424, 12951, 13432, 18839, 18839, 20761, 20913, 21383, 21383, 23444, 23952, 25287, 27163, 27877, 28360, 28360, 28360, 28726, 32374, 33784, 34931, 35727, 37650, 37740, 38491, 46208, 55088, 55088, 55088, 74051, 77026, 77026, 117395, 117395, 117395, 117395, 117395, 158270, 171964, 223130], "cumulative exploited vulns": [0, 1, 2, 3, 4, 5, 6, 7, 8, 9, 10, 11, 12, 13, 14, 15, 16, 17, 18, 19, 20, 21, 22, 23, 24, 25, 26, 27, 28, 29, 30, 31, 32, 33, 34, 35, 36, 37, 38, 39, 40, 41, 42, 43, 44, 45, 46, 47, 48, 49, 50, 51, 52, 53, 54, 55, 56, 57, 58, 59, 60, 61, 62, 63, 64, 65, 66, 67, 68, 69, 70, 71, 72, 73, 74, 75, 76, 77, 78, 79, 80, 81, 82, 83, 84, 85, 86, 87, 88, 89, 90, 91, 92, 93, 94, 95, 96, 97], "roa": [0.07484676565420995, 0.13365249397140896, 0.34935368962409774, 0.10711695247248405, 0.06665469903162488, 0.24399351363797223, 0.28369785075283416, 0.2213800204973199, 0.12201865216234034, 0.18413689612034728, 0.1615224335608836, 0.40953225454702774, 0.3251633869164455, 0.3251633869164455, 0.3898953985894432, 0.043824426683133307, 0.04222312560037962, 0.45362773952724167, 0.09597528918796303, 0.15603933461237512, 0.05694097163202812, 0.04219136630093477, 0.5930099292228883, 0.026340400095972473, 0.37501449970197703, 0.5682495211828834, 0.2377856131498342, 0.5185447540857249, 0.7608968610360434, 0.1901563820711689, 0.4506738244355665, 0.15448124792872345, 0.1325009103324687, 0.1814032490006953, 0.1573693115452107, 0.7746608334239118, 0.2513634656908365, 0.025935732147041375, 0.7760800790539398, 0.8027321378203798, 0.042996755331767944, 0.5658369139783999, 0.29864973741018697, 0.6760364429464457, 0.4416044498163375, 0.8384326659689997, 0.8031932413487659, 0.1806603403612969, 0.5921325616362683, 0.10832630528818551, 0.5646817300883707, 0.5303870391268537, 0.17742057446525283, 0.2928121983140321, 0.07879402765174345, 0.16517011463975495, 0.5028770482822228, 0.6366567858520856, 0.05920986909400856, 0.003322876433052637, 0.3521481240120485, 0.22072403812865252, 0.1481050339484459, 0.08796964440147863, 0.19784689802074704, 0.1476295068085818, 0.0005867893243781732, 0.5434765230392228, 0.31848313237277265, 0.006148522588387497, 0.21193504728568505, 0.08096520895210768, 0.5754861287901551, 0.27400239637700513, 0.02579507145796296, 0.2927747906915493, 0.19523125011727333, 0.21074721329302964, 0.2870470133703784, 0.027610673819195474, 0.15876500152648804, 0.8943910715928614, 0.003937004656559869, 0.06664001174784596, 0.6860337190487604, 0.15844915178384503, 0.6860337190487604, 0.5516995890147975, 0.5519298188094323, 0.16560335089452488, 0.8501058685618734, 0.4705339917400141, 0.2805145745939664, 0.5062868829337217, 0.3825829857635363, 0.549347440932937, 0.477968279215906, 0.07550991589278735],