{"Total Initial Vulnerabilities": 642, "Initial Vulns Per OS": {"centos": {"7": 18, "6": 25, "8": 14, "5": 23, "3": 47, "4": 7}, "freebsd": {"11": 36, "8": 57, "13": 13, "9": 26, "10": 60, "12": 13}, "windows": {"7": 30, "10": 7, "vista": 13, "8": 30, "8.1": 13, "xp": 54}, "ubuntu": {"14.04": 27, "10.04": 51, "16.04": 36, "12.04": 13, "20.04": 17, "18.04": 12}}, "Average Initial RoA Per OS": {"centos": {"7": 0.046066983961005635, "6": 0.06838291714112694, "8": 0.026807709311426873, "5": 0.027450615572095223, "3": 0.0686713711646436, "4": 0.02854860062216111}, "freebsd": {"11": 0.05201261495157621, "8": 0.05240016511395228, "13": 0.015422821036200176, "9": 0.07674276363661524, "10": 0.09763274905292044, "12": 0.02723136760020122}, "windows": {"7": 0.03417703162570704, "10": 0.05797465157745692, "vista": 0.03418002266579827, "8": 0.04203417060205017, "8.1": 0.053899437504410536, "xp": 0.06441201869291432}, "ubuntu": {"14.04": 0.08319050545460754, "10.04": 0.07136881321581914, "16.04": 0.04003698883174415, "12.04": 0.06834402081228567, "20.04": 0.036526579214979565, "18.04": 0.08162020520188362}}, "OS Types In Initial Network": {"ubuntu 20.04": 16, "centos 7": 14, "centos 8": 10, "freebsd 11": 12, "windows 7": 10, "freebsd 8": 2, "centos 6": 10, "freebsd 13": 12, "ubuntu 16.04": 14, "ubuntu 14.04": 10, "ubuntu 10.04": 2, "freebsd 9": 5, "windows 10": 12, "freebsd 10": 9, "windows 8.1": 13, "centos 5": 4, "windows vista": 4, "centos 3": 2, "ubuntu 12.04": 4, "freebsd 12": 13, "ubuntu 18.04": 10, "windows 8": 8, "centos 4": 1, "windows xp": 3}, "Initial Hosts Without Vulnerabilities": 50, "Host Compromises": {"record name": "Host Compromises", "x": [1528, 1700, 4706, 6539, 7231, 13301, 14148, 14386, 14459, 14570, 14715, 16268, 17012, 20082, 31285, 31391, 33723, 35233, 56408, 102901, 131783, 140268, 150535, 159069, 159156, 173623, 173756, 188702, 201690, 206388, 220948, 223947, 236179, 240542, 244570], "y": ["freebsd 8", "windows xp", "freebsd 10", "ubuntu 12.04", "ubuntu 14.04", "ubuntu 10.04", "ubuntu 16.04", "freebsd 9", "freebsd 12", "ubuntu 20.04", "ubuntu 14.04", "windows 8", "ubuntu 14.04", "centos 8", "ubuntu 20.04", "centos 7", "freebsd 11", "centos 7", "windows vista", "ubuntu 20.04", "windows 8.1", "freebsd 10", "freebsd 11", "ubuntu 12.04", "centos 6", "ubuntu 14.04", "windows 8.1", "freebsd 10", "ubuntu 14.04", "ubuntu 14.04", "ubuntu 18.04", "ubuntu 16.04", "windows 7", "centos 6", "centos 5"], "cumulative y": [0, 1, 2, 3, 4, 5, 6, 7, 8, 9, 10, 11, 12, 13, 14, 15, 16, 17, 18, 19, 20, 21, 22, 23, 24, 25, 26, 27, 28, 29, 30, 31, 32, 33, 34], "total events": 35}, "Vuln Compromises": {"record name": "Vuln Compromises", "x": [1528, 1700, 4706, 6539, 7231, 13301, 14148, 14386, 14570, 14715, 16268, 17012, 31391, 33723, 159069, 159156, 173756, 188702, 206388, 240542], "y": ["freebsd 8", "windows xp", "freebsd 10", "ubuntu 12.04", "ubuntu 14.04", "ubuntu 10.04", "ubuntu 16.04", "freebsd 9", "ubuntu 20.04", "ubuntu 14.04", "windows 8", "ubuntu 14.04", "centos 7", "freebsd 11", "ubuntu 12.04", "centos 6", "windows 8.1", "freebsd 10", "ubuntu 14.04", "centos 6"], "cumulative y": [0, 1, 2, 3, 4, 5, 6, 7, 8, 9, 10, 11, 12, 13, 14, 15, 16, 17, 18, 19], "total events": 20}, "Reuse Password Compromises": {"record name": "Reuse Password Compromises", "x": [14459, 20082, 31285, 35233, 102901, 140268], "y": ["freebsd 12", "centos 8", "ubuntu 20.04", "centos 7", "ubuntu 20.04", "freebsd 10"], "cumulative y": [0, 1, 2, 3, 4, 5], "total events": 6}, "Password Spray Compromises": {"record name": "Password Spray Compromises", "x": [56408, 131783, 150535, 173623, 201690, 220948, 223947, 236179, 244570], "y": ["windows vista", "windows 8.1", "freebsd 11", "ubuntu 14.04", "ubuntu 14.04", "ubuntu 18.04", "ubuntu 16.04", "windows 7", "centos 5"], "cumulative y": [0, 1, 2, 3, 4, 5, 6, 7, 8], "total events": 9}, "User Account Leaks": {"record name": "User Account Has Been Leaked By Compromise", "x": [1528, 1528, 1528, 1700, 1700, 1700, 4706, 6539, 6539, 6539, 7231, 7231, 7231, 13301, 13301, 14148, 14148, 14148, 14386, 14386, 14386, 14570, 14570, 14570, 14715, 14715, 16268, 16268, 16268, 17012, 17012, 17012, 20082, 31391, 31391, 31391, 33723, 33723, 33723, 35233, 140268, 159069, 159069, 159156, 159156, 173623, 173756, 173756, 188702, 206388, 206388, 236179, 244570, 244570], "y": ["Dominga", "Lauraine", "Malissia", "Ninetta", "Ynez", "Talya", "Sallee", "Davina", "Vita", "Daniela", "Nedi", "Willetta", "Aggie", "Arabelle", "Shel", "Ginelle", "Bert", "Elna", "Sherri", "Phebe", "Fianna", "Vally", "Marie", "Vanda", "Selma", "Mariette", "Valma", "Madalyn", "Fawnia", "Mariejeanne", "Reeta", "Jenilee", "Mil", "Shanie", "Eugenie", "Gratia", "Amity", "Meridith", "Hortensia", "Katheryn", "Edin", "Faith", "Billye", "Willyt", "Casie", "Lorette", "Paule", "Georgianna", "Lelia", "Calley", "Moselle", "Gates", "Nathalie", "Jessika"], "cumulative y": [0, 1, 2, 3, 4, 5, 6, 7, 8, 9, 10, 11, 12, 13, 14, 15, 16, 17, 18, 19, 20, 21, 22, 23, 24, 25, 26, 27, 28, 29, 30, 31, 32, 33, 34, 35, 36, 37, 38, 39, 40, 41, 42, 43, 44, 45, 46, 47, 48, 49, 50, 51, 52, 53], "total events": 54}, "Vulnerabilities Exploited": {"record name": "Vulnerabilities Exploited", "x": [254, 254, 769, 769, 769, 769, 1528, 1528, 1528, 1700, 1700, 1700, 1905, 1905, 2401, 2401, 2491, 2945, 3542, 3542, 3542, 3542, 3542, 3542, 3542, 3887, 4054, 4345, 4706, 4960, 4960, 6415, 6415, 6415, 6415, 6415, 6415, 6415, 6415, 6415, 6415, 6415, 6415, 6539, 6539, 6539, 6821, 7031, 7287, 7571, 7571, 8159, 8159, 8159, 8159, 8459, 8459, 9255, 9255, 9255, 9255, 9662, 9662, 9892, 9892, 10250, 12293, 13301, 13301, 13301, 13301, 13632, 14570, 14715, 17625, 19394, 19394, 23157, 28060, 28800, 30297, 30297, 31391, 33723, 35680, 35680, 36710, 36710, 132206, 159069, 164107, 171041, 173756, 177591, 186100, 186100, 186100, 188702, 196483, 206388, 217604, 224160, 242853, 245454], "cumulative exploited vulns": [0, 1, 2, 3, 4, 5, 6, 7, 8, 9, 10, 11, 12, 13, 14, 15, 16, 17, 18, 19, 20, 21, 22, 23, 24, 25, 26, 27, 28, 29, 30, 31, 32, 33, 34, 35, 36, 37, 38, 39, 40, 41, 42, 43, 44, 45, 46, 47, 48, 49, 50, 51, 52, 53, 54, 55, 56, 57, 58, 59, 60, 61, 62, 63, 64, 65, 66, 67, 68, 69, 70, 71, 72, 73, 74, 75, 76, 77, 78, 79, 80, 81, 82, 83, 84, 85, 86, 87, 88, 89, 90, 91, 92, 93, 94, 95, 96, 97, 98, 99, 100, 101, 102, 103],