{"Total Initial Vulnerabilities": 773, "Initial Vulns Per OS": {"ubuntu": {"18.04": 14, "16.04": 43, "14.04": 34, "12.04": 27, "10.04": 66, "20.04": 8}, "freebsd": {"10": 20, "12": 16, "9": 36, "11": 12, "13": 4, "8": 96}, "windows": {"8": 20, "10": 7, "8.1": 8, "xp": 99, "vista": 30, "7": 35}, "centos": {"3": 65, "7": 33, "8": 10, "4": 34, "5": 35, "6": 21}}, "Average Initial RoA Per OS": {"ubuntu": {"18.04": 0.0528573935325467, "16.04": 0.058645115460097194, "14.04": 0.0679239217035471, "12.04": 0.05346655870628965, "10.04": 0.042674980429165, "20.04": 0.028946261995516698}, "freebsd": {"10": 0.02138331966604998, "12": 0.1288967230559357, "9": 0.05888608637463461, "11": 0.07058061013599612, "13": 0.04068983709481841, "8": 0.0487701630341155}, "windows": {"8": 0.06155181381534121, "10": 0.0270012360705015, "8.1": 0.023761528089071626, "xp": 0.032029257709800245, "vista": 0.025646536199550755, "7": 0.06733242164689911}, "centos": {"3": 0.05759426268055302, "7": 0.05332079783491904, "8": 0.04673293107729272, "4": 0.07352457018962101, "5": 0.044207029332142066, "6": 0.054607760401033004}}, "OS Types In Initial Network": {"ubuntu 18.04": 11, "freebsd 10": 5, "ubuntu 16.04": 13, "windows 8": 8, "centos 3": 4, "windows 10": 12, "freebsd 12": 11, "freebsd 9": 6, "centos 7": 14, "freebsd 11": 6, "ubuntu 14.04": 5, "freebsd 13": 19, "windows 8.1": 7, "ubuntu 20.04": 17, "ubuntu 12.04": 5, "ubuntu 10.04": 3, "centos 8": 14, "centos 4": 6, "windows xp": 3, "windows vista": 3, "centos 5": 9, "windows 7": 7, "centos 6": 9, "freebsd 8": 3}, "Initial Hosts Without Vulnerabilities": 58, "Host Compromises": {"record name": "Host Compromises", "x": [661, 6875, 8478, 10086, 13317, 15208, 18314, 28788, 30148, 35347, 37341, 42040, 101244, 214686, 214824, 215135], "y": ["centos 3", "centos 4", "windows vista", "ubuntu 14.04", "ubuntu 10.04", "centos 7", "windows xp", "freebsd 9", "freebsd 8", "freebsd 10", "ubuntu 16.04", "freebsd 13", "ubuntu 20.04", "windows 10", "windows 8", "ubuntu 12.04"], "cumulative y": [0, 1, 2, 3, 4, 5, 6, 7, 8, 9, 10, 11, 12, 13, 14, 15], "total events": 16}, "Vuln Compromises": {"record name": "Vuln Compromises", "x": [661, 6875, 8478, 10086, 13317, 15208, 18314, 28788, 30148, 35347, 37341, 214824, 215135], "y": ["centos 3", "centos 4", "windows vista", "ubuntu 14.04", "ubuntu 10.04", "centos 7", "windows xp", "freebsd 9", "freebsd 8", "freebsd 10", "ubuntu 16.04", "windows 8", "ubuntu 12.04"], "cumulative y": [0, 1, 2, 3, 4, 5, 6, 7, 8, 9, 10, 11, 12], "total events": 13}, "Reuse Password Compromises": {"record name": "Reuse Password Compromises", "x": [], "y": [], "cumulative y": [], "total events": 0}, "Password Spray Compromises": {"record name": "Password Spray Compromises", "x": [42040, 101244, 214686], "y": ["freebsd 13", "ubuntu 20.04", "windows 10"], "cumulative y": [0, 1, 2], "total events": 3}, "User Account Leaks": {"record name": "User Account Has Been Leaked By Compromise", "x": [661, 661, 661, 6875, 6875, 8478, 8478, 8478, 10086, 10086, 10086, 13317, 13317, 15208, 15208, 18314, 18314, 18314, 28788, 30148, 35347, 37341, 37341, 42040, 101244, 214686, 214686, 214824, 214824, 215135], "y": ["Elonore", "Candra", "Dodie", "Datha", "Katinka", "Randene", "Rhea", "Berrie", "Margette", "Elka", "Cleo", "Bellina", "Erna", "Jenn", "Marion", "Lynelle", "Revkah", "Maia", "Lin", "Candie", "Sandi", "Ailsun", "Maribel", "Claresta", "Chicky", "Hynda", "Susanetta", "Allyce", "Lenna", "Maryann"], "cumulative y": [0, 1, 2, 3, 4, 5, 6, 7, 8, 9, 10, 11, 12, 13, 14, 15, 16, 17, 18, 19, 20, 21, 22, 23, 24, 25, 26, 27, 28, 29], "total events": 30}, "Vulnerabilities Exploited": {"record name": "Vulnerabilities Exploited", "x": [536, 536, 661, 661, 840, 998, 1379, 2221, 3259, 4232, 4232, 4232, 4232, 4232, 4232, 4232, 4232, 4232, 4232, 4232, 4232, 4232, 4232, 4232, 4232, 4678, 4971, 5106, 5596, 5596, 5596, 5596, 5596, 5677, 5726, 6212, 6212, 6289, 6875, 7153, 7153, 8219, 8219, 8219, 8219, 8219, 8219, 8219, 8219, 8219, 8219, 8219, 8478, 8556, 8712, 10086, 11312, 13317, 13317, 13317, 13317, 13317, 13317, 13317, 13317, 13317, 13317, 13621, 13848, 13981, 13981, 14643, 14974, 15208, 15273, 18314, 18314, 18314, 18314, 18314, 18314, 18314, 18314, 18314, 18314, 18314, 22608, 22608, 22608, 26153, 26367, 26864, 27124, 28788, 30148, 30148, 30148, 30148, 30148, 30148, 30148, 30148, 30148, 30148, 30148, 30148, 30148, 30148, 30148, 30148, 30148, 30148, 31733, 31733, 31733, 32247, 33808, 37341, 39572, 40395, 58755, 58971, 63400, 68247, 75686, 95325, 102773, 214824, 215135, 216235, 216235, 241670, 245461], "cumulative exploited vulns": [0, 1, 2, 3, 4, 5, 6, 7, 8, 9, 10, 11, 12, 13, 14, 15, 16, 17, 18, 19, 20, 21, 22, 23, 24, 25, 26, 27, 28, 29, 30, 31, 32, 33, 34, 35, 36, 37, 38, 39, 40, 41, 42, 43, 44, 45, 46, 47, 48, 49, 50, 51, 52, 53, 54, 55, 56, 57, 58, 59, 60, 61, 62, 63, 64, 65, 66, 67, 68, 69, 70, 71, 72, 73, 74, 75, 76, 77, 78, 79, 80, 81, 82, 83, 84, 85, 86, 87, 88, 89, 90, 91, 92, 93, 94, 95, 96, 97, 98, 99, 100, 101, 102, 103, 104, 105, 106, 107, 108, 109, 110, 111, 112, 113, 114, 115, 116, 117, 118, 119, 120, 121, 122, 123, 124, 125, 126, 127, 128, 129, 130, 131, 132], "roa": [0.05992749298249215, 0.05992749298249215, 0.5236176639188094, 0.1920456386423774, 0.02266711001318901, 0.19905810018985964, 0.5905534963472298, 0.06450388398448095, 0.19152566008748442, 0.7322846746670761, 0.5880047996688983, 0.34686115462108474, 0.10347085551579918, 0.24328341896186342, 0.2581286841860727, 0.2572167480266245, 0.5189081982616406, 0.36071726246439606, 0.12747524936099341, 0.3305987310786548, 0.16923364166989993, 0.19138113809436647, 0.1322832203933312, 0.16988438684707768, 0.08239906087590262, 0.12059354945795087, 0.07574383548098382, 0.5788348356372082, 0.7224055251119709, 0.44151755980769636, 0.2818391817423727, 0.11662961733606951, 0.03711772730130233, 0.01569487255313346, 0.20684939538508812, 0.41706943904799754, 0.002812912270260149, 0.42791793382532484, 0.29813722044356694, 0.21553521686765195, 0.38699108832891177, 0.37044005688259446, 0.3607641331185915, 0.2373235084452426, 0.49883087011685384, 0.17334869107021061, 0.41013584744793824, 0.5131881102502225, 0.15916425745777535, 0.5196014018529642, 0.4657331693721768, 0.29905107664854963, 0.0455907581198597, 0.3823308718444408, 0.13699194920913998, 0.7642309893535317, 0.04238811923083743, 0.5185422679891564, 0.3261746660767222, 0.31547767320396647, 0.09544943263079331, 0.14299256825606854, 0.024640123810850602, 0.00013230670777665893, 0.5476499257389301, 0.1570478901693578, 0.1190332198880227, 0.20629662895060216, 0.11191396464201406, 0.38095253562067866, 0.38095253562067866, 0.4916442625034204, 0.2411415873422705, 0.5832250778403152, 0.5505652893525737, 0.5420438545133652, 0.47869357514009964, 0.05233190880099349, 0.5115270533676218, 0.5440523300219086, 0.04855676925511638, 0.03617746353907443, 0.02944979864439496, 0.06573574060597542, 0.4124113889998807, 0.29507386825276904, 0.30595178730827993, 0.05260583723258875, 0.08895605185035153, 0.05227392805663041, 0.3399282715578314, 0.31263352579044146, 0.07122249215355435, 0.7057814653740906, 0.4145858487048934, 0.2511203718051441, 0.49862644783527604, 0.21266314257292832, 0.19699957353660943, 0.4145858487048934, 0.2511203718051441, 0.49862644783527604, 0.21266314257292832, 0.19699957353660943, 0.33255255595155553, 0.07246992788514599, 0.015285116639173129, 0.56848072027053, 0.5173683983874586, 0.5893338526241941, 0.6154826042884372, 0.0687134694982649, 0.15342382934507137, 0.4130065224266487, 0.08592438914233631, 0.18516055143773597, 0.13804223632135829, 0.47789892508038234, 0.32119481044074427, 0.008326989296802343, 0.08386636010898442, 0.04225864955089093, 0.06930366286609593, 0.04267422182165251, 0.03872882175672494, 0.02297512955233436, 0.11212836033287625, 0.058053701612737804, 0.036786754249598826, 0.25152705196493674, 0.25152705196493674, 0.20611794318848448, 0.03354274591511978],