{"Total Initial Vulnerabilities": 621, "Initial Vulns Per OS": {"windows": {"8.1": 26, "10": 21, "7": 32, "8": 10, "vista": 13, "xp": 55}, "ubuntu": {"16.04": 17, "20.04": 12, "18.04": 19, "12.04": 21, "14.04": 40}, "centos": {"8": 20, "6": 20, "7": 26, "3": 65, "5": 29, "4": 24}, "freebsd": {"10": 45, "12": 27, "13": 11, "11": 23, "9": 38, "8": 27}}, "Average Initial RoA Per OS": {"windows": {"8.1": 0.04091557788436183, "10": 0.05542837039533762, "7": 0.031520034336529765, "8": 0.01875087907022084, "vista": 0.12041676155966431, "xp": 0.08220980408876379}, "ubuntu": {"16.04": 0.10240334808729158, "20.04": 0.05881525757015114, "18.04": 0.05646062157873738, "12.04": 0.023066666853776223, "14.04": 0.05680614252528323}, "centos": {"8": 0.05637985026198854, "6": 0.055039432297273115, "7": 0.05053397678875298, "3": 0.05230242092251618, "5": 0.05250563496366967, "4": 0.04618353527013657}, "freebsd": {"10": 0.043459847475373674, "12": 0.06789679344786795, "13": 0.14180552176772737, "11": 0.047030424644445415, "9": 0.05485410501494012, "8": 0.04722682039395518}}, "OS Types In Initial Network": {"windows 8.1": 15, "windows 10": 20, "ubuntu 16.04": 10, "windows 8": 8, "ubuntu 20.04": 13, "centos 8": 17, "freebsd 10": 9, "freebsd 12": 18, "ubuntu 18.04": 10, "ubuntu 12.04": 5, "centos 6": 7, "freebsd 13": 10, "centos 7": 12, "ubuntu 14.04": 9, "centos 3": 2, "freebsd 11": 9, "windows 7": 6, "freebsd 9": 6, "centos 5": 6, "windows vista": 1, "centos 4": 4, "freebsd 8": 1, "windows xp": 2}, "Initial Hosts Without Vulnerabilities": 50, "Host Compromises": {"record name": "Host Compromises", "x": [1274, 2149, 2400, 2663, 3847, 7115, 7363, 8152, 8516, 10610, 14780, 28038, 75415, 78555, 81640, 82503, 82842, 98914, 104644, 128511, 141050, 248587, 249038], "y": ["freebsd 12", "centos 6", "freebsd 13", "centos 6", "windows 10", "freebsd 10", "ubuntu 18.04", "ubuntu 12.04", "windows 8.1", "ubuntu 14.04", "freebsd 9", "centos 3", "freebsd 12", "windows 8.1", "freebsd 12", "windows 8.1", "centos 8", "centos 3", "centos 7", "ubuntu 20.04", "freebsd 10", "ubuntu 16.04", "centos 4"], "cumulative y": [0, 1, 2, 3, 4, 5, 6, 7, 8, 9, 10, 11, 12, 13, 14, 15, 16, 17, 18, 19, 20, 21, 22], "total events": 23}, "Vuln Compromises": {"record name": "Vuln Compromises", "x": [1274, 2149, 2400, 2663, 3847, 7115, 7363, 8152, 8516, 10610, 14780, 28038, 75415, 78555, 81640, 82503, 82842, 98914, 104644, 141050, 249038], "y": ["freebsd 12", "centos 6", "freebsd 13", "centos 6", "windows 10", "freebsd 10", "ubuntu 18.04", "ubuntu 12.04", "windows 8.1", "ubuntu 14.04", "freebsd 9", "centos 3", "freebsd 12", "windows 8.1", "freebsd 12", "windows 8.1", "centos 8", "centos 3", "centos 7", "freebsd 10", "centos 4"], "cumulative y": [0, 1, 2, 3, 4, 5, 6, 7, 8, 9, 10, 11, 12, 13, 14, 15, 16, 17, 18, 19, 20], "total events": 21}, "Reuse Password Compromises": {"record name": "Reuse Password Compromises", "x": [], "y": [], "cumulative y": [], "total events": 0}, "Password Spray Compromises": {"record name": "Password Spray Compromises", "x": [128511, 248587], "y": ["ubuntu 20.04", "ubuntu 16.04"], "cumulative y": [0, 1], "total events": 2}, "User Account Leaks": {"record name": "User Account Has Been Leaked By Compromise", "x": [1274, 1274, 1274, 2149, 2149, 2149, 2400, 2400, 2663, 2663, 2663, 3847, 3847, 7115, 7115, 7115, 7363, 7363, 7363, 8152, 8152, 8516, 8516, 8516, 10610, 10610, 14780, 14780, 14780, 28038, 75415, 78555, 78555, 81640, 81640, 82842, 104644, 128511, 128511, 141050, 141050, 141050, 249038], "y": ["Xenia", "Mandi", "Angelica", "Emmalyn", "Glory", "Dina", "Penni", "Valentina", "Muriel", "Ailis", "Harri", "Tressa", "Rosemarie", "Wilmette", "Rochelle", "Cariotta", "Blythe", "Marianna", "Nanette", "Dayna", "Gerti", "Nertie", "Leticia", "Alecia", "Candice", "Benny", "Nessy", "Maybelle", "Sabine", "Julie", "Devonne", "Samaria", "Sabina", "Leelah", "Nikkie", "Carlie", "Carmela", "Ysabel", "Celinka", "Chiarra", "Cleopatra", "Jeanna", "Luelle"], "cumulative y": [0, 1, 2, 3, 4, 5, 6, 7, 8, 9, 10, 11, 12, 13, 14, 15, 16, 17, 18, 19, 20, 21, 22, 23, 24, 25, 26, 27, 28, 29, 30, 31, 32, 33, 34, 35, 36, 37, 38, 39, 40, 41, 42], "total events": 43}, "Vulnerabilities Exploited": {"record name": "Vulnerabilities Exploited", "x": [112, 171, 171, 314, 742, 827, 827, 1238, 1238, 1274, 1328, 1507, 1709, 1863, 1863, 2149, 2663, 3847, 4420, 4543, 4819, 5575, 6053, 6463, 7115, 7115, 8152, 8962, 8962, 10299, 10610, 10816, 10816, 11141, 11654, 11654, 11654, 11654, 11654, 11654, 11654, 11654, 11654, 12647, 13157, 13369, 13594, 14780, 15711, 15711, 16349, 16821, 16821, 25753, 28038, 28038, 28038, 28038, 28038, 28038, 28038, 28779, 37918, 41329, 46487, 56620, 57276, 59714, 59714, 69088, 72651, 75415, 75415, 81302, 82842, 93406, 98914, 98914, 98914, 101272, 104644, 107579, 141050, 152157, 249038, 249038], "cumulative exploited vulns": [0, 1, 2, 3, 4, 5, 6, 7, 8, 9, 10, 11, 12, 13, 14, 15, 16, 17, 18, 19, 20, 21, 22, 23, 24, 25, 26, 27, 28, 29, 30, 31, 32, 33, 34, 35, 36, 37, 38, 39, 40, 41, 42, 43, 44, 45, 46, 47, 48, 49, 50, 51, 52, 53, 54, 55, 56, 57, 58, 59, 60, 61, 62, 63, 64, 65, 66, 67, 68, 69, 70, 71, 72, 73, 74, 75, 76, 77, 78, 79, 80, 81, 82, 83, 84, 85], "roa": [0.058921343480791734, 0.14988396764339557, 0.19914451815118625, 0.36549611850265384, 0.004119908263496149, 0.5096021767802208, 0.10749826114441852, 0.3589597539904856, 0.008010550412001625, 0.7386488785758418, 0.17200856683144353, 0.2516690672180989, 0.7050755655794937, 0.37697078001062373, 0.1099738096012435, 0.6825879963755213, 0.22855988858578696, 0.597833701781201, 0.38416173296179407, 0.5790695180998617, 0.535937567028464, 0.093002749263696, 0.22924120248900995, 0.477640261068886, 0.07463493560149402, 0.8377880348555935, 0.3858593183028335, 0.6902029033146766, 0.23545255856166455, 0.19578553262897594, 0.3384643660785952, 0.6183902965612667, 0.03630497713363212, 0.0818554307326476, 0.607959215330996, 0.474542728427655, 0.3254786999753849, 0.13514185169529042, 0.12835728615053665, 0.3181253322379334, 0.21590382022580012, 0.25620195681618596, 0.3259554332103889, 0.4751335991229153, 0.007041951031045367, 0.027236259983093064, 0.3327665040157013, 0.08295233775503787, 0.5599154116979992, 0.15315091093831984, 0.2973332161138905, 0.2749159650222144, 0.13517177091776272, 0.5634556193511352, 0.36444642636071395, 0.0038529870228560304, 0.5400810960745326, 0.5792103001476655, 0.21492371671654048, 0.6308097447896397, 0.1698796478759185, 0.22609759863715198, 0.14503449283499253, 0.014641814005416861, 0.12008682963261694, 0.06552313288473617, 0.03657985383808056, 0.02373875021047509, 0.11765362298468651, 0.06164760421961141, 0.06849070141405603, 0.07111512452606214, 0.07111512452606214, 0.0699854762303514, 0.44700647790142567, 0.00503108366500546, 0.4211413051217045, 0.07855215307328495, 0.02845142712196159, 0.056438760269361433, 0.11285064204884698, 0.16330883421941425, 0.2099984345424319, 0.029692317263937302, 0.6421406308789539, 0.3962542497778368],