{"Total Initial Vulnerabilities": 483, "Initial Vulns Per OS": {"ubuntu": {"20.04": 29, "16.04": 19, "14.04": 15, "12.04": 41, "18.04": 5, "10.04": 21}, "freebsd": {"10": 32, "9": 12, "12": 21, "13": 13, "11": 14, "8": 2}, "windows": {"8.1": 9, "7": 10, "vista": 24, "8": 38, "10": 17, "xp": 54}, "centos": {"8": 7, "4": 20, "5": 12, "7": 15, "6": 44, "3": 9}}, "Average Initial RoA Per OS": {"ubuntu": {"20.04": 0.03514958535879584, "16.04": 0.054243261230686436, "14.04": 0.0386157020440725, "12.04": 0.05045283093115144, "18.04": 0.014605415973497186, "10.04": 0.06894178283373575}, "freebsd": {"10": 0.0691740434668727, "9": 0.07322860763614257, "12": 0.062216038581427616, "13": 0.026208950354912317, "11": 0.02294252424593543, "8": 0.05728117045982467}, "windows": {"8.1": 0.07049487390980598, "7": 0.12422393628435158, "vista": 0.05648665501174863, "8": 0.03011078661925375, "10": 0.047780578488633395, "xp": 0.0672179803656713}, "centos": {"8": 0.06538488568332548, "4": 0.039194550044600915, "5": 0.09050145673633986, "7": 0.047568925378593474, "6": 0.05953606995958696, "3": 0.12306415476493328}}, "OS Types In Initial Network": {"ubuntu 20.04": 20, "centos 7": 15, "freebsd 10": 7, "windows 8.1": 9, "ubuntu 16.04": 12, "windows 7": 3, "ubuntu 14.04": 6, "centos 8": 9, "centos 6": 12, "centos 4": 5, "windows vista": 8, "windows 10": 19, "windows 8": 17, "freebsd 9": 3, "freebsd 13": 13, "centos 5": 3, "freebsd 12": 10, "ubuntu 18.04": 7, "ubuntu 12.04": 11, "windows xp": 3, "ubuntu 10.04": 1, "freebsd 11": 5, "centos 3": 1, "freebsd 8": 1}, "Initial Hosts Without Vulnerabilities": 49, "Host Compromises": {"record name": "Host Compromises", "x": [444, 2044, 3710, 6940, 7086, 9015, 9599, 10873, 15725, 19196, 20715, 23059, 29615, 30086, 31507, 31983, 32065, 32993, 33305, 47430, 57595, 61866, 62757, 65896, 66553, 70501, 72716, 77535, 80610, 82760, 94493, 99756, 116626, 116739, 122414, 134139, 144008, 150089, 150601, 152570, 152749, 157151, 157291, 159043, 160311, 166240, 169138, 176289, 190331, 191581, 197646, 208935, 218123, 224982, 236055, 241721], "y": ["windows 7", "freebsd 9", "ubuntu 16.04", "freebsd 10", "centos 6", "freebsd 10", "centos 4", "centos 3", "freebsd 13", "centos 4", "ubuntu 12.04", "ubuntu 12.04", "ubuntu 12.04", "windows 8", "windows 10", "freebsd 9", "windows 10", "centos 7", "centos 7", "windows vista", "ubuntu 14.04", "freebsd 10", "freebsd 13", "freebsd 11", "windows 8", "freebsd 11", "freebsd 10", "centos 8", "ubuntu 14.04", "ubuntu 12.04", "freebsd 10", "windows vista", "ubuntu 10.04", "ubuntu 20.04", "freebsd 9", "windows vista", "ubuntu 12.04", "ubuntu 20.04", "centos 8", "ubuntu 12.04", "windows 8", "windows 8", "freebsd 13", "freebsd 11", "centos 7", "centos 8", "centos 6", "freebsd 13", "ubuntu 16.04", "ubuntu 20.04", "ubuntu 16.04", "windows 10", "freebsd 12", "windows 10", "centos 6", "ubuntu 14.04"], "cumulative y": [0, 1, 2, 3, 4, 5, 6, 7, 8, 9, 10, 11, 12, 13, 14, 15, 16, 17, 18, 19, 20, 21, 22, 23, 24, 25, 26, 27, 28, 29, 30, 31, 32, 33, 34, 35, 36, 37, 38, 39, 40, 41, 42, 43, 44, 45, 46, 47, 48, 49, 50, 51, 52, 53, 54, 55], "total events": 56}, "Vuln Compromises": {"record name": "Vuln Compromises", "x": [444, 2044, 3710, 6940, 7086, 9015, 9599, 10873, 19196, 20715, 23059, 29615, 31983, 47430, 57595, 61866, 66553, 72716, 80610, 82760, 94493, 99756, 116626, 122414, 134139, 144008, 150601, 152570, 152749, 157151, 157291, 159043, 166240, 190331, 197646, 208935, 224982, 236055, 241721], "y": ["windows 7", "freebsd 9", "ubuntu 16.04", "freebsd 10", "centos 6", "freebsd 10", "centos 4", "centos 3", "centos 4", "ubuntu 12.04", "ubuntu 12.04", "ubuntu 12.04", "freebsd 9", "windows vista", "ubuntu 14.04", "freebsd 10", "windows 8", "freebsd 10", "ubuntu 14.04", "ubuntu 12.04", "freebsd 10", "windows vista", "ubuntu 10.04", "freebsd 9", "windows vista", "ubuntu 12.04", "centos 8", "ubuntu 12.04", "windows 8", "windows 8", "freebsd 13", "freebsd 11", "centos 8", "ubuntu 16.04", "ubuntu 16.04", "windows 10", "windows 10", "centos 6", "ubuntu 14.04"], "cumulative y": [0, 1, 2, 3, 4, 5, 6, 7, 8, 9, 10, 11, 12, 13, 14, 15, 16, 17, 18, 19, 20, 21, 22, 23, 24, 25, 26, 27, 28, 29, 30, 31, 32, 33, 34, 35, 36, 37, 38], "total events": 39}, "Reuse Password Compromises": {"record name": "Reuse Password Compromises", "x": [15725, 30086, 31507, 32065, 32993, 33305, 62757, 65896, 77535, 116739, 169138, 176289, 191581], "y": ["freebsd 13", "windows 8", "windows 10", "windows 10", "centos 7", "centos 7", "freebsd 13", "freebsd 11", "centos 8", "ubuntu 20.04", "centos 6", "freebsd 13", "ubuntu 20.04"], "cumulative y": [0, 1, 2, 3, 4, 5, 6, 7, 8, 9, 10, 11, 12], "total events": 13}, "Password Spray Compromises": {"record name": "Password Spray Compromises", "x": [70501, 150089, 160311, 218123], "y": ["freebsd 11", "ubuntu 20.04", "centos 7", "freebsd 12"], "cumulative y": [0, 1, 2, 3], "total events": 4}, "User Account Leaks": {"record name": "User Account Has Been Leaked By Compromise", "x": [444, 444, 444, 2044, 2044, 2044, 3710, 3710, 3710, 6940, 6940, 6940, 7086, 7086, 9015, 9015, 9015, 9599, 10873, 10873, 15725, 19196, 20715, 20715, 20715, 23059, 30086, 31507, 31507, 32065, 32065, 32993, 33305, 47430, 47430, 57595, 57595, 57595, 62757, 62757, 66553, 70501, 70501, 72716, 80610, 82760, 94493, 94493, 99756, 99756, 116739, 122414, 134139, 150089, 150601, 152570, 190331, 197646, 208935, 208935, 224982], "y": ["Frederique", "Jessie", "Tessie", "Farica", "Emelia", "Mandi", "Maxine", "Joellen", "Marice", "Linnie", "Ame", "Alfi", "Rosamund", "Lorry", "Abbie", "Korella", "Rona", "Juliane", "Gisella", "Idette", "Dorrie", "Brena", "Diane-Marie", "Petronilla", "Jacinthe", "Addia", "Ursola", "Mariann", "Phillie", "Grethel", "Oralia", "Shanda", "Alika", "Gratiana", "Sallee", "Estella", "Cristina", "Jenn", "Jelene", "Bibi", "Jordan", "Geri", "Buffy", "Alexi", "Legra", "Arleta", "Cecile", "Silva", "Hattie", "Berenice", "Marina", "Elisabeth", "Lyssa", "Sadella", "Ellynn", "Hertha", "Anne-Corinne", "Coralie", "Margo", "Marjorie", "Leontyne"], "cumulative y": [0, 1, 2, 3, 4, 5, 6, 7, 8, 9, 10, 11, 12, 13, 14, 15, 16, 17, 18, 19, 20, 21, 22, 23, 24, 25, 26, 27, 28, 29, 30, 31, 32, 33, 34, 35, 36, 37, 38, 39, 40, 41, 42, 43, 44, 45, 46, 47, 48, 49, 50, 51, 52, 53, 54, 55, 56, 57, 58, 59, 60], "total events": 61}, "Vulnerabilities Exploited": {"record name": "Vulnerabilities Exploited", "x": [271, 308, 374, 374, 444, 444, 547, 867, 2044, 2044, 2044, 2825, 3420, 3710, 3710, 4770, 4972, 5551, 5766, 6750, 7525, 7977, 7977, 7977, 8836, 9015, 9015, 9599, 9599, 9947, 10356, 10873, 10873, 10873, 10873, 10873, 10873, 12155, 13103, 13439, 16876, 18156, 18539, 18950, 19571, 19757, 20715, 21964, 21964, 26243, 28239, 28683, 28683, 31983, 31983, 31983, 31983, 31983, 34582, 36059, 36878, 38304, 38304, 38304, 38304, 38304, 39556, 40387, 42745, 42994, 43695, 44457, 45913, 46169, 47048, 47430, 48039, 49351, 49351, 53381, 56025, 56287, 56786, 57698, 57981, 59115, 59776, 59776, 60510, 61866, 62223, 62223, 62223, 62223, 62503, 66145, 66145, 71017, 71017, 75156, 77653, 78967, 80610, 82760, 82760, 92714, 92714, 93054, 96301, 97626, 110335, 116211, 116211, 116626, 116626, 116626, 116626, 124320, 134139, 134139, 134139, 134139, 134139, 144008, 152749, 152749, 157151, 159043, 160031, 196474, 197806, 220984, 222555, 225255, 241721], "cumulative exploited vulns": [0, 1, 2, 3, 4, 5, 6, 7, 8, 9, 10, 11, 12, 13, 14, 15, 16, 17, 18, 19, 20, 21, 22, 23, 24, 25, 26, 27, 28, 29, 30, 31, 32, 33, 34, 35, 36, 37, 38, 39, 40, 41, 42, 43, 44, 45, 46, 47, 48, 49, 50, 51, 52, 53, 54, 55, 56, 57, 58, 59, 60, 61, 62, 63, 64, 65, 66, 67, 68, 69, 70, 71, 72, 73, 74, 75, 76, 77, 78, 79, 80, 81, 82, 83, 84, 85, 86, 87, 88, 89, 90, 91, 92, 93, 94, 95, 96, 97, 98, 99, 100, 101, 102, 103, 104, 105, 106, 107, 108, 109, 110, 111, 112, 113, 114, 115, 116, 117, 118, 119, 120, 121, 122, 123, 124, 125, 126, 127, 128, 129, 130, 131, 132, 133, 134],