{"Total Initial Vulnerabilities": 714, "Initial Vulns Per OS": {"freebsd": {"8": 161, "9": 34, "11": 30, "10": 30, "12": 16, "13": 12}, "windows": {"8.1": 20, "vista": 33, "xp": 61, "10": 13, "7": 27, "8": 29}, "ubuntu": {"16.04": 27, "12.04": 20, "14.04": 20, "20.04": 10, "18.04": 12, "10.04": 6}, "centos": {"3": 69, "6": 21, "7": 7, "8": 12, "4": 20, "5": 24}}, "Average Initial RoA Per OS": {"freebsd": {"8": 0.05166979987840768, "9": 0.04733258535679393, "11": 0.06016224865714148, "10": 0.0731457155551241, "12": 0.06306050707405729, "13": 0.06718020525907524}, "windows": {"8.1": 0.058568835561280716, "vista": 0.037316911729423724, "xp": 0.04971433309193625, "10": 0.015815526632476446, "7": 0.08870559502915686, "8": 0.047104709762351496}, "ubuntu": {"16.04": 0.05230611560638696, "12.04": 0.023447401001469147, "14.04": 0.040766510607879294, "20.04": 0.12286869030824996, "18.04": 0.07523868383236643, "10.04": 0.011197791261320608}, "centos": {"3": 0.052855734741824076, "6": 0.046249167260257684, "7": 0.07913494553908494, "8": 0.06747599386698759, "4": 0.04930154832456482, "5": 0.12606715293661566}}, "OS Types In Initial Network": {"freebsd 8": 4, "freebsd 9": 7, "windows 8.1": 18, "ubuntu 16.04": 11, "windows 10": 11, "ubuntu 20.04": 14, "windows vista": 5, "windows xp": 3, "centos 8": 15, "ubuntu 12.04": 3, "freebsd 11": 8, "freebsd 10": 6, "centos 3": 3, "freebsd 12": 11, "centos 6": 12, "ubuntu 14.04": 6, "windows 8": 13, "centos 7": 8, "windows 7": 7, "ubuntu 18.04": 11, "freebsd 13": 10, "centos 4": 4, "centos 5": 8, "ubuntu 10.04": 2}, "Initial Hosts Without Vulnerabilities": 50, "Host Compromises": {"record name": "Host Compromises", "x": [2566, 3732, 6099, 10521, 11787, 12969, 13022, 13775, 14180, 17726, 19942, 20012, 22853, 23574, 30592, 33800, 230277, 239969, 240172, 241595, 242017, 244201, 247755], "y": ["windows xp", "ubuntu 12.04", "centos 3", "windows xp", "centos 3", "centos 6", "ubuntu 18.04", "freebsd 11", "centos 7", "freebsd 8", "freebsd 10", "freebsd 12", "freebsd 8", "freebsd 12", "windows vista", "freebsd 9", "windows 8.1", "freebsd 12", "freebsd 11", "ubuntu 16.04", "windows 7", "ubuntu 16.04", "windows 8"], "cumulative y": [0, 1, 2, 3, 4, 5, 6, 7, 8, 9, 10, 11, 12, 13, 14, 15, 16, 17, 18, 19, 20, 21, 22], "total events": 23}, "Vuln Compromises": {"record name": "Vuln Compromises", "x": [2566, 3732, 6099, 10521, 11787, 12969, 13022, 13775, 14180, 17726, 19942, 20012, 22853, 23574, 30592, 33800, 230277, 239969, 240172, 241595, 242017, 244201, 247755], "y": ["windows xp", "ubuntu 12.04", "centos 3", "windows xp", "centos 3", "centos 6", "ubuntu 18.04", "freebsd 11", "centos 7", "freebsd 8", "freebsd 10", "freebsd 12", "freebsd 8", "freebsd 12", "windows vista", "freebsd 9", "windows 8.1", "freebsd 12", "freebsd 11", "ubuntu 16.04", "windows 7", "ubuntu 16.04", "windows 8"], "cumulative y": [0, 1, 2, 3, 4, 5, 6, 7, 8, 9, 10, 11, 12, 13, 14, 15, 16, 17, 18, 19, 20, 21, 22], "total events": 23}, "Reuse Password Compromises": {"record name": "Reuse Password Compromises", "x": [], "y": [], "cumulative y": [], "total events": 0}, "Password Spray Compromises": {"record name": "Password Spray Compromises", "x": [], "y": [], "cumulative y": [], "total events": 0}, "User Account Leaks": {"record name": "User Account Has Been Leaked By Compromise", "x": [2566, 2566, 2566, 3732, 3732, 3732, 6099, 6099, 10521, 10521, 10521, 11787, 11787, 12969, 12969, 13022, 13022, 13775, 13775, 13775, 14180, 17726, 19942, 19942, 20012, 20012, 22853, 22853, 23574, 23574, 30592, 30592, 33800, 33800, 33800, 230277, 230277, 239969, 241595, 242017, 244201, 244201, 247755], "y": ["Selina", "Merridie", "Milka", "Tami", "Meta", "Lila", "Lilith", "Gennifer", "Fara", "Anthe", "Vanya", "Lind", "Cindie", "Carmelina", "Kevyn", "Roberta", "Cary", "Agna", "Clarita", "Sybilla", "Janna", "Rianon", "Deerdre", "Meris", "Shelly", "Idaline", "Rachele", "Charmain", "Clair", "Libbie", "Danny", "Jorry", "Ree", "Clari", "Ariela", "Charita", "Rivy", "Laryssa", "Elinor", "Sandye", "Christie", "Lorine", "Diandra"], "cumulative y": [0, 1, 2, 3, 4, 5, 6, 7, 8, 9, 10, 11, 12, 13, 14, 15, 16, 17, 18, 19, 20, 21, 22, 23, 24, 25, 26, 27, 28, 29, 30, 31, 32, 33, 34, 35, 36, 37, 38, 39, 40, 41, 42], "total events": 43}, "Vulnerabilities Exploited": {"record name": "Vulnerabilities Exploited", "x": [1448, 1448, 1448, 1448, 1448, 1448, 1448, 1448, 1448, 1448, 1448, 1448, 1448, 1648, 1648, 1648, 1787, 2081, 2566, 2566, 2566, 2566, 2978, 2978, 3732, 3732, 3732, 3732, 3792, 4165, 4165, 4165, 6099, 6099, 6099, 6099, 6099, 6099, 6099, 6099, 6099, 6099, 6099, 6099, 6099, 6099, 6099, 6099, 6337, 6573, 9450, 9450, 9450, 9450, 9450, 9450, 9450, 9450, 9894, 10521, 10521, 10521, 10521, 10521, 10958, 10958, 11382, 11787, 11872, 12148, 12148, 12601, 12872, 12872, 13022, 13121, 13121, 13121, 13775, 13775, 13775, 14180, 15014, 17726, 17726, 17726, 17726, 17726, 17726, 18122, 19942, 19942, 19942, 20563, 20563, 22853, 22853, 22853, 22853, 22853, 22853, 22853, 22853, 22853, 22853, 22853, 22853, 22853, 22853, 22853, 22853, 24365, 25173, 30592, 30592, 30592, 39790, 42818, 54199, 55746, 88681, 88953, 175270, 229781, 240172, 240172, 240172, 241325, 242017, 242017, 246537, 246537, 246862, 247474, 248071, 248071, 248071], "cumulative exploited vulns": [0, 1, 2, 3, 4, 5, 6, 7, 8, 9, 10, 11, 12, 13, 14, 15, 16, 17, 18, 19, 20, 21, 22, 23, 24, 25, 26, 27, 28, 29, 30, 31, 32, 33, 34, 35, 36, 37, 38, 39, 40, 41, 42, 43, 44, 45, 46, 47, 48, 49, 50, 51, 52, 53, 54, 55, 56, 57, 58, 59, 60, 61, 62, 63, 64, 65, 66, 67, 68, 69, 70, 71, 72, 73, 74, 75, 76, 77, 78, 79, 80, 81, 82, 83, 84, 85, 86, 87, 88, 89, 90, 91, 92, 93, 94, 95, 96, 97, 98, 99, 100, 101, 102, 103, 104, 105, 106, 107, 108, 109, 110, 111, 112, 113, 114, 115, 116, 117, 118, 119, 120, 121, 122, 123, 124, 125, 126, 127, 128, 129, 130, 131, 132, 133, 134, 135, 136],