{"Total Initial Vulnerabilities": 816, "Initial Vulns Per OS": {"centos": {"8": 10, "5": 23, "4": 17, "6": 24, "3": 83, "7": 38}, "windows": {"7": 44, "8.1": 37, "xp": 108, "vista": 20, "10": 14, "8": 35}, "freebsd": {"12": 27, "11": 23, "13": 17, "9": 27, "10": 27}, "ubuntu": {"20.04": 31, "16.04": 41, "18.04": 15, "12.04": 14, "14.04": 34, "10.04": 107}}, "Average Initial RoA Per OS": {"centos": {"8": 0.012778828464714878, "5": 0.09943352287424079, "4": 0.027703828323984304, "6": 0.0833207757438158, "3": 0.03965427040465969, "7": 0.035292881147317885}, "windows": {"7": 0.047146005652211075, "8.1": 0.027412175122602453, "xp": 0.06308655751453991, "vista": 0.048871434389043164, "10": 0.008238886439691392, "8": 0.035717241399040686}, "freebsd": {"12": 0.03869254638550647, "11": 0.10351131137483213, "13": 0.0112757208874672, "9": 0.06368617180696833, "10": 0.04010851232612561}, "ubuntu": {"20.04": 0.011636580523984337, "16.04": 0.07730347562197701, "18.04": 0.04553812382501542, "12.04": 0.0472059935585327, "14.04": 0.07388851539953042, "10.04": 0.05858817624988534}}, "OS Types In Initial Network": {"centos 8": 11, "centos 5": 12, "windows 7": 7, "windows 8.1": 13, "freebsd 12": 15, "ubuntu 20.04": 21, "centos 4": 3, "centos 6": 8, "freebsd 11": 13, "windows xp": 4, "ubuntu 16.04": 7, "windows vista": 3, "freebsd 13": 12, "centos 3": 3, "ubuntu 18.04": 5, "freebsd 9": 6, "centos 7": 11, "windows 10": 16, "freebsd 10": 9, "ubuntu 12.04": 2, "ubuntu 14.04": 7, "windows 8": 9, "ubuntu 10.04": 3}, "Initial Hosts Without Vulnerabilities": 39, "Host Compromises": {"record name": "Host Compromises", "x": [2853, 5636, 6298, 6396, 7523, 7574, 10309, 10381, 14427, 16974, 17030, 18872, 24265, 26305, 29424, 29575, 32203, 32578, 32670, 33008, 34348, 34429, 35994, 37523, 37605, 38610, 39394, 41112, 41199, 41306, 42473, 51522, 61879, 62328, 70726, 72551, 87922, 104219, 105794, 107376, 108204, 108344, 127662, 173845, 224825, 234955], "y": ["windows xp", "ubuntu 12.04", "centos 5", "centos 6", "windows 7", "ubuntu 16.04", "centos 5", "windows 10", "centos 8", "windows 8.1", "freebsd 12", "freebsd 10", "ubuntu 20.04", "centos 8", "ubuntu 14.04", "centos 5", "centos 3", "centos 7", "freebsd 13", "windows 10", "freebsd 12", "windows 7", "centos 5", "windows 8", "windows 8.1", "windows 10", "freebsd 12", "windows 8", "windows vista", "freebsd 12", "ubuntu 18.04", "freebsd 12", "windows 10", "ubuntu 20.04", "windows 8", "windows 10", "windows 8", "centos 5", "windows 10", "windows 8", "ubuntu 16.04", "centos 7", "ubuntu 20.04", "centos 8", "ubuntu 16.04", "windows 8"], "cumulative y": [0, 1, 2, 3, 4, 5, 6, 7, 8, 9, 10, 11, 12, 13, 14, 15, 16, 17, 18, 19, 20, 21, 22, 23, 24, 25, 26, 27, 28, 29, 30, 31, 32, 33, 34, 35, 36, 37, 38, 39, 40, 41, 42, 43, 44, 45], "total events": 46}, "Vuln Compromises": {"record name": "Vuln Compromises", "x": [2853, 5636, 6298, 6396, 7523, 10309, 10381, 16974, 17030, 18872, 29424, 29575, 42473, 51522, 104219, 108344], "y": ["windows xp", "ubuntu 12.04", "centos 5", "centos 6", "windows 7", "centos 5", "windows 10", "windows 8.1", "freebsd 12", "freebsd 10", "ubuntu 14.04", "centos 5", "ubuntu 18.04", "freebsd 12", "centos 5", "centos 7"], "cumulative y": [0, 1, 2, 3, 4, 5, 6, 7, 8, 9, 10, 11, 12, 13, 14, 15], "total events": 16}, "Reuse Password Compromises": {"record name": "Reuse Password Compromises", "x": [7574, 14427, 24265, 26305, 32578, 32670, 33008, 34348, 34429, 35994, 37523, 37605, 38610, 39394, 41112, 41199, 41306, 62328, 70726, 105794, 107376, 224825], "y": ["ubuntu 16.04", "centos 8", "ubuntu 20.04", "centos 8", "centos 7", "freebsd 13", "windows 10", "freebsd 12", "windows 7", "centos 5", "windows 8", "windows 8.1", "windows 10", "freebsd 12", "windows 8", "windows vista", "freebsd 12", "ubuntu 20.04", "windows 8", "windows 10", "windows 8", "ubuntu 16.04"], "cumulative y": [0, 1, 2, 3, 4, 5, 6, 7, 8, 9, 10, 11, 12, 13, 14, 15, 16, 17, 18, 19, 20, 21], "total events": 22}, "Password Spray Compromises": {"record name": "Password Spray Compromises", "x": [32203, 61879, 72551, 87922, 108204, 127662, 173845, 234955], "y": ["centos 3", "windows 10", "windows 10", "windows 8", "ubuntu 16.04", "ubuntu 20.04", "centos 8", "windows 8"], "cumulative y": [0, 1, 2, 3, 4, 5, 6, 7], "total events": 8}, "User Account Leaks": {"record name": "User Account Has Been Leaked By Compromise", "x": [2853, 2853, 2853, 5636, 5636, 5636, 6298, 6298, 6298, 6396, 6396, 6396, 7523, 7523, 7523, 7574, 10309, 10309, 10309, 10381, 14427, 16974, 16974, 17030, 18872, 18872, 18872, 24265, 26305, 26305, 29424, 29424, 29424, 32578, 32578, 32670, 33008, 34348, 34348, 35994, 37523, 37523, 38610, 38610, 41199, 41306, 51522, 62328, 87922, 104219, 105794, 108204], "y": ["Ora", "Doll", "Laurette", "Reina", "Cyb", "Cristina", "Clarey", "Tiffie", "Caron", "Caren", "Tammie", "Sylvia", "Eirena", "Barby", "Julianne", "Wilhelmine", "Gussy", "Merrily", "Dulsea", "Michaela", "Lotty", "Kial", "Ferdinanda", "Lethia", "Gennifer", "Philippe", "Filide", "Candace", "Peg", "Sheelah", "Rachelle", "Milly", "Rhoda", "Fawnia", "Vi", "Andromache", "Chery", "Lianna", "Charity", "Jemmie", "Stevena", "Catrina", "Carena", "Nadeen", "Effie", "Minnnie", "Joyan", "Gilemette", "Alaine", "Frieda", "Myrta", "Marjie"], "cumulative y": [0, 1, 2, 3, 4, 5, 6, 7, 8, 9, 10, 11, 12, 13, 14, 15, 16, 17, 18, 19, 20, 21, 22, 23, 24, 25, 26, 27, 28, 29, 30, 31, 32, 33, 34, 35, 36, 37, 38, 39, 40, 41, 42, 43, 44, 45, 46, 47, 48, 49, 50, 51], "total events": 52}, "Vulnerabilities Exploited": {"record name": "Vulnerabilities Exploited", "x": [365, 513, 513, 745, 846, 1027, 1689, 1689, 1689, 2002, 2002, 2297, 2297, 2297, 2853, 2853, 2853, 2853, 2853, 2853, 3322, 3387, 3609, 3963, 4392, 4392, 4392, 4392, 4392, 5425, 5636, 5870, 6015, 6200, 6298, 6396, 6396, 7523, 7523, 7523, 10161, 10309, 10309, 10801, 10801, 11440, 12666, 14293, 14559, 14939, 16241, 16764, 17380, 21083, 21083, 21361, 21567, 22737, 22963, 24071, 24620, 27979, 27979, 28221, 29424, 29575, 32038, 32326, 38720, 43805, 44881, 51061, 104219, 107023, 108344, 108344, 146687, 178796], "cumulative exploited vulns": [0, 1, 2, 3, 4, 5, 6, 7, 8, 9, 10, 11, 12, 13, 14, 15, 16, 17, 18, 19, 20, 21, 22, 23, 24, 25, 26, 27, 28, 29, 30, 31, 32, 33, 34, 35, 36, 37, 38, 39, 40, 41, 42, 43, 44, 45, 46, 47, 48, 49, 50, 51, 52, 53, 54, 55, 56, 57, 58, 59, 60, 61, 62, 63, 64, 65, 66, 67, 68, 69, 70, 71, 72, 73, 74, 75, 76, 77],