{"Total Initial Vulnerabilities": 725, "Initial Vulns Per OS": {"windows": {"7": 41, "8.1": 42, "10": 12, "8": 37, "xp": 85, "vista": 33}, "freebsd": {"12": 16, "13": 22, "8": 28, "11": 72, "10": 20, "9": 1}, "centos": {"6": 32, "4": 29, "8": 33, "7": 12, "5": 5, "3": 6}, "ubuntu": {"16.04": 64, "18.04": 42, "14.04": 23, "20.04": 4, "10.04": 26, "12.04": 40}}, "Average Initial RoA Per OS": {"windows": {"7": 0.04697612417214952, "8.1": 0.07354388718746738, "10": 0.10285803150791649, "8": 0.054004649504715785, "xp": 0.0648098071650111, "vista": 0.05143830562296673}, "freebsd": {"12": 0.07961745361541363, "13": 0.0986913762481079, "8": 0.04898420869638549, "11": 0.05253417230297142, "10": 0.021181331757094253, "9": 0.01959830233434303}, "centos": {"6": 0.07520551141452854, "4": 0.05457330290129265, "8": 0.08282235155811588, "7": 0.09376521131685915, "5": 0.06169895560414296, "3": 0.06138601645175918}, "ubuntu": {"16.04": 0.046966843609773115, "18.04": 0.09575020729860723, "14.04": 0.047728658996126896, "20.04": 0.06593998652305443, "10.04": 0.061597247522735, "12.04": 0.057286726555579245}}, "OS Types In Initial Network": {"windows 7": 6, "windows 8.1": 18, "freebsd 12": 7, "freebsd 13": 18, "centos 6": 8, "freebsd 8": 1, "ubuntu 16.04": 16, "ubuntu 18.04": 15, "ubuntu 14.04": 6, "freebsd 11": 15, "centos 4": 5, "ubuntu 20.04": 9, "windows 10": 11, "windows 8": 9, "windows xp": 3, "centos 8": 19, "centos 7": 7, "ubuntu 10.04": 2, "ubuntu 12.04": 6, "freebsd 10": 7, "windows vista": 7, "freebsd 9": 1, "centos 5": 3, "centos 3": 1}, "Initial Hosts Without Vulnerabilities": 31, "Host Compromises": {"record name": "Host Compromises", "x": [4129, 5546, 6185, 6639, 7321, 9247, 9718, 12447, 12503, 15943, 18533, 18979, 30199, 38206, 61058, 63347, 148509, 148774, 149082, 151022, 164555, 176844, 199395], "y": ["ubuntu 16.04", "centos 4", "centos 4", "windows xp", "ubuntu 10.04", "windows 10", "windows 8.1", "freebsd 13", "centos 6", "centos 4", "freebsd 13", "windows 10", "windows 7", "freebsd 8", "ubuntu 18.04", "ubuntu 14.04", "freebsd 11", "windows 8.1", "freebsd 10", "windows vista", "ubuntu 16.04", "freebsd 11", "windows xp"], "cumulative y": [0, 1, 2, 3, 4, 5, 6, 7, 8, 9, 10, 11, 12, 13, 14, 15, 16, 17, 18, 19, 20, 21, 22], "total events": 23}, "Vuln Compromises": {"record name": "Vuln Compromises", "x": [4129, 5546, 6185, 6639, 7321, 9247, 9718, 12447, 12503, 15943, 18533, 18979, 30199, 38206, 61058, 63347, 148509, 148774, 149082, 151022, 164555, 176844, 199395], "y": ["ubuntu 16.04", "centos 4", "centos 4", "windows xp", "ubuntu 10.04", "windows 10", "windows 8.1", "freebsd 13", "centos 6", "centos 4", "freebsd 13", "windows 10", "windows 7", "freebsd 8", "ubuntu 18.04", "ubuntu 14.04", "freebsd 11", "windows 8.1", "freebsd 10", "windows vista", "ubuntu 16.04", "freebsd 11", "windows xp"], "cumulative y": [0, 1, 2, 3, 4, 5, 6, 7, 8, 9, 10, 11, 12, 13, 14, 15, 16, 17, 18, 19, 20, 21, 22], "total events": 23}, "Reuse Password Compromises": {"record name": "Reuse Password Compromises", "x": [], "y": [], "cumulative y": [], "total events": 0}, "Password Spray Compromises": {"record name": "Password Spray Compromises", "x": [], "y": [], "cumulative y": [], "total events": 0}, "User Account Leaks": {"record name": "User Account Has Been Leaked By Compromise", "x": [4129, 4129, 4129, 5546, 5546, 5546, 6185, 6185, 6185, 6639, 6639, 6639, 7321, 7321, 7321, 9247, 9718, 9718, 12447, 12447, 12447, 12503, 12503, 15943, 15943, 15943, 18533, 18533, 18979, 30199, 30199, 38206, 38206, 61058, 61058, 63347, 148509, 148509, 148774, 164555, 176844, 176844, 199395], "y": ["Rhodia", "Geri", "Lydia", "Emma", "Wilhelmine", "Brittani", "Madelene", "Oriana", "Wren", "Elissa", "Adore", "Meggy", "Marline", "Carolyn", "Conchita", "Saloma", "Kalinda", "Peggie", "Babs", "Nydia", "Dayna", "Cristi", "Cordy", "Eleonore", "Cathy", "Donella", "Cleopatra", "Rosalinda", "Zea", "Zandra", "Dottie", "Isabelita", "Arleen", "Harriett", "Eileen", "Arabella", "Henrietta", "Vanya", "Michele", "Lucine", "Tiena", "Elvina", "Kelly"], "cumulative y": [0, 1, 2, 3, 4, 5, 6, 7, 8, 9, 10, 11, 12, 13, 14, 15, 16, 17, 18, 19, 20, 21, 22, 23, 24, 25, 26, 27, 28, 29, 30, 31, 32, 33, 34, 35, 36, 37, 38, 39, 40, 41, 42], "total events": 43}, "Vulnerabilities Exploited": {"record name": "Vulnerabilities Exploited", "x": [706, 706, 843, 843, 843, 1314, 1314, 1314, 1485, 1643, 1814, 1859, 2801, 2801, 2801, 2801, 2801, 2801, 2801, 2801, 2801, 2801, 2801, 3012, 3127, 3185, 3741, 3741, 4129, 4924, 4924, 4924, 4924, 5052, 5052, 5187, 5187, 5546, 5546, 5546, 5546, 5657, 5657, 5832, 5832, 6185, 6185, 6185, 6639, 6639, 6639, 6709, 7321, 7321, 7531, 7531, 7681, 8148, 8148, 9018, 9018, 9018, 9018, 9609, 10754, 10754, 13808, 13808, 13808, 13808, 13808, 13808, 13808, 16204, 17322, 18533, 20623, 21696, 21696, 26884, 29975, 29975, 30199, 35782, 35782, 38206, 38206, 45490, 46425, 56424, 56424, 61058, 61799, 63347, 63347, 80266, 98605, 112831, 145023, 145023, 145023, 150704, 151022, 151022, 151621, 151621, 151621, 151621, 151621, 151621, 151621, 151621, 160006, 160006, 160006, 160006, 160006, 160006, 160006, 160006, 172658, 172658, 172658, 172658, 176844, 187699, 187699, 199395, 199395, 199395, 240816, 240816], "cumulative exploited vulns": [0, 1, 2, 3, 4, 5, 6, 7, 8, 9, 10, 11, 12, 13, 14, 15, 16, 17, 18, 19, 20, 21, 22, 23, 24, 25, 26, 27, 28, 29, 30, 31, 32, 33, 34, 35, 36, 37, 38, 39, 40, 41, 42, 43, 44, 45, 46, 47, 48, 49, 50, 51, 52, 53, 54, 55, 56, 57, 58, 59, 60, 61, 62, 63, 64, 65, 66, 67, 68, 69, 70, 71, 72, 73, 74, 75, 76, 77, 78, 79, 80, 81, 82, 83, 84, 85, 86, 87, 88, 89, 90, 91, 92, 93, 94, 95, 96, 97, 98, 99, 100, 101, 102, 103, 104, 105, 106, 107, 108, 109, 110, 111, 112, 113, 114, 115, 116, 117, 118, 119, 120, 121, 122, 123, 124, 125, 126, 127, 128, 129, 130, 131],