{"Total Initial Vulnerabilities": 613, "Initial Vulns Per OS": {"windows": {"10": 12, "8.1": 37, "8": 40, "7": 50, "vista": 12}, "ubuntu": {"16.04": 39, "20.04": 11, "18.04": 24, "12.04": 40, "10.04": 56, "14.04": 32}, "centos": {"8": 20, "7": 24, "6": 31, "4": 39, "5": 12, "3": 7}, "freebsd": {"11": 30, "9": 27, "13": 15, "12": 21, "10": 21, "8": 13}}, "Average Initial RoA Per OS": {"windows": {"10": 0.03473651147997161, "8.1": 0.057973067217415304, "8": 0.0583195376475278, "7": 0.060336487960354006, "vista": 0.032515051176561845}, "ubuntu": {"16.04": 0.05670191399256367, "20.04": 0.019433685560658644, "18.04": 0.08288747484139826, "12.04": 0.0671730175515026, "10.04": 0.06094133312898686, "14.04": 0.048066741075160804}, "centos": {"8": 0.014003713517239901, "7": 0.05550580083706753, "6": 0.04970187258176021, "4": 0.06455728007474298, "5": 0.060481481099498746, "3": 0.03302284436224116}, "freebsd": {"11": 0.0497223732088601, "9": 0.08327759803925965, "13": 0.03946478046212319, "12": 0.06132929394006373, "10": 0.05995255296306698, "8": 0.029793963066496492}}, "OS Types In Initial Network": {"windows 8.1": 17, "windows 10": 15, "ubuntu 16.04": 10, "ubuntu 20.04": 10, "ubuntu 18.04": 12, "centos 8": 21, "windows 8": 10, "ubuntu 12.04": 6, "centos 7": 11, "ubuntu 10.04": 3, "centos 6": 12, "freebsd 11": 7, "freebsd 12": 11, "windows 7": 10, "freebsd 13": 10, "freebsd 9": 5, "ubuntu 14.04": 9, "centos 4": 7, "centos 5": 4, "windows vista": 3, "freebsd 10": 5, "centos 3": 1, "freebsd 8": 1}, "Initial Hosts Without Vulnerabilities": 37, "Host Compromises": {"record name": "Host Compromises", "x": [920, 1673, 1756, 5532, 7107, 8464, 9815, 11137, 12721, 13967, 14219, 14590, 14663, 15365, 15448, 16621, 19234, 20773, 26158, 31659, 69558, 123395, 148865, 181698, 208486, 210223, 211249, 213019, 213491, 213952, 214900, 215022, 220476], "y": ["ubuntu 20.04", "ubuntu 12.04", "centos 7", "windows 8.1", "centos 7", "ubuntu 18.04", "windows 10", "ubuntu 20.04", "ubuntu 10.04", "freebsd 11", "windows 7", "windows 8.1", "windows 8.1", "centos 7", "windows 8.1", "ubuntu 14.04", "freebsd 11", "ubuntu 16.04", "centos 4", "windows 8", "ubuntu 14.04", "windows 8.1", "centos 8", "ubuntu 18.04", "windows vista", "ubuntu 12.04", "centos 5", "centos 8", "freebsd 9", "windows 8", "ubuntu 16.04", "freebsd 10", "freebsd 10"], "cumulative y": [0, 1, 2, 3, 4, 5, 6, 7, 8, 9, 10, 11, 12, 13, 14, 15, 16, 17, 18, 19, 20, 21, 22, 23, 24, 25, 26, 27, 28, 29, 30, 31, 32], "total events": 33}, "Vuln Compromises": {"record name": "Vuln Compromises", "x": [920, 1673, 1756, 7107, 8464, 9815, 12721, 13967, 15448, 16621, 26158, 31659, 69558, 208486, 210223, 211249, 213019, 213491, 214900], "y": ["ubuntu 20.04", "ubuntu 12.04", "centos 7", "centos 7", "ubuntu 18.04", "windows 10", "ubuntu 10.04", "freebsd 11", "windows 8.1", "ubuntu 14.04", "centos 4", "windows 8", "ubuntu 14.04", "windows vista", "ubuntu 12.04", "centos 5", "centos 8", "freebsd 9", "ubuntu 16.04"], "cumulative y": [0, 1, 2, 3, 4, 5, 6, 7, 8, 9, 10, 11, 12, 13, 14, 15, 16, 17, 18], "total events": 19}, "Reuse Password Compromises": {"record name": "Reuse Password Compromises", "x": [5532, 11137, 14219, 14590, 14663, 15365, 19234, 20773, 213952, 215022, 220476], "y": ["windows 8.1", "ubuntu 20.04", "windows 7", "windows 8.1", "windows 8.1", "centos 7", "freebsd 11", "ubuntu 16.04", "windows 8", "freebsd 10", "freebsd 10"], "cumulative y": [0, 1, 2, 3, 4, 5, 6, 7, 8, 9, 10], "total events": 11}, "Password Spray Compromises": {"record name": "Password Spray Compromises", "x": [123395, 148865, 181698], "y": ["windows 8.1", "centos 8", "ubuntu 18.04"], "cumulative y": [0, 1, 2], "total events": 3}, "User Account Leaks": {"record name": "User Account Has Been Leaked By Compromise", "x": [920, 920, 920, 1673, 1673, 1673, 1756, 1756, 1756, 5532, 7107, 7107, 8464, 8464, 8464, 9815, 9815, 9815, 11137, 12721, 12721, 12721, 13967, 13967, 13967, 14219, 14219, 14590, 14590, 14663, 15365, 15448, 16621, 16621, 19234, 20773, 26158, 26158, 26158, 31659, 31659, 31659, 181698, 210223, 211249, 213019, 213491, 213491, 214900, 214900, 215022], "y": ["Hetti", "Salaidh", "Kassia", "Faun", "Cloe", "Nanni", "Audy", "Sidonnie", "Mirabel", "Carmelita", "Gwenore", "Corliss", "Cari", "Elmira", "Dorelia", "Lyndsie", "Rita", "Nadya", "Rubi", "Fawn", "Ardenia", "Meade", "Leola", "Candy", "Stephanie", "Larina", "Leigh", "Sarette", "Gizela", "Vinni", "Felicle", "Polly", "Vin", "Hildegarde", "Sascha", "Madelene", "Sophia", "Viviana", "Venus", "Vinnie", "Jodi", "Sashenka", "Farrah", "Sher", "Hazel", "Corabelle", "Bernelle", "Lyndel", "Gusta", "Ramona", "Hayley"], "cumulative y": [0, 1, 2, 3, 4, 5, 6, 7, 8, 9, 10, 11, 12, 13, 14, 15, 16, 17, 18, 19, 20, 21, 22, 23, 24, 25, 26, 27, 28, 29, 30, 31, 32, 33, 34, 35, 36, 37, 38, 39, 40, 41, 42, 43, 44, 45, 46, 47, 48, 49, 50], "total events": 51}, "Vulnerabilities Exploited": {"record name": "Vulnerabilities Exploited", "x": [481, 481, 481, 481, 562, 839, 920, 920, 1276, 1276, 1276, 1673, 1673, 1756, 1756, 1756, 3047, 3047, 3047, 3047, 3047, 3047, 3047, 3047, 3047, 3047, 3047, 3047, 3047, 3047, 3047, 3047, 3047, 3944, 3944, 4322, 4683, 4683, 4683, 4683, 5210, 5606, 5723, 5976, 6169, 6816, 6816, 6816, 7015, 7107, 8031, 8031, 8464, 9589, 10151, 10151, 10883, 11459, 12721, 12721, 12721, 12721, 12721, 12721, 12721, 12721, 12721, 13501, 13501, 14389, 15448, 15548, 15548, 16621, 16724, 19965, 24063, 26158, 26229, 28059, 29676, 31659, 49584, 56084, 59217, 69558, 69745, 70431, 75961, 79952, 79952, 80251, 91555, 91555, 179768, 201573, 207612, 208486, 208579, 210223, 210223, 211249, 211364, 211364, 213124, 213491, 213491, 213491, 216691, 220127, 220127], "cumulative exploited vulns": [0, 1, 2, 3, 4, 5, 6, 7, 8, 9, 10, 11, 12, 13, 14, 15, 16, 17, 18, 19, 20, 21, 22, 23, 24, 25, 26, 27, 28, 29, 30, 31, 32, 33, 34, 35, 36, 37, 38, 39, 40, 41, 42, 43, 44, 45, 46, 47, 48, 49, 50, 51, 52, 53, 54, 55, 56, 57, 58, 59, 60, 61, 62, 63, 64, 65, 66, 67, 68, 69, 70, 71, 72, 73, 74, 75, 76, 77, 78, 79, 80, 81, 82, 83, 84, 85, 86, 87, 88, 89, 90, 91, 92, 93, 94, 95, 96, 97, 98, 99, 100, 101, 102, 103, 104, 105, 106, 107, 108, 109, 110],