{"Total Initial Vulnerabilities": 632, "Initial Vulns Per OS": {"ubuntu": {"10.04": 81, "20.04": 5, "18.04": 11, "16.04": 51, "14.04": 25, "12.04": 36}, "windows": {"vista": 48, "7": 20, "8.1": 10, "10": 19, "8": 38, "xp": 23}, "freebsd": {"11": 25, "9": 10, "12": 23, "10": 8, "8": 44, "13": 7}, "centos": {"5": 18, "3": 41, "8": 11, "7": 27, "4": 28, "6": 23}}, "Average Initial RoA Per OS": {"ubuntu": {"10.04": 0.055801330699086354, "20.04": 0.008008451562211851, "18.04": 0.026112811541872415, "16.04": 0.07934852483633632, "14.04": 0.060112207362094515, "12.04": 0.05609067537647864}, "windows": {"vista": 0.05920026369238282, "7": 0.029252533861727208, "8.1": 0.025834227812609172, "10": 0.012555257046908155, "8": 0.07214955862639526, "xp": 0.038766423920140264}, "freebsd": {"11": 0.054001560129041774, "9": 0.060760007812481566, "12": 0.04336897342820258, "10": 0.035175831821156876, "8": 0.048077506903809845, "13": 0.008870195528445524}, "centos": {"5": 0.07708462976303815, "3": 0.035082222783111475, "8": 0.008320688340708668, "7": 0.05710038694039558, "4": 0.04160130274828682, "6": 0.06707826012613101}}, "OS Types In Initial Network": {"centos 8": 18, "ubuntu 10.04": 3, "windows 10": 17, "windows vista": 8, "freebsd 11": 8, "centos 5": 8, "centos 3": 1, "freebsd 9": 2, "ubuntu 20.04": 11, "ubuntu 18.04": 8, "centos 7": 15, "freebsd 13": 14, "windows 7": 6, "ubuntu 16.04": 16, "freebsd 12": 15, "windows 8.1": 8, "freebsd 10": 3, "freebsd 8": 2, "centos 6": 8, "centos 4": 3, "windows 8": 11, "ubuntu 14.04": 7, "ubuntu 12.04": 7, "windows xp": 1}, "Initial Hosts Without Vulnerabilities": 56, "Host Compromises": {"record name": "Host Compromises", "x": [4283, 7363, 8854, 9215, 10299, 14815, 15550, 21923, 24366, 27711, 29834, 30688, 32923, 33001, 38825, 40856, 43047, 97949, 99825, 212013, 212638, 212714, 213390, 217256, 226146, 226233], "y": ["centos 3", "ubuntu 16.04", "freebsd 10", "freebsd 12", "freebsd 12", "ubuntu 10.04", "freebsd 11", "freebsd 8", "freebsd 11", "ubuntu 10.04", "centos 7", "windows 10", "windows 8.1", "freebsd 12", "ubuntu 18.04", "centos 8", "ubuntu 20.04", "windows 10", "freebsd 12", "freebsd 12", "centos 7", "windows vista", "ubuntu 12.04", "freebsd 8", "centos 5", "ubuntu 18.04"], "cumulative y": [0, 1, 2, 3, 4, 5, 6, 7, 8, 9, 10, 11, 12, 13, 14, 15, 16, 17, 18, 19, 20, 21, 22, 23, 24, 25], "total events": 26}, "Vuln Compromises": {"record name": "Vuln Compromises", "x": [4283, 7363, 8854, 9215, 10299, 14815, 15550, 21923, 24366, 27711, 97949, 217256, 226146, 226233], "y": ["centos 3", "ubuntu 16.04", "freebsd 10", "freebsd 12", "freebsd 12", "ubuntu 10.04", "freebsd 11", "freebsd 8", "freebsd 11", "ubuntu 10.04", "windows 10", "freebsd 8", "centos 5", "ubuntu 18.04"], "cumulative y": [0, 1, 2, 3, 4, 5, 6, 7, 8, 9, 10, 11, 12, 13], "total events": 14}, "Reuse Password Compromises": {"record name": "Reuse Password Compromises", "x": [29834, 30688, 32923, 33001, 38825, 40856, 43047, 99825, 212638, 212714, 213390], "y": ["centos 7", "windows 10", "windows 8.1", "freebsd 12", "ubuntu 18.04", "centos 8", "ubuntu 20.04", "freebsd 12", "centos 7", "windows vista", "ubuntu 12.04"], "cumulative y": [0, 1, 2, 3, 4, 5, 6, 7, 8, 9, 10], "total events": 11}, "Password Spray Compromises": {"record name": "Password Spray Compromises", "x": [212013], "y": ["freebsd 12"], "cumulative y": [0], "total events": 1}, "User Account Leaks": {"record name": "User Account Has Been Leaked By Compromise", "x": [4283, 4283, 4283, 7363, 7363, 8854, 8854, 9215, 9215, 9215, 10299, 10299, 10299, 14815, 14815, 14815, 15550, 15550, 15550, 21923, 21923, 24366, 27711, 27711, 27711, 29834, 30688, 32923, 33001, 33001, 38825, 40856, 43047, 97949, 99825, 212013, 212638, 212714, 212714, 213390, 217256, 217256, 226146, 226146, 226233], "y": ["Clary", "Karalynn", "Clarine", "Deidre", "Rivalee", "Birgitta", "Shari", "Brooks", "Ronni", "Winona", "Randy", "Tressa", "Cherin", "Nollie", "Diane", "Maia", "Kira", "Clementine", "Bill", "Therine", "Heddi", "Brinna", "Mathilde", "Lacy", "Stephine", "Justinn", "Maxi", "Madel", "Ophelie", "Clare", "Danna", "Gabrila", "Auguste", "Basia", "Dulcine", "Teodora", "Gisella", "Dee", "Danielle", "Colleen", "Marla", "Kelley", "Bibby", "Gusti", "Wilone"], "cumulative y": [0, 1, 2, 3, 4, 5, 6, 7, 8, 9, 10, 11, 12, 13, 14, 15, 16, 17, 18, 19, 20, 21, 22, 23, 24, 25, 26, 27, 28, 29, 30, 31, 32, 33, 34, 35, 36, 37, 38, 39, 40, 41, 42, 43, 44], "total events": 45}, "Vulnerabilities Exploited": {"record name": "Vulnerabilities Exploited", "x": [592, 592, 1981, 1981, 1981, 1981, 1981, 1981, 1981, 1981, 2552, 2552, 4283, 4283, 4283, 4283, 4283, 4283, 4283, 4283, 4283, 4283, 4283, 4283, 4959, 4959, 5477, 5477, 5860, 5860, 5860, 6841, 6841, 7363, 7363, 7620, 8117, 8783, 8854, 10134, 10134, 10134, 10134, 10134, 10134, 10134, 10134, 10453, 11382, 11382, 11382, 11382, 12483, 12483, 12722, 13795, 14815, 14815, 14815, 14815, 14815, 14815, 14815, 14815, 14815, 14815, 14815, 14815, 14815, 15414, 16279, 16964, 17226, 19019, 19019, 19019, 19545, 19938, 20564, 21923, 21923, 21923, 21923, 21923, 21923, 21923, 21923, 21923, 21923, 21923, 21923, 23071, 23071, 24148, 24366, 24366, 24366, 24950, 25196, 28162, 30333, 36776, 43135, 48556, 48785, 71782, 77212, 79127, 79127, 89175, 100255, 100255, 100255, 100255, 101103, 119208, 213111, 217256, 217256, 217256, 217698, 226146], "cumulative exploited vulns": [0, 1, 2, 3, 4, 5, 6, 7, 8, 9, 10, 11, 12, 13, 14, 15, 16, 17, 18, 19, 20, 21, 22, 23, 24, 25, 26, 27, 28, 29, 30, 31, 32, 33, 34, 35, 36, 37, 38, 39, 40, 41, 42, 43, 44, 45, 46, 47, 48, 49, 50, 51, 52, 53, 54, 55, 56, 57, 58, 59, 60, 61, 62, 63, 64, 65, 66, 67, 68, 69, 70, 71, 72, 73, 74, 75, 76, 77, 78, 79, 80, 81, 82, 83, 84, 85, 86, 87, 88, 89, 90, 91, 92, 93, 94, 95, 96, 97, 98, 99, 100, 101, 102, 103, 104, 105, 106, 107, 108, 109, 110, 111, 112, 113, 114, 115, 116, 117, 118, 119, 120, 121],