{"Total Initial Vulnerabilities": 672, "Initial Vulns Per OS": {"centos": {"8": 11, "6": 31, "5": 25, "7": 13, "3": 90, "4": 45}, "freebsd": {"11": 22, "8": 21, "10": 40, "12": 22, "13": 17}, "ubuntu": {"20.04": 8, "16.04": 31, "18.04": 40, "14.04": 40, "10.04": 56, "12.04": 14}, "windows": {"10": 23, "vista": 64, "8": 25, "8.1": 20, "7": 14}}, "Average Initial RoA Per OS": {"centos": {"8": 0.06534887005896503, "6": 0.06582744591075183, "5": 0.036734813890844126, "7": 0.06064880085465814, "3": 0.06234775642396389, "4": 0.06577890726442889}, "freebsd": {"11": 0.05258020745361944, "8": 0.0487087009702788, "10": 0.03976968191370482, "12": 0.06767927417864898, "13": 0.012851841703692688}, "ubuntu": {"20.04": 0.02942280533345217, "16.04": 0.04000458615118992, "18.04": 0.05315732036887727, "14.04": 0.018499514935063723, "10.04": 0.06148648621302228, "12.04": 0.08185317196912974}, "windows": {"10": 0.06658980377708218, "vista": 0.05285808316528131, "8": 0.05493487927829284, "8.1": 0.043473174050484426, "7": 0.044359546631026814}}, "OS Types In Initial Network": {"freebsd 13": 14, "ubuntu 18.04": 12, "centos 8": 16, "windows 10": 21, "freebsd 11": 7, "ubuntu 20.04": 8, "ubuntu 16.04": 12, "freebsd 8": 2, "freebsd 10": 9, "windows vista": 12, "ubuntu 14.04": 11, "windows 8": 8, "windows 8.1": 7, "centos 6": 12, "centos 4": 9, "centos 5": 5, "centos 7": 10, "centos 3": 3, "freebsd 12": 12, "ubuntu 10.04": 2, "windows 7": 4, "ubuntu 12.04": 2, "windows xp": 1, "freebsd 9": 1}, "Initial Hosts Without Vulnerabilities": 50, "Host Compromises": {"record name": "Host Compromises", "x": [3556, 7198, 9257, 11359, 16230, 16940, 31924, 32250, 33652, 34891, 35321, 36474, 36534, 40511, 45405, 45927, 46235, 48094, 48454, 49328, 50174, 50823, 53526, 63720, 73523, 186681, 186793, 197127, 239694, 239872], "y": ["freebsd 10", "ubuntu 10.04", "freebsd 8", "freebsd 11", "ubuntu 18.04", "windows vista", "windows 8.1", "ubuntu 18.04", "windows 10", "centos 5", "freebsd 11", "windows 10", "centos 6", "freebsd 12", "centos 8", "ubuntu 20.04", "centos 4", "ubuntu 20.04", "centos 7", "freebsd 10", "ubuntu 18.04", "ubuntu 20.04", "windows 10", "windows vista", "windows vista", "ubuntu 12.04", "ubuntu 20.04", "freebsd 11", "windows 7", "windows vista"], "cumulative y": [0, 1, 2, 3, 4, 5, 6, 7, 8, 9, 10, 11, 12, 13, 14, 15, 16, 17, 18, 19, 20, 21, 22, 23, 24, 25, 26, 27, 28, 29], "total events": 30}, "Vuln Compromises": {"record name": "Vuln Compromises", "x": [3556, 7198, 9257, 16230, 16940, 46235, 63720, 239694, 239872], "y": ["freebsd 10", "ubuntu 10.04", "freebsd 8", "ubuntu 18.04", "windows vista", "centos 4", "windows vista", "windows 7", "windows vista"], "cumulative y": [0, 1, 2, 3, 4, 5, 6, 7, 8], "total events": 9}, "Reuse Password Compromises": {"record name": "Reuse Password Compromises", "x": [11359, 32250, 33652, 34891, 35321, 36474, 36534, 40511, 45405, 45927, 48094, 48454, 49328, 50174, 50823, 73523, 186793], "y": ["freebsd 11", "ubuntu 18.04", "windows 10", "centos 5", "freebsd 11", "windows 10", "centos 6", "freebsd 12", "centos 8", "ubuntu 20.04", "ubuntu 20.04", "centos 7", "freebsd 10", "ubuntu 18.04", "ubuntu 20.04", "windows vista", "ubuntu 20.04"], "cumulative y": [0, 1, 2, 3, 4, 5, 6, 7, 8, 9, 10, 11, 12, 13, 14, 15, 16], "total events": 17}, "Password Spray Compromises": {"record name": "Password Spray Compromises", "x": [31924, 53526, 186681, 197127], "y": ["windows 8.1", "windows 10", "ubuntu 12.04", "freebsd 11"], "cumulative y": [0, 1, 2, 3], "total events": 4}, "User Account Leaks": {"record name": "User Account Has Been Leaked By Compromise", "x": [3556, 3556, 3556, 7198, 7198, 7198, 9257, 9257, 9257, 11359, 11359, 16230, 16230, 16940, 16940, 16940, 31924, 31924, 32250, 32250, 33652, 33652, 34891, 34891, 35321, 35321, 36474, 36534, 36534, 40511, 45405, 45405, 45927, 45927, 46235, 46235, 48454, 50823, 50823, 63720, 63720, 73523, 186681, 186793, 186793, 239872, 239872, 239872], "y": ["Dela", "Clarisse", "Torie", "Nettie", "Roseanna", "Lanette", "Doro", "Sal", "Amitie", "Rochell", "Calli", "Maxy", "Tiffanie", "Junina", "Deb", "Chelsea", "Marcelle", "Norine", "Sapphire", "Rica", "Harmony", "Moll", "Tresa", "Tera", "Hettie", "Reiko", "Mignonne", "Nathalia", "Sara-Ann", "Sophia", "Kaycee", "Lebbie", "Nanni", "Pavla", "Kandace", "Malva", "Cyndi", "Carolin", "Mellisent", "Almeta", "Caresa", "Buffy", "Vivianna", "Lettie", "Eachelle", "Doti", "Deedee", "Inge"], "cumulative y": [0, 1, 2, 3, 4, 5, 6, 7, 8, 9, 10, 11, 12, 13, 14, 15, 16, 17, 18, 19, 20, 21, 22, 23, 24, 25, 26, 27, 28, 29, 30, 31, 32, 33, 34, 35, 36, 37, 38, 39, 40, 41, 42, 43, 44, 45, 46, 47], "total events": 48}, "Vulnerabilities Exploited": {"record name": "Vulnerabilities Exploited", "x": [706, 984, 984, 984, 1537, 1537, 1656, 1832, 2284, 2284, 2284, 2529, 2760, 2760, 3153, 3556, 3556, 3556, 3556, 3619, 4018, 4018, 4640, 4640, 4810, 5663, 5663, 5663, 5663, 5663, 5663, 5663, 5663, 5663, 5663, 5663, 6104, 6104, 6162, 7198, 7198, 7198, 7198, 7198, 7198, 7198, 7198, 7198, 7198, 7198, 7198, 7198, 7198, 7544, 7544, 7544, 7544, 7745, 7917, 8105, 8105, 8400, 9257, 9549, 9549, 10291, 10564, 11033, 11662, 12533, 12533, 13473, 13473, 13473, 15305, 16230, 16940, 18495, 19518, 20255, 20255, 20255, 20255, 22054, 26621, 27214, 31025, 32315, 38738, 38999, 42357, 42357, 42630, 43006, 46235, 46235, 46235, 46235, 46235, 46575, 49070, 49070, 49070, 49070, 49070, 54108, 54108, 55277, 62187, 63720, 63720, 63720, 74893, 77805, 83147, 204235, 239318, 239318, 239318, 239318, 239694, 246871], "cumulative exploited vulns": [0, 1, 2, 3, 4, 5, 6, 7, 8, 9, 10, 11, 12, 13, 14, 15, 16, 17, 18, 19, 20, 21, 22, 23, 24, 25, 26, 27, 28, 29, 30, 31, 32, 33, 34, 35, 36, 37, 38, 39, 40, 41, 42, 43, 44, 45, 46, 47, 48, 49, 50, 51, 52, 53, 54, 55, 56, 57, 58, 59, 60, 61, 62, 63, 64, 65, 66, 67, 68, 69, 70, 71, 72, 73, 74, 75, 76, 77, 78, 79, 80, 81, 82, 83, 84, 85, 86, 87, 88, 89, 90, 91, 92, 93, 94, 95, 96, 97, 98, 99, 100, 101, 102, 103, 104, 105, 106, 107, 108, 109, 110, 111, 112, 113, 114, 115, 116, 117, 118, 119, 120, 121],