{"Total Initial Vulnerabilities": 621, "Initial Vulns Per OS": {"centos": {"8": 9, "7": 42, "6": 31, "5": 7, "4": 36}, "windows": {"8": 34, "8.1": 24, "10": 11, "7": 21, "xp": 70, "vista": 29}, "freebsd": {"10": 30, "8": 49, "12": 17, "13": 12, "11": 15, "9": 36}, "ubuntu": {"20.04": 10, "16.04": 20, "12.04": 18, "18.04": 24, "10.04": 39, "14.04": 37}}, "Average Initial RoA Per OS": {"centos": {"8": 0.042182004958227264, "7": 0.04367828197718803, "6": 0.06201749836293234, "5": 0.050375184609255906, "4": 0.06915021171193353}, "windows": {"8": 0.027325954099060062, "8.1": 0.050287693099690334, "10": 0.03935594020254464, "7": 0.029498116598477547, "xp": 0.06496293871516472, "vista": 0.061114556467641176}, "freebsd": {"10": 0.04367997134200283, "8": 0.07497880154057847, "12": 0.03362057011680697, "13": 0.09897859941880581, "11": 0.037200738782731134, "9": 0.05028135694220388}, "ubuntu": {"20.04": 0.044997121843832866, "16.04": 0.07058865783351997, "12.04": 0.025732260996197666, "18.04": 0.04296140255553332, "10.04": 0.06103348994224567, "14.04": 0.05778299282395494}}, "OS Types In Initial Network": {"freebsd 9": 7, "centos 8": 11, "windows 10": 17, "windows 8": 9, "freebsd 13": 13, "freebsd 10": 6, "windows 8.1": 15, "centos 7": 17, "ubuntu 18.04": 16, "ubuntu 20.04": 17, "ubuntu 16.04": 7, "centos 6": 11, "ubuntu 12.04": 4, "freebsd 8": 2, "freebsd 12": 10, "windows 7": 5, "centos 5": 3, "centos 4": 6, "ubuntu 10.04": 1, "ubuntu 14.04": 11, "freebsd 11": 6, "windows xp": 2, "windows vista": 4}, "Initial Hosts Without Vulnerabilities": 54, "Host Compromises": {"record name": "Host Compromises", "x": [6986, 7137, 11629, 12639, 13656, 14348, 16718, 20020, 21694, 26493, 29987, 39052, 50310, 53151, 106880, 132636, 209173, 221668, 227542, 229367, 238070, 248802], "y": ["windows 8.1", "ubuntu 18.04", "ubuntu 12.04", "freebsd 8", "centos 5", "centos 4", "ubuntu 18.04", "ubuntu 10.04", "windows 7", "centos 6", "centos 4", "centos 4", "centos 6", "freebsd 10", "windows 10", "freebsd 12", "windows 8.1", "windows 7", "ubuntu 20.04", "centos 7", "windows 8.1", "freebsd 10"], "cumulative y": [0, 1, 2, 3, 4, 5, 6, 7, 8, 9, 10, 11, 12, 13, 14, 15, 16, 17, 18, 19, 20, 21], "total events": 22}, "Vuln Compromises": {"record name": "Vuln Compromises", "x": [6986, 7137, 11629, 12639, 13656, 14348, 16718, 20020, 21694, 26493, 29987, 39052, 50310, 53151, 221668, 238070], "y": ["windows 8.1", "ubuntu 18.04", "ubuntu 12.04", "freebsd 8", "centos 5", "centos 4", "ubuntu 18.04", "ubuntu 10.04", "windows 7", "centos 6", "centos 4", "centos 4", "centos 6", "freebsd 10", "windows 7", "windows 8.1"], "cumulative y": [0, 1, 2, 3, 4, 5, 6, 7, 8, 9, 10, 11, 12, 13, 14, 15], "total events": 16}, "Reuse Password Compromises": {"record name": "Reuse Password Compromises", "x": [], "y": [], "cumulative y": [], "total events": 0}, "Password Spray Compromises": {"record name": "Password Spray Compromises", "x": [106880, 132636, 209173, 227542, 229367, 248802], "y": ["windows 10", "freebsd 12", "windows 8.1", "ubuntu 20.04", "centos 7", "freebsd 10"], "cumulative y": [0, 1, 2, 3, 4, 5], "total events": 6}, "User Account Leaks": {"record name": "User Account Has Been Leaked By Compromise", "x": [6986, 6986, 6986, 7137, 7137, 7137, 11629, 11629, 12639, 12639, 12639, 13656, 13656, 13656, 14348, 14348, 14348, 16718, 16718, 16718, 20020, 20020, 21694, 21694, 21694, 26493, 26493, 29987, 29987, 50310, 50310, 53151, 53151, 106880, 132636, 132636, 209173, 221668, 221668, 227542, 227542, 229367, 229367, 238070, 238070], "y": ["Lorilee", "Donna", "Konstance", "Costanza", "Clarissa", "Tallulah", "Drusi", "Lanna", "Mindy", "Joann", "Bev", "Sande", "Saudra", "Carmelle", "Abbie", "Cherri", "Elfreda", "Datha", "Kellia", "Karissa", "Mavis", "Rachel", "Melosa", "Aile", "Myrtie", "Zondra", "Alejandrina", "Phil", "Katusha", "Perl", "Lynn", "Britteny", "Shannen", "Rebecka", "Phaidra", "Carmine", "Asia", "Karie", "Crystie", "Carrissa", "Kaylil", "Beitris", "Amye", "Sukey", "Ethelin"], "cumulative y": [0, 1, 2, 3, 4, 5, 6, 7, 8, 9, 10, 11, 12, 13, 14, 15, 16, 17, 18, 19, 20, 21, 22, 23, 24, 25, 26, 27, 28, 29, 30, 31, 32, 33, 34, 35, 36, 37, 38, 39, 40, 41, 42, 43, 44], "total events": 45}, "Vulnerabilities Exploited": {"record name": "Vulnerabilities Exploited", "x": [547, 547, 547, 974, 974, 1174, 1424, 1424, 2222, 2508, 2508, 2508, 2508, 2574, 3010, 3010, 3010, 3010, 3010, 3010, 3232, 3380, 3380, 3773, 3773, 3807, 3968, 4230, 4328, 4328, 4624, 4687, 4826, 4826, 5231, 5231, 5231, 5231, 5344, 5344, 5716, 5716, 5716, 5716, 6316, 6565, 6565, 6789, 6789, 6789, 6986, 7137, 8688, 8688, 8688, 8688, 8688, 8688, 8688, 8688, 8688, 8688, 8688, 8688, 8688, 8688, 9043, 9043, 9043, 11629, 12639, 12639, 12639, 12927, 13354, 13656, 13656, 14036, 14036, 14348, 14592, 14592, 15252, 15676, 16264, 16264, 17882, 20020, 20020, 20020, 20020, 20020, 20020, 20020, 20020, 20242, 20472, 21694, 22444, 23060, 25613, 26056, 26493, 28453, 29987, 29987, 30636, 32691, 33468, 38242, 39052, 39052, 41550, 41550, 41550, 45901, 47528, 50310, 50310, 51992, 52216, 53151, 53151, 53151, 53151, 53456, 66258, 90623, 90623, 92037, 131988, 221668, 235781, 235781, 235781, 240132, 241380], "cumulative exploited vulns": [0, 1, 2, 3, 4, 5, 6, 7, 8, 9, 10, 11, 12, 13, 14, 15, 16, 17, 18, 19, 20, 21, 22, 23, 24, 25, 26, 27, 28, 29, 30, 31, 32, 33, 34, 35, 36, 37, 38, 39, 40, 41, 42, 43, 44, 45, 46, 47, 48, 49, 50, 51, 52, 53, 54, 55, 56, 57, 58, 59, 60, 61, 62, 63, 64, 65, 66, 67, 68, 69, 70, 71, 72, 73, 74, 75, 76, 77, 78, 79, 80, 81, 82, 83, 84, 85, 86, 87, 88, 89, 90, 91, 92, 93, 94, 95, 96, 97, 98, 99, 100, 101, 102, 103, 104, 105, 106, 107, 108, 109, 110, 111, 112, 113, 114, 115, 116, 117, 118, 119, 120, 121, 122, 123, 124, 125, 126, 127, 128, 129, 130, 131, 132, 133, 134, 135, 136],