{"Total Initial Vulnerabilities": 753, "Initial Vulns Per OS": {"centos": {"6": 36, "5": 22, "7": 8, "8": 20, "4": 13, "3": 45}, "freebsd": {"12": 24, "11": 59, "13": 20, "8": 62, "10": 13, "9": 17}, "windows": {"8.1": 23, "8": 37, "vista": 52, "10": 15, "xp": 38, "7": 42}, "ubuntu": {"20.04": 12, "12.04": 33, "16.04": 4, "18.04": 52, "14.04": 26, "10.04": 80}}, "Average Initial RoA Per OS": {"centos": {"6": 0.05001682203823764, "5": 0.04893835879012185, "7": 0.04379071099354059, "8": 0.06445434832475133, "4": 0.09094876142046318, "3": 0.06659978887375277}, "freebsd": {"12": 0.0723047477296457, "11": 0.06787388165183907, "13": 0.053902640338167995, "8": 0.04798653809854861, "10": 0.0746342191840535, "9": 0.06844076773585916}, "windows": {"8.1": 0.05997653552970912, "8": 0.04845399214790392, "vista": 0.06082426443490053, "10": 0.044493285586216215, "xp": 0.056673688874276824, "7": 0.12528016132217995}, "ubuntu": {"20.04": 0.037973483320910224, "12.04": 0.04061855396706917, "16.04": 0.05276407156865958, "18.04": 0.05090344117931163, "14.04": 0.062078544777461254, "10.04": 0.06088948885831882}}, "OS Types In Initial Network": {"centos 6": 11, "freebsd 12": 11, "windows 8.1": 10, "ubuntu 20.04": 15, "windows 8": 12, "windows vista": 8, "centos 5": 6, "ubuntu 12.04": 7, "freebsd 11": 14, "ubuntu 16.04": 3, "centos 7": 7, "ubuntu 18.04": 15, "windows 10": 18, "freebsd 13": 16, "centos 8": 11, "freebsd 8": 3, "windows xp": 3, "windows 7": 9, "freebsd 10": 4, "centos 4": 3, "ubuntu 14.04": 8, "freebsd 9": 3, "ubuntu 10.04": 2, "centos 3": 1}, "Initial Hosts Without Vulnerabilities": 40, "Host Compromises": {"record name": "Host Compromises", "x": [1397, 1447, 3706, 5020, 8619, 10061, 13192, 13786, 14084, 18089, 20101, 21215, 22525, 40220, 63566, 63713, 85583, 111879, 115636, 121230, 127322, 184641, 184785, 185728, 187573, 190803, 202997, 203969, 216714, 218478, 219381, 220538, 240739, 240831], "y": ["centos 5", "ubuntu 12.04", "freebsd 11", "freebsd 12", "freebsd 12", "freebsd 11", "windows 8.1", "windows vista", "windows vista", "freebsd 8", "centos 5", "windows xp", "windows 7", "ubuntu 18.04", "centos 7", "windows vista", "windows 8.1", "centos 5", "windows 8.1", "windows 8", "freebsd 11", "centos 7", "windows vista", "windows 7", "freebsd 8", "freebsd 13", "ubuntu 18.04", "ubuntu 20.04", "freebsd 12", "windows 8.1", "centos 7", "windows 10", "windows xp", "centos 6"], "cumulative y": [0, 1, 2, 3, 4, 5, 6, 7, 8, 9, 10, 11, 12, 13, 14, 15, 16, 17, 18, 19, 20, 21, 22, 23, 24, 25, 26, 27, 28, 29, 30, 31, 32, 33], "total events": 34}, "Vuln Compromises": {"record name": "Vuln Compromises", "x": [1397, 1447, 3706, 5020, 8619, 10061, 14084, 18089, 20101, 21215, 22525, 63566, 63713, 121230, 184785, 185728, 187573, 240739], "y": ["centos 5", "ubuntu 12.04", "freebsd 11", "freebsd 12", "freebsd 12", "freebsd 11", "windows vista", "freebsd 8", "centos 5", "windows xp", "windows 7", "centos 7", "windows vista", "windows 8", "windows vista", "windows 7", "freebsd 8", "windows xp"], "cumulative y": [0, 1, 2, 3, 4, 5, 6, 7, 8, 9, 10, 11, 12, 13, 14, 15, 16, 17], "total events": 18}, "Reuse Password Compromises": {"record name": "Reuse Password Compromises", "x": [13192, 13786, 190803, 216714, 218478, 219381, 220538, 240831], "y": ["windows 8.1", "windows vista", "freebsd 13", "freebsd 12", "windows 8.1", "centos 7", "windows 10", "centos 6"], "cumulative y": [0, 1, 2, 3, 4, 5, 6, 7], "total events": 8}, "Password Spray Compromises": {"record name": "Password Spray Compromises", "x": [40220, 85583, 111879, 115636, 127322, 184641, 202997, 203969], "y": ["ubuntu 18.04", "windows 8.1", "centos 5", "windows 8.1", "freebsd 11", "centos 7", "ubuntu 18.04", "ubuntu 20.04"], "cumulative y": [0, 1, 2, 3, 4, 5, 6, 7], "total events": 8}, "User Account Leaks": {"record name": "User Account Has Been Leaked By Compromise", "x": [1397, 1397, 1397, 1447, 1447, 1447, 3706, 3706, 3706, 5020, 5020, 5020, 8619, 8619, 8619, 10061, 10061, 10061, 13192, 13192, 13786, 14084, 14084, 14084, 18089, 18089, 18089, 20101, 20101, 20101, 21215, 21215, 21215, 22525, 22525, 40220, 63566, 63566, 63713, 63713, 85583, 111879, 111879, 184641, 184785, 184785, 185728, 202997, 203969, 203969, 218478, 218478, 220538], "y": ["Janis", "Bryana", "Tandie", "Salli", "Peggi", "Sascha", "Gabie", "Kessia", "Lucila", "Jade", "Zora", "Ediva", "Simone", "Ruthie", "Marissa", "Korella", "Ethelind", "Henryetta", "Chlo", "Minnie", "Romola", "Anita", "Margaux", "Lotte", "Rebeca", "Annie", "Rosabelle", "Gilberte", "Jody", "Eddy", "Rose", "Marty", "Elsinore", "Nady", "Darice", "Sibelle", "Yovonnda", "Jeanie", "Othella", "Belle", "Emilee", "Devi", "Rubina", "Virgie", "Abbye", "Petunia", "Raine", "Dasya", "Katherina", "Averyl", "Ofella", "Teddy", "Ardelle"], "cumulative y": [0, 1, 2, 3, 4, 5, 6, 7, 8, 9, 10, 11, 12, 13, 14, 15, 16, 17, 18, 19, 20, 21, 22, 23, 24, 25, 26, 27, 28, 29, 30, 31, 32, 33, 34, 35, 36, 37, 38, 39, 40, 41, 42, 43, 44, 45, 46, 47, 48, 49, 50, 51, 52], "total events": 53}, "Vulnerabilities Exploited": {"record name": "Vulnerabilities Exploited", "x": [236, 533, 533, 1098, 1333, 1333, 1333, 1333, 1333, 1333, 1333, 1397, 1447, 1706, 2282, 2453, 2453, 2453, 3706, 3706, 3706, 3706, 4843, 4843, 4843, 4843, 4843, 5095, 5651, 5651, 5765, 6258, 6997, 8206, 8206, 8206, 8206, 8206, 8206, 8619, 8972, 9311, 9311, 9311, 9901, 9901, 10061, 10141, 10466, 11138, 11138, 11138, 11138, 13060, 13259, 13852, 14084, 14757, 18089, 18089, 18089, 18089, 18089, 18089, 18089, 18089, 18089, 18089, 18089, 18855, 18855, 19549, 20101, 21215, 22525, 22525, 22525, 22525, 23031, 23031, 24498, 27615, 27932, 29370, 37558, 38316, 44137, 48059, 53820, 53820, 54945, 59407, 63566, 63713, 63713, 93265, 112383, 121230, 123609, 184785, 184785, 185243, 187230, 187230, 187230, 187230, 187230, 187573, 187573, 190486, 190486, 190486, 196732, 198491, 200322, 207595, 210701, 212622, 212622, 240739, 240739, 243169, 243169, 243169, 243169], "cumulative exploited vulns": [0, 1, 2, 3, 4, 5, 6, 7, 8, 9, 10, 11, 12, 13, 14, 15, 16, 17, 18, 19, 20, 21, 22, 23, 24, 25, 26, 27, 28, 29, 30, 31, 32, 33, 34, 35, 36, 37, 38, 39, 40, 41, 42, 43, 44, 45, 46, 47, 48, 49, 50, 51, 52, 53, 54, 55, 56, 57, 58, 59, 60, 61, 62, 63, 64, 65, 66, 67, 68, 69, 70, 71, 72, 73, 74, 75, 76, 77, 78, 79, 80, 81, 82, 83, 84, 85, 86, 87, 88, 89, 90, 91, 92, 93, 94, 95, 96, 97, 98, 99, 100, 101, 102, 103, 104, 105, 106, 107, 108, 109, 110, 111, 112, 113, 114, 115, 116, 117, 118, 119, 120, 121, 122, 123, 124],