{"Total Initial Vulnerabilities": 811, "Initial Vulns Per OS": {"freebsd": {"13": 23, "9": 23, "8": 95, "12": 35, "10": 35, "11": 21}, "ubuntu": {"18.04": 8, "16.04": 26, "14.04": 24, "20.04": 17, "10.04": 77, "12.04": 13}, "windows": {"8": 43, "7": 30, "10": 25, "8.1": 17, "xp": 49, "vista": 22}, "centos": {"7": 10, "5": 21, "8": 20, "6": 24, "3": 136, "4": 17}}, "Average Initial RoA Per OS": {"freebsd": {"13": 0.10418826627417384, "9": 0.04945520869752358, "8": 0.05499507593759516, "12": 0.03814437795953553, "10": 0.06574597597570048, "11": 0.06716346716222513}, "ubuntu": {"18.04": 0.14179144176695252, "16.04": 0.05843850734877888, "14.04": 0.06017936414893015, "20.04": 0.10183664769757982, "10.04": 0.06345674644886533, "12.04": 0.08573674411049227}, "windows": {"8": 0.053306114645885895, "7": 0.0803365102965793, "10": 0.1313825062051973, "8.1": 0.01690563503472244, "xp": 0.02291891405914745, "vista": 0.040448242565835395}, "centos": {"7": 0.02538975088272677, "5": 0.09347293919772157, "8": 0.05874741765062937, "6": 0.07389413051943018, "3": 0.0620436138654278, "4": 0.11298290274897863}}, "OS Types In Initial Network": {"freebsd 13": 16, "freebsd 9": 4, "ubuntu 18.04": 8, "windows 8": 13, "centos 7": 9, "freebsd 8": 3, "centos 8": 15, "centos 5": 6, "ubuntu 16.04": 10, "windows 7": 9, "ubuntu 14.04": 8, "freebsd 12": 14, "ubuntu 20.04": 13, "windows vista": 6, "freebsd 10": 8, "windows 10": 17, "centos 6": 10, "ubuntu 10.04": 2, "freebsd 11": 11, "windows 8.1": 7, "ubuntu 12.04": 2, "centos 3": 3, "centos 4": 4, "windows xp": 2}, "Initial Hosts Without Vulnerabilities": 40, "Host Compromises": {"record name": "Host Compromises", "x": [257, 2002, 2157, 6800, 7766, 8086, 11166, 11992, 13637, 15191, 16741, 16817, 18492, 18598, 18927, 22273, 23725, 31304, 43753, 51282, 56568, 58177, 58907, 61202, 62174, 62258, 62637, 77734, 80289, 85527, 86320, 86417, 90759, 91920, 92057, 92929, 95695, 96543, 96627, 97962, 106740, 107285, 110267, 121945, 123486, 124078, 125504, 127621, 139421, 144512, 146191, 146304, 146496, 149549, 150120, 151138, 151272, 172559, 173082, 192583, 195656, 205886, 213824, 220807, 221089, 230606, 242002], "y": ["freebsd 9", "freebsd 8", "centos 7", "ubuntu 14.04", "windows vista", "windows 7", "ubuntu 16.04", "ubuntu 16.04", "centos 3", "freebsd 11", "ubuntu 18.04", "windows 7", "centos 5", "freebsd 12", "centos 8", "ubuntu 16.04", "freebsd 8", "windows 8.1", "centos 7", "windows 8.1", "ubuntu 16.04", "windows 8", "freebsd 13", "windows vista", "freebsd 11", "centos 8", "freebsd 9", "freebsd 12", "windows 8", "windows 7", "windows 10", "freebsd 12", "freebsd 8", "centos 8", "windows 10", "centos 6", "windows 10", "freebsd 9", "windows 8.1", "freebsd 11", "ubuntu 20.04", "windows vista", "windows 8.1", "centos 8", "windows vista", "centos 6", "windows xp", "freebsd 10", "ubuntu 14.04", "ubuntu 18.04", "freebsd 10", "freebsd 13", "freebsd 11", "ubuntu 14.04", "freebsd 10", "ubuntu 20.04", "centos 4", "centos 8", "windows 10", "windows 8", "freebsd 11", "centos 7", "centos 8", "freebsd 13", "centos 4", "ubuntu 20.04", "ubuntu 14.04"], "cumulative y": [0, 1, 2, 3, 4, 5, 6, 7, 8, 9, 10, 11, 12, 13, 14, 15, 16, 17, 18, 19, 20, 21, 22, 23, 24, 25, 26, 27, 28, 29, 30, 31, 32, 33, 34, 35, 36, 37, 38, 39, 40, 41, 42, 43, 44, 45, 46, 47, 48, 49, 50, 51, 52, 53, 54, 55, 56, 57, 58, 59, 60, 61, 62, 63, 64, 65, 66], "total events": 67}, "Vuln Compromises": {"record name": "Vuln Compromises", "x": [257, 2002, 2157, 6800, 7766, 8086, 11166, 11992, 13637, 16741, 18492, 18598, 18927, 22273, 23725, 31304, 51282, 56568, 61202, 62258, 62637, 77734, 80289, 85527, 90759, 92057, 96543, 96627, 107285, 110267, 123486, 124078, 125504, 127621, 139421, 144512, 146191, 146496, 149549, 150120, 151272, 172559, 173082, 192583, 195656, 205886, 213824, 220807, 221089, 230606, 242002], "y": ["freebsd 9", "freebsd 8", "centos 7", "ubuntu 14.04", "windows vista", "windows 7", "ubuntu 16.04", "ubuntu 16.04", "centos 3", "ubuntu 18.04", "centos 5", "freebsd 12", "centos 8", "ubuntu 16.04", "freebsd 8", "windows 8.1", "windows 8.1", "ubuntu 16.04", "windows vista", "centos 8", "freebsd 9", "freebsd 12", "windows 8", "windows 7", "freebsd 8", "windows 10", "freebsd 9", "windows 8.1", "windows vista", "windows 8.1", "windows vista", "centos 6", "windows xp", "freebsd 10", "ubuntu 14.04", "ubuntu 18.04", "freebsd 10", "freebsd 11", "ubuntu 14.04", "freebsd 10", "centos 4", "centos 8", "windows 10", "windows 8", "freebsd 11", "centos 7", "centos 8", "freebsd 13", "centos 4", "ubuntu 20.04", "ubuntu 14.04"], "cumulative y": [0, 1, 2, 3, 4, 5, 6, 7, 8, 9, 10, 11, 12, 13, 14, 15, 16, 17, 18, 19, 20, 21, 22, 23, 24, 25, 26, 27, 28, 29, 30, 31, 32, 33, 34, 35, 36, 37, 38, 39, 40, 41, 42, 43, 44, 45, 46, 47, 48, 49, 50], "total events": 51}, "Reuse Password Compromises": {"record name": "Reuse Password Compromises", "x": [15191, 16817, 58177, 58907, 86320, 86417, 91920, 92929, 95695, 97962, 106740, 146304, 151138], "y": ["freebsd 11", "windows 7", "windows 8", "freebsd 13", "windows 10", "freebsd 12", "centos 8", "centos 6", "windows 10", "freebsd 11", "ubuntu 20.04", "freebsd 13", "ubuntu 20.04"], "cumulative y": [0, 1, 2, 3, 4, 5, 6, 7, 8, 9, 10, 11, 12], "total events": 13}, "Password Spray Compromises": {"record name": "Password Spray Compromises", "x": [43753, 62174, 121945], "y": ["centos 7", "freebsd 11", "centos 8"], "cumulative y": [0, 1, 2], "total events": 3}, "User Account Leaks": {"record name": "User Account Has Been Leaked By Compromise", "x": [257, 257, 257, 2002, 2002, 2002, 2157, 2157, 2157, 6800, 6800, 6800, 7766, 7766, 7766, 8086, 8086, 8086, 11166, 11166, 11166, 11992, 11992, 13637, 13637, 15191, 16817, 18492, 18598, 18598, 18927, 22273, 22273, 23725, 31304, 43753, 43753, 51282, 51282, 56568, 56568, 58907, 61202, 62174, 62258, 62637, 62637, 77734, 80289, 85527, 90759, 92057, 92057, 92929, 96543, 96627, 97962, 110267, 149549, 150120, 192583, 220807], "y": ["Oona", "Robinia", "Latrina", "Karie", "Corabella", "Hermione", "Daisi", "Blondy", "Jeane", "Bertina", "Emelia", "Brook", "Shirlene", "Tamqrah", "Danell", "Darcy", "Colleen", "Frieda", "Paula", "Julienne", "Marinna", "Carmela", "Patsy", "Teresina", "Dorena", "Maggy", "Trenna", "Sibilla", "Madella", "Penelope", "Lula", "Cordy", "Sofie", "Aloise", "Lauretta", "Ailey", "Olly", "Dierdre", "Essie", "Birgitta", "Selinda", "Manya", "Emmalynne", "Beatrice", "Othilie", "Karrie", "Afton", "Jewelle", "Myrilla", "Jacquenetta", "Charita", "Naoma", "Nicolle", "Marian", "Davina", "Meris", "Brena", "Catlee", "Joelynn", "Sarah", "Odele", "Roxine"], "cumulative y": [0, 1, 2, 3, 4, 5, 6, 7, 8, 9, 10, 11, 12, 13, 14, 15, 16, 17, 18, 19, 20, 21, 22, 23, 24, 25, 26, 27, 28, 29, 30, 31, 32, 33, 34, 35, 36, 37, 38, 39, 40, 41, 42, 43, 44, 45, 46, 47, 48, 49, 50, 51, 52, 53, 54, 55, 56, 57, 58, 59, 60, 61], "total events": 62}, "Vulnerabilities Exploited": {"record name": "Vulnerabilities Exploited", "x": [257, 292, 738, 886, 2002, 2002, 2002, 2157, 2235, 4227, 4227, 4794, 4794, 5555, 6239, 6239, 6239, 6364, 6364, 6364, 6800, 7499, 7499, 7766, 7766, 8639, 8639, 8639, 8639, 8639, 8639, 8639, 9027, 10388, 10568, 10946, 10946, 11166, 11992, 13637, 13637, 13637, 13637, 13637, 14186, 14186, 15013, 15529, 16544, 16544, 16972, 17402, 18256, 18256, 18256, 18256, 18256, 18492, 18927, 20549, 22273, 22774, 22774, 22774, 23725, 23725, 24604, 24604, 26656, 31304, 31495, 32731, 34070, 36295, 37149, 39746, 40160, 40160, 46445, 51282, 51679, 53199, 57591, 60226, 61639, 62637, 62637, 62637, 62637, 63069, 75772, 77734, 80289, 84173, 86588, 90759, 92057, 94393, 94767, 98308, 101830, 105212, 105212, 105212, 105212, 114632, 114632, 123486, 125504, 125504, 125504, 125661, 136371, 146496, 149549, 151272, 160841, 162899, 162899, 175652, 179700, 191359, 192583, 195656, 210533, 221089, 221089, 241179],