{"Total Initial Vulnerabilities": 575, "Initial Vulns Per OS": {"centos": {"8": 9, "4": 23, "6": 28, "7": 25, "5": 13, "3": 38}, "freebsd": {"12": 15, "11": 47, "13": 14, "10": 26, "9": 29}, "ubuntu": {"16.04": 58, "10.04": 11, "20.04": 14, "14.04": 19, "12.04": 16, "18.04": 12}, "windows": {"8": 31, "7": 26, "10": 12, "xp": 78, "8.1": 28, "vista": 3}}, "Average Initial RoA Per OS": {"centos": {"8": 0.027885780773905314, "4": 0.09121809347990575, "6": 0.0525875066332548, "7": 0.018614521483771566, "5": 0.03440872542098889, "3": 0.04259862561806544}, "freebsd": {"12": 0.020421949930181205, "11": 0.11133565627672283, "13": 0.027818745196213572, "10": 0.03363122113123309, "9": 0.04553746992708874}, "ubuntu": {"16.04": 0.05143278066563973, "10.04": 0.04006086306807611, "20.04": 0.04447495876911537, "14.04": 0.0377752022709705, "12.04": 0.03429425004310579, "18.04": 0.023330606295583613}, "windows": {"8": 0.03527737744877952, "7": 0.06637343529279258, "10": 0.028747424120840706, "xp": 0.05584249959930581, "8.1": 0.047454583868950496, "vista": 0.004456014414187806}}, "OS Types In Initial Network": {"centos 8": 12, "freebsd 12": 8, "freebsd 11": 20, "windows 10": 11, "ubuntu 16.04": 16, "ubuntu 10.04": 1, "centos 5": 8, "windows 8": 12, "centos 4": 4, "freebsd 13": 13, "windows 7": 5, "windows 8.1": 12, "centos 6": 8, "windows xp": 3, "ubuntu 20.04": 18, "freebsd 10": 9, "ubuntu 14.04": 6, "ubuntu 12.04": 4, "centos 7": 16, "ubuntu 18.04": 7, "freebsd 9": 5, "centos 3": 1, "windows vista": 1}, "Initial Hosts Without Vulnerabilities": 45, "Host Compromises": {"record name": "Host Compromises", "x": [1200, 4651, 5638, 7297, 8750, 13040, 14176, 15976, 18565, 18933, 35325, 43621, 45153, 49271, 55624, 55735, 56671, 109180, 115136, 117015, 117516, 117601, 122501, 122964, 124229, 125682, 127461, 138922, 144113, 168545, 172947, 177109, 181936, 193602, 198351, 217824, 227361], "y": ["ubuntu 10.04", "windows 8.1", "freebsd 10", "freebsd 11", "freebsd 11", "windows 8", "ubuntu 16.04", "windows 8", "freebsd 11", "windows 8", "centos 4", "centos 3", "centos 7", "freebsd 9", "ubuntu 16.04", "freebsd 11", "ubuntu 16.04", "freebsd 12", "freebsd 11", "ubuntu 20.04", "ubuntu 16.04", "ubuntu 20.04", "centos 5", "windows 10", "centos 6", "ubuntu 14.04", "freebsd 11", "freebsd 10", "freebsd 10", "freebsd 13", "ubuntu 12.04", "windows 8.1", "windows 7", "windows 8.1", "centos 8", "ubuntu 12.04", "centos 8"], "cumulative y": [0, 1, 2, 3, 4, 5, 6, 7, 8, 9, 10, 11, 12, 13, 14, 15, 16, 17, 18, 19, 20, 21, 22, 23, 24, 25, 26, 27, 28, 29, 30, 31, 32, 33, 34, 35, 36], "total events": 37}, "Vuln Compromises": {"record name": "Vuln Compromises", "x": [1200, 4651, 5638, 7297, 8750, 13040, 14176, 18933, 35325, 43621, 49271, 55624, 55735, 56671, 115136, 117015, 117516, 117601, 122501, 122964, 124229, 125682, 127461, 138922, 144113, 177109, 181936, 217824], "y": ["ubuntu 10.04", "windows 8.1", "freebsd 10", "freebsd 11", "freebsd 11", "windows 8", "ubuntu 16.04", "windows 8", "centos 4", "centos 3", "freebsd 9", "ubuntu 16.04", "freebsd 11", "ubuntu 16.04", "freebsd 11", "ubuntu 20.04", "ubuntu 16.04", "ubuntu 20.04", "centos 5", "windows 10", "centos 6", "ubuntu 14.04", "freebsd 11", "freebsd 10", "freebsd 10", "windows 8.1", "windows 7", "ubuntu 12.04"], "cumulative y": [0, 1, 2, 3, 4, 5, 6, 7, 8, 9, 10, 11, 12, 13, 14, 15, 16, 17, 18, 19, 20, 21, 22, 23, 24, 25, 26, 27], "total events": 28}, "Reuse Password Compromises": {"record name": "Reuse Password Compromises", "x": [15976, 18565, 45153, 168545, 172947, 198351], "y": ["windows 8", "freebsd 11", "centos 7", "freebsd 13", "ubuntu 12.04", "centos 8"], "cumulative y": [0, 1, 2, 3, 4, 5], "total events": 6}, "Password Spray Compromises": {"record name": "Password Spray Compromises", "x": [109180, 193602, 227361], "y": ["freebsd 12", "windows 8.1", "centos 8"], "cumulative y": [0, 1, 2], "total events": 3}, "User Account Leaks": {"record name": "User Account Has Been Leaked By Compromise", "x": [1200, 1200, 1200, 4651, 4651, 4651, 5638, 5638, 5638, 7297, 7297, 8750, 13040, 13040, 14176, 14176, 14176, 15976, 18565, 18565, 18933, 18933, 18933, 35325, 35325, 43621, 43621, 45153, 49271, 49271, 55624, 55735, 55735, 56671, 109180, 115136, 115136, 117015, 117015, 117601, 122501, 122964, 124229, 124229, 125682, 127461, 138922, 168545, 172947, 193602, 198351], "y": ["Antoinette", "Susi", "Mathilda", "Nickie", "Teodora", "Amandie", "Fidelia", "Roxie", "Dulcinea", "Coraline", "Ertha", "Deanna", "Jo-Anne", "Dodie", "Elsy", "Estele", "Koral", "Mahala", "Petronia", "Jessamyn", "Pavia", "Kasey", "Edin", "Jonis", "Verine", "Misti", "Melisse", "Raina", "Filippa", "Phillie", "Hedvige", "Olive", "Nissa", "Novelia", "Avis", "Brande", "Janean", "Yvette", "Delphine", "La Verne", "Ann", "Florenza", "Lind", "Diandra", "Vikki", "Dody", "Kerianne", "Fanni", "Gilda", "Antonetta", "Zuzana"], "cumulative y": [0, 1, 2, 3, 4, 5, 6, 7, 8, 9, 10, 11, 12, 13, 14, 15, 16, 17, 18, 19, 20, 21, 22, 23, 24, 25, 26, 27, 28, 29, 30, 31, 32, 33, 34, 35, 36, 37, 38, 39, 40, 41, 42, 43, 44, 45, 46, 47, 48, 49, 50], "total events": 51}, "Vulnerabilities Exploited": {"record name": "Vulnerabilities Exploited", "x": [174, 460, 460, 528, 858, 1200, 1200, 1200, 1200, 1200, 1478, 1969, 2114, 2114, 2471, 2471, 2707, 3205, 3964, 4122, 4122, 4473, 4473, 4651, 4651, 5285, 5285, 5638, 6059, 6156, 7297, 8329, 8329, 8750, 9286, 9585, 9585, 10703, 10703, 10703, 10911, 11515, 12051, 12051, 12051, 12734, 14176, 14765, 16117, 16117, 16117, 16117, 16572, 16929, 17492, 17832, 20315, 22075, 22075, 22075, 22075, 22075, 22075, 22075, 28967, 28967, 28967, 29211, 33287, 34530, 35325, 35325, 36810, 39219, 39219, 40443, 41239, 42397, 42397, 43621, 45661, 45661, 45661, 45661, 45661, 46698, 46923, 47732, 49271, 49271, 49730, 49730, 50390, 54182, 54182, 55624, 55735, 57006, 65708, 68490, 70841, 70841, 109538, 116202, 117516, 117516, 122501, 124229, 124229, 124229, 127461, 133510, 138922, 138922, 138922, 168673, 194382, 211557], "cumulative exploited vulns": [0, 1, 2, 3, 4, 5, 6, 7, 8, 9, 10, 11, 12, 13, 14, 15, 16, 17, 18, 19, 20, 21, 22, 23, 24, 25, 26, 27, 28, 29, 30, 31, 32, 33, 34, 35, 36, 37, 38, 39, 40, 41, 42, 43, 44, 45, 46, 47, 48, 49, 50, 51, 52, 53, 54, 55, 56, 57, 58, 59, 60, 61, 62, 63, 64, 65, 66, 67, 68, 69, 70, 71, 72, 73, 74, 75, 76, 77, 78, 79, 80, 81, 82, 83, 84, 85, 86, 87, 88, 89, 90, 91, 92, 93, 94, 95, 96, 97, 98, 99, 100, 101, 102, 103, 104, 105, 106, 107, 108, 109, 110, 111, 112, 113, 114, 115, 116, 117],