{"Total Initial Vulnerabilities": 746, "Initial Vulns Per OS": {"freebsd": {"11": 28, "10": 13, "12": 20, "8": 12, "9": 17, "13": 11}, "windows": {"8": 29, "8.1": 28, "vista": 42, "7": 28, "10": 13, "xp": 48}, "ubuntu": {"12.04": 31, "14.04": 32, "20.04": 17, "16.04": 21, "18.04": 18, "10.04": 57}, "centos": {"8": 18, "5": 49, "6": 40, "3": 121, "7": 16, "4": 37}}, "Average Initial RoA Per OS": {"freebsd": {"11": 0.08721563770712862, "10": 0.0745874336028289, "12": 0.04827566237994056, "8": 0.07122004819213347, "9": 0.05563196826695935, "13": 0.006171518832876974}, "windows": {"8": 0.08386625138275186, "8.1": 0.031823410628451794, "vista": 0.0681293119992213, "7": 0.06943769217660421, "10": 0.011484339800535788, "xp": 0.051531227375448796}, "ubuntu": {"12.04": 0.0708642491439707, "14.04": 0.04665504361538967, "20.04": 0.021591424762745916, "16.04": 0.030206118165715126, "18.04": 0.028265967052035386, "10.04": 0.0327164608633024}, "centos": {"8": 0.01037868072894124, "5": 0.07701516149042104, "6": 0.07970703547653704, "3": 0.061106550289532845, "7": 0.012331102416448091, "4": 0.07692895775573776}}, "OS Types In Initial Network": {"freebsd 11": 11, "windows 8": 13, "ubuntu 12.04": 7, "centos 7": 13, "centos 8": 12, "ubuntu 14.04": 10, "freebsd 13": 13, "centos 5": 13, "ubuntu 18.04": 9, "centos 6": 12, "freebsd 10": 5, "ubuntu 20.04": 16, "freebsd 12": 8, "freebsd 8": 1, "windows 8.1": 12, "windows 10": 9, "freebsd 9": 3, "centos 3": 4, "ubuntu 16.04": 7, "windows vista": 5, "windows 7": 8, "centos 4": 5, "windows xp": 2, "ubuntu 10.04": 2}, "Initial Hosts Without Vulnerabilities": 38, "Host Compromises": {"record name": "Host Compromises", "x": [1108, 2246, 5100, 5429, 6046, 7161, 9671, 10443, 10655, 11085, 11384, 12374, 13434, 13532, 22380, 27037, 29076, 30422, 40857, 55096, 57038, 66257, 70886, 77034, 80542, 80787, 81607, 82903, 90501, 94266, 97261, 98452, 101494, 105970, 110701, 110796, 115296, 115656, 115744, 120937, 131896, 137379, 151210, 151736, 151874, 152763, 153002, 155248, 155373, 170439, 186731, 186894, 188562, 188683, 188888, 190607, 195266, 196351, 204545, 216210, 225375, 225785, 225902, 226059, 227441, 227569], "y": ["ubuntu 14.04", "freebsd 10", "freebsd 8", "windows 7", "windows vista", "windows 7", "freebsd 10", "freebsd 9", "windows 7", "windows 8", "freebsd 9", "windows 8", "ubuntu 14.04", "ubuntu 14.04", "centos 6", "centos 6", "centos 5", "windows 7", "ubuntu 14.04", "freebsd 11", "freebsd 13", "centos 8", "ubuntu 14.04", "windows xp", "ubuntu 12.04", "centos 4", "freebsd 10", "centos 7", "freebsd 11", "centos 7", "freebsd 11", "windows 8.1", "centos 7", "windows 8.1", "centos 3", "centos 8", "windows 8", "ubuntu 18.04", "windows vista", "centos 7", "freebsd 11", "centos 5", "freebsd 10", "ubuntu 18.04", "ubuntu 12.04", "freebsd 12", "centos 4", "windows 8", "freebsd 13", "ubuntu 16.04", "ubuntu 18.04", "centos 5", "windows 10", "centos 6", "windows 8.1", "windows 8", "ubuntu 18.04", "ubuntu 16.04", "centos 4", "ubuntu 16.04", "centos 8", "ubuntu 20.04", "ubuntu 20.04", "centos 4", "windows xp", "centos 5"], "cumulative y": [0, 1, 2, 3, 4, 5, 6, 7, 8, 9, 10, 11, 12, 13, 14, 15, 16, 17, 18, 19, 20, 21, 22, 23, 24, 25, 26, 27, 28, 29, 30, 31, 32, 33, 34, 35, 36, 37, 38, 39, 40, 41, 42, 43, 44, 45, 46, 47, 48, 49, 50, 51, 52, 53, 54, 55, 56, 57, 58, 59, 60, 61, 62, 63, 64, 65], "total events": 66}, "Vuln Compromises": {"record name": "Vuln Compromises", "x": [1108, 2246, 5100, 5429, 6046, 7161, 9671, 10655, 11384, 12374, 13434, 13532, 22380, 27037, 29076, 30422, 40857, 55096, 70886, 77034, 80787, 82903, 90501, 101494, 105970, 115296, 120937, 137379, 151210, 151736, 151874, 153002, 155248, 170439, 186731, 186894, 188683, 188888, 195266, 196351, 204545, 216210, 226059, 227441], "y": ["ubuntu 14.04", "freebsd 10", "freebsd 8", "windows 7", "windows vista", "windows 7", "freebsd 10", "windows 7", "freebsd 9", "windows 8", "ubuntu 14.04", "ubuntu 14.04", "centos 6", "centos 6", "centos 5", "windows 7", "ubuntu 14.04", "freebsd 11", "ubuntu 14.04", "windows xp", "centos 4", "centos 7", "freebsd 11", "centos 7", "windows 8.1", "windows 8", "centos 7", "centos 5", "freebsd 10", "ubuntu 18.04", "ubuntu 12.04", "centos 4", "windows 8", "ubuntu 16.04", "ubuntu 18.04", "centos 5", "centos 6", "windows 8.1", "ubuntu 18.04", "ubuntu 16.04", "centos 4", "ubuntu 16.04", "centos 4", "windows xp"], "cumulative y": [0, 1, 2, 3, 4, 5, 6, 7, 8, 9, 10, 11, 12, 13, 14, 15, 16, 17, 18, 19, 20, 21, 22, 23, 24, 25, 26, 27, 28, 29, 30, 31, 32, 33, 34, 35, 36, 37, 38, 39, 40, 41, 42, 43], "total events": 44}, "Reuse Password Compromises": {"record name": "Reuse Password Compromises", "x": [10443, 11085, 57038, 66257, 80542, 81607, 98452, 110701, 110796, 115744, 152763, 155373, 190607, 225375, 225902, 227569], "y": ["freebsd 9", "windows 8", "freebsd 13", "centos 8", "ubuntu 12.04", "freebsd 10", "windows 8.1", "centos 3", "centos 8", "windows vista", "freebsd 12", "freebsd 13", "windows 8", "centos 8", "ubuntu 20.04", "centos 5"], "cumulative y": [0, 1, 2, 3, 4, 5, 6, 7, 8, 9, 10, 11, 12, 13, 14, 15], "total events": 16}, "Password Spray Compromises": {"record name": "Password Spray Compromises", "x": [94266, 97261, 115656, 131896, 188562, 225785], "y": ["centos 7", "freebsd 11", "ubuntu 18.04", "freebsd 11", "windows 10", "ubuntu 20.04"], "cumulative y": [0, 1, 2, 3, 4, 5], "total events": 6}, "User Account Leaks": {"record name": "User Account Has Been Leaked By Compromise", "x": [1108, 1108, 2246, 2246, 2246, 5100, 5100, 5100, 5429, 5429, 5429, 6046, 6046, 7161, 7161, 7161, 9671, 9671, 9671, 10443, 10443, 10655, 10655, 10655, 11085, 11085, 11384, 11384, 12374, 12374, 13434, 13434, 13434, 22380, 22380, 27037, 27037, 29076, 29076, 30422, 40857, 55096, 57038, 66257, 70886, 70886, 80787, 80787, 81607, 82903, 105970, 110701, 115296, 115744, 120937, 131896, 151874, 153002, 186894, 188888, 225902], "y": ["Basia", "Kit", "Sharyl", "Martina", "Rycca", "Lucienne", "Liesa", "Caroline", "Vikky", "Patience", "Iormina", "Elsa", "Adria", "Matelda", "Raychel", "Liva", "Gaye", "Delcine", "Vyky", "Athena", "Korney", "Rebe", "Lynett", "Aubree", "Amalee", "Agnese", "Emily", "Carlene", "Angelle", "Linnet", "Dorella", "Tootsie", "Velma", "Karylin", "Phaedra", "Gypsy", "Thelma", "Hetty", "Joela", "Erina", "Beret", "Thalia", "Fernandina", "Jeniffer", "Mariquilla", "Feliza", "Lucy", "Latrena", "Bethena", "Felicity", "Sheree", "Cherida", "Hope", "Gilemette", "Zola", "Dotty", "Eloisa", "Kordula", "Annelise", "Tiff", "Didi"], "cumulative y": [0, 1, 2, 3, 4, 5, 6, 7, 8, 9, 10, 11, 12, 13, 14, 15, 16, 17, 18, 19, 20, 21, 22, 23, 24, 25, 26, 27, 28, 29, 30, 31, 32, 33, 34, 35, 36, 37, 38, 39, 40, 41, 42, 43, 44, 45, 46, 47, 48, 49, 50, 51, 52, 53, 54, 55, 56, 57, 58, 59, 60], "total events": 61}, "Vulnerabilities Exploited": {"record name": "Vulnerabilities Exploited", "x": [117, 264, 564, 564, 772, 772, 772, 1108, 1643, 2016, 2016, 3373, 3373, 4057, 4057, 4496, 4496, 4496, 4496, 5100, 5100, 5429, 5429, 6046, 6046, 6046, 6046, 6046, 6119, 6895, 8961, 8961, 9671, 9671, 9671, 10655, 11384, 11384, 11384, 11384, 11870, 13532, 15801, 15801, 17612, 22380, 22380, 22792, 24500, 24892, 25707, 27037, 29076, 29835, 30422, 37791, 40529, 41057, 41057, 41700, 41700, 42012, 45837, 48239, 50650, 52788, 58525, 64798, 64798, 64798, 64798, 64798, 64798, 64798, 67952, 67952, 68284, 69151, 69151, 73452, 73452, 73452, 73452, 74117, 75627, 77034, 77034, 77034, 79262, 80787, 80787, 80787, 81729, 82903, 96355, 104093, 121405, 123694, 153002, 153002, 153002, 153147, 159275, 159275, 159275, 165665, 170439, 186894, 186894, 188888, 204545, 204545, 204545, 204672, 215403, 222541, 227441],