{"Total Initial Vulnerabilities": 674, "Initial Vulns Per OS": {"ubuntu": {"18.04": 20, "16.04": 26, "14.04": 10, "10.04": 20, "20.04": 10, "12.04": 59}, "freebsd": {"10": 27, "12": 17, "11": 37, "13": 15, "9": 24, "8": 2}, "centos": {"5": 40, "6": 30, "3": 124, "7": 35, "4": 28, "8": 11}, "windows": {"8.1": 24, "8": 27, "7": 19, "10": 12, "vista": 13, "xp": 44}}, "Average Initial RoA Per OS": {"ubuntu": {"18.04": 0.017963890481147722, "16.04": 0.032569715034138955, "14.04": 0.049499369500492225, "10.04": 0.03460555245845114, "20.04": 0.05550239107737402, "12.04": 0.04339595286853865}, "freebsd": {"10": 0.05381516567557266, "12": 0.030180792988072917, "11": 0.03982104111044297, "13": 0.022942932431778782, "9": 0.055229628631377065, "8": 0.022570101413899032}, "centos": {"5": 0.04129800807598351, "6": 0.035400533731092435, "3": 0.05534494007244796, "7": 0.03859233293620136, "4": 0.05439160730077098, "8": 0.011284237728534765}, "windows": {"8.1": 0.01580594147482299, "8": 0.056561955057168795, "7": 0.027232566904823983, "10": 0.028763871489404597, "vista": 0.06641963713282906, "xp": 0.045631578353387076}}, "OS Types In Initial Network": {"ubuntu 18.04": 13, "freebsd 10": 8, "centos 5": 9, "freebsd 12": 7, "windows 8.1": 13, "windows 8": 10, "windows 7": 7, "freebsd 11": 10, "freebsd 13": 13, "centos 6": 9, "centos 3": 6, "centos 7": 11, "ubuntu 16.04": 7, "windows 10": 14, "windows vista": 3, "ubuntu 20.04": 14, "centos 4": 8, "freebsd 9": 4, "ubuntu 14.04": 5, "centos 8": 17, "ubuntu 10.04": 2, "ubuntu 12.04": 7, "freebsd 8": 1, "windows xp": 2}, "Initial Hosts Without Vulnerabilities": 41, "Host Compromises": {"record name": "Host Compromises", "x": [4322, 6775, 7218, 11531, 12973, 14616, 16335, 20584, 83920, 86503, 148063, 174262, 176081, 177287, 179036, 183074, 185861, 187845, 192163, 192518, 193238, 194844, 209510, 234604, 247061], "y": ["centos 3", "windows 8", "windows vista", "centos 5", "windows 8", "freebsd 11", "centos 3", "centos 3", "centos 6", "centos 3", "freebsd 10", "freebsd 11", "ubuntu 16.04", "windows 10", "ubuntu 14.04", "windows 8", "windows 10", "centos 7", "freebsd 12", "windows 8.1", "centos 4", "windows 10", "windows vista", "ubuntu 20.04", "windows 10"], "cumulative y": [0, 1, 2, 3, 4, 5, 6, 7, 8, 9, 10, 11, 12, 13, 14, 15, 16, 17, 18, 19, 20, 21, 22, 23, 24], "total events": 25}, "Vuln Compromises": {"record name": "Vuln Compromises", "x": [4322, 6775, 7218, 11531, 12973, 14616, 16335, 20584, 86503, 174262, 179036, 183074, 192518, 193238, 209510], "y": ["centos 3", "windows 8", "windows vista", "centos 5", "windows 8", "freebsd 11", "centos 3", "centos 3", "centos 3", "freebsd 11", "ubuntu 14.04", "windows 8", "windows 8.1", "centos 4", "windows vista"], "cumulative y": [0, 1, 2, 3, 4, 5, 6, 7, 8, 9, 10, 11, 12, 13, 14], "total events": 15}, "Reuse Password Compromises": {"record name": "Reuse Password Compromises", "x": [185861, 187845, 192163, 194844], "y": ["windows 10", "centos 7", "freebsd 12", "windows 10"], "cumulative y": [0, 1, 2, 3], "total events": 4}, "Password Spray Compromises": {"record name": "Password Spray Compromises", "x": [83920, 148063, 176081, 177287, 234604, 247061], "y": ["centos 6", "freebsd 10", "ubuntu 16.04", "windows 10", "ubuntu 20.04", "windows 10"], "cumulative y": [0, 1, 2, 3, 4, 5], "total events": 6}, "User Account Leaks": {"record name": "User Account Has Been Leaked By Compromise", "x": [4322, 4322, 4322, 6775, 6775, 6775, 7218, 7218, 7218, 11531, 11531, 11531, 12973, 12973, 14616, 14616, 14616, 16335, 16335, 20584, 20584, 20584, 83920, 86503, 86503, 148063, 174262, 174262, 176081, 176081, 177287, 179036, 183074, 183074, 192163, 192518, 193238, 194844, 209510, 234604, 247061], "y": ["Dawna", "Ruth", "Siana", "Katy", "Brigitte", "Cacilie", "Melisent", "Brynn", "Bobby", "Caryn", "Joceline", "Coreen", "Ursuline", "Phyllis", "Tedra", "Marjory", "Carol-Jean", "Estele", "Malia", "Florri", "Loreen", "Mercy", "Sonny", "Fionnula", "Kelila", "Ronny", "Amargo", "Marguerite", "Harrietta", "Idaline", "Kali", "Yolanthe", "Clem", "Amalita", "Berty", "Dulsea", "Almeta", "Elaina", "Lorelei", "Maureen", "Laney"], "cumulative y": [0, 1, 2, 3, 4, 5, 6, 7, 8, 9, 10, 11, 12, 13, 14, 15, 16, 17, 18, 19, 20, 21, 22, 23, 24, 25, 26, 27, 28, 29, 30, 31, 32, 33, 34, 35, 36, 37, 38, 39, 40], "total events": 41}, "Vulnerabilities Exploited": {"record name": "Vulnerabilities Exploited", "x": [617, 617, 940, 1312, 1825, 1825, 2086, 2352, 2907, 3113, 4322, 4322, 4322, 4322, 4322, 4322, 4322, 4322, 4322, 4322, 4322, 4866, 5243, 6162, 6162, 6162, 6162, 6162, 6162, 6400, 6400, 6775, 6950, 7218, 7218, 7218, 7218, 8320, 8320, 9101, 9101, 9863, 9863, 9863, 9863, 9863, 10680, 10952, 10952, 11531, 12012, 12012, 12145, 12464, 12744, 12973, 13424, 13576, 14189, 14189, 14616, 14616, 14679, 14920, 14920, 16335, 16335, 16335, 16335, 16335, 16335, 16335, 16335, 18410, 18690, 18866, 19064, 20584, 20584, 20584, 20584, 20584, 20584, 23154, 24185, 26351, 26756, 29015, 29580, 29580, 31099, 33448, 33686, 33686, 34760, 36292, 40404, 49402, 50086, 60696, 75847, 84738, 85603, 86503, 91368, 112811, 174262, 192252, 193238, 193238, 195950, 195950, 196371, 196371, 196371, 208913, 209510, 210233, 210532, 221441, 222877, 236272, 236272, 236272, 236272, 248414, 249601, 249899], "cumulative exploited vulns": [0, 1, 2, 3, 4, 5, 6, 7, 8, 9, 10, 11, 12, 13, 14, 15, 16, 17, 18, 19, 20, 21, 22, 23, 24, 25, 26, 27, 28, 29, 30, 31, 32, 33, 34, 35, 36, 37, 38, 39, 40, 41, 42, 43, 44, 45, 46, 47, 48, 49, 50, 51, 52, 53, 54, 55, 56, 57, 58, 59, 60, 61, 62, 63, 64, 65, 66, 67, 68, 69, 70, 71, 72, 73, 74, 75, 76, 77, 78, 79, 80, 81, 82, 83, 84, 85, 86, 87, 88, 89, 90, 91, 92, 93, 94, 95, 96, 97, 98, 99, 100, 101, 102, 103, 104, 105, 106, 107, 108, 109, 110, 111, 112, 113, 114, 115, 116, 117, 118, 119, 120, 121, 122, 123, 124, 125, 126, 127],