{"Total Initial Vulnerabilities": 608, "Initial Vulns Per OS": {"centos": {"8": 11, "4": 41, "3": 41, "6": 31, "5": 17, "7": 22}, "windows": {"8": 36, "7": 21, "10": 12, "vista": 32, "8.1": 16, "xp": 26}, "freebsd": {"10": 24, "11": 20, "8": 30, "12": 14, "9": 10, "13": 4}, "ubuntu": {"20.04": 12, "18.04": 29, "16.04": 19, "10.04": 95, "14.04": 34, "12.04": 11}}, "Average Initial RoA Per OS": {"centos": {"8": 0.07802720860557893, "4": 0.09030085207635413, "3": 0.03957593809129872, "6": 0.06813082215491476, "5": 0.08665834078784718, "7": 0.10898193377351544}, "windows": {"8": 0.04335374066439548, "7": 0.041321516614159164, "10": 0.03888216547586888, "vista": 0.03725442754806523, "8.1": 0.11831739640082564, "xp": 0.031066108544884626}, "freebsd": {"10": 0.039592642530392096, "11": 0.07291054001267575, "8": 0.08241140800572738, "12": 0.13755017406285114, "9": 0.08336210074901836, "13": 0.018166032829345733}, "ubuntu": {"20.04": 0.043763605777634725, "18.04": 0.1146646275896612, "16.04": 0.046826262600388434, "10.04": 0.06667119221067469, "14.04": 0.04250746353064711, "12.04": 0.14393546147639594}}, "OS Types In Initial Network": {"centos 8": 14, "ubuntu 20.04": 13, "windows 8": 11, "freebsd 11": 7, "freebsd 13": 14, "freebsd 10": 8, "windows 10": 16, "windows 7": 6, "centos 4": 9, "ubuntu 18.04": 15, "centos 3": 3, "centos 6": 11, "ubuntu 16.04": 7, "freebsd 8": 1, "freebsd 12": 7, "ubuntu 10.04": 5, "windows 8.1": 11, "centos 5": 5, "windows vista": 8, "centos 7": 11, "ubuntu 14.04": 11, "freebsd 9": 3, "ubuntu 12.04": 3, "windows xp": 1}, "Initial Hosts Without Vulnerabilities": 43, "Host Compromises": {"record name": "Host Compromises", "x": [1029, 5834, 6454, 10526, 10781, 11113, 11179, 13854, 14038, 14928, 16793, 18452, 18675, 19170, 21003, 22075, 22925, 24707, 24827, 26044, 35343, 46292, 83625, 91437, 107100, 126398, 160351, 171422, 171510, 173154, 174855, 181436, 185118, 239768, 243468, 244235], "y": ["windows 7", "ubuntu 18.04", "ubuntu 10.04", "centos 3", "windows vista", "freebsd 10", "centos 7", "centos 4", "windows 7", "ubuntu 20.04", "centos 3", "freebsd 8", "centos 4", "ubuntu 16.04", "ubuntu 10.04", "centos 5", "windows vista", "freebsd 12", "ubuntu 18.04", "windows xp", "centos 6", "centos 6", "centos 3", "ubuntu 20.04", "windows 10", "centos 5", "windows 8", "windows 10", "windows 8.1", "ubuntu 10.04", "centos 8", "windows 8.1", "centos 4", "freebsd 9", "ubuntu 16.04", "centos 6"], "cumulative y": [0, 1, 2, 3, 4, 5, 6, 7, 8, 9, 10, 11, 12, 13, 14, 15, 16, 17, 18, 19, 20, 21, 22, 23, 24, 25, 26, 27, 28, 29, 30, 31, 32, 33, 34, 35], "total events": 36}, "Vuln Compromises": {"record name": "Vuln Compromises", "x": [1029, 5834, 6454, 10526, 10781, 11179, 18452, 21003, 22925, 24707, 24827, 26044, 35343, 126398, 160351, 173154, 185118, 243468], "y": ["windows 7", "ubuntu 18.04", "ubuntu 10.04", "centos 3", "windows vista", "centos 7", "freebsd 8", "ubuntu 10.04", "windows vista", "freebsd 12", "ubuntu 18.04", "windows xp", "centos 6", "centos 5", "windows 8", "ubuntu 10.04", "centos 4", "ubuntu 16.04"], "cumulative y": [0, 1, 2, 3, 4, 5, 6, 7, 8, 9, 10, 11, 12, 13, 14, 15, 16, 17], "total events": 18}, "Reuse Password Compromises": {"record name": "Reuse Password Compromises", "x": [11113, 13854, 14038, 14928, 16793, 18675, 19170, 22075, 171510, 174855, 244235], "y": ["freebsd 10", "centos 4", "windows 7", "ubuntu 20.04", "centos 3", "centos 4", "ubuntu 16.04", "centos 5", "windows 8.1", "centos 8", "centos 6"], "cumulative y": [0, 1, 2, 3, 4, 5, 6, 7, 8, 9, 10], "total events": 11}, "Password Spray Compromises": {"record name": "Password Spray Compromises", "x": [46292, 83625, 91437, 107100, 171422, 181436, 239768], "y": ["centos 6", "centos 3", "ubuntu 20.04", "windows 10", "windows 10", "windows 8.1", "freebsd 9"], "cumulative y": [0, 1, 2, 3, 4, 5, 6], "total events": 7}, "User Account Leaks": {"record name": "User Account Has Been Leaked By Compromise", "x": [1029, 1029, 1029, 5834, 5834, 5834, 6454, 6454, 10526, 10526, 10526, 10781, 10781, 11113, 11179, 11179, 11179, 13854, 14038, 14928, 14928, 16793, 18452, 18452, 18675, 18675, 21003, 21003, 22075, 22925, 22925, 24707, 24707, 24827, 26044, 26044, 26044, 83625, 91437, 91437, 107100, 126398, 171422, 171510, 185118, 239768, 243468, 244235], "y": ["Hailee", "Farra", "Issy", "Berget", "Ema", "Katee", "Martelle", "Shirlee", "Meghann", "Bernadina", "Taryn", "Brook", "Dotti", "Glenda", "Molly", "Ashia", "Marie-Ann", "Malynda", "Kaylyn", "Chiquia", "Margarete", "Sheela", "Johnath", "Blanche", "Elysee", "Retha", "Ninetta", "Morganne", "Carita", "Penny", "Malanie", "Jackie", "Kanya", "Melodie", "Elicia", "Kirby", "Mollie", "Elspeth", "Rosemaria", "Megan", "Glyn", "Zorina", "Lexis", "Paloma", "Barrie", "Felicia", "Rubie", "Wynne"], "cumulative y": [0, 1, 2, 3, 4, 5, 6, 7, 8, 9, 10, 11, 12, 13, 14, 15, 16, 17, 18, 19, 20, 21, 22, 23, 24, 25, 26, 27, 28, 29, 30, 31, 32, 33, 34, 35, 36, 37, 38, 39, 40, 41, 42, 43, 44, 45, 46, 47], "total events": 48}, "Vulnerabilities Exploited": {"record name": "Vulnerabilities Exploited", "x": [692, 1029, 1029, 1468, 1468, 1567, 1567, 1634, 1727, 1727, 1854, 2031, 2031, 2162, 2162, 2162, 2162, 2565, 2565, 2565, 2565, 2565, 2891, 3923, 3923, 3923, 4100, 5492, 5492, 5492, 5492, 5492, 5492, 5492, 5492, 5492, 5492, 5492, 5687, 5834, 6454, 6454, 6648, 6835, 6835, 6835, 8852, 8852, 8852, 8852, 8852, 8852, 8852, 8852, 8852, 8852, 8852, 8852, 8852, 8852, 8852, 8852, 8852, 9376, 9376, 9376, 9641, 10037, 10037, 10526, 10526, 10526, 10781, 10781, 10781, 11014, 15758, 15758, 15758, 18452, 18452, 18452, 18452, 18452, 18452, 18452, 18786, 18786, 19253, 21003, 21003, 21003, 21435, 21862, 22375, 22925, 23022, 23712, 23712, 24827, 26044, 26044, 26044, 26044, 26044, 26044, 26044, 26044, 26044, 32859, 32859, 33815, 35343, 37411, 38740, 40005, 47539, 52167, 54577, 59248, 62860, 63749, 71278, 118807, 160351, 171631, 172193, 172193, 172193, 173154, 173154, 173154, 173154, 173154, 173154, 173755, 173755, 173755, 174549, 175990, 176317, 185118, 185269, 185269, 190137, 190137, 207098, 207098, 215865, 225291, 243468, 243932, 243932, 244761, 245440], "cumulative exploited vulns": [0, 1, 2, 3, 4, 5, 6, 7, 8, 9, 10, 11, 12, 13, 14, 15, 16, 17, 18, 19, 20, 21, 22, 23, 24, 25, 26, 27, 28, 29, 30, 31, 32, 33, 34, 35, 36, 37, 38, 39, 40, 41, 42, 43, 44, 45, 46, 47, 48, 49, 50, 51, 52, 53, 54, 55, 56, 57, 58, 59, 60, 61, 62, 63, 64, 65, 66, 67, 68, 69, 70, 71, 72, 73, 74, 75, 76, 77, 78, 79, 80, 81, 82, 83, 84, 85, 86, 87, 88, 89, 90, 91, 92, 93, 94, 95, 96, 97, 98, 99, 100, 101, 102, 103, 104, 105, 106, 107, 108, 109, 110, 111, 112, 113, 114, 115, 116, 117, 118, 119, 120, 121, 122, 123, 124, 125, 126, 127, 128, 129, 130, 131, 132, 133, 134, 135, 136, 137, 138, 139, 140, 141, 142, 143, 144, 145, 146, 147, 148, 149, 150, 151, 152, 153, 154],