{"Total Initial Vulnerabilities": 938, "Initial Vulns Per OS": {"ubuntu": {"14.04": 21, "12.04": 19, "16.04": 46, "18.04": 29, "20.04": 12, "10.04": 102}, "centos": {"8": 23, "7": 30, "3": 84, "6": 24, "5": 16, "4": 45}, "freebsd": {"9": 42, "11": 35, "8": 62, "12": 17, "13": 22, "10": 46}, "windows": {"10": 26, "7": 56, "xp": 140, "8.1": 21, "8": 10, "vista": 10}}, "Average Initial RoA Per OS": {"ubuntu": {"14.04": 0.06085214865399431, "12.04": 0.03703001399893568, "16.04": 0.06709443015786447, "18.04": 0.08532404148749431, "20.04": 0.06917305414832195, "10.04": 0.06411624784699964}, "centos": {"8": 0.07535644443900502, "7": 0.07722289246385763, "3": 0.07524524656002085, "6": 0.038172047027589015, "5": 0.04936996062429087, "4": 0.028869967760048222}, "freebsd": {"9": 0.04775920080647491, "11": 0.0592079173303191, "8": 0.060710950033957295, "12": 0.08997125791059085, "13": 0.08598868687185694, "10": 0.05104068476080239}, "windows": {"10": 0.08392616582683475, "7": 0.056329946446398306, "xp": 0.048457067114413756, "8.1": 0.10929338085740532, "8": 0.036401027015744096, "vista": 0.031748136339325085}}, "OS Types In Initial Network": {"ubuntu 14.04": 8, "centos 8": 16, "ubuntu 12.04": 2, "freebsd 9": 6, "freebsd 11": 12, "windows 10": 19, "freebsd 8": 2, "centos 7": 12, "windows 7": 11, "ubuntu 16.04": 11, "freebsd 12": 7, "ubuntu 18.04": 11, "windows xp": 3, "windows 8.1": 10, "freebsd 13": 19, "centos 3": 2, "centos 6": 9, "centos 5": 5, "ubuntu 20.04": 13, "freebsd 10": 8, "centos 4": 4, "windows 8": 5, "ubuntu 10.04": 4, "windows vista": 1}, "Initial Hosts Without Vulnerabilities": 29, "Host Compromises": {"record name": "Host Compromises", "x": [1376, 1444, 3969, 6914, 9376, 10489, 11437, 12139, 17190, 17228, 18096, 18162, 21446, 23337, 26142, 27450, 28841, 30519, 32956, 33647, 77465, 99274, 101091, 108875, 115018, 116022, 116450, 119690, 120478, 130165, 145083, 145187, 146649, 163171, 166085], "y": ["freebsd 9", "freebsd 11", "centos 8", "centos 3", "ubuntu 12.04", "centos 3", "windows xp", "freebsd 13", "freebsd 8", "centos 7", "centos 7", "ubuntu 14.04", "windows xp", "freebsd 9", "freebsd 8", "centos 6", "centos 6", "windows 8.1", "freebsd 13", "freebsd 11", "centos 7", "freebsd 10", "windows 7", "freebsd 13", "centos 8", "centos 7", "windows 10", "ubuntu 16.04", "windows 7", "freebsd 11", "ubuntu 12.04", "centos 4", "windows vista", "ubuntu 20.04", "ubuntu 10.04"], "cumulative y": [0, 1, 2, 3, 4, 5, 6, 7, 8, 9, 10, 11, 12, 13, 14, 15, 16, 17, 18, 19, 20, 21, 22, 23, 24, 25, 26, 27, 28, 29, 30, 31, 32, 33, 34], "total events": 35}, "Vuln Compromises": {"record name": "Vuln Compromises", "x": [1376, 1444, 3969, 6914, 9376, 10489, 11437, 12139, 17190, 21446, 23337, 26142, 28841, 33647, 77465, 99274, 101091, 116450, 119690, 120478, 145083, 146649, 163171, 166085], "y": ["freebsd 9", "freebsd 11", "centos 8", "centos 3", "ubuntu 12.04", "centos 3", "windows xp", "freebsd 13", "freebsd 8", "windows xp", "freebsd 9", "freebsd 8", "centos 6", "freebsd 11", "centos 7", "freebsd 10", "windows 7", "windows 10", "ubuntu 16.04", "windows 7", "ubuntu 12.04", "windows vista", "ubuntu 20.04", "ubuntu 10.04"], "cumulative y": [0, 1, 2, 3, 4, 5, 6, 7, 8, 9, 10, 11, 12, 13, 14, 15, 16, 17, 18, 19, 20, 21, 22, 23], "total events": 24}, "Reuse Password Compromises": {"record name": "Reuse Password Compromises", "x": [17228, 18096, 18162, 30519, 32956, 108875, 115018, 116022, 145187], "y": ["centos 7", "centos 7", "ubuntu 14.04", "windows 8.1", "freebsd 13", "freebsd 13", "centos 8", "centos 7", "centos 4"], "cumulative y": [0, 1, 2, 3, 4, 5, 6, 7, 8], "total events": 9}, "Password Spray Compromises": {"record name": "Password Spray Compromises", "x": [27450, 130165], "y": ["centos 6", "freebsd 11"], "cumulative y": [0, 1], "total events": 2}, "User Account Leaks": {"record name": "User Account Has Been Leaked By Compromise", "x": [1376, 1376, 1376, 1444, 1444, 1444, 3969, 3969, 3969, 6914, 6914, 10489, 10489, 11437, 11437, 12139, 12139, 12139, 17190, 17190, 17190, 17228, 18096, 18162, 21446, 21446, 21446, 23337, 23337, 26142, 27450, 27450, 28841, 30519, 33647, 33647, 77465, 99274, 99274, 101091, 108875, 115018, 116450, 145083, 145187, 146649, 163171, 163171, 166085], "y": ["Alessandra", "Kathye", "Serena", "Tawnya", "Dianemarie", "Florentia", "Madelle", "Fawnia", "Jacinthe", "Noellyn", "Berget", "Karlyn", "Arly", "Asia", "Nicole", "Maris", "Rozina", "Diane-Marie", "Marjorie", "Joycelin", "Bessie", "Eloisa", "Nannette", "Zsa Zsa", "Persis", "Alicia", "Amabel", "Danyette", "La Verne", "Megan", "Marielle", "Micaela", "Marley", "Susanne", "Cherice", "Claudetta", "Latashia", "Gisele", "Josie", "Collie", "Mildrid", "Lucky", "Cherye", "Caril", "Mignonne", "Corri", "Phelia", "Frannie", "Christabella"], "cumulative y": [0, 1, 2, 3, 4, 5, 6, 7, 8, 9, 10, 11, 12, 13, 14, 15, 16, 17, 18, 19, 20, 21, 22, 23, 24, 25, 26, 27, 28, 29, 30, 31, 32, 33, 34, 35, 36, 37, 38, 39, 40, 41, 42, 43, 44, 45, 46, 47, 48], "total events": 49}, "Vulnerabilities Exploited": {"record name": "Vulnerabilities Exploited", "x": [219, 743, 743, 743, 1376, 1376, 1376, 1376, 1444, 1444, 1506, 1956, 2041, 2418, 2418, 2418, 2418, 2418, 2961, 2961, 3135, 3135, 3256, 3256, 3537, 3969, 4108, 5007, 5007, 5007, 5007, 5007, 5007, 5126, 5227, 5437, 5437, 6914, 6914, 6914, 6914, 6914, 6914, 6914, 6914, 6914, 6914, 6914, 6914, 6914, 6914, 6914, 6914, 6914, 6914, 6914, 6914, 6914, 6994, 7181, 7838, 7838, 9164, 9164, 9164, 9164, 9164, 9164, 9164, 9164, 9164, 9376, 10489, 10489, 10489, 10489, 10489, 10489, 10489, 10489, 10489, 10489, 10489, 10489, 11437, 11437, 11437, 11437, 11437, 11437, 11437, 11437, 11437, 11437, 11437, 11945, 12301, 12949, 12949, 13143, 13753, 15252, 15252, 17190, 17190, 17190, 17190, 17190, 17190, 17190, 17190, 17460, 21446, 21446, 21446, 21446, 21446, 21446, 21446, 21446, 21446, 21446, 21446, 21446, 21446, 21446, 21446, 21446, 21446, 21446, 21446, 21446, 21446, 21446, 22006, 23337, 26142, 26142, 26142, 26142, 26142, 26142, 26142, 26510, 26807, 27870, 27870, 28122, 28841, 28841, 30839, 31546, 31546, 32718, 34745, 35030, 35030, 39897, 40456, 42038, 44405, 45997, 47871, 47871, 48390, 50678, 50678, 54729, 59292, 59864, 66114, 66650, 70119, 75380, 77465, 87555, 99274, 102733, 102733, 104601, 116172, 116172, 116616, 116616, 116616, 116616, 116947, 122452, 145083, 147191, 147191, 163171, 166085, 166085, 166085, 166085, 166085, 166085, 166903, 174457, 178792, 194820, 213379, 224629], "cumulative exploited vulns": [0, 1, 2, 3, 4, 5, 6, 7, 8, 9, 10, 11, 12, 13, 14, 15, 16, 17, 18, 19, 20, 21, 22, 23, 24, 25, 26, 27, 28, 29, 30, 31, 32, 33, 34, 35, 36, 37, 38, 39, 40, 41, 42, 43, 44, 45, 46, 47, 48, 49, 50, 51, 52, 53, 54, 55, 56, 57, 58, 59, 60, 61, 62, 63, 64, 65, 66, 67, 68, 69, 70, 71, 72, 73, 74, 75, 76, 77, 78, 79, 80, 81, 82, 83, 84, 85, 86, 87, 88, 89, 90, 91, 92, 93, 94, 95, 96, 97, 98, 99, 100, 101, 102, 103, 104, 105, 106, 107, 108, 109, 110, 111, 112, 113, 114, 115, 116, 117, 118, 119, 120, 121, 122, 123, 124, 125, 126, 127, 128, 129, 130, 131, 132, 133, 134, 135, 136, 137, 138, 139, 140, 141, 142, 143, 144, 145, 146, 147, 148, 149, 150, 151, 152, 153, 154, 155, 156, 157, 158, 159, 160, 161, 162, 163, 164, 165, 166, 167, 168, 169, 170, 171, 172, 173, 174, 175, 176, 177, 178, 179, 180, 181, 182, 183, 184, 185, 186, 187, 188, 189, 190, 191, 192, 193, 194, 195, 196, 197, 198, 199, 200, 201, 202, 203],