{"Total Initial Vulnerabilities": 735, "Initial Vulns Per OS": {"centos": {"8": 11, "6": 17, "7": 15, "4": 32, "3": 129, "5": 31}, "ubuntu": {"20.04": 13, "16.04": 33, "18.04": 40, "12.04": 29, "14.04": 18, "10.04": 18}, "windows": {"7": 79, "vista": 32, "10": 10, "8": 20, "8.1": 15, "xp": 64}, "freebsd": {"9": 31, "10": 42, "13": 10, "12": 13, "11": 15, "8": 18}}, "Average Initial RoA Per OS": {"centos": {"8": 0.04308366552562945, "6": 0.10228484686930799, "7": 0.04457831311066886, "4": 0.04657212846577708, "3": 0.056595530470928995, "5": 0.04318655298459327}, "ubuntu": {"20.04": 0.03291097660908542, "16.04": 0.06523727068440412, "18.04": 0.06986176553016107, "12.04": 0.027263850893900494, "14.04": 0.03703055559344362, "10.04": 0.03144230938806999}, "windows": {"7": 0.05451933908811264, "vista": 0.04970713877198052, "10": 0.07873265799603002, "8": 0.054639476973246795, "8.1": 0.03560309214813454, "xp": 0.05134813707068597}, "freebsd": {"9": 0.04380813541444098, "10": 0.046644927710019705, "13": 0.10370282999999111, "12": 0.03763412043255985, "11": 0.11154173061193744, "8": 0.031091448239806512}}, "OS Types In Initial Network": {"centos 8": 10, "ubuntu 20.04": 14, "ubuntu 16.04": 12, "windows 7": 12, "windows vista": 8, "centos 7": 11, "freebsd 9": 4, "freebsd 11": 10, "centos 6": 6, "windows 8": 9, "windows 10": 16, "freebsd 13": 18, "centos 4": 6, "ubuntu 18.04": 15, "ubuntu 12.04": 5, "freebsd 10": 9, "freebsd 12": 7, "centos 3": 3, "centos 5": 6, "windows 8.1": 11, "ubuntu 14.04": 4, "windows xp": 2, "freebsd 8": 1, "ubuntu 10.04": 1}, "Initial Hosts Without Vulnerabilities": 49, "Host Compromises": {"record name": "Host Compromises", "x": [542, 3851, 6767, 8747, 8798, 8928, 9316, 10427, 11867, 13324, 13577, 14430, 15018, 15083, 17220, 18387, 21431, 21525, 24173, 25111, 25992, 27066, 29179, 33464, 34065, 34408, 34509, 34897, 34966, 37556, 37622, 39565, 40470, 47980, 59610, 59899, 59993, 60786, 61203, 63648, 69409, 73630, 192204, 192631, 193993, 205535, 205647, 206117, 206220, 206661, 210348, 236736, 240068, 245232, 245750, 247778], "y": ["windows 7", "windows 7", "freebsd 13", "centos 3", "freebsd 11", "centos 6", "freebsd 11", "windows 7", "centos 5", "ubuntu 12.04", "ubuntu 14.04", "windows 8.1", "freebsd 13", "windows 10", "centos 4", "windows xp", "centos 8", "ubuntu 20.04", "freebsd 8", "windows 10", "ubuntu 16.04", "windows 7", "windows vista", "windows 10", "windows 10", "freebsd 12", "freebsd 10", "ubuntu 14.04", "ubuntu 18.04", "windows 7", "ubuntu 20.04", "windows 10", "ubuntu 16.04", "ubuntu 12.04", "windows 10", "freebsd 9", "freebsd 12", "ubuntu 12.04", "ubuntu 18.04", "centos 8", "centos 4", "ubuntu 18.04", "ubuntu 14.04", "freebsd 12", "windows xp", "windows 8", "freebsd 12", "windows vista", "freebsd 13", "windows 7", "centos 3", "ubuntu 16.04", "windows 7", "windows 10", "centos 5", "centos 7"], "cumulative y": [0, 1, 2, 3, 4, 5, 6, 7, 8, 9, 10, 11, 12, 13, 14, 15, 16, 17, 18, 19, 20, 21, 22, 23, 24, 25, 26, 27, 28, 29, 30, 31, 32, 33, 34, 35, 36, 37, 38, 39, 40, 41, 42, 43, 44, 45, 46, 47, 48, 49, 50, 51, 52, 53, 54, 55], "total events": 56}, "Vuln Compromises": {"record name": "Vuln Compromises", "x": [542, 3851, 6767, 8747, 8798, 8928, 18387, 24173, 25111, 34408, 34509, 34897, 39565, 40470, 47980, 59899, 61203, 69409, 192204, 193993, 206661, 210348, 240068, 245750], "y": ["windows 7", "windows 7", "freebsd 13", "centos 3", "freebsd 11", "centos 6", "windows xp", "freebsd 8", "windows 10", "freebsd 12", "freebsd 10", "ubuntu 14.04", "windows 10", "ubuntu 16.04", "ubuntu 12.04", "freebsd 9", "ubuntu 18.04", "centos 4", "ubuntu 14.04", "windows xp", "windows 7", "centos 3", "windows 7", "centos 5"], "cumulative y": [0, 1, 2, 3, 4, 5, 6, 7, 8, 9, 10, 11, 12, 13, 14, 15, 16, 17, 18, 19, 20, 21, 22, 23], "total events": 24}, "Reuse Password Compromises": {"record name": "Reuse Password Compromises", "x": [9316, 10427, 11867, 13324, 13577, 14430, 15018, 15083, 17220, 21431, 21525, 25992, 27066, 29179, 33464, 34065, 34966, 37556, 37622, 59610, 59993, 60786, 63648, 73630, 192631, 205647, 206117, 206220, 236736, 245232, 247778], "y": ["freebsd 11", "windows 7", "centos 5", "ubuntu 12.04", "ubuntu 14.04", "windows 8.1", "freebsd 13", "windows 10", "centos 4", "centos 8", "ubuntu 20.04", "ubuntu 16.04", "windows 7", "windows vista", "windows 10", "windows 10", "ubuntu 18.04", "windows 7", "ubuntu 20.04", "windows 10", "freebsd 12", "ubuntu 12.04", "centos 8", "ubuntu 18.04", "freebsd 12", "freebsd 12", "windows vista", "freebsd 13", "ubuntu 16.04", "windows 10", "centos 7"], "cumulative y": [0, 1, 2, 3, 4, 5, 6, 7, 8, 9, 10, 11, 12, 13, 14, 15, 16, 17, 18, 19, 20, 21, 22, 23, 24, 25, 26, 27, 28, 29, 30], "total events": 31}, "Password Spray Compromises": {"record name": "Password Spray Compromises", "x": [205535], "y": ["windows 8"], "cumulative y": [0], "total events": 1}, "User Account Leaks": {"record name": "User Account Has Been Leaked By Compromise", "x": [542, 542, 542, 3851, 3851, 3851, 6767, 6767, 6767, 8747, 8747, 8747, 8798, 8798, 8798, 8928, 8928, 9316, 9316, 10427, 10427, 11867, 11867, 13324, 13577, 14430, 15018, 15083, 18387, 21431, 21431, 21525, 24173, 24173, 25111, 25992, 27066, 29179, 33464, 34408, 34408, 34509, 34897, 37556, 40470, 40470, 59899, 59899, 61203, 69409, 73630, 192204, 205535, 205647, 206220, 206661, 245750], "y": ["Deb", "Elita", "Agnola", "Elva", "Melonie", "Bertha", "Andie", "Nanine", "Elysha", "Roanna", "Selina", "Nyssa", "Jennilee", "Johnette", "Eartha", "Ninon", "Paola", "Miran", "Leisha", "Jodi", "Maxine", "Rubie", "Isa", "Silvie", "Reena", "Miguela", "Margarethe", "Torrie", "Tammi", "Justinn", "Randa", "Wenona", "Nomi", "Karilynn", "Kit", "Nessie", "Bernadina", "Gerri", "Demetris", "Brianna", "Vitia", "Linn", "Lizzy", "Alika", "Tandie", "Wanids", "Sibelle", "Robbi", "Samaria", "Jacquie", "Vickie", "Bebe", "Page", "Julieta", "Blithe", "Ame", "Gwendolyn"], "cumulative y": [0, 1, 2, 3, 4, 5, 6, 7, 8, 9, 10, 11, 12, 13, 14, 15, 16, 17, 18, 19, 20, 21, 22, 23, 24, 25, 26, 27, 28, 29, 30, 31, 32, 33, 34, 35, 36, 37, 38, 39, 40, 41, 42, 43, 44, 45, 46, 47, 48, 49, 50, 51, 52, 53, 54, 55, 56], "total events": 57}, "Vulnerabilities Exploited": {"record name": "Vulnerabilities Exploited", "x": [99, 164, 164, 542, 542, 542, 542, 542, 542, 542, 542, 949, 1091, 1577, 1577, 1577, 1577, 1577, 1577, 1577, 2252, 2252, 3008, 3127, 3403, 3403, 3403, 3851, 3851, 3851, 4222, 4935, 5121, 5295, 5372, 6072, 6072, 6767, 7113, 7113, 8747, 8747, 8747, 8747, 8747, 8747, 8747, 8747, 8747, 8747, 8747, 8747, 8747, 8747, 8747, 10273, 10273, 10273, 10650, 10650, 11345, 11715, 12760, 12760, 12760, 12760, 12760, 12760, 12760, 12760, 12760, 12760, 12760, 12963, 15975, 15975, 16798, 16798, 18387, 18387, 18387, 18387, 18387, 18387, 18387, 18387, 18387, 18387, 18387, 19615, 20385, 20385, 20385, 20385, 20716, 21192, 21834, 21834, 22356, 22356, 24173, 24173, 24173, 24578, 25235, 27226, 28056, 30665, 30665, 32525, 38829, 40126, 40126, 40126, 40470, 43041, 43399, 48098, 48098, 51257, 51257, 53070, 58315, 59899, 59899, 59899, 60447, 69409, 86045, 86869, 86869, 86869, 95958, 99386, 112501, 126928, 143849, 147659, 165916, 183538, 193993, 193993, 193993, 193993, 193993, 193993, 193993, 193993, 193993, 193993, 193993, 193993, 206661, 206661, 206661, 210348, 210348, 210348, 210348, 210348, 210348, 210348, 210348, 210348, 210348, 210348, 210348, 210348, 210348, 210348, 210348, 210348, 210348, 229433, 240068, 242894, 245750, 249833],