{"Total Initial Vulnerabilities": 774, "Initial Vulns Per OS": {"ubuntu": {"14.04": 43, "20.04": 14, "18.04": 35, "12.04": 27, "16.04": 7, "10.04": 12}, "windows": {"xp": 78, "7": 27, "vista": 35, "8.1": 15, "8": 25, "10": 20}, "freebsd": {"10": 16, "13": 8, "11": 27, "12": 9, "9": 32, "8": 108}, "centos": {"6": 29, "5": 40, "7": 26, "3": 94, "4": 34, "8": 13}}, "Average Initial RoA Per OS": {"ubuntu": {"14.04": 0.050259160877936554, "20.04": 0.03255665537177151, "18.04": 0.03823445880224914, "12.04": 0.053880510193955705, "16.04": 0.10439031319773003, "10.04": 0.0922718442094531}, "windows": {"xp": 0.077295440798037, "7": 0.07552277982928554, "vista": 0.025348218779223906, "8.1": 0.0458699469387617, "8": 0.05310313972636002, "10": 0.02765402494397253}, "freebsd": {"10": 0.0670446152542005, "13": 0.02879465381095234, "11": 0.05123277408173913, "12": 0.030582033377310344, "9": 0.05250264379039779, "8": 0.05056964775490891}, "centos": {"6": 0.05813458601381606, "5": 0.04422912194911703, "7": 0.06318290656947935, "3": 0.060405918977598644, "4": 0.04038353389089959, "8": 0.012900656025158318}}, "OS Types In Initial Network": {"ubuntu 14.04": 12, "centos 8": 13, "ubuntu 20.04": 14, "windows xp": 3, "freebsd 10": 6, "windows 7": 8, "windows vista": 7, "freebsd 13": 10, "windows 10": 16, "ubuntu 18.04": 13, "centos 6": 13, "freebsd 9": 7, "freebsd 11": 8, "centos 5": 7, "windows 8.1": 9, "centos 7": 9, "centos 4": 5, "windows 8": 10, "freebsd 12": 8, "ubuntu 12.04": 7, "centos 3": 3, "freebsd 8": 7, "ubuntu 16.04": 4, "ubuntu 10.04": 1}, "Initial Hosts Without Vulnerabilities": 36, "Host Compromises": {"record name": "Host Compromises", "x": [4033, 4698, 5252, 6423, 6847, 8100, 12079, 12162, 14648, 15053, 19371, 22197, 23694, 25317, 37693, 66611, 74589, 77368, 100794, 136318, 196903, 212598, 241997], "y": ["windows xp", "centos 5", "ubuntu 14.04", "centos 5", "centos 4", "centos 7", "windows xp", "freebsd 10", "windows 7", "ubuntu 12.04", "centos 6", "centos 7", "freebsd 8", "windows 7", "windows vista", "freebsd 11", "centos 6", "centos 6", "ubuntu 18.04", "ubuntu 20.04", "ubuntu 20.04", "centos 6", "centos 7"], "cumulative y": [0, 1, 2, 3, 4, 5, 6, 7, 8, 9, 10, 11, 12, 13, 14, 15, 16, 17, 18, 19, 20, 21, 22], "total events": 23}, "Vuln Compromises": {"record name": "Vuln Compromises", "x": [4033, 4698, 5252, 6423, 8100, 12079, 12162, 14648, 15053, 19371, 22197, 23694, 25317, 37693, 66611, 77368], "y": ["windows xp", "centos 5", "ubuntu 14.04", "centos 5", "centos 7", "windows xp", "freebsd 10", "windows 7", "ubuntu 12.04", "centos 6", "centos 7", "freebsd 8", "windows 7", "windows vista", "freebsd 11", "centos 6"], "cumulative y": [0, 1, 2, 3, 4, 5, 6, 7, 8, 9, 10, 11, 12, 13, 14, 15], "total events": 16}, "Reuse Password Compromises": {"record name": "Reuse Password Compromises", "x": [6847], "y": ["centos 4"], "cumulative y": [0], "total events": 1}, "Password Spray Compromises": {"record name": "Password Spray Compromises", "x": [74589, 100794, 136318, 196903, 212598, 241997], "y": ["centos 6", "ubuntu 18.04", "ubuntu 20.04", "ubuntu 20.04", "centos 6", "centos 7"], "cumulative y": [0, 1, 2, 3, 4, 5], "total events": 6}, "User Account Leaks": {"record name": "User Account Has Been Leaked By Compromise", "x": [4033, 4033, 4033, 4698, 4698, 4698, 5252, 5252, 6423, 6423, 6423, 6847, 6847, 8100, 8100, 12079, 12079, 12079, 12162, 12162, 14648, 14648, 14648, 15053, 15053, 19371, 19371, 22197, 22197, 23694, 25317, 25317, 37693, 66611, 74589, 74589, 77368, 77368, 100794, 100794, 136318, 196903, 241997], "y": ["Brynna", "Hali", "Daffi", "Nerita", "Edna", "Tiff", "Davita", "Rhonda", "Edwina", "Lotty", "Eadie", "Claudina", "Dollie", "Imogen", "Zuzana", "Caterina", "Doe", "Sonni", "Corette", "Ilse", "Addy", "Ally", "Grata", "Nancey", "Adelheid", "Bonita", "Andie", "Deny", "Lari", "Bethina", "Jordana", "Nara", "Feodora", "Delilah", "Milka", "Bessy", "Maurine", "Twyla", "Adah", "Cammy", "Shaylyn", "Veronica", "Candice"], "cumulative y": [0, 1, 2, 3, 4, 5, 6, 7, 8, 9, 10, 11, 12, 13, 14, 15, 16, 17, 18, 19, 20, 21, 22, 23, 24, 25, 26, 27, 28, 29, 30, 31, 32, 33, 34, 35, 36, 37, 38, 39, 40, 41, 42], "total events": 43}, "Vulnerabilities Exploited": {"record name": "Vulnerabilities Exploited", "x": [239, 239, 419, 1265, 1265, 1265, 1265, 1265, 1265, 1362, 1648, 1648, 2218, 2218, 2376, 2376, 3174, 4033, 4033, 4033, 4033, 4033, 4033, 4033, 4033, 4033, 4491, 4491, 4491, 4698, 4698, 4822, 5252, 5447, 6068, 6423, 6960, 7404, 7404, 7601, 8100, 8579, 8808, 8998, 8998, 8998, 9455, 9924, 10122, 12079, 12079, 12079, 12079, 12079, 12079, 12079, 12079, 12079, 12079, 12079, 12079, 12079, 12079, 12079, 12079, 12162, 12442, 12903, 14039, 14648, 15053, 15053, 15053, 15053, 15426, 16227, 17969, 19371, 21969, 22197, 22425, 22425, 22867, 23694, 23694, 24320, 25317, 26577, 30295, 32006, 37693, 37788, 38027, 43147, 43147, 45109, 60385, 65866, 66611, 67867, 166168], "cumulative exploited vulns": [0, 1, 2, 3, 4, 5, 6, 7, 8, 9, 10, 11, 12, 13, 14, 15, 16, 17, 18, 19, 20, 21, 22, 23, 24, 25, 26, 27, 28, 29, 30, 31, 32, 33, 34, 35, 36, 37, 38, 39, 40, 41, 42, 43, 44, 45, 46, 47, 48, 49, 50, 51, 52, 53, 54, 55, 56, 57, 58, 59, 60, 61, 62, 63, 64, 65, 66, 67, 68, 69, 70, 71, 72, 73, 74, 75, 76, 77, 78, 79, 80, 81, 82, 83, 84, 85, 86, 87, 88, 89, 90, 91, 92, 93, 94, 95, 96, 97, 98, 99, 100], "roa": [0.46077017232586864, 0.2541906050121933, 0.2513643393735409, 0.8624005109245653, 0.7534763283394039, 0.7213411122977259, 0.44043641972877035, 0.6915141344817104, 0.5301475681776202, 0.30000722386334017, 0.7276877423545137, 0.21519564195480054, 0.3850417684215598, 0.10738321830406664, 0.8137969722821152, 0.26767982194206064, 0.16322769049013205, 0.9772101976679511, 0.4147650518418442, 0.5122691172545442, 0.5855940540467033, 0.08122290240085445, 0.7486109463104376, 0.516716155821429, 0.3283341841634768, 0.02166884165639295, 0.420315567914615, 0.0803843086287123, 0.17341358673148438, 0.8308445875789484, 0.08827054890670663, 0.04755392075378286, 0.4120921810200226, 0.08010959628519841, 0.6298258754301362, 0.03470013023960604, 0.5144439859740478, 0.12936179844031584, 0.356605226608952, 0.38545086851468635, 0.11452394383259183, 0.006831546601702697, 0.2726493993583349, 0.3181045316884452, 0.08317146761992511, 0.17051025097028233, 0.19435303112797803, 0.2263105805883035, 0.07269821404195025, 0.6066298712828646, 0.025145089352213025, 0.30969890826797847, 0.7514947740651265, 0.796434776252134, 0.4114952517539664, 0.7642221144367967, 0.43012121834851513, 0.1706175212055896, 0.09140271954872502, 0.6774188207689665, 0.40850220220518807, 0.5809560837807293, 0.3054242653626515, 0.4172612914539946, 0.29099927038457646, 0.32799594069584936, 0.13559406990662587, 0.04405971309184132, 0.05927382185284465, 0.056095539517404126, 0.554146551644967, 0.3875920763184729, 0.554146551644967, 0.3875920763184729, 0.05889579373319548, 0.1955222490262321, 0.320125477626224, 0.675558019721647, 0.05653517406868963, 0.48279207849342454, 0.4673783272281474, 0.2511936450710395, 0.5201166341157226, 0.6574354048901836, 0.2399909184720325, 0.24954378129038787, 0.1872714045804687, 0.18968323740391482, 0.38121268869095887, 0.3531194115075581, 0.13129803485582067, 0.4871915587298415, 0.08312041371822684, 0.1919179158836108, 0.014844750236296264, 0.0025478988668545567, 0.013307487872363615, 0.02044755560961042, 0.328302108703188, 0.013899881415418671, 0.02487332357452376],