{"Total Initial Vulnerabilities": 682, "Initial Vulns Per OS": {"freebsd": {"11": 18, "9": 34, "12": 29, "13": 22, "10": 28, "8": 85}, "centos": {"8": 20, "7": 17, "6": 42, "3": 31, "5": 11, "4": 6}, "windows": {"8.1": 18, "8": 37, "10": 19, "7": 6, "vista": 6, "xp": 45}, "ubuntu": {"18.04": 15, "14.04": 35, "20.04": 20, "16.04": 64, "12.04": 34, "10.04": 40}}, "Average Initial RoA Per OS": {"freebsd": {"11": 0.058147064520868916, "9": 0.0393099319508781, "12": 0.044576847323780075, "13": 0.03582033484796616, "10": 0.044315374259509335, "8": 0.04224505525043367}, "centos": {"8": 0.08883446506922829, "7": 0.020225961745283388, "6": 0.08561646168220695, "3": 0.07644890175438654, "5": 0.0361030515107126, "4": 0.03761943430571154}, "windows": {"8.1": 0.04650425152521129, "8": 0.06710377724926593, "10": 0.05575174662706662, "7": 0.02997737083299734, "vista": 0.031978022084967785, "xp": 0.0251981101049219}, "ubuntu": {"18.04": 0.04632343728556494, "14.04": 0.014592480477177715, "20.04": 0.0673887053463526, "16.04": 0.05841010767551526, "12.04": 0.038844657729432665, "10.04": 0.04797080184651213}}, "OS Types In Initial Network": {"freebsd 11": 7, "centos 8": 20, "windows 8.1": 15, "ubuntu 18.04": 8, "ubuntu 14.04": 7, "ubuntu 20.04": 16, "centos 7": 10, "freebsd 9": 7, "windows 8": 11, "freebsd 12": 14, "freebsd 13": 12, "ubuntu 16.04": 15, "freebsd 10": 7, "windows 10": 16, "centos 6": 13, "ubuntu 12.04": 4, "windows 7": 5, "windows vista": 1, "centos 3": 1, "windows xp": 2, "centos 5": 4, "ubuntu 10.04": 1, "centos 4": 2, "freebsd 8": 2}, "Initial Hosts Without Vulnerabilities": 42, "Host Compromises": {"record name": "Host Compromises", "x": [362, 1131, 2446, 4933, 5672, 7532, 10536, 10849, 11239, 14081, 14571, 17275, 20065, 29217, 45037, 51002, 59013, 72139, 82124, 82505, 102185, 137495, 153184, 170842, 207385, 248659], "y": ["freebsd 11", "windows 8.1", "windows 8", "windows 8", "windows 8", "windows 8.1", "centos 8", "ubuntu 18.04", "windows xp", "freebsd 11", "ubuntu 20.04", "freebsd 12", "centos 7", "centos 8", "ubuntu 16.04", "centos 6", "ubuntu 16.04", "freebsd 13", "centos 8", "centos 5", "freebsd 12", "windows 7", "windows 7", "ubuntu 20.04", "windows 10", "ubuntu 18.04"], "cumulative y": [0, 1, 2, 3, 4, 5, 6, 7, 8, 9, 10, 11, 12, 13, 14, 15, 16, 17, 18, 19, 20, 21, 22, 23, 24, 25], "total events": 26}, "Vuln Compromises": {"record name": "Vuln Compromises", "x": [362, 1131, 2446, 4933, 5672, 7532, 10536, 10849, 11239, 14081, 14571, 17275, 20065, 45037, 51002, 59013, 72139, 82124, 82505], "y": ["freebsd 11", "windows 8.1", "windows 8", "windows 8", "windows 8", "windows 8.1", "centos 8", "ubuntu 18.04", "windows xp", "freebsd 11", "ubuntu 20.04", "freebsd 12", "centos 7", "ubuntu 16.04", "centos 6", "ubuntu 16.04", "freebsd 13", "centos 8", "centos 5"], "cumulative y": [0, 1, 2, 3, 4, 5, 6, 7, 8, 9, 10, 11, 12, 13, 14, 15, 16, 17, 18], "total events": 19}, "Reuse Password Compromises": {"record name": "Reuse Password Compromises", "x": [], "y": [], "cumulative y": [], "total events": 0}, "Password Spray Compromises": {"record name": "Password Spray Compromises", "x": [29217, 102185, 137495, 153184, 170842, 207385, 248659], "y": ["centos 8", "freebsd 12", "windows 7", "windows 7", "ubuntu 20.04", "windows 10", "ubuntu 18.04"], "cumulative y": [0, 1, 2, 3, 4, 5, 6], "total events": 7}, "User Account Leaks": {"record name": "User Account Has Been Leaked By Compromise", "x": [362, 362, 362, 1131, 1131, 1131, 2446, 2446, 4933, 4933, 4933, 5672, 5672, 5672, 7532, 7532, 10536, 10536, 10536, 10849, 10849, 10849, 11239, 11239, 14081, 14081, 14081, 14571, 14571, 17275, 20065, 20065, 20065, 29217, 45037, 45037, 51002, 59013, 72139, 72139, 82124, 82124, 137495, 137495, 207385], "y": ["Aurlie", "Bellina", "Roselia", "Aurelea", "Sidonia", "Brier", "Row", "Rosabelle", "Timmie", "Corina", "Mia", "Jenine", "Matti", "Antonietta", "Cherilyn", "Elle", "Junia", "Haleigh", "Jackquelin", "Dominga", "Rania", "Elsinore", "Alaine", "Evonne", "Abby", "Joanna", "Diann", "Lynnet", "Cornela", "Eugenie", "Lorilyn", "Tessy", "Mariellen", "Flossie", "Leonora", "Eddy", "Fey", "Taryn", "Aubry", "Murial", "Stefa", "Johnette", "Harrietta", "Rozanna", "Louella"], "cumulative y": [0, 1, 2, 3, 4, 5, 6, 7, 8, 9, 10, 11, 12, 13, 14, 15, 16, 17, 18, 19, 20, 21, 22, 23, 24, 25, 26, 27, 28, 29, 30, 31, 32, 33, 34, 35, 36, 37, 38, 39, 40, 41, 42, 43, 44], "total events": 45}, "Vulnerabilities Exploited": {"record name": "Vulnerabilities Exploited", "x": [362, 362, 362, 516, 700, 1131, 1642, 2029, 2142, 2142, 2446, 2446, 2446, 3171, 3838, 3838, 3838, 4933, 4933, 4933, 5248, 5442, 5672, 5672, 5672, 5812, 5986, 5986, 5986, 7078, 7323, 7532, 7648, 7648, 8831, 8831, 8831, 8831, 8831, 8831, 8993, 9159, 9898, 9898, 10536, 11239, 11239, 11239, 14571, 14571, 17275, 18902, 19621, 19621, 20065, 20065, 20161, 21572, 22345, 25196, 35609, 36308, 37377, 39102, 40707, 41967, 44766, 45037, 51002, 51412, 58626, 59013, 59013, 61033, 62048, 72139, 76823, 82505, 89118, 155864, 155864, 174685, 222425], "cumulative exploited vulns": [0, 1, 2, 3, 4, 5, 6, 7, 8, 9, 10, 11, 12, 13, 14, 15, 16, 17, 18, 19, 20, 21, 22, 23, 24, 25, 26, 27, 28, 29, 30, 31, 32, 33, 34, 35, 36, 37, 38, 39, 40, 41, 42, 43, 44, 45, 46, 47, 48, 49, 50, 51, 52, 53, 54, 55, 56, 57, 58, 59, 60, 61, 62, 63, 64, 65, 66, 67, 68, 69, 70, 71, 72, 73, 74, 75, 76, 77, 78, 79, 80, 81, 82], "roa": [0.46507195089921616, 0.1993234023758107, 0.17872302668112613, 0.6647057021440292, 0.48824667921555787, 0.6459528827503835, 0.22229210464549692, 0.2282900746742155, 0.4569900202767868, 0.09219487615429971, 0.7093123027020503, 0.00472007388822772, 0.14159663617278848, 0.035111257440707824, 0.5841639931904802, 0.2758281430908916, 0.00910379425029842, 0.6103363248772036, 0.09010006948225398, 0.0177563004818865, 0.09139791199399828, 0.09967793965311046, 0.8769529176542461, 0.12326348383261695, 0.1999171080385151, 0.47722357073077293, 0.281210936263327, 0.05717884695280405, 0.17282040514556024, 0.015692486748744298, 0.15799048777637098, 0.3670208108955792, 0.07944586863621164, 0.005908185972193425, 0.24750245937528384, 0.5307057512020747, 0.009221556289308461, 0.4994887550202772, 0.07174215665341346, 0.01934631068367304, 0.2687364059405998, 0.272263718382198, 0.16297226058766276, 0.025385607302839723, 0.07397057844408073, 0.3639477834737149, 0.17223642924483817, 0.2235431760647783, 0.1520167085956701, 0.11944158736393677, 0.3388679477760773, 0.13056753886275071, 0.196881040008498, 0.08451081324609995, 0.19374932306577808, 0.19374932306577808, 0.3854013633514064, 0.45431083681126283, 0.09332028278926785, 0.002324948346118532, 0.046234808264638064, 0.6025222207962694, 0.23352715198639112, 0.43564307090945986, 0.12680976227169755, 0.1540400175731253, 0.017015221332941883, 0.3625101455036834, 0.43491390441661526, 0.16063990484127158, 0.13480921710111565, 0.0693226508231106, 0.05618735997515265, 0.17144935962692448, 0.10528725214292296, 0.3077195950319241, 0.03982967789317869, 0.5598639161385717, 0.06791729548420712, 0.11282032755680486, 0.11282032755680486, 0.15673648115719563, 0.0006783787707668723],