{"Total Initial Vulnerabilities": 516, "Initial Vulns Per OS": {"windows": {"10": 14, "7": 18, "vista": 19, "8": 16, "8.1": 33, "xp": 40}, "freebsd": {"11": 13, "9": 19, "10": 36, "12": 9, "8": 39, "13": 6}, "ubuntu": {"18.04": 18, "14.04": 15, "20.04": 11, "10.04": 65, "12.04": 7, "16.04": 18}, "centos": {"8": 4, "7": 6, "6": 39, "3": 27, "5": 17, "4": 27}}, "Average Initial RoA Per OS": {"windows": {"10": 0.19878354747158763, "7": 0.023505905081829363, "vista": 0.043479829574835094, "8": 0.030733867259265447, "8.1": 0.033120237028870445, "xp": 0.029963365034958233}, "freebsd": {"11": 0.05324112976936542, "9": 0.036772096775245705, "10": 0.07593572098477418, "12": 0.04616107799194445, "8": 0.03775877268168718, "13": 0.025299623122600545}, "ubuntu": {"18.04": 0.028148314075340877, "14.04": 0.023984109388034254, "20.04": 0.028989391134112117, "10.04": 0.05074727821727635, "12.04": 0.030630627884890183, "16.04": 0.033775077013052414}, "centos": {"8": 0.05912230494479151, "7": 0.01964148151921449, "6": 0.02914326403038569, "3": 0.030016716959813384, "5": 0.05773116615069127, "4": 0.0387008769202362}}, "OS Types In Initial Network": {"windows 10": 18, "freebsd 11": 8, "windows 7": 7, "ubuntu 18.04": 13, "windows vista": 8, "windows 8": 7, "windows 8.1": 20, "ubuntu 14.04": 7, "centos 8": 14, "centos 7": 7, "freebsd 13": 10, "freebsd 9": 5, "freebsd 12": 11, "ubuntu 20.04": 17, "ubuntu 16.04": 7, "centos 5": 7, "centos 6": 12, "ubuntu 10.04": 2, "freebsd 10": 8, "freebsd 8": 3, "centos 3": 1, "windows xp": 2, "ubuntu 12.04": 2, "centos 4": 4}, "Initial Hosts Without Vulnerabilities": 65, "Host Compromises": {"record name": "Host Compromises", "x": [3781, 4084, 5460, 6775, 8444, 15395, 18714, 33050, 47856, 76165, 77430, 78041, 79935, 81663, 82845, 83650, 90216, 91249, 95855, 99836, 101706, 104186, 121103, 132738, 139875, 140278, 141482, 141664, 143069, 169849, 170302, 170753, 171233, 178231, 197550, 199393, 216550, 219490, 236734, 240352, 242942], "y": ["ubuntu 10.04", "freebsd 12", "windows 8", "freebsd 8", "windows vista", "ubuntu 18.04", "ubuntu 20.04", "freebsd 9", "freebsd 10", "freebsd 11", "freebsd 12", "ubuntu 16.04", "windows 10", "centos 8", "ubuntu 14.04", "ubuntu 16.04", "freebsd 11", "ubuntu 16.04", "windows 8", "freebsd 8", "centos 6", "ubuntu 18.04", "ubuntu 12.04", "ubuntu 14.04", "centos 5", "centos 7", "freebsd 9", "centos 5", "windows vista", "ubuntu 18.04", "ubuntu 18.04", "windows 7", "ubuntu 16.04", "centos 8", "freebsd 9", "windows 8.1", "centos 5", "freebsd 10", "ubuntu 18.04", "ubuntu 14.04", "centos 8"], "cumulative y": [0, 1, 2, 3, 4, 5, 6, 7, 8, 9, 10, 11, 12, 13, 14, 15, 16, 17, 18, 19, 20, 21, 22, 23, 24, 25, 26, 27, 28, 29, 30, 31, 32, 33, 34, 35, 36, 37, 38, 39, 40], "total events": 41}, "Vuln Compromises": {"record name": "Vuln Compromises", "x": [3781, 4084, 5460, 6775, 8444, 15395, 18714, 33050, 47856, 76165, 77430, 90216, 91249, 95855, 99836, 101706, 104186, 121103, 132738, 139875, 141482, 141664, 143069, 169849, 170302, 178231, 197550, 199393, 216550, 219490, 236734, 240352], "y": ["ubuntu 10.04", "freebsd 12", "windows 8", "freebsd 8", "windows vista", "ubuntu 18.04", "ubuntu 20.04", "freebsd 9", "freebsd 10", "freebsd 11", "freebsd 12", "freebsd 11", "ubuntu 16.04", "windows 8", "freebsd 8", "centos 6", "ubuntu 18.04", "ubuntu 12.04", "ubuntu 14.04", "centos 5", "freebsd 9", "centos 5", "windows vista", "ubuntu 18.04", "ubuntu 18.04", "centos 8", "freebsd 9", "windows 8.1", "centos 5", "freebsd 10", "ubuntu 18.04", "ubuntu 14.04"], "cumulative y": [0, 1, 2, 3, 4, 5, 6, 7, 8, 9, 10, 11, 12, 13, 14, 15, 16, 17, 18, 19, 20, 21, 22, 23, 24, 25, 26, 27, 28, 29, 30, 31], "total events": 32}, "Reuse Password Compromises": {"record name": "Reuse Password Compromises", "x": [78041, 79935, 81663, 82845, 83650, 140278, 170753, 171233], "y": ["ubuntu 16.04", "windows 10", "centos 8", "ubuntu 14.04", "ubuntu 16.04", "centos 7", "windows 7", "ubuntu 16.04"], "cumulative y": [0, 1, 2, 3, 4, 5, 6, 7], "total events": 8}, "Password Spray Compromises": {"record name": "Password Spray Compromises", "x": [242942], "y": ["centos 8"], "cumulative y": [0], "total events": 1}, "User Account Leaks": {"record name": "User Account Has Been Leaked By Compromise", "x": [3781, 3781, 3781, 4084, 4084, 5460, 5460, 5460, 6775, 6775, 6775, 8444, 8444, 8444, 15395, 15395, 18714, 18714, 33050, 33050, 47856, 47856, 76165, 76165, 77430, 77430, 77430, 78041, 79935, 81663, 81663, 82845, 82845, 83650, 83650, 90216, 90216, 91249, 99836, 99836, 101706, 104186, 121103, 121103, 139875, 140278, 143069, 143069, 170302, 170302, 170302, 199393, 216550, 219490, 219490, 240352, 242942], "y": ["Nathalia", "Verile", "Leila", "Laina", "Thea", "Eydie", "Dyana", "Vina", "Tierney", "Noelyn", "Ambur", "Etta", "Cherise", "Brett", "Willyt", "Ines", "Toinette", "Kori", "Alexi", "Alyson", "Tabbatha", "Kristel", "Gusella", "Chandal", "Lisa", "Didi", "Alana", "Shoshana", "Maddy", "Alexia", "Ericha", "Eveleen", "Beverley", "Corette", "Shelli", "Calida", "Mariana", "Cyndie", "Myrilla", "Elizabeth", "Jemmy", "Marie-Jeanne", "Zita", "Christel", "Emelina", "Mirabella", "Alvina", "Binny", "Tootsie", "Vanessa", "Emilia", "Sherill", "Elysia", "Bunnie", "Hedwig", "Tamma", "Janna"], "cumulative y": [0, 1, 2, 3, 4, 5, 6, 7, 8, 9, 10, 11, 12, 13, 14, 15, 16, 17, 18, 19, 20, 21, 22, 23, 24, 25, 26, 27, 28, 29, 30, 31, 32, 33, 34, 35, 36, 37, 38, 39, 40, 41, 42, 43, 44, 45, 46, 47, 48, 49, 50, 51, 52, 53, 54, 55, 56], "total events": 57}, "Vulnerabilities Exploited": {"record name": "Vulnerabilities Exploited", "x": [112, 160, 424, 496, 614, 614, 841, 841, 966, 1018, 1797, 2139, 2636, 3781, 3781, 3781, 3781, 3781, 3781, 3781, 3781, 3781, 3781, 3781, 3781, 3781, 3781, 3781, 3781, 3781, 3781, 3781, 3781, 3781, 3781, 3781, 3781, 3954, 4197, 4729, 4729, 4840, 4840, 4840, 5755, 5988, 6775, 6775, 6775, 6775, 6775, 6775, 7633, 7633, 8212, 8444, 8508, 10289, 11757, 12029, 13126, 15513, 17035, 30169, 30169, 30169, 31447, 33050, 43320, 47953, 52485, 53227, 56128, 57992, 67461, 67461, 74864, 77830, 78162, 81060, 91249, 91249, 91945, 93818, 96315, 96965, 96965, 99392, 99836, 99836, 101419, 101419, 103319, 106058, 121103, 121103, 124650, 126939, 127257, 132449, 141482, 143069, 157656, 157656, 171366, 171366, 174606, 197550, 240723], "cumulative exploited vulns": [0, 1, 2, 3, 4, 5, 6, 7, 8, 9, 10, 11, 12, 13, 14, 15, 16, 17, 18, 19, 20, 21, 22, 23, 24, 25, 26, 27, 28, 29, 30, 31, 32, 33, 34, 35, 36, 37, 38, 39, 40, 41, 42, 43, 44, 45, 46, 47, 48, 49, 50, 51, 52, 53, 54, 55, 56, 57, 58, 59, 60, 61, 62, 63, 64, 65, 66, 67, 68, 69, 70, 71, 72, 73, 74, 75, 76, 77, 78, 79, 80, 81, 82, 83, 84, 85, 86, 87, 88, 89, 90, 91, 92, 93, 94, 95, 96, 97, 98, 99, 100, 101, 102, 103, 104, 105, 106, 107, 108],