{"Total Initial Vulnerabilities": 706, "Initial Vulns Per OS": {"centos": {"5": 40, "8": 12, "6": 31, "7": 11, "4": 22, "3": 40}, "ubuntu": {"20.04": 7, "18.04": 28, "12.04": 20, "10.04": 55, "14.04": 19, "16.04": 19}, "windows": {"10": 16, "8.1": 25, "vista": 29, "8": 26, "7": 6, "xp": 133}, "freebsd": {"12": 30, "10": 35, "8": 68, "13": 15, "11": 6, "9": 13}}, "Average Initial RoA Per OS": {"centos": {"5": 0.051017980531143835, "8": 0.04619903940725494, "6": 0.036290340099363154, "7": 0.13470386506654922, "4": 0.08176141344381381, "3": 0.045562494266320495}, "ubuntu": {"20.04": 0.030127985334856354, "18.04": 0.14186961800200013, "12.04": 0.016172881843291548, "10.04": 0.05532482357676253, "14.04": 0.07182369151858625, "16.04": 0.09761267703064352}, "windows": {"10": 0.037372491671376074, "8.1": 0.07416072859810291, "vista": 0.03942383380584498, "8": 0.05868046758395185, "7": 0.05120407484318903, "xp": 0.04591832889014123}, "freebsd": {"12": 0.09449128162637295, "10": 0.04724071789217815, "8": 0.084833352514894, "13": 0.07757066422738879, "11": 0.1269116343308961, "9": 0.03489618273785221}}, "OS Types In Initial Network": {"centos 5": 9, "windows 10": 11, "ubuntu 20.04": 12, "windows 8.1": 14, "ubuntu 18.04": 13, "centos 7": 11, "freebsd 11": 6, "freebsd 12": 14, "ubuntu 12.04": 5, "windows vista": 6, "freebsd 10": 8, "centos 8": 14, "freebsd 8": 2, "windows 8": 11, "ubuntu 10.04": 3, "freebsd 13": 18, "ubuntu 14.04": 3, "centos 6": 12, "ubuntu 16.04": 9, "freebsd 9": 6, "centos 4": 4, "centos 3": 2, "windows 7": 3, "windows xp": 4}, "Initial Hosts Without Vulnerabilities": 45, "Host Compromises": {"record name": "Host Compromises", "x": [573, 1613, 4810, 6029, 6270, 11227, 13955, 13996, 14401, 15651, 16179, 17056, 19213, 19295, 52974, 61434, 61747, 63691, 63986, 74978, 75841, 77974, 81698, 86172, 96578, 97665, 98065, 99389, 99866, 132518, 159047, 162686, 171770, 172579, 187498, 187987, 188090, 218059, 221198, 222089, 222194, 222278, 222510, 222734, 223772], "y": ["centos 5", "freebsd 10", "ubuntu 10.04", "ubuntu 14.04", "freebsd 11", "centos 4", "freebsd 12", "centos 7", "ubuntu 18.04", "centos 5", "freebsd 8", "freebsd 13", "centos 6", "centos 7", "windows 8.1", "ubuntu 12.04", "freebsd 10", "freebsd 12", "ubuntu 14.04", "ubuntu 18.04", "centos 7", "centos 8", "ubuntu 16.04", "windows 8.1", "freebsd 11", "centos 5", "centos 7", "centos 4", "ubuntu 16.04", "freebsd 11", "centos 4", "centos 8", "windows 8", "ubuntu 16.04", "freebsd 8", "centos 7", "freebsd 12", "ubuntu 16.04", "ubuntu 18.04", "freebsd 9", "centos 8", "centos 7", "freebsd 8", "ubuntu 14.04", "windows 8.1"], "cumulative y": [0, 1, 2, 3, 4, 5, 6, 7, 8, 9, 10, 11, 12, 13, 14, 15, 16, 17, 18, 19, 20, 21, 22, 23, 24, 25, 26, 27, 28, 29, 30, 31, 32, 33, 34, 35, 36, 37, 38, 39, 40, 41, 42, 43, 44], "total events": 45}, "Vuln Compromises": {"record name": "Vuln Compromises", "x": [573, 1613, 4810, 6029, 6270, 11227, 15651, 16179, 52974, 61434, 61747, 63691, 63986, 74978, 75841, 81698, 96578, 97665, 98065, 99389, 99866, 132518, 159047, 187498, 187987, 188090, 218059, 222089, 222510, 222734, 223772], "y": ["centos 5", "freebsd 10", "ubuntu 10.04", "ubuntu 14.04", "freebsd 11", "centos 4", "centos 5", "freebsd 8", "windows 8.1", "ubuntu 12.04", "freebsd 10", "freebsd 12", "ubuntu 14.04", "ubuntu 18.04", "centos 7", "ubuntu 16.04", "freebsd 11", "centos 5", "centos 7", "centos 4", "ubuntu 16.04", "freebsd 11", "centos 4", "freebsd 8", "centos 7", "freebsd 12", "ubuntu 16.04", "freebsd 9", "freebsd 8", "ubuntu 14.04", "windows 8.1"], "cumulative y": [0, 1, 2, 3, 4, 5, 6, 7, 8, 9, 10, 11, 12, 13, 14, 15, 16, 17, 18, 19, 20, 21, 22, 23, 24, 25, 26, 27, 28, 29, 30], "total events": 31}, "Reuse Password Compromises": {"record name": "Reuse Password Compromises", "x": [13955, 13996, 14401, 17056, 19213, 19295, 77974, 162686, 171770, 172579, 221198, 222194, 222278], "y": ["freebsd 12", "centos 7", "ubuntu 18.04", "freebsd 13", "centos 6", "centos 7", "centos 8", "centos 8", "windows 8", "ubuntu 16.04", "ubuntu 18.04", "centos 8", "centos 7"], "cumulative y": [0, 1, 2, 3, 4, 5, 6, 7, 8, 9, 10, 11, 12], "total events": 13}, "Password Spray Compromises": {"record name": "Password Spray Compromises", "x": [86172], "y": ["windows 8.1"], "cumulative y": [0], "total events": 1}, "User Account Leaks": {"record name": "User Account Has Been Leaked By Compromise", "x": [573, 573, 573, 1613, 1613, 1613, 4810, 4810, 4810, 6029, 6029, 6270, 6270, 11227, 11227, 11227, 13955, 13996, 13996, 14401, 15651, 16179, 16179, 16179, 17056, 17056, 19213, 19295, 52974, 52974, 61434, 61747, 61747, 63691, 63986, 63986, 74978, 74978, 86172, 96578, 97665, 98065, 98065, 99389, 99389, 99866, 132518, 132518, 159047, 159047, 162686, 172579, 187498, 187498, 187498, 187987, 222194, 222278, 223772], "y": ["Guenevere", "Roda", "Joete", "Benedicta", "Opal", "Minerva", "Teresina", "Aime", "Ilka", "Amelia", "Dinny", "Jehanna", "Elene", "Charleen", "Karlotte", "Ivett", "Alia", "Jeanna", "Marsiella", "Minny", "Corabelle", "Marlo", "Rodi", "Sheree", "Coletta", "Harli", "Mariana", "Melinde", "Honor", "Hesther", "Ginnie", "Jackelyn", "Ortensia", "Lianna", "Enid", "Cherice", "Caresse", "Tobe", "Gusella", "Elinore", "Alyse", "Glynda", "Elly", "Abagael", "Anthia", "Van", "Verina", "Carin", "Amberly", "Iris", "Darleen", "Noelyn", "Merla", "Lynna", "Janene", "Magdalena", "Judy", "Nesta", "Vally"], "cumulative y": [0, 1, 2, 3, 4, 5, 6, 7, 8, 9, 10, 11, 12, 13, 14, 15, 16, 17, 18, 19, 20, 21, 22, 23, 24, 25, 26, 27, 28, 29, 30, 31, 32, 33, 34, 35, 36, 37, 38, 39, 40, 41, 42, 43, 44, 45, 46, 47, 48, 49, 50, 51, 52, 53, 54, 55, 56, 57, 58], "total events": 59}, "Vulnerabilities Exploited": {"record name": "Vulnerabilities Exploited", "x": [353, 353, 439, 573, 573, 628, 803, 803, 1334, 1334, 1529, 1529, 1613, 1613, 2371, 2371, 2544, 4006, 4006, 4006, 4006, 4006, 4183, 4305, 4305, 4305, 4578, 4578, 4810, 4810, 4810, 5018, 5018, 5224, 6029, 6029, 6029, 6029, 6029, 6029, 6270, 6490, 6490, 7444, 7444, 7715, 8005, 8143, 8920, 11227, 11227, 11797, 13574, 13574, 16179, 16179, 16179, 16179, 17389, 24262, 24643, 24643, 24643, 25407, 25407, 26242, 29135, 31929, 31929, 35464, 36267, 38405, 42153, 42758, 44631, 48120, 49580, 49823, 50293, 50293, 50526, 54949, 57946, 57946, 59371, 59653, 60107, 61434, 63986, 64331, 75068, 76319, 78681, 78681, 78681, 78681, 78681, 78681, 79341, 80712, 93837, 93837, 93837, 100355, 105490, 105825, 121047, 121990, 130641, 132636, 133597, 133597, 133597, 133597, 151101, 151101, 151101, 151101, 151468, 159165, 160133, 160133, 187498, 191272, 218344, 218344, 218344, 218740, 222089, 222089, 222510, 222510, 225732, 226220, 228562, 228562], "cumulative exploited vulns": [0, 1, 2, 3, 4, 5, 6, 7, 8, 9, 10, 11, 12, 13, 14, 15, 16, 17, 18, 19, 20, 21, 22, 23, 24, 25, 26, 27, 28, 29, 30, 31, 32, 33, 34, 35, 36, 37, 38, 39, 40, 41, 42, 43, 44, 45, 46, 47, 48, 49, 50, 51, 52, 53, 54, 55, 56, 57, 58, 59, 60, 61, 62, 63, 64, 65, 66, 67, 68, 69, 70, 71, 72, 73, 74, 75, 76, 77, 78, 79, 80, 81, 82, 83, 84, 85, 86, 87, 88, 89, 90, 91, 92, 93, 94, 95, 96, 97, 98, 99, 100, 101, 102, 103, 104, 105, 106, 107, 108, 109, 110, 111, 112, 113, 114, 115, 116, 117, 118, 119, 120, 121, 122, 123, 124, 125, 126, 127, 128, 129, 130, 131, 132, 133, 134, 135],