{"Total Initial Vulnerabilities": 675, "Initial Vulns Per OS": {"windows": {"7": 53, "vista": 23, "8": 34, "10": 3, "8.1": 32, "xp": 170}, "ubuntu": {"16.04": 52, "18.04": 32, "14.04": 26, "12.04": 15}, "freebsd": {"8": 13, "9": 18, "11": 36, "12": 22, "10": 17, "13": 7}, "centos": {"8": 14, "6": 46, "7": 6, "4": 9, "3": 47}}, "Average Initial RoA Per OS": {"windows": {"7": 0.04056437167304899, "vista": 0.08514399041084143, "8": 0.03524617280619697, "10": 0.03300125806422989, "8.1": 0.05350347481275422, "xp": 0.06563747644452544}, "ubuntu": {"16.04": 0.05375049994533033, "18.04": 0.048751606867355295, "14.04": 0.045028824847488415, "12.04": 0.0707819346470271}, "freebsd": {"8": 0.07425712556970092, "9": 0.061200464752808555, "11": 0.06927019472368225, "12": 0.0791126362074732, "10": 0.02994992388933848, "13": 0.05906340146204835}, "centos": {"8": 0.018806717954916622, "6": 0.07121848283156826, "7": 0.00638649100305688, "4": 0.037128960948730444, "3": 0.06231565819003691}}, "OS Types In Initial Network": {"windows 7": 9, "windows 10": 13, "ubuntu 16.04": 15, "ubuntu 18.04": 17, "freebsd 8": 1, "freebsd 9": 2, "ubuntu 20.04": 6, "freebsd 13": 12, "freebsd 12": 12, "freebsd 11": 18, "windows 8.1": 16, "centos 8": 15, "windows vista": 7, "centos 6": 15, "windows 8": 11, "centos 7": 5, "freebsd 10": 2, "centos 5": 1, "centos 4": 4, "ubuntu 14.04": 9, "ubuntu 12.04": 4, "windows xp": 4, "centos 3": 2}, "Initial Hosts Without Vulnerabilities": 50, "Host Compromises": {"record name": "Host Compromises", "x": [1295, 8842, 12980, 13768, 16597, 23314, 56973, 98577, 181723, 181975, 191876], "y": ["freebsd 8", "windows 8", "freebsd 11", "windows vista", "ubuntu 20.04", "windows 7", "ubuntu 16.04", "ubuntu 18.04", "centos 4", "centos 6", "freebsd 10"], "cumulative y": [0, 1, 2, 3, 4, 5, 6, 7, 8, 9, 10], "total events": 11}, "Vuln Compromises": {"record name": "Vuln Compromises", "x": [1295, 8842, 12980, 13768, 23314, 56973, 98577, 181723, 181975, 191876], "y": ["freebsd 8", "windows 8", "freebsd 11", "windows vista", "windows 7", "ubuntu 16.04", "ubuntu 18.04", "centos 4", "centos 6", "freebsd 10"], "cumulative y": [0, 1, 2, 3, 4, 5, 6, 7, 8, 9], "total events": 10}, "Reuse Password Compromises": {"record name": "Reuse Password Compromises", "x": [], "y": [], "cumulative y": [], "total events": 0}, "Password Spray Compromises": {"record name": "Password Spray Compromises", "x": [16597], "y": ["ubuntu 20.04"], "cumulative y": [0], "total events": 1}, "User Account Leaks": {"record name": "User Account Has Been Leaked By Compromise", "x": [1295, 1295, 1295, 8842, 8842, 8842, 12980, 12980, 12980, 13768, 13768, 13768, 16597, 16597, 23314, 23314, 56973, 56973, 98577, 98577, 181723, 181723, 181975, 191876, 191876], "y": ["Gunilla", "Clementine", "Janessa", "Tasha", "Casey", "Orsola", "Brunhilde", "Miran", "Deerdre", "Nanete", "Nike", "Minnaminnie", "Karna", "Velma", "Maryellen", "Horatia", "Anastasie", "Daphene", "Denys", "Arlette", "Ronalda", "Fanya", "Verine", "Lolita", "Lilli"], "cumulative y": [0, 1, 2, 3, 4, 5, 6, 7, 8, 9, 10, 11, 12, 13, 14, 15, 16, 17, 18, 19, 20, 21, 22, 23, 24], "total events": 25}, "Vulnerabilities Exploited": {"record name": "Vulnerabilities Exploited", "x": [418, 418, 1295, 1295, 1295, 1295, 1295, 1295, 1295, 1295, 2172, 2172, 2285, 2285, 2992, 3440, 3440, 3440, 3714, 3714, 3714, 4510, 4510, 4510, 4510, 4510, 4510, 4510, 4510, 4510, 4589, 4783, 4783, 4941, 4941, 5203, 5325, 5606, 5693, 5963, 6318, 6318, 7116, 7271, 8092, 8092, 8299, 8777, 8842, 10310, 10739, 11248, 12980, 13768, 16052, 16052, 16333, 18213, 18745, 19845, 21415, 22044, 22379, 25118, 28406, 31106, 56973, 56973, 57830, 72639, 92015, 92706, 92706, 99827, 99827, 99827, 107870, 122987, 122987, 122987, 138182, 138182, 167575, 175010, 191876, 201406, 201640, 205486, 238167, 247642], "cumulative exploited vulns": [0, 1, 2, 3, 4, 5, 6, 7, 8, 9, 10, 11, 12, 13, 14, 15, 16, 17, 18, 19, 20, 21, 22, 23, 24, 25, 26, 27, 28, 29, 30, 31, 32, 33, 34, 35, 36, 37, 38, 39, 40, 41, 42, 43, 44, 45, 46, 47, 48, 49, 50, 51, 52, 53, 54, 55, 56, 57, 58, 59, 60, 61, 62, 63, 64, 65, 66, 67, 68, 69, 70, 71, 72, 73, 74, 75, 76, 77, 78, 79, 80, 81, 82, 83, 84, 85, 86, 87, 88, 89], "roa": [0.23160352418215674, 0.19912012699123738, 0.16315057923972875, 0.11213105806146137, 0.5136653137921711, 0.5542430428335814, 0.3804937473849596, 0.10382716397796096, 0.050975521215775865, 0.15517438466559114, 0.33856686370327693, 0.03192099323267587, 0.11736273138362197, 0.17125685281200342, 0.06769812181158141, 0.4814230753016999, 0.10599702259451646, 0.10599702259451646, 0.7737542961171868, 0.029253722818969752, 0.08346581166911152, 0.4893105842251074, 0.3328269677510811, 0.19045547437349963, 0.16459364885404157, 0.35280566923499557, 0.020971942387201677, 0.03884019616333761, 0.00605971841703008, 0.009911265354353212, 0.16298808472051096, 0.19968115603369602, 0.2765979874486667, 0.29595938668791394, 0.3727289807192951, 0.08367790315589438, 0.4595439593998313, 0.9167070145921267, 0.03766358859613626, 0.06751908541452711, 0.5178124862917896, 0.04006018024667994, 0.2423074454430972, 0.005565696713535021, 0.3181910896400377, 0.6125231253588568, 0.2928532418140626, 0.15071399331395088, 0.3550029258326043, 0.3838217192313846, 0.027571174863195748, 0.08123872147455749, 0.2689512159493049, 0.2867370121676736, 0.3355126494465718, 0.48400686669791027, 0.09445769213142183, 0.6238483670131664, 0.2351355300222353, 0.04969171760977471, 0.4815862217891036, 0.13794775687723268, 0.03464345816126162, 0.021584661271902252, 0.32495377778139567, 0.037819813040627356, 0.8354436271073247, 0.16610635229737578, 0.006794944414653788, 0.017120395772072784, 0.01774434930738444, 0.11491390727189588, 0.030421748737283753, 0.3795574080783132, 0.19078332266782166, 0.01774373447973284, 0.34430160294850803, 0.7093552627102259, 0.6876182635997824, 0.5077377100479468, 0.30192941590986955, 0.14736753850654433, 0.3536986551892661, 0.07286753554567735, 0.47963195620689136, 0.4824356181796355, 0.24943216122395656, 0.03603616628186741, 0.4621393222105031, 0.05123010111248533], "impact": [4.371518150528571, 7.5968017952875595, 1.7369657302408892, 1.4023723424452772, 7.4093185378292645, 9.586820840336923, 5.847276931345204, 1.1969861788991687, 1.2736080415669382, 4.497427873104634, 7.780941646727607, 1.008234395226686, 1.4493683645926736, 3.477993208997664, 5.677657517656929, 6.6719175162947835, 1.9756266448534665, 1.9756266448534665, 9.483557983921415, 0.4456564576482236, 2.005507895675047, 5.057447704517842, 6.538055386276493, 1.9517123310669138, 3.248855001049704, 5.34192229787453, 0.31290180910426013, 0.7785640999928689, 0.07175965935549034, 0.12438471979274723, 5.032740983423841, 2.8582141402098427, 3.963194382610038, 3.5284070338271545, 6.390607199791395, 0.9148434780433301, 5.555834716321423, 9.320399743071818, 0.4750580264634907, 1.1096056901304419, 5.187061091475645, 0.42693899393009715, 9.754544500437003, 0.2836650768011817, 4.542910718864466, 6.374700597142892, 4.474537106799974, 1.8727491723836776, 8.15189675226563, 8.166256264189416, 0.5746724054633434, 1.2555000247110637, 7.767016843463255, 7.432419283924649, 9.06625140604634, 6.590442324630557, 1.9229743958058143, 7.592564900453133, 4.560358231514475, 1.8271096123222752, 9.630031401114953, 6.030683723062076, 4.1144427938345896, 6.496182449719497, 6.438277383454015, 4.4726811735123615, 8.76326828290477, 4.642104610722853, 1.518316436400462, 1.8681096722241608, 7.654279346405239, 2.7004804401163183, 0.5073570163712993, 6.894238086637422, 7.10228219714881, 0.19135202706490717, 6.030127206546377, 7.461972927853609, 7.74176820477686, 8.112390328120698, 3.286708662005257, 3.082768060179979, 3.8928187244327317, 2.710357899851421, 8.795519978857861, 5.846293156156261, 3.1494400368350517, 9.244367237495133, 8.898342461700047, 0.5548595225932729],