{"Total Initial Vulnerabilities": 757, "Initial Vulns Per OS": {"windows": {"10": 19, "8.1": 30, "7": 54, "8": 36, "vista": 24, "xp": 54}, "centos": {"5": 49, "7": 29, "8": 5, "3": 27, "6": 36, "4": 29}, "ubuntu": {"20.04": 11, "14.04": 46, "12.04": 38, "18.04": 31, "16.04": 26}, "freebsd": {"9": 21, "13": 21, "11": 36, "10": 31, "12": 31, "8": 73}}, "Average Initial RoA Per OS": {"windows": {"10": 0.07015111961780944, "8.1": 0.055664898015855044, "7": 0.07172820721996888, "8": 0.0524346821519988, "vista": 0.08757193945193109, "xp": 0.07314854244979263}, "centos": {"5": 0.0512824162009934, "7": 0.03587052702664146, "8": 0.059312050911005686, "3": 0.07075625949134735, "6": 0.05207335274207134, "4": 0.0772171009127653}, "ubuntu": {"20.04": 0.07395689240092103, "14.04": 0.0585122999851879, "12.04": 0.08117886712149856, "18.04": 0.06151338320971976, "16.04": 0.034074704715492114}, "freebsd": {"9": 0.08059124398511003, "13": 0.06726090312590374, "11": 0.04459948556000312, "10": 0.05331602069282388, "12": 0.04740996586199189, "8": 0.08310564616093141}}, "OS Types In Initial Network": {"centos 8": 7, "windows 10": 21, "centos 5": 10, "ubuntu 20.04": 11, "windows 8": 11, "windows 8.1": 11, "centos 7": 14, "freebsd 9": 4, "ubuntu 14.04": 9, "freebsd 13": 17, "centos 3": 2, "windows 7": 9, "centos 6": 8, "ubuntu 12.04": 5, "ubuntu 18.04": 12, "freebsd 12": 15, "freebsd 11": 9, "freebsd 10": 7, "centos 4": 3, "ubuntu 16.04": 7, "windows vista": 4, "windows xp": 1, "freebsd 8": 3}, "Initial Hosts Without Vulnerabilities": 31, "Host Compromises": {"record name": "Host Compromises", "x": [1902, 2440, 5818, 8263, 11389, 15795, 17905, 32508, 36312, 37013, 38624, 38848, 55325, 64050, 66878, 80359, 91997, 93478, 93575, 95076, 104414, 111813, 122992, 128659, 150810, 157950, 182010, 182129, 186112, 194562, 203148, 220558, 231606, 232056, 233476, 234986], "y": ["freebsd 13", "centos 3", "ubuntu 12.04", "centos 5", "windows 10", "centos 6", "windows 8", "windows 8.1", "freebsd 13", "freebsd 11", "centos 8", "windows 7", "windows 7", "freebsd 11", "centos 5", "centos 6", "windows vista", "freebsd 10", "centos 5", "centos 6", "windows 8", "centos 6", "windows 10", "windows vista", "windows 7", "windows 8.1", "freebsd 10", "freebsd 10", "centos 8", "ubuntu 16.04", "centos 4", "centos 7", "windows 7", "ubuntu 16.04", "windows 7", "freebsd 12"], "cumulative y": [0, 1, 2, 3, 4, 5, 6, 7, 8, 9, 10, 11, 12, 13, 14, 15, 16, 17, 18, 19, 20, 21, 22, 23, 24, 25, 26, 27, 28, 29, 30, 31, 32, 33, 34, 35], "total events": 36}, "Vuln Compromises": {"record name": "Vuln Compromises", "x": [1902, 2440, 5818, 8263, 11389, 15795, 17905, 32508, 37013, 38848, 55325, 64050, 66878, 80359, 91997, 93478, 93575, 95076, 104414, 111813, 128659, 150810, 157950, 182010, 182129, 203148, 220558, 231606, 232056, 233476, 234986], "y": ["freebsd 13", "centos 3", "ubuntu 12.04", "centos 5", "windows 10", "centos 6", "windows 8", "windows 8.1", "freebsd 11", "windows 7", "windows 7", "freebsd 11", "centos 5", "centos 6", "windows vista", "freebsd 10", "centos 5", "centos 6", "windows 8", "centos 6", "windows vista", "windows 7", "windows 8.1", "freebsd 10", "freebsd 10", "centos 4", "centos 7", "windows 7", "ubuntu 16.04", "windows 7", "freebsd 12"], "cumulative y": [0, 1, 2, 3, 4, 5, 6, 7, 8, 9, 10, 11, 12, 13, 14, 15, 16, 17, 18, 19, 20, 21, 22, 23, 24, 25, 26, 27, 28, 29, 30], "total events": 31}, "Reuse Password Compromises": {"record name": "Reuse Password Compromises", "x": [186112, 194562], "y": ["centos 8", "ubuntu 16.04"], "cumulative y": [0, 1], "total events": 2}, "Password Spray Compromises": {"record name": "Password Spray Compromises", "x": [36312, 38624, 122992], "y": ["freebsd 13", "centos 8", "windows 10"], "cumulative y": [0, 1, 2], "total events": 3}, "User Account Leaks": {"record name": "User Account Has Been Leaked By Compromise", "x": [1902, 1902, 1902, 2440, 2440, 2440, 5818, 5818, 5818, 8263, 8263, 11389, 11389, 15795, 15795, 17905, 17905, 32508, 32508, 32508, 36312, 36312, 37013, 38624, 38624, 55325, 64050, 64050, 66878, 66878, 80359, 91997, 93478, 93575, 93575, 93575, 95076, 95076, 122992, 128659, 128659, 150810, 157950, 182010, 182010, 182129, 186112, 203148, 203148, 231606, 234986, 234986], "y": ["Cordie", "Aurore", "Anabel", "Nichole", "Philomena", "Elisabeth", "Lorianne", "Lizzie", "Cristine", "Mellisent", "Keeley", "Lilla", "Lena", "Lina", "Marcellina", "Claudia", "Barbra", "Tatiania", "Laurette", "Vonnie", "Glynnis", "Mellicent", "Colette", "Erinn", "Enid", "Lorilee", "Andra", "Selle", "Rosalie", "Aeriell", "Jo-Anne", "Elene", "Kristal", "Ricky", "Wilma", "Lorne", "Renell", "Kaylee", "Susanne", "Betta", "Loralee", "Ardra", "Shani", "Christin", "Kelsey", "Verina", "Kathryn", "Romola", "Lorette", "Latrina", "Gus", "Idell"], "cumulative y": [0, 1, 2, 3, 4, 5, 6, 7, 8, 9, 10, 11, 12, 13, 14, 15, 16, 17, 18, 19, 20, 21, 22, 23, 24, 25, 26, 27, 28, 29, 30, 31, 32, 33, 34, 35, 36, 37, 38, 39, 40, 41, 42, 43, 44, 45, 46, 47, 48, 49, 50, 51], "total events": 52}, "Vulnerabilities Exploited": {"record name": "Vulnerabilities Exploited", "x": [345, 401, 509, 703, 703, 703, 1166, 1166, 1166, 1166, 1166, 1166, 1166, 1290, 1821, 1821, 1821, 1902, 1902, 2026, 2026, 2226, 2226, 2226, 2440, 2440, 2741, 3189, 3513, 3513, 3513, 3587, 4497, 4497, 4497, 4497, 4497, 4497, 4826, 5072, 5072, 5818, 5890, 5890, 7003, 7003, 7003, 7219, 7707, 7924, 7924, 8263, 8263, 8561, 8561, 9295, 9295, 9295, 9295, 9637, 9637, 10039, 10039, 10039, 10277, 10277, 10514, 10794, 10794, 11029, 11029, 12777, 14210, 14922, 15235, 15376, 16515, 16515, 17026, 17026, 17026, 17628, 18624, 18860, 19398, 21412, 21412, 21412, 21412, 21955, 21955, 22125, 23578, 25763, 27597, 29166, 31083, 31516, 31516, 31516, 31516, 32508, 32920, 34247, 36436, 36436, 37013, 38848, 38942, 40546, 48073, 49695, 49695, 50349, 52819, 54692, 55325, 55325, 56073, 56073, 59593, 64050, 66878, 66878, 66878, 68249, 70730, 70730, 78369, 79579, 91997, 91997, 91997, 95076, 104414, 109703, 128659, 150810, 150810, 157950, 210545], "cumulative exploited vulns": [0, 1, 2, 3, 4, 5, 6, 7, 8, 9, 10, 11, 12, 13, 14, 15, 16, 17, 18, 19, 20, 21, 22, 23, 24, 25, 26, 27, 28, 29, 30, 31, 32, 33, 34, 35, 36, 37, 38, 39, 40, 41, 42, 43, 44, 45, 46, 47, 48, 49, 50, 51, 52, 53, 54, 55, 56, 57, 58, 59, 60, 61, 62, 63, 64, 65, 66, 67, 68, 69, 70, 71, 72, 73, 74, 75, 76, 77, 78, 79, 80, 81, 82, 83, 84, 85, 86, 87, 88, 89, 90, 91, 92, 93, 94, 95, 96, 97, 98, 99, 100, 101, 102, 103, 104, 105, 106, 107, 108, 109, 110, 111, 112, 113, 114, 115, 116, 117, 118, 119, 120, 121, 122, 123, 124, 125, 126, 127, 128, 129, 130, 131, 132, 133, 134, 135, 136, 137, 138, 139, 140],