{"Total Initial Vulnerabilities": 776, "Initial Vulns Per OS": {"windows": {"10": 20, "7": 47, "8": 11, "xp": 38, "vista": 40, "8.1": 6}, "freebsd": {"12": 36, "13": 6, "8": 152, "10": 32, "9": 22, "11": 15}, "ubuntu": {"16.04": 28, "18.04": 18, "20.04": 25, "14.04": 18, "12.04": 12, "10.04": 90}, "centos": {"6": 26, "8": 15, "7": 38, "3": 27, "4": 43, "5": 11}}, "Average Initial RoA Per OS": {"windows": {"10": 0.030151932830619548, "7": 0.032030141201075835, "8": 0.0369596992867493, "xp": 0.05220332121528745, "vista": 0.04259940952989801, "8.1": 0.01235372245398572}, "freebsd": {"12": 0.04157542103349365, "13": 0.024479442490397834, "8": 0.06406440375222783, "10": 0.019854136882972738, "9": 0.03456384801541268, "11": 0.017453704016932407}, "ubuntu": {"16.04": 0.04066292722669895, "18.04": 0.05716183282451062, "20.04": 0.02456295173990987, "14.04": 0.05123269127394052, "12.04": 0.03539067843834928, "10.04": 0.07222160393532188}, "centos": {"6": 0.04924536991104477, "8": 0.03807462801511703, "7": 0.028372386906288155, "3": 0.0531824525204855, "4": 0.05613553731605693, "5": 0.01802371093503807}}, "OS Types In Initial Network": {"windows 10": 12, "freebsd 12": 12, "ubuntu 16.04": 11, "centos 6": 10, "freebsd 13": 8, "freebsd 8": 5, "ubuntu 18.04": 12, "windows 7": 12, "freebsd 11": 8, "centos 8": 11, "centos 7": 17, "windows 8": 3, "ubuntu 20.04": 17, "ubuntu 14.04": 10, "ubuntu 12.04": 3, "centos 5": 5, "freebsd 10": 10, "centos 3": 1, "centos 4": 6, "windows xp": 2, "freebsd 9": 5, "windows vista": 9, "windows 8.1": 7, "ubuntu 10.04": 4}, "Initial Hosts Without Vulnerabilities": 30, "Host Compromises": {"record name": "Host Compromises", "x": [4416, 5204, 5429, 7320, 7665, 8793, 11654, 16177, 17437, 24064, 24266, 25718, 36556, 37209, 47282, 55439, 57985, 64463, 67425, 72395, 77155, 92320, 93046, 94142, 95788, 119086, 136038, 143252, 145880, 191798, 201039, 205694, 229081], "y": ["freebsd 8", "ubuntu 14.04", "centos 6", "ubuntu 16.04", "windows 7", "windows 7", "windows xp", "freebsd 8", "windows 8", "freebsd 10", "freebsd 12", "centos 6", "centos 6", "centos 4", "windows 7", "centos 6", "ubuntu 16.04", "centos 4", "centos 4", "freebsd 9", "centos 8", "ubuntu 12.04", "freebsd 10", "freebsd 11", "ubuntu 10.04", "windows xp", "freebsd 13", "ubuntu 12.04", "ubuntu 14.04", "freebsd 12", "freebsd 11", "ubuntu 14.04", "freebsd 11"], "cumulative y": [0, 1, 2, 3, 4, 5, 6, 7, 8, 9, 10, 11, 12, 13, 14, 15, 16, 17, 18, 19, 20, 21, 22, 23, 24, 25, 26, 27, 28, 29, 30, 31, 32], "total events": 33}, "Vuln Compromises": {"record name": "Vuln Compromises", "x": [4416, 5204, 5429, 7320, 7665, 8793, 11654, 16177, 17437, 24064, 25718, 36556, 37209, 47282, 55439, 57985, 67425, 72395, 92320, 93046, 94142, 95788, 119086, 136038, 143252, 145880, 201039, 205694, 229081], "y": ["freebsd 8", "ubuntu 14.04", "centos 6", "ubuntu 16.04", "windows 7", "windows 7", "windows xp", "freebsd 8", "windows 8", "freebsd 10", "centos 6", "centos 6", "centos 4", "windows 7", "centos 6", "ubuntu 16.04", "centos 4", "freebsd 9", "ubuntu 12.04", "freebsd 10", "freebsd 11", "ubuntu 10.04", "windows xp", "freebsd 13", "ubuntu 12.04", "ubuntu 14.04", "freebsd 11", "ubuntu 14.04", "freebsd 11"], "cumulative y": [0, 1, 2, 3, 4, 5, 6, 7, 8, 9, 10, 11, 12, 13, 14, 15, 16, 17, 18, 19, 20, 21, 22, 23, 24, 25, 26, 27, 28], "total events": 29}, "Reuse Password Compromises": {"record name": "Reuse Password Compromises", "x": [], "y": [], "cumulative y": [], "total events": 0}, "Password Spray Compromises": {"record name": "Password Spray Compromises", "x": [24266, 64463, 77155, 191798], "y": ["freebsd 12", "centos 4", "centos 8", "freebsd 12"], "cumulative y": [0, 1, 2, 3], "total events": 4}, "User Account Leaks": {"record name": "User Account Has Been Leaked By Compromise", "x": [4416, 4416, 5204, 5204, 5204, 5429, 5429, 5429, 7320, 7665, 7665, 7665, 8793, 8793, 8793, 11654, 11654, 16177, 17437, 17437, 24064, 24064, 24266, 24266, 25718, 36556, 36556, 37209, 37209, 47282, 55439, 55439, 57985, 64463, 67425, 67425, 67425, 72395, 72395, 77155, 92320, 92320, 93046, 93046, 94142, 119086, 136038, 136038, 201039, 201039, 229081], "y": ["Kara", "Anissa", "Murielle", "Poppy", "Edwina", "Bridget", "Vanni", "Gilbertina", "Kala", "Astrid", "Rhodia", "Estell", "Sybille", "Cristy", "Glenine", "Merridie", "Lucinda", "Mariel", "Sephira", "Winni", "Ki", "Diahann", "Orel", "Nickie", "Olympia", "Shari", "Gale", "Datha", "Beryle", "Leanna", "Eva", "Livvyy", "Blisse", "Bianca", "Dannye", "Yasmeen", "Lissi", "Vikky", "Katerina", "Roselia", "Martelle", "Faustina", "Camella", "Dinnie", "Flossie", "Novelia", "Matilda", "Karlen", "Guinevere", "Violante", "Isa"], "cumulative y": [0, 1, 2, 3, 4, 5, 6, 7, 8, 9, 10, 11, 12, 13, 14, 15, 16, 17, 18, 19, 20, 21, 22, 23, 24, 25, 26, 27, 28, 29, 30, 31, 32, 33, 34, 35, 36, 37, 38, 39, 40, 41, 42, 43, 44, 45, 46, 47, 48, 49, 50], "total events": 51}, "Vulnerabilities Exploited": {"record name": "Vulnerabilities Exploited", "x": [419, 419, 615, 615, 615, 1814, 1814, 1814, 1814, 1814, 1814, 1814, 1814, 1814, 1814, 1814, 1814, 1860, 2008, 2008, 2475, 2475, 2475, 4416, 4416, 4416, 4416, 4416, 4416, 4416, 4416, 4416, 4416, 4416, 4416, 4416, 4416, 4416, 4416, 4416, 4416, 4416, 4594, 4787, 4787, 4888, 4888, 4888, 5204, 5204, 5429, 5429, 5429, 5970, 6954, 7320, 7665, 7665, 7665, 8141, 8259, 8793, 9147, 9147, 10237, 10237, 10237, 10237, 10237, 10237, 10237, 10237, 10237, 10237, 11654, 11654, 11654, 11654, 11654, 11654, 11654, 11654, 11654, 11654, 11654, 11654, 11654, 11654, 12131, 12131, 12710, 14605, 14825, 14987, 16177, 16177, 16177, 16177, 16177, 17106, 17106, 17437, 17804, 18435, 18435, 18435, 18435, 21286, 21286, 21286, 21286, 24064, 24064, 24156, 24156, 24707, 24707, 27324, 28230, 29937, 31263, 31263, 34399, 36556, 38029, 38029, 39135, 40304, 40927, 47282, 48217, 48217, 51288, 55190, 55190, 55439, 57985, 67425, 67425, 74176, 81324, 88671, 92320, 92752, 92752, 94142, 94702, 95788, 95788, 96753, 105392, 106820, 118170, 118510, 118510, 119086, 119086, 119086, 119086, 120949, 131510, 131510, 136038, 165098, 165953, 166909, 166909, 173012, 219298, 219298], "cumulative exploited vulns": [0, 1, 2, 3, 4, 5, 6, 7, 8, 9, 10, 11, 12, 13, 14, 15, 16, 17, 18, 19, 20, 21, 22, 23, 24, 25, 26, 27, 28, 29, 30, 31, 32, 33, 34, 35, 36, 37, 38, 39, 40, 41, 42, 43, 44, 45, 46, 47, 48, 49, 50, 51, 52, 53, 54, 55, 56, 57, 58, 59, 60, 61, 62, 63, 64, 65, 66, 67, 68, 69, 70, 71, 72, 73, 74, 75, 76, 77, 78, 79, 80, 81, 82, 83, 84, 85, 86, 87, 88, 89, 90, 91, 92, 93, 94, 95, 96, 97, 98, 99, 100, 101, 102, 103, 104, 105, 106, 107, 108, 109, 110, 111, 112, 113, 114, 115, 116, 117, 118, 119, 120, 121, 122, 123, 124, 125, 126, 127, 128, 129, 130, 131, 132, 133, 134, 135, 136, 137, 138, 139, 140, 141, 142, 143, 144, 145, 146, 147, 148, 149, 150, 151, 152, 153, 154, 155, 156, 157, 158, 159, 160, 161, 162, 163, 164, 165, 166, 167, 168, 169],