{"Total Initial Vulnerabilities": 644, "Initial Vulns Per OS": {"freebsd": {"13": 22, "12": 13, "10": 21, "9": 53, "11": 14}, "centos": {"3": 110, "6": 26, "5": 20, "8": 21, "4": 11, "7": 7}, "windows": {"8": 36, "8.1": 28, "10": 10, "7": 52, "vista": 25, "xp": 12}, "ubuntu": {"20.04": 4, "16.04": 12, "14.04": 26, "18.04": 23, "12.04": 22, "10.04": 76}}, "Average Initial RoA Per OS": {"freebsd": {"13": 0.030566697303693047, "12": 0.028893654122818465, "10": 0.04870352878963645, "9": 0.0819523929764584, "11": 0.008257011671064273}, "centos": {"3": 0.0639438644462945, "6": 0.060397154106692295, "5": 0.06140580093729779, "8": 0.03934461174137692, "4": 0.02865826260602139, "7": 0.02226051795061439}, "windows": {"8": 0.06131831117187606, "8.1": 0.06264440778522753, "10": 0.031698227243932064, "7": 0.05146402374367932, "vista": 0.0538256320161884, "xp": 0.10253520735972059}, "ubuntu": {"20.04": 0.038294994354314535, "16.04": 0.026770727858319434, "14.04": 0.03386449986285611, "18.04": 0.03110497407669456, "12.04": 0.05159205625885766, "10.04": 0.0604721252720626}}, "OS Types In Initial Network": {"freebsd 13": 15, "centos 3": 3, "windows 8": 14, "windows 8.1": 17, "ubuntu 20.04": 11, "centos 5": 6, "centos 6": 8, "windows 10": 11, "ubuntu 16.04": 6, "ubuntu 14.04": 7, "freebsd 12": 7, "freebsd 10": 5, "ubuntu 18.04": 12, "centos 7": 8, "windows vista": 6, "centos 8": 19, "centos 4": 3, "windows 7": 15, "freebsd 9": 10, "freebsd 11": 9, "ubuntu 12.04": 5, "windows xp": 1, "ubuntu 10.04": 2}, "Initial Hosts Without Vulnerabilities": 43, "Host Compromises": {"record name": "Host Compromises", "x": [502, 3565, 4338, 7497, 8633, 11507, 14457, 14520, 18912, 20933, 22638, 30574, 31604, 35230, 37131, 65412, 73314, 92582, 108704, 128935, 133467, 143942, 155438, 179062, 179151, 182118, 182526, 182971, 184408, 184812, 185530, 190701, 203780, 209470, 211011, 213616, 213746, 214625, 216987, 217104, 239381, 239944, 240609, 240757, 244603, 248098], "y": ["freebsd 13", "centos 5", "freebsd 10", "centos 5", "windows 8", "centos 3", "freebsd 10", "windows 8", "freebsd 9", "ubuntu 16.04", "freebsd 9", "centos 4", "freebsd 10", "freebsd 12", "freebsd 11", "ubuntu 14.04", "centos 6", "freebsd 13", "freebsd 9", "centos 6", "ubuntu 16.04", "centos 7", "windows 8", "ubuntu 18.04", "freebsd 9", "freebsd 9", "centos 6", "ubuntu 16.04", "centos 5", "ubuntu 12.04", "centos 5", "windows 8", "windows 8", "centos 4", "freebsd 11", "freebsd 10", "freebsd 9", "centos 6", "windows vista", "centos 8", "centos 7", "centos 5", "ubuntu 18.04", "freebsd 12", "centos 7", "ubuntu 10.04"], "cumulative y": [0, 1, 2, 3, 4, 5, 6, 7, 8, 9, 10, 11, 12, 13, 14, 15, 16, 17, 18, 19, 20, 21, 22, 23, 24, 25, 26, 27, 28, 29, 30, 31, 32, 33, 34, 35, 36, 37, 38, 39, 40, 41, 42, 43, 44, 45], "total events": 46}, "Vuln Compromises": {"record name": "Vuln Compromises", "x": [502, 3565, 4338, 7497, 8633, 11507, 14457, 14520, 18912, 20933, 22638, 30574, 31604, 35230, 37131, 65412, 73314, 92582, 108704, 128935, 143942, 155438, 179062, 179151, 182118, 182526, 182971, 184408, 184812, 185530, 190701, 203780, 209470, 211011, 213616, 213746, 214625, 216987, 217104, 239381, 239944, 240609, 240757, 244603, 248098], "y": ["freebsd 13", "centos 5", "freebsd 10", "centos 5", "windows 8", "centos 3", "freebsd 10", "windows 8", "freebsd 9", "ubuntu 16.04", "freebsd 9", "centos 4", "freebsd 10", "freebsd 12", "freebsd 11", "ubuntu 14.04", "centos 6", "freebsd 13", "freebsd 9", "centos 6", "centos 7", "windows 8", "ubuntu 18.04", "freebsd 9", "freebsd 9", "centos 6", "ubuntu 16.04", "centos 5", "ubuntu 12.04", "centos 5", "windows 8", "windows 8", "centos 4", "freebsd 11", "freebsd 10", "freebsd 9", "centos 6", "windows vista", "centos 8", "centos 7", "centos 5", "ubuntu 18.04", "freebsd 12", "centos 7", "ubuntu 10.04"], "cumulative y": [0, 1, 2, 3, 4, 5, 6, 7, 8, 9, 10, 11, 12, 13, 14, 15, 16, 17, 18, 19, 20, 21, 22, 23, 24, 25, 26, 27, 28, 29, 30, 31, 32, 33, 34, 35, 36, 37, 38, 39, 40, 41, 42, 43, 44], "total events": 45}, "Reuse Password Compromises": {"record name": "Reuse Password Compromises", "x": [], "y": [], "cumulative y": [], "total events": 0}, "Password Spray Compromises": {"record name": "Password Spray Compromises", "x": [133467], "y": ["ubuntu 16.04"], "cumulative y": [0], "total events": 1}, "User Account Leaks": {"record name": "User Account Has Been Leaked By Compromise", "x": [502, 502, 502, 3565, 3565, 3565, 4338, 4338, 4338, 7497, 7497, 7497, 8633, 8633, 8633, 11507, 11507, 11507, 14457, 14457, 14520, 18912, 18912, 20933, 20933, 20933, 30574, 30574, 31604, 31604, 35230, 37131, 37131, 65412, 65412, 65412, 73314, 73314, 108704, 108704, 128935, 143942, 155438, 155438, 179062, 179151, 179151, 182526, 182526, 182971, 182971, 184812, 185530, 214625, 216987, 240609, 244603], "y": ["Cherilyn", "Cecily", "Dulcia", "Guglielma", "Melisandra", "Ceil", "Lorianna", "Jacinthe", "Lorenza", "Karol", "Fifine", "Retha", "Aveline", "Cindie", "Jobyna", "Marinna", "Fleurette", "Janenna", "Sephira", "Blakelee", "Aurelie", "Sondra", "Viole", "Alia", "Lurette", "Janina", "Floria", "Kathleen", "Iolande", "Ula", "Illa", "Carolynn", "Marylee", "Annamaria", "Henryetta", "Austin", "Sheri", "Rosamond", "Arlee", "Karlotte", "Arden", "Lacy", "Fanchette", "Gayla", "Brana", "Tressa", "Eyde", "Maryanna", "Enriqueta", "Belicia", "Marley", "Glenine", "Glennis", "Hester", "Ulrica", "Jeanine", "Nicolette"], "cumulative y": [0, 1, 2, 3, 4, 5, 6, 7, 8, 9, 10, 11, 12, 13, 14, 15, 16, 17, 18, 19, 20, 21, 22, 23, 24, 25, 26, 27, 28, 29, 30, 31, 32, 33, 34, 35, 36, 37, 38, 39, 40, 41, 42, 43, 44, 45, 46, 47, 48, 49, 50, 51, 52, 53, 54, 55, 56], "total events": 57}, "Vulnerabilities Exploited": {"record name": "Vulnerabilities Exploited", "x": [502, 1140, 1140, 1140, 1140, 1140, 1140, 1140, 1140, 1140, 1140, 1712, 1712, 1712, 2132, 2272, 2795, 2795, 2981, 3105, 3105, 3105, 3363, 3565, 4178, 4338, 4388, 4840, 4961, 4961, 5584, 6132, 6132, 6511, 6511, 6939, 6939, 6939, 6939, 7041, 7497, 8633, 8633, 8973, 10105, 10105, 11507, 11507, 11507, 11507, 11507, 14457, 17251, 17566, 17566, 17835, 17835, 18272, 18272, 18912, 18912, 18912, 18987, 19473, 19473, 20409, 20933, 21713, 21713, 22745, 25104, 30145, 30574, 30574, 30676, 31063, 31604, 36364, 37131, 37571, 39093, 65412, 69545, 79293, 86005, 92682, 113365, 113365, 115794, 127962, 142495, 148044, 155438, 161775, 179151, 182118, 184408, 184408, 184408, 186890, 188713, 188713, 190701, 203340, 203892, 205472, 209470, 211011, 212207, 213241, 216987, 239565, 240226, 243392, 248098, 248098, 249859], "cumulative exploited vulns": [0, 1, 2, 3, 4, 5, 6, 7, 8, 9, 10, 11, 12, 13, 14, 15, 16, 17, 18, 19, 20, 21, 22, 23, 24, 25, 26, 27, 28, 29, 30, 31, 32, 33, 34, 35, 36, 37, 38, 39, 40, 41, 42, 43, 44, 45, 46, 47, 48, 49, 50, 51, 52, 53, 54, 55, 56, 57, 58, 59, 60, 61, 62, 63, 64, 65, 66, 67, 68, 69, 70, 71, 72, 73, 74, 75, 76, 77, 78, 79, 80, 81, 82, 83, 84, 85, 86, 87, 88, 89, 90, 91, 92, 93, 94, 95, 96, 97, 98, 99, 100, 101, 102, 103, 104, 105, 106, 107, 108, 109, 110, 111, 112, 113, 114, 115, 116],