{"Total Initial Vulnerabilities": 650, "Initial Vulns Per OS": {"ubuntu": {"16.04": 27, "18.04": 21, "14.04": 22, "20.04": 8, "12.04": 32, "10.04": 3}, "windows": {"vista": 54, "10": 14, "8": 19, "8.1": 32, "xp": 92, "7": 10}, "centos": {"4": 33, "7": 17, "8": 11, "6": 38, "5": 29, "3": 35}, "freebsd": {"12": 32, "11": 31, "13": 18, "10": 56, "9": 12, "8": 4}}, "Average Initial RoA Per OS": {"ubuntu": {"16.04": 0.06016038496978183, "18.04": 0.11666986258449999, "14.04": 0.06749906285181272, "20.04": 0.10162480815655663, "12.04": 0.0599164549249213, "10.04": 0.15847285453877696}, "windows": {"vista": 0.055079755112001694, "10": 0.0350441172791105, "8": 0.026447535990992057, "8.1": 0.054412130251609465, "xp": 0.056790264486476796, "7": 0.1315270140957185}, "centos": {"4": 0.0640299212074954, "7": 0.10956831809262874, "8": 0.12284001179039036, "6": 0.03647319450027096, "5": 0.039816853358727686, "3": 0.07595723474349216}, "freebsd": {"12": 0.0712850813495167, "11": 0.059170757657678284, "13": 0.1236031151761407, "10": 0.08038902894593755, "9": 0.018086905592298804, "8": 0.06240153717029916}}, "OS Types In Initial Network": {"ubuntu 16.04": 11, "windows 8.1": 16, "windows vista": 6, "centos 4": 5, "freebsd 12": 15, "ubuntu 18.04": 14, "ubuntu 20.04": 14, "windows 10": 16, "ubuntu 14.04": 5, "centos 7": 7, "freebsd 11": 11, "windows 8": 8, "centos 8": 15, "freebsd 13": 15, "windows xp": 3, "freebsd 10": 8, "centos 6": 10, "freebsd 9": 3, "centos 5": 6, "ubuntu 12.04": 6, "freebsd 8": 1, "windows 7": 2, "ubuntu 10.04": 1, "centos 3": 2}, "Initial Hosts Without Vulnerabilities": 38, "Host Compromises": {"record name": "Host Compromises", "x": [4936, 5543, 7540, 8557, 8771, 9795, 10028, 10282, 11257, 11889, 14445, 17801, 18107, 22601, 49629, 50670, 51354, 55295, 63374, 67657, 71241, 77717, 83574, 107165, 122953, 127893, 133014, 154661, 159648, 180411, 183342, 185146, 243131], "y": ["freebsd 10", "centos 6", "freebsd 12", "windows 8", "windows 7", "windows 8.1", "freebsd 8", "ubuntu 10.04", "freebsd 12", "windows 10", "ubuntu 16.04", "windows 10", "ubuntu 14.04", "windows xp", "ubuntu 18.04", "windows vista", "ubuntu 18.04", "windows xp", "centos 7", "centos 6", "ubuntu 16.04", "windows 8", "windows 8.1", "centos 3", "windows 10", "freebsd 12", "centos 8", "ubuntu 12.04", "centos 4", "centos 7", "freebsd 10", "freebsd 10", "ubuntu 18.04"], "cumulative y": [0, 1, 2, 3, 4, 5, 6, 7, 8, 9, 10, 11, 12, 13, 14, 15, 16, 17, 18, 19, 20, 21, 22, 23, 24, 25, 26, 27, 28, 29, 30, 31, 32], "total events": 33}, "Vuln Compromises": {"record name": "Vuln Compromises", "x": [4936, 5543, 7540, 8557, 8771, 9795, 10028, 10282, 11257, 11889, 17801, 18107, 22601, 49629, 50670, 51354, 55295, 63374, 67657, 71241, 77717, 83574, 107165, 122953, 127893, 133014, 154661, 159648, 180411, 183342, 185146, 243131], "y": ["freebsd 10", "centos 6", "freebsd 12", "windows 8", "windows 7", "windows 8.1", "freebsd 8", "ubuntu 10.04", "freebsd 12", "windows 10", "windows 10", "ubuntu 14.04", "windows xp", "ubuntu 18.04", "windows vista", "ubuntu 18.04", "windows xp", "centos 7", "centos 6", "ubuntu 16.04", "windows 8", "windows 8.1", "centos 3", "windows 10", "freebsd 12", "centos 8", "ubuntu 12.04", "centos 4", "centos 7", "freebsd 10", "freebsd 10", "ubuntu 18.04"], "cumulative y": [0, 1, 2, 3, 4, 5, 6, 7, 8, 9, 10, 11, 12, 13, 14, 15, 16, 17, 18, 19, 20, 21, 22, 23, 24, 25, 26, 27, 28, 29, 30, 31], "total events": 32}, "Reuse Password Compromises": {"record name": "Reuse Password Compromises", "x": [], "y": [], "cumulative y": [], "total events": 0}, "Password Spray Compromises": {"record name": "Password Spray Compromises", "x": [14445], "y": ["ubuntu 16.04"], "cumulative y": [0], "total events": 1}, "User Account Leaks": {"record name": "User Account Has Been Leaked By Compromise", "x": [4936, 4936, 4936, 5543, 5543, 7540, 7540, 7540, 8557, 8557, 8557, 8771, 8771, 9795, 9795, 9795, 10028, 10028, 10028, 10282, 11257, 11257, 11257, 11889, 11889, 11889, 14445, 14445, 17801, 18107, 18107, 22601, 49629, 50670, 50670, 51354, 51354, 63374, 63374, 77717, 83574, 107165, 122953, 122953, 133014, 154661, 154661, 159648, 180411, 185146, 243131], "y": ["Benedicta", "Marie", "Mel", "Judie", "Gizela", "Mercy", "Katherine", "Alyss", "Catrina", "Caralie", "Dacey", "Siana", "Layne", "Gertrud", "Felicity", "Tybi", "Mikaela", "Piper", "Concordia", "Ashia", "Lexy", "Drucy", "Rosalyn", "Rosita", "Lucinda", "Karly", "Rhona", "Reta", "Maud", "Josey", "Drucill", "Liz", "Jaquenetta", "Laurel", "Mirabel", "Mellicent", "Sari", "Nettle", "Cristine", "Jobi", "Glenn", "Cherie", "Jacynth", "Astrid", "Shay", "Nancee", "Eddie", "Binni", "Eileen", "Margy", "Angelita"], "cumulative y": [0, 1, 2, 3, 4, 5, 6, 7, 8, 9, 10, 11, 12, 13, 14, 15, 16, 17, 18, 19, 20, 21, 22, 23, 24, 25, 26, 27, 28, 29, 30, 31, 32, 33, 34, 35, 36, 37, 38, 39, 40, 41, 42, 43, 44, 45, 46, 47, 48, 49, 50], "total events": 51}, "Vulnerabilities Exploited": {"record name": "Vulnerabilities Exploited", "x": [172, 172, 768, 1001, 1001, 1240, 1278, 1389, 1389, 1652, 1951, 3540, 3540, 3540, 3540, 3540, 3540, 3540, 3540, 3540, 3540, 3540, 3540, 3540, 3540, 3540, 3540, 3540, 3983, 3983, 4088, 4088, 4088, 4235, 4348, 4936, 4936, 4936, 5398, 5398, 5543, 5602, 5686, 5818, 6051, 6051, 7298, 9335, 9795, 10028, 10282, 11257, 11257, 11889, 14930, 14930, 14930, 19299, 22601, 22601, 22601, 28491, 28994, 29409, 30192, 32994, 33498, 35192, 36129, 41578, 47285, 48584, 50365, 50365, 50670, 50670, 50670, 51114, 51745, 51745, 51745, 54349, 54632, 55295, 60108, 60108, 60108, 67657, 71241, 85379, 85379, 85379, 86202, 102298, 102298, 102622, 103211, 104601, 104601, 106140, 107165, 107165, 107996, 107996, 126089, 141880, 148511, 155498, 155498, 159648, 182640, 185146, 185146, 185146, 185146, 186975, 194046, 216538, 218400, 240412, 240412], "cumulative exploited vulns": [0, 1, 2, 3, 4, 5, 6, 7, 8, 9, 10, 11, 12, 13, 14, 15, 16, 17, 18, 19, 20, 21, 22, 23, 24, 25, 26, 27, 28, 29, 30, 31, 32, 33, 34, 35, 36, 37, 38, 39, 40, 41, 42, 43, 44, 45, 46, 47, 48, 49, 50, 51, 52, 53, 54, 55, 56, 57, 58, 59, 60, 61, 62, 63, 64, 65, 66, 67, 68, 69, 70, 71, 72, 73, 74, 75, 76, 77, 78, 79, 80, 81, 82, 83, 84, 85, 86, 87, 88, 89, 90, 91, 92, 93, 94, 95, 96, 97, 98, 99, 100, 101, 102, 103, 104, 105, 106, 107, 108, 109, 110, 111, 112, 113, 114, 115, 116, 117, 118, 119, 120],