{"Total Initial Vulnerabilities": 745, "Initial Vulns Per OS": {"ubuntu": {"12.04": 13, "16.04": 20, "14.04": 28, "20.04": 5, "18.04": 16, "10.04": 79}, "centos": {"7": 11, "6": 40, "5": 45, "4": 30, "8": 9, "3": 15}, "windows": {"8.1": 17, "8": 28, "xp": 149, "10": 8, "7": 36, "vista": 33}, "freebsd": {"11": 34, "13": 4, "9": 33, "12": 6, "8": 63, "10": 23}}, "Average Initial RoA Per OS": {"ubuntu": {"12.04": 0.05509808734637005, "16.04": 0.053982099826577604, "14.04": 0.05034139610511231, "20.04": 0.005304484854360728, "18.04": 0.02532978348303144, "10.04": 0.054072071082362706}, "centos": {"7": 0.05680758202004966, "6": 0.024778081619963536, "5": 0.07811279839381464, "4": 0.0726149500199011, "8": 0.057401502612943606, "3": 0.08698498330006367}, "windows": {"8.1": 0.02509433540751533, "8": 0.027080435065353247, "xp": 0.050261010400633924, "10": 0.08458833673179407, "7": 0.10042671576989577, "vista": 0.06727767997422263}, "freebsd": {"11": 0.0316408222080205, "13": 0.06249592992078775, "9": 0.09117575055536414, "12": 0.04439487380351916, "8": 0.05596925677999869, "10": 0.03859370184760779}}, "OS Types In Initial Network": {"ubuntu 12.04": 3, "centos 7": 7, "centos 8": 18, "centos 6": 14, "ubuntu 16.04": 10, "windows 8.1": 16, "centos 5": 8, "ubuntu 14.04": 6, "freebsd 11": 12, "freebsd 13": 10, "freebsd 12": 13, "windows 10": 14, "windows 8": 8, "ubuntu 20.04": 10, "windows xp": 5, "centos 4": 6, "windows 7": 6, "freebsd 9": 5, "ubuntu 18.04": 13, "windows vista": 6, "ubuntu 10.04": 2, "freebsd 8": 2, "centos 3": 1, "freebsd 10": 5}, "Initial Hosts Without Vulnerabilities": 59, "Host Compromises": {"record name": "Host Compromises", "x": [709, 2392, 4807, 10459, 10950, 15481, 17586, 24252, 35160, 37733, 39768, 42939, 43424, 44181, 44256, 44558, 45148, 47782, 48641, 48721, 55364, 55564, 55850, 56011, 57396, 59481, 59572, 61221, 61431, 63882, 65547, 67251, 70207, 70305, 70724, 72297, 83688, 84223, 93458, 95352, 96423, 97329, 98593, 100535, 104866, 105322, 115910, 119467, 127914, 132497, 133123, 157004, 161297, 163264, 165560, 166516, 170495, 177555, 181392, 232622], "y": ["centos 5", "windows xp", "freebsd 9", "freebsd 11", "freebsd 12", "windows 8", "ubuntu 12.04", "ubuntu 18.04", "ubuntu 12.04", "windows xp", "freebsd 11", "freebsd 8", "centos 6", "windows 8.1", "windows 8", "centos 8", "ubuntu 14.04", "ubuntu 14.04", "centos 5", "centos 6", "centos 4", "ubuntu 12.04", "freebsd 11", "ubuntu 16.04", "centos 3", "ubuntu 16.04", "freebsd 10", "windows xp", "centos 5", "centos 8", "windows 7", "freebsd 13", "ubuntu 20.04", "centos 8", "freebsd 11", "freebsd 9", "ubuntu 14.04", "freebsd 11", "ubuntu 16.04", "centos 7", "windows vista", "windows 8", "ubuntu 14.04", "windows 8.1", "windows 8.1", "centos 5", "windows vista", "windows xp", "windows 7", "ubuntu 14.04", "windows vista", "ubuntu 18.04", "centos 5", "freebsd 12", "freebsd 8", "ubuntu 16.04", "centos 5", "ubuntu 16.04", "freebsd 11", "ubuntu 14.04"], "cumulative y": [0, 1, 2, 3, 4, 5, 6, 7, 8, 9, 10, 11, 12, 13, 14, 15, 16, 17, 18, 19, 20, 21, 22, 23, 24, 25, 26, 27, 28, 29, 30, 31, 32, 33, 34, 35, 36, 37, 38, 39, 40, 41, 42, 43, 44, 45, 46, 47, 48, 49, 50, 51, 52, 53, 54, 55, 56, 57, 58, 59], "total events": 60}, "Vuln Compromises": {"record name": "Vuln Compromises", "x": [709, 2392, 4807, 10459, 15481, 17586, 37733, 42939, 45148, 47782, 48641, 55364, 55564, 56011, 57396, 59572, 61431, 72297, 83688, 84223, 96423, 97329, 98593, 105322, 115910, 119467, 127914, 132497, 133123, 161297, 163264, 165560, 170495, 177555, 181392, 232622], "y": ["centos 5", "windows xp", "freebsd 9", "freebsd 11", "windows 8", "ubuntu 12.04", "windows xp", "freebsd 8", "ubuntu 14.04", "ubuntu 14.04", "centos 5", "centos 4", "ubuntu 12.04", "ubuntu 16.04", "centos 3", "freebsd 10", "centos 5", "freebsd 9", "ubuntu 14.04", "freebsd 11", "windows vista", "windows 8", "ubuntu 14.04", "centos 5", "windows vista", "windows xp", "windows 7", "ubuntu 14.04", "windows vista", "centos 5", "freebsd 12", "freebsd 8", "centos 5", "ubuntu 16.04", "freebsd 11", "ubuntu 14.04"], "cumulative y": [0, 1, 2, 3, 4, 5, 6, 7, 8, 9, 10, 11, 12, 13, 14, 15, 16, 17, 18, 19, 20, 21, 22, 23, 24, 25, 26, 27, 28, 29, 30, 31, 32, 33, 34, 35], "total events": 36}, "Reuse Password Compromises": {"record name": "Reuse Password Compromises", "x": [10950, 43424, 44181, 44256, 44558, 48721, 59481, 61221, 63882, 65547, 67251, 70305, 70724, 93458, 95352, 100535, 166516], "y": ["freebsd 12", "centos 6", "windows 8.1", "windows 8", "centos 8", "centos 6", "ubuntu 16.04", "windows xp", "centos 8", "windows 7", "freebsd 13", "centos 8", "freebsd 11", "ubuntu 16.04", "centos 7", "windows 8.1", "ubuntu 16.04"], "cumulative y": [0, 1, 2, 3, 4, 5, 6, 7, 8, 9, 10, 11, 12, 13, 14, 15, 16], "total events": 17}, "Password Spray Compromises": {"record name": "Password Spray Compromises", "x": [24252, 35160, 39768, 55850, 70207, 104866, 157004], "y": ["ubuntu 18.04", "ubuntu 12.04", "freebsd 11", "freebsd 11", "ubuntu 20.04", "windows 8.1", "ubuntu 18.04"], "cumulative y": [0, 1, 2, 3, 4, 5, 6], "total events": 7}, "User Account Leaks": {"record name": "User Account Has Been Leaked By Compromise", "x": [709, 709, 709, 2392, 2392, 4807, 4807, 4807, 10459, 10459, 10459, 10950, 10950, 15481, 15481, 15481, 17586, 17586, 24252, 35160, 35160, 37733, 39768, 39768, 42939, 42939, 42939, 43424, 43424, 44181, 44256, 44256, 44558, 45148, 45148, 47782, 48641, 48721, 55364, 55364, 55564, 55564, 55564, 56011, 59572, 61221, 61431, 67251, 67251, 70305, 70724, 72297, 83688, 96423, 100535, 104866, 105322, 119467, 157004, 161297, 163264, 170495, 232622], "y": ["Viviana", "Martha", "Sidoney", "Lisabeth", "Meghann", "Leigha", "Elita", "Lian", "Siouxie", "Peggie", "Esmaria", "Amberly", "Leoine", "Lory", "Wandis", "Shirlene", "Rosemonde", "Fernanda", "Anatola", "Amitie", "Lyndell", "Opal", "Brande", "Star", "Inesita", "Layne", "Kettie", "Rhonda", "Faina", "Jaynell", "Cyndie", "Ermentrude", "Orelie", "Fannie", "Bernadene", "Rahal", "Alta", "Violet", "Starlene", "Livvie", "Annadiana", "Chelsie", "Regina", "Marlie", "Shelba", "Jacinda", "Mada", "Danika", "Joellyn", "Fifine", "Raine", "Cynthy", "Merry", "Ania", "Aviva", "Lorrie", "Cassey", "Dorita", "Stevena", "Rosaleen", "Rhoda", "Kacie", "Lebbie"], "cumulative y": [0, 1, 2, 3, 4, 5, 6, 7, 8, 9, 10, 11, 12, 13, 14, 15, 16, 17, 18, 19, 20, 21, 22, 23, 24, 25, 26, 27, 28, 29, 30, 31, 32, 33, 34, 35, 36, 37, 38, 39, 40, 41, 42, 43, 44, 45, 46, 47, 48, 49, 50, 51, 52, 53, 54, 55, 56, 57, 58, 59, 60, 61, 62], "total events": 63}, "Vulnerabilities Exploited": {"record name": "Vulnerabilities Exploited", "x": [307, 427, 427, 427, 591, 635, 709, 709, 1061, 1061, 2060, 2161, 2392, 3048, 3048, 4340, 4340, 4340, 4340, 4340, 4340, 4340, 4340, 4340, 4340, 4340, 4340, 4340, 4583, 4583, 4583, 4807, 5439, 5624, 5807, 6407, 6407, 6597, 7545, 8096, 9174, 9174, 9174, 9174, 9174, 9174, 9174, 9174, 9333, 9492, 9803, 10774, 11231, 12562, 12767, 13552, 13552, 13552, 13552, 14785, 15979, 16912, 16912, 17194, 17420, 17586, 18483, 19066, 19066, 21142, 21142, 21142, 21142, 21142, 24162, 26515, 28394, 29103, 29103, 30962, 30962, 34172, 34172, 36784, 36784, 37733, 37733, 37733, 41842, 42939, 42939, 43520, 45148, 47782, 47782, 47915, 48641, 55093, 56594, 57396, 57396, 59668, 61431, 66624, 67754, 72297, 78682, 80297, 84782, 85259, 85259, 85259, 100635, 103829, 104961, 111522, 112333, 113266, 113266, 115910, 116487, 117250, 132651, 132651, 133123, 140750, 161297, 165560, 165560, 165560, 165560, 165560, 166107, 184168, 190435, 245584],