{"Total Initial Vulnerabilities": 585, "Initial Vulns Per OS": {"ubuntu": {"20.04": 12, "12.04": 40, "16.04": 18, "18.04": 39, "14.04": 26, "10.04": 21}, "freebsd": {"13": 13, "11": 13, "12": 17, "10": 5, "8": 52, "9": 20}, "windows": {"10": 25, "8": 34, "7": 60, "8.1": 34, "vista": 8, "xp": 6}, "centos": {"6": 35, "8": 6, "5": 43, "7": 11, "3": 30, "4": 17}}, "Average Initial RoA Per OS": {"ubuntu": {"20.04": 0.012879360959403681, "12.04": 0.048150222699667046, "16.04": 0.065268954270892, "18.04": 0.03296945207990402, "14.04": 0.07124534995596894, "10.04": 0.036777152488835896}, "freebsd": {"13": 0.05027001898485444, "11": 0.04385887970877041, "12": 0.08161065447042395, "10": 0.10846632218613945, "8": 0.0805349904322618, "9": 0.07214547996275404}, "windows": {"10": 0.013222355874196592, "8": 0.026155688256368426, "7": 0.09255974476109266, "8.1": 0.02571967091338482, "vista": 0.03450964197210887, "xp": 0.034357820669952625}, "centos": {"6": 0.020351308956993313, "8": 0.01859636456479939, "5": 0.08625242587910238, "7": 0.023570953928883132, "3": 0.06259197427920134, "4": 0.07802659376528234}}, "OS Types In Initial Network": {"centos 8": 7, "ubuntu 20.04": 13, "ubuntu 12.04": 7, "freebsd 13": 18, "freebsd 11": 4, "windows 10": 15, "centos 6": 15, "windows 8": 9, "freebsd 12": 12, "ubuntu 16.04": 7, "centos 5": 10, "windows 7": 11, "ubuntu 18.04": 17, "centos 7": 11, "ubuntu 14.04": 9, "windows 8.1": 15, "centos 3": 3, "freebsd 10": 2, "freebsd 8": 2, "freebsd 9": 5, "centos 4": 3, "windows vista": 3, "windows xp": 1, "ubuntu 10.04": 1}, "Initial Hosts Without Vulnerabilities": 40, "Host Compromises": {"record name": "Host Compromises", "x": [1799, 4135, 6049, 6958, 14760, 14867, 17957, 91755, 146937], "y": ["centos 5", "ubuntu 12.04", "centos 6", "freebsd 8", "freebsd 9", "windows 7", "centos 5", "centos 5", "ubuntu 14.04"], "cumulative y": [0, 1, 2, 3, 4, 5, 6, 7, 8], "total events": 9}, "Vuln Compromises": {"record name": "Vuln Compromises", "x": [1799, 4135, 6049, 6958, 14760, 14867, 17957, 91755, 146937], "y": ["centos 5", "ubuntu 12.04", "centos 6", "freebsd 8", "freebsd 9", "windows 7", "centos 5", "centos 5", "ubuntu 14.04"], "cumulative y": [0, 1, 2, 3, 4, 5, 6, 7, 8], "total events": 9}, "Reuse Password Compromises": {"record name": "Reuse Password Compromises", "x": [], "y": [], "cumulative y": [], "total events": 0}, "Password Spray Compromises": {"record name": "Password Spray Compromises", "x": [], "y": [], "cumulative y": [], "total events": 0}, "User Account Leaks": {"record name": "User Account Has Been Leaked By Compromise", "x": [1799, 1799, 1799, 4135, 4135, 4135, 6049, 6049, 6049, 6958, 6958, 6958, 14760, 14867, 14867, 14867, 17957, 17957, 17957, 91755, 146937, 146937], "y": ["Juliann", "Iona", "Ulrike", "Mireielle", "Elladine", "Janenna", "Liliane", "Petrina", "Cassandre", "Georgeanne", "Justine", "Chandal", "Terry", "Anna-Diane", "Ibbie", "Maddalena", "Audre", "Fernande", "Amii", "Genvieve", "Milly", "Arlana"], "cumulative y": [0, 1, 2, 3, 4, 5, 6, 7, 8, 9, 10, 11, 12, 13, 14, 15, 16, 17, 18, 19, 20, 21], "total events": 22}, "Vulnerabilities Exploited": {"record name": "Vulnerabilities Exploited", "x": [240, 291, 607, 1709, 1799, 2019, 2442, 2442, 2670, 3205, 3205, 3205, 3292, 3348, 3555, 4135, 4135, 4361, 4361, 4361, 5225, 5225, 6049, 6049, 6172, 6172, 6172, 6389, 6507, 6697, 6697, 6958, 6958, 7207, 7207, 7471, 7471, 9615, 10210, 10338, 10740, 11464, 11464, 11570, 11918, 12457, 12851, 13534, 13534, 13534, 13796, 13943, 13943, 14760, 14867, 15112, 15112, 15464, 18273, 19759, 19759, 20516, 21367, 23649, 28807, 32242, 34235, 38738, 44385, 49308, 55862, 91755, 92042, 92260, 92260, 97770, 146937, 147033], "cumulative exploited vulns": [0, 1, 2, 3, 4, 5, 6, 7, 8, 9, 10, 11, 12, 13, 14, 15, 16, 17, 18, 19, 20, 21, 22, 23, 24, 25, 26, 27, 28, 29, 30, 31, 32, 33, 34, 35, 36, 37, 38, 39, 40, 41, 42, 43, 44, 45, 46, 47, 48, 49, 50, 51, 52, 53, 54, 55, 56, 57, 58, 59, 60, 61, 62, 63, 64, 65, 66, 67, 68, 69, 70, 71, 72, 73, 74, 75, 76, 77], "roa": [0.07333542292185694, 0.027557977388071614, 0.6410532778497467, 0.16110472695724168, 0.5388431656590099, 0.2873781453387174, 0.41009443022475267, 0.3331985945147657, 0.2271128761589491, 0.6965753795576707, 0.16670187346229334, 0.14722206503953914, 0.013413389975366058, 0.42870717223158694, 0.5371202106932778, 0.4897041577194229, 0.10302853321717101, 0.5881825588691735, 0.14830327900817433, 0.21865158829575596, 0.572511378360984, 0.04487329031342431, 0.37438165445148397, 0.04704653618372187, 0.276879031354631, 0.0390391611518303, 0.19091829615795378, 0.20845210919279764, 0.012464000683087431, 0.7423062710747816, 0.7423062710747816, 0.9035957095216869, 0.3929522724852086, 0.38322327742650225, 0.005153578043119432, 0.7014584603677718, 0.16480869607260643, 0.19786370234003955, 0.1532412851726968, 0.3412560647707619, 0.13065751777373866, 0.8548406060145048, 0.4960432525679182, 0.04069451967509143, 0.034729435085541646, 0.5343039888490634, 0.14306756286914601, 0.10781669226161303, 0.15857725539603382, 0.15857725539603382, 0.33430101575539456, 0.5770860770764756, 0.0881821448822223, 0.36153077952730944, 0.7930557729484253, 0.7320417619170765, 0.12233460889749741, 0.08858648101956937, 0.24195438183463963, 0.286283999066704, 0.008187311955543685, 0.4374773328733742, 0.05932110317137782, 0.0441753220449962, 0.05505330835075115, 0.2126834835377772, 0.02906357902575497, 0.14408335851442486, 0.30611965717165157, 0.21148734753655857, 0.1926994575770534, 0.07216292253919682, 0.07720400206270654, 0.7887508225934213, 0.2696821174573329, 0.07974598702695564, 0.11953820263838819, 0.3163814909851462], "impact": [0.7560645468518468, 0.39262115349769866, 7.534198714631959, 1.651953308893609, 7.089730978702966, 5.502159244564688, 4.43419068482987, 3.5618112575812777, 2.4361972293565004, 7.826209100532814, 2.486792616564352, 3.9177524274355746, 0.14581268063396435, 5.394873384628997, 5.648977993484795, 7.016485759111203, 1.2779061125305868, 9.677994892824437, 3.507613089701267, 3.7810383472238875, 8.861316723306192, 0.8240625429529913, 8.986873444165537, 2.0389680327230195, 3.1499574311487732, 1.4502452249087072, 4.611241224807243, 4.2606020882038065, 0.14401608759065487, 9.055342773538472, 9.055342773538472, 9.564504426469773, 4.685394385656831, 9.220907934635784, 0.20355759627477266, 8.610009921271688, 6.124329258240001, 9.834280061424788, 4.858756503084972, 6.490091226666353, 7.538232115481395, 9.316853279095248, 8.656398532191687, 0.4710451041385544, 4.2144125703192525, 6.4078510170358385, 2.9240362655545296, 2.6523715973931763, 2.9838453391804567, 2.9838453391804567, 5.880306868226763, 6.946814199572443, 4.038703956478264, 4.649668587288868, 8.964448275948575, 9.583211619775321, 5.922027481303912, 2.5759238641629123, 6.1951411952353395, 7.361994671531137, 0.47067122113578774, 8.13246538669338, 3.5204975454239418, 0.8860204651937964, 2.7426522112320484, 9.378842077239794, 0.7961777497677103, 7.743244959227433, 8.547218130698475, 8.570152273197126, 6.298102462647157, 9.34186052110147, 0.9585013760694894, 9.05553026126039, 7.143471538670681, 0.9481180404574496, 6.967020353378439, 6.379648021147814],