{"Total Initial Vulnerabilities": 747, "Initial Vulns Per OS": {"freebsd": {"9": 21, "12": 16, "11": 51, "10": 23, "13": 11, "8": 74}, "windows": {"7": 16, "8.1": 25, "10": 11, "8": 38, "vista": 14, "xp": 119}, "ubuntu": {"16.04": 41, "20.04": 10, "18.04": 13, "12.04": 54, "14.04": 16, "10.04": 33}, "centos": {"7": 10, "3": 67, "6": 45, "8": 23, "4": 3, "5": 13}}, "Average Initial RoA Per OS": {"freebsd": {"9": 0.05392094084126702, "12": 0.07530306649019182, "11": 0.055081599416870984, "10": 0.05404310965609002, "13": 0.06455857655062908, "8": 0.03211997638150142}, "windows": {"7": 0.019027598281553672, "8.1": 0.09463284934811736, "10": 0.03435118965090266, "8": 0.050579152792552026, "vista": 0.04739790692095359, "xp": 0.06377887245575894}, "ubuntu": {"16.04": 0.04861598827618884, "20.04": 0.032609980032069816, "18.04": 0.10408017029231621, "12.04": 0.06542475366714696, "14.04": 0.026808862325837374, "10.04": 0.04287930234742091}, "centos": {"7": 0.02250360677637577, "3": 0.07471578001680027, "6": 0.06848658247264622, "8": 0.040241872716834236, "4": 0.0077152977496583895, "5": 0.04655635546348742}}, "OS Types In Initial Network": {"freebsd 9": 3, "windows 7": 6, "freebsd 11": 13, "ubuntu 16.04": 12, "windows 8.1": 19, "centos 7": 7, "centos 3": 2, "centos 6": 12, "centos 8": 23, "freebsd 12": 14, "ubuntu 20.04": 13, "freebsd 10": 8, "windows 10": 12, "windows 8": 13, "centos 5": 4, "ubuntu 18.04": 6, "ubuntu 12.04": 8, "windows vista": 3, "centos 4": 1, "ubuntu 14.04": 8, "freebsd 13": 7, "freebsd 8": 2, "windows xp": 3, "ubuntu 10.04": 1}, "Initial Hosts Without Vulnerabilities": 42, "Host Compromises": {"record name": "Host Compromises", "x": [432, 2293, 2671, 3885, 5421, 6573, 7729, 7823, 8064, 13317, 17008, 19733, 25215, 26181, 31415, 31833, 34070, 34143, 36639, 37782, 40609, 42048, 45491, 45551, 48889, 49415, 51072, 65585, 73133, 75433, 75511, 93165, 93269, 94958, 99284, 103137, 107891, 124592, 126073, 132873, 134733, 135700, 136505, 138232, 139066, 174577, 176504, 206908, 247570], "y": ["freebsd 9", "centos 3", "freebsd 12", "freebsd 8", "freebsd 11", "windows 8", "windows 8", "windows 8", "centos 6", "windows 8.1", "windows 8.1", "freebsd 10", "windows vista", "ubuntu 12.04", "windows 7", "freebsd 11", "centos 8", "freebsd 10", "freebsd 11", "freebsd 13", "freebsd 11", "centos 7", "freebsd 11", "freebsd 12", "ubuntu 16.04", "windows 10", "windows 8", "ubuntu 16.04", "windows 7", "ubuntu 20.04", "freebsd 11", "freebsd 12", "freebsd 10", "centos 6", "freebsd 8", "centos 7", "windows 10", "ubuntu 16.04", "ubuntu 16.04", "centos 6", "freebsd 12", "ubuntu 14.04", "centos 7", "windows 8.1", "ubuntu 16.04", "freebsd 11", "centos 7", "freebsd 12", "freebsd 13"], "cumulative y": [0, 1, 2, 3, 4, 5, 6, 7, 8, 9, 10, 11, 12, 13, 14, 15, 16, 17, 18, 19, 20, 21, 22, 23, 24, 25, 26, 27, 28, 29, 30, 31, 32, 33, 34, 35, 36, 37, 38, 39, 40, 41, 42, 43, 44, 45, 46, 47, 48], "total events": 49}, "Vuln Compromises": {"record name": "Vuln Compromises", "x": [432, 2293, 2671, 3885, 5421, 6573, 7729, 7823, 8064, 13317, 17008, 19733, 25215, 26181, 34070, 36639, 37782, 40609, 45491, 48889, 51072, 65585, 73133, 75511, 93165, 94958, 99284, 103137, 124592, 135700], "y": ["freebsd 9", "centos 3", "freebsd 12", "freebsd 8", "freebsd 11", "windows 8", "windows 8", "windows 8", "centos 6", "windows 8.1", "windows 8.1", "freebsd 10", "windows vista", "ubuntu 12.04", "centos 8", "freebsd 11", "freebsd 13", "freebsd 11", "freebsd 11", "ubuntu 16.04", "windows 8", "ubuntu 16.04", "windows 7", "freebsd 11", "freebsd 12", "centos 6", "freebsd 8", "centos 7", "ubuntu 16.04", "ubuntu 14.04"], "cumulative y": [0, 1, 2, 3, 4, 5, 6, 7, 8, 9, 10, 11, 12, 13, 14, 15, 16, 17, 18, 19, 20, 21, 22, 23, 24, 25, 26, 27, 28, 29], "total events": 30}, "Reuse Password Compromises": {"record name": "Reuse Password Compromises", "x": [31415, 31833, 34143, 42048, 45551, 49415, 93269, 126073, 134733, 136505, 139066], "y": ["windows 7", "freebsd 11", "freebsd 10", "centos 7", "freebsd 12", "windows 10", "freebsd 10", "ubuntu 16.04", "freebsd 12", "centos 7", "ubuntu 16.04"], "cumulative y": [0, 1, 2, 3, 4, 5, 6, 7, 8, 9, 10], "total events": 11}, "Password Spray Compromises": {"record name": "Password Spray Compromises", "x": [75433, 107891, 132873, 138232, 174577, 176504, 206908, 247570], "y": ["ubuntu 20.04", "windows 10", "centos 6", "windows 8.1", "freebsd 11", "centos 7", "freebsd 12", "freebsd 13"], "cumulative y": [0, 1, 2, 3, 4, 5, 6, 7], "total events": 8}, "User Account Leaks": {"record name": "User Account Has Been Leaked By Compromise", "x": [432, 432, 432, 2293, 2293, 2671, 2671, 2671, 3885, 3885, 3885, 5421, 5421, 6573, 6573, 7729, 7729, 7823, 7823, 7823, 8064, 8064, 8064, 17008, 17008, 17008, 19733, 19733, 25215, 25215, 26181, 26181, 31415, 31833, 34070, 34143, 36639, 36639, 37782, 37782, 42048, 45491, 45551, 48889, 49415, 75433, 93165, 99284, 107891, 124592, 124592, 126073, 135700, 139066, 176504], "y": ["Danyette", "Jeanelle", "Janith", "Albertine", "Shelba", "Lucky", "Glyn", "Shea", "Rheta", "Shell", "Cecily", "Viva", "Dareen", "Lyssa", "Agretha", "Barbra", "Lila", "Eolande", "Maris", "Karol", "Essy", "Bettine", "Cassey", "Rebbecca", "Glynnis", "Ranna", "Winnah", "Ceciley", "Verile", "Jocelyne", "Bert", "Renee", "Margareta", "Yolanthe", "Ashla", "Iolande", "Ros", "Giulietta", "Riva", "Glennis", "Fredi", "Darla", "Lonnie", "Malva", "Celestyn", "Jade", "Zia", "Nana", "Hermia", "Devon", "Kattie", "Winonah", "Camel", "Tonie", "Gerti"], "cumulative y": [0, 1, 2, 3, 4, 5, 6, 7, 8, 9, 10, 11, 12, 13, 14, 15, 16, 17, 18, 19, 20, 21, 22, 23, 24, 25, 26, 27, 28, 29, 30, 31, 32, 33, 34, 35, 36, 37, 38, 39, 40, 41, 42, 43, 44, 45, 46, 47, 48, 49, 50, 51, 52, 53, 54], "total events": 55}, "Vulnerabilities Exploited": {"record name": "Vulnerabilities Exploited", "x": [432, 432, 432, 947, 1430, 1430, 1623, 2293, 2293, 2293, 2293, 2293, 2293, 2293, 2293, 2293, 2293, 2293, 2293, 2671, 3885, 3885, 3885, 3885, 3885, 3885, 3885, 3885, 3885, 3885, 3885, 3885, 3885, 3885, 4311, 4311, 5161, 5421, 5421, 5421, 5822, 6061, 6573, 7400, 7729, 7823, 8064, 8398, 9914, 9914, 9914, 9914, 9914, 10218, 10218, 10910, 12516, 12516, 12516, 12516, 12963, 15336, 15336, 15823, 16389, 17008, 17144, 19733, 19733, 19733, 19733, 22418, 23575, 24618, 24618, 24618, 26181, 26181, 26181, 26181, 26181, 34070, 35014, 35941, 35941, 36639, 36639, 36639, 36639, 36995, 37782, 39830, 39830, 40609, 40609, 40609, 41765, 45491, 48889, 49110, 50446, 50446, 51072, 52937, 55351, 62181, 65585, 73133, 73561, 73561, 73561, 75843, 79121, 81919, 87930, 88291, 88291, 88291, 94958, 95642, 99284, 99284, 99284, 99284, 99284, 99284, 99284, 100049, 111267, 121302, 123059, 124592, 130033, 219390, 229250, 243090], "cumulative exploited vulns": [0, 1, 2, 3, 4, 5, 6, 7, 8, 9, 10, 11, 12, 13, 14, 15, 16, 17, 18, 19, 20, 21, 22, 23, 24, 25, 26, 27, 28, 29, 30, 31, 32, 33, 34, 35, 36, 37, 38, 39, 40, 41, 42, 43, 44, 45, 46, 47, 48, 49, 50, 51, 52, 53, 54, 55, 56, 57, 58, 59, 60, 61, 62, 63, 64, 65, 66, 67, 68, 69, 70, 71, 72, 73, 74, 75, 76, 77, 78, 79, 80, 81, 82, 83, 84, 85, 86, 87, 88, 89, 90, 91, 92, 93, 94, 95, 96, 97, 98, 99, 100, 101, 102, 103, 104, 105, 106, 107, 108, 109, 110, 111, 112, 113, 114, 115, 116, 117, 118, 119, 120, 121, 122, 123, 124, 125, 126, 127, 128, 129, 130, 131, 132, 133, 134, 135],