{"Total Initial Vulnerabilities": 719, "Initial Vulns Per OS": {"ubuntu": {"20.04": 7, "16.04": 42, "14.04": 43, "18.04": 20, "12.04": 36, "10.04": 89}, "freebsd": {"10": 31, "11": 23, "8": 114, "9": 27, "12": 10, "13": 7}, "windows": {"10": 8, "8.1": 42, "8": 17, "7": 38, "vista": 10, "xp": 18}, "centos": {"6": 19, "8": 20, "5": 36, "7": 36, "4": 26}}, "Average Initial RoA Per OS": {"ubuntu": {"20.04": 0.060010379940886004, "16.04": 0.04520251586611962, "14.04": 0.03721185021422002, "18.04": 0.04363518335036183, "12.04": 0.03947736598604111, "10.04": 0.04876458406209346}, "freebsd": {"10": 0.011740488660647422, "11": 0.034644075055286404, "8": 0.05928534564389392, "9": 0.04528313560065437, "12": 0.03892822802682917, "13": 0.11907286848051157}, "windows": {"10": 0.057703076394484035, "8.1": 0.0425840929835994, "8": 0.03889261346508248, "7": 0.014471247351343083, "vista": 0.030861620011627795, "xp": 0.11916448864076624}, "centos": {"6": 0.028623325185242954, "8": 0.08068946628282966, "5": 0.03407542240679964, "7": 0.038628336966429436, "4": 0.02895149370308798}}, "OS Types In Initial Network": {"ubuntu 20.04": 11, "freebsd 10": 10, "freebsd 11": 8, "freebsd 8": 5, "windows 10": 15, "ubuntu 16.04": 11, "windows 8.1": 18, "centos 6": 6, "centos 8": 19, "freebsd 9": 5, "ubuntu 14.04": 11, "ubuntu 18.04": 8, "ubuntu 12.04": 8, "freebsd 12": 7, "centos 5": 8, "windows 8": 7, "freebsd 13": 8, "centos 7": 13, "windows 7": 11, "ubuntu 10.04": 3, "centos 4": 5, "windows vista": 2, "windows xp": 1}, "Initial Hosts Without Vulnerabilities": 42, "Host Compromises": {"record name": "Host Compromises", "x": [5099, 5338, 5835, 7600, 8485, 9459, 10411, 12975, 14339, 15249, 15405, 17239, 17360, 18941, 19017, 24603, 25637, 29846, 29972, 32192, 34264, 35309, 42727, 46222, 53202, 56530, 56605, 56702, 57294, 58430, 58517, 58602, 61143, 63980, 64646, 94511, 126378, 199177, 212315, 234437, 243187], "y": ["ubuntu 18.04", "centos 7", "centos 7", "freebsd 11", "freebsd 11", "freebsd 8", "windows 8.1", "windows 8", "windows 8.1", "centos 8", "freebsd 8", "freebsd 9", "centos 6", "centos 7", "freebsd 8", "ubuntu 10.04", "centos 7", "windows 8.1", "freebsd 10", "freebsd 8", "ubuntu 16.04", "centos 5", "windows 8.1", "freebsd 10", "centos 8", "windows 10", "ubuntu 16.04", "freebsd 10", "windows 8.1", "windows 8.1", "windows 8", "ubuntu 16.04", "freebsd 8", "ubuntu 14.04", "centos 7", "centos 6", "windows 10", "freebsd 10", "centos 4", "freebsd 12", "centos 7"], "cumulative y": [0, 1, 2, 3, 4, 5, 6, 7, 8, 9, 10, 11, 12, 13, 14, 15, 16, 17, 18, 19, 20, 21, 22, 23, 24, 25, 26, 27, 28, 29, 30, 31, 32, 33, 34, 35, 36, 37, 38, 39, 40], "total events": 41}, "Vuln Compromises": {"record name": "Vuln Compromises", "x": [5099, 5338, 5835, 7600, 8485, 9459, 10411, 12975, 14339, 15405, 17239, 17360, 18941, 19017, 24603, 25637, 29846, 29972, 32192, 35309, 42727, 46222, 53202, 56530, 56702, 57294, 58430, 61143, 64646, 94511, 212315], "y": ["ubuntu 18.04", "centos 7", "centos 7", "freebsd 11", "freebsd 11", "freebsd 8", "windows 8.1", "windows 8", "windows 8.1", "freebsd 8", "freebsd 9", "centos 6", "centos 7", "freebsd 8", "ubuntu 10.04", "centos 7", "windows 8.1", "freebsd 10", "freebsd 8", "centos 5", "windows 8.1", "freebsd 10", "centos 8", "windows 10", "freebsd 10", "windows 8.1", "windows 8.1", "freebsd 8", "centos 7", "centos 6", "centos 4"], "cumulative y": [0, 1, 2, 3, 4, 5, 6, 7, 8, 9, 10, 11, 12, 13, 14, 15, 16, 17, 18, 19, 20, 21, 22, 23, 24, 25, 26, 27, 28, 29, 30], "total events": 31}, "Reuse Password Compromises": {"record name": "Reuse Password Compromises", "x": [15249, 34264, 56605, 58517, 58602, 63980], "y": ["centos 8", "ubuntu 16.04", "ubuntu 16.04", "windows 8", "ubuntu 16.04", "ubuntu 14.04"], "cumulative y": [0, 1, 2, 3, 4, 5], "total events": 6}, "Password Spray Compromises": {"record name": "Password Spray Compromises", "x": [126378, 199177, 234437, 243187], "y": ["windows 10", "freebsd 10", "freebsd 12", "centos 7"], "cumulative y": [0, 1, 2, 3], "total events": 4}, "User Account Leaks": {"record name": "User Account Has Been Leaked By Compromise", "x": [5099, 5099, 5099, 5338, 5338, 5338, 5835, 5835, 7600, 7600, 7600, 8485, 8485, 9459, 9459, 9459, 10411, 12975, 12975, 14339, 14339, 15249, 15249, 15405, 17239, 17239, 17360, 18941, 19017, 19017, 25637, 29846, 29972, 29972, 34264, 35309, 35309, 42727, 42727, 53202, 56530, 57294, 58430, 61143, 94511, 94511, 199177, 243187, 243187], "y": ["Cristal", "Melicent", "Analiese", "Imojean", "Tally", "Jillane", "Dacey", "Bernetta", "Lira", "Vilhelmina", "Lou", "Gale", "Florentia", "Lidia", "Katina", "Kitti", "Fianna", "Gilberta", "Kassey", "Ettie", "Kevyn", "Nadiya", "Ulrika", "Blondell", "Ashla", "Marketa", "Ashleigh", "Netty", "Gillan", "Rani", "Sarene", "Robenia", "Modestine", "Carissa", "Mahalia", "Winne", "Karie", "Aileen", "Sharyl", "Shoshanna", "Giacinta", "Brandea", "Arleyne", "Christabel", "Abbye", "Rozella", "Carolynn", "Lynn", "Clovis"], "cumulative y": [0, 1, 2, 3, 4, 5, 6, 7, 8, 9, 10, 11, 12, 13, 14, 15, 16, 17, 18, 19, 20, 21, 22, 23, 24, 25, 26, 27, 28, 29, 30, 31, 32, 33, 34, 35, 36, 37, 38, 39, 40, 41, 42, 43, 44, 45, 46, 47, 48], "total events": 49}, "Vulnerabilities Exploited": {"record name": "Vulnerabilities Exploited", "x": [1303, 1303, 1303, 1303, 1303, 1303, 1303, 1303, 1303, 1303, 1303, 1303, 1303, 1303, 1851, 2090, 2159, 2159, 2265, 2265, 3182, 3327, 3626, 3812, 4470, 4470, 4732, 4732, 4765, 4880, 4984, 5029, 5099, 5338, 5436, 5436, 5768, 5835, 6074, 6865, 6865, 6865, 7207, 7435, 7435, 7600, 7600, 7752, 7752, 7752, 7956, 7956, 8485, 8724, 9459, 9459, 9459, 9459, 9459, 9459, 9459, 9459, 9459, 9459, 9946, 9946, 9946, 10411, 10756, 10756, 12666, 14410, 15405, 15405, 15405, 15405, 15486, 16878, 17239, 17239, 17239, 17239, 17239, 17239, 17360, 17360, 18651, 18651, 18651, 18651, 18651, 18941, 24603, 24728, 24728, 25243, 25637, 27495, 28252, 29105, 29105, 29105, 29846, 29846, 29846, 29972, 32192, 32192, 32192, 32192, 32192, 32192, 32192, 32192, 35309, 35309, 35477, 38786, 41962, 43182, 48195, 55893, 56808, 57294, 57548, 58153, 61143, 61143, 61143, 61143, 61143, 61143, 61143, 61143, 65118, 65118, 65118, 83595, 90454, 105392, 106075, 124810, 124810, 142416, 158033, 160431, 171920, 192065, 202960, 212315, 238535, 240624], "cumulative exploited vulns": [0, 1, 2, 3, 4, 5, 6, 7, 8, 9, 10, 11, 12, 13, 14, 15, 16, 17, 18, 19, 20, 21, 22, 23, 24, 25, 26, 27, 28, 29, 30, 31, 32, 33, 34, 35, 36, 37, 38, 39, 40, 41, 42, 43, 44, 45, 46, 47, 48, 49, 50, 51, 52, 53, 54, 55, 56, 57, 58, 59, 60, 61, 62, 63, 64, 65, 66, 67, 68, 69, 70, 71, 72, 73, 74, 75, 76, 77, 78, 79, 80, 81, 82, 83, 84, 85, 86, 87, 88, 89, 90, 91, 92, 93, 94, 95, 96, 97, 98, 99, 100, 101, 102, 103, 104, 105, 106, 107, 108, 109, 110, 111, 112, 113, 114, 115, 116, 117, 118, 119, 120, 121, 122, 123, 124, 125, 126, 127, 128, 129, 130, 131, 132, 133, 134, 135, 136, 137, 138, 139, 140, 141, 142, 143, 144, 145, 146, 147, 148, 149, 150, 151],