{"Total Initial Vulnerabilities": 671, "Initial Vulns Per OS": {"centos": {"8": 13, "7": 21, "5": 55, "6": 27, "4": 14, "3": 101}, "windows": {"8.1": 30, "vista": 12, "10": 13, "7": 36, "xp": 59, "8": 26}, "ubuntu": {"16.04": 18, "20.04": 7, "14.04": 37, "18.04": 18, "10.04": 47, "12.04": 17}, "freebsd": {"11": 33, "13": 16, "9": 34, "12": 18, "10": 17, "8": 2}}, "Average Initial RoA Per OS": {"centos": {"8": 0.019831560636490258, "7": 0.055648772887205766, "5": 0.05276249459585333, "6": 0.06291695617377747, "4": 0.039615918506398964, "3": 0.041787083235957964}, "windows": {"8.1": 0.02854057812030972, "vista": 0.07650521922490777, "10": 0.021204587502207658, "7": 0.042354085565816414, "xp": 0.05381970706600255, "8": 0.04205681418341318}, "ubuntu": {"16.04": 0.07444858775493791, "20.04": 0.036106784047948925, "14.04": 0.03443003831653756, "18.04": 0.03006044625040986, "10.04": 0.032441925528002485, "12.04": 0.08170443220442128}, "freebsd": {"11": 0.0679970852740812, "13": 0.021444044271514133, "9": 0.06650094798633892, "12": 0.04112693943544624, "10": 0.07787454607074176, "8": 0.018917559896288343}}, "OS Types In Initial Network": {"centos 8": 13, "centos 7": 11, "windows 8.1": 13, "windows vista": 3, "freebsd 13": 23, "windows 10": 19, "ubuntu 16.04": 6, "ubuntu 20.04": 18, "centos 5": 12, "windows 7": 8, "freebsd 11": 8, "windows xp": 3, "freebsd 9": 6, "centos 6": 9, "centos 4": 4, "windows 8": 7, "ubuntu 14.04": 7, "freebsd 12": 6, "ubuntu 18.04": 12, "freebsd 10": 4, "freebsd 8": 1, "ubuntu 10.04": 2, "ubuntu 12.04": 2, "centos 3": 3}, "Initial Hosts Without Vulnerabilities": 50, "Host Compromises": {"record name": "Host Compromises", "x": [114, 4599, 6522, 7611, 7727, 9950, 10003, 12779, 13412, 14239, 17622, 19708, 22696, 24838, 54072, 66471, 77591, 102948, 127095, 169800, 183794, 217527, 228646, 232410], "y": ["centos 8", "freebsd 11", "ubuntu 16.04", "windows xp", "centos 6", "windows 7", "windows 8.1", "windows xp", "freebsd 9", "centos 5", "windows 8", "ubuntu 14.04", "freebsd 10", "ubuntu 20.04", "ubuntu 18.04", "centos 8", "freebsd 13", "ubuntu 20.04", "freebsd 13", "freebsd 13", "freebsd 11", "centos 3", "windows 10", "windows 10"], "cumulative y": [0, 1, 2, 3, 4, 5, 6, 7, 8, 9, 10, 11, 12, 13, 14, 15, 16, 17, 18, 19, 20, 21, 22, 23], "total events": 24}, "Vuln Compromises": {"record name": "Vuln Compromises", "x": [114, 4599, 7727, 9950, 12779, 13412, 19708, 169800, 183794, 217527], "y": ["centos 8", "freebsd 11", "centos 6", "windows 7", "windows xp", "freebsd 9", "ubuntu 14.04", "freebsd 13", "freebsd 11", "centos 3"], "cumulative y": [0, 1, 2, 3, 4, 5, 6, 7, 8, 9], "total events": 10}, "Reuse Password Compromises": {"record name": "Reuse Password Compromises", "x": [6522, 7611, 10003, 14239, 22696, 24838], "y": ["ubuntu 16.04", "windows xp", "windows 8.1", "centos 5", "freebsd 10", "ubuntu 20.04"], "cumulative y": [0, 1, 2, 3, 4, 5], "total events": 6}, "Password Spray Compromises": {"record name": "Password Spray Compromises", "x": [17622, 54072, 66471, 77591, 102948, 127095, 228646, 232410], "y": ["windows 8", "ubuntu 18.04", "centos 8", "freebsd 13", "ubuntu 20.04", "freebsd 13", "windows 10", "windows 10"], "cumulative y": [0, 1, 2, 3, 4, 5, 6, 7], "total events": 8}, "User Account Leaks": {"record name": "User Account Has Been Leaked By Compromise", "x": [114, 114, 114, 4599, 4599, 4599, 6522, 6522, 7611, 7611, 7727, 7727, 9950, 9950, 9950, 10003, 10003, 12779, 12779, 12779, 13412, 14239, 17622, 19708, 24838, 54072, 77591, 102948, 102948, 127095, 127095, 169800, 169800, 169800, 183794, 183794, 217527, 228646, 228646, 232410], "y": ["Jessamine", "Jennilee", "Edythe", "Midge", "Brier", "Angele", "Marcy", "Petronia", "Karissa", "Therine", "De", "Nicky", "Kacey", "Meridel", "Aime", "Elisabet", "Averil", "Chad", "Domeniga", "Odelia", "Orsa", "Carin", "Brita", "Kynthia", "Dena", "Stormi", "Nettle", "Deerdre", "Barbee", "Dorella", "Claudine", "Gracie", "Moreen", "Jewell", "Madelyn", "Cordie", "Merilee", "Nerte", "Lorne", "Cosette"], "cumulative y": [0, 1, 2, 3, 4, 5, 6, 7, 8, 9, 10, 11, 12, 13, 14, 15, 16, 17, 18, 19, 20, 21, 22, 23, 24, 25, 26, 27, 28, 29, 30, 31, 32, 33, 34, 35, 36, 37, 38, 39], "total events": 40}, "Vulnerabilities Exploited": {"record name": "Vulnerabilities Exploited", "x": [114, 202, 330, 330, 330, 587, 587, 689, 881, 1160, 1160, 1230, 1230, 1568, 1568, 1568, 1825, 2979, 2979, 2979, 2979, 2979, 2979, 2979, 2979, 2979, 2979, 2979, 3413, 3413, 3543, 4153, 4153, 4212, 4599, 4599, 4599, 4904, 5828, 5828, 6215, 6748, 7328, 9134, 9950, 9950, 10161, 10161, 10161, 10161, 12779, 12779, 12779, 12779, 12779, 12779, 12779, 12779, 12779, 12779, 12779, 12779, 12779, 12779, 12779, 12867, 13412, 13412, 13712, 14649, 15186, 16655, 18054, 19708, 19708, 20450, 20943, 20943, 21331, 22532, 25799, 29210, 33947, 34552, 36325, 38399, 40760, 40950, 57495, 68208, 72385, 88184, 100449, 101513, 169800, 170123, 183794, 184573, 184573, 184573, 185277, 187172, 187172, 187172, 187172, 187172, 187172, 187172, 187172, 187172, 187172, 187172, 187172, 187172, 187172, 187172, 187172, 187172, 187172, 187172, 198438, 198923, 204679, 204679, 204679, 204679, 217527, 217527, 217527, 233880, 249280], "cumulative exploited vulns": [0, 1, 2, 3, 4, 5, 6, 7, 8, 9, 10, 11, 12, 13, 14, 15, 16, 17, 18, 19, 20, 21, 22, 23, 24, 25, 26, 27, 28, 29, 30, 31, 32, 33, 34, 35, 36, 37, 38, 39, 40, 41, 42, 43, 44, 45, 46, 47, 48, 49, 50, 51, 52, 53, 54, 55, 56, 57, 58, 59, 60, 61, 62, 63, 64, 65, 66, 67, 68, 69, 70, 71, 72, 73, 74, 75, 76, 77, 78, 79, 80, 81, 82, 83, 84, 85, 86, 87, 88, 89, 90, 91, 92, 93, 94, 95, 96, 97, 98, 99, 100, 101, 102, 103, 104, 105, 106, 107, 108, 109, 110, 111, 112, 113, 114, 115, 116, 117, 118, 119, 120, 121, 122, 123, 124, 125, 126, 127, 128, 129, 130],