{"Total Initial Vulnerabilities": 768, "Initial Vulns Per OS": {"centos": {"4": 57, "5": 28, "8": 3, "7": 31, "6": 33, "3": 93}, "windows": {"7": 30, "vista": 30, "10": 10, "8.1": 15, "xp": 103, "8": 17}, "ubuntu": {"16.04": 44, "18.04": 24, "14.04": 27, "12.04": 21, "20.04": 9, "10.04": 5}, "freebsd": {"11": 29, "13": 19, "10": 45, "12": 30, "9": 17, "8": 48}}, "Average Initial RoA Per OS": {"centos": {"4": 0.03606490757791032, "5": 0.06318888093896316, "8": 0.12186828874128453, "7": 0.04861437071080362, "6": 0.024506672362363948, "3": 0.06814858825679128}, "windows": {"7": 0.037023315137689285, "vista": 0.01719794496524452, "10": 0.15065804605507488, "8.1": 0.06759655927351335, "xp": 0.057780443200206054, "8": 0.01946413587233812}, "ubuntu": {"16.04": 0.03099486695642518, "18.04": 0.03404519770105308, "14.04": 0.06005854486861045, "12.04": 0.03596685920393753, "20.04": 0.10288616086571058, "10.04": 0.07392886761834958}, "freebsd": {"11": 0.014419013266638973, "13": 0.09121384595260874, "10": 0.038678640563878895, "12": 0.04639369729661047, "9": 0.036812045609519006, "8": 0.032144050316851525}}, "OS Types In Initial Network": {"freebsd 12": 17, "windows 8.1": 10, "centos 4": 9, "windows 7": 8, "ubuntu 16.04": 11, "freebsd 11": 13, "freebsd 13": 18, "freebsd 10": 12, "centos 5": 6, "centos 8": 8, "centos 7": 11, "windows 10": 9, "windows vista": 7, "freebsd 9": 4, "freebsd 8": 2, "ubuntu 18.04": 12, "ubuntu 14.04": 6, "windows xp": 3, "ubuntu 12.04": 5, "centos 6": 10, "windows 8": 4, "ubuntu 20.04": 11, "centos 3": 3, "ubuntu 10.04": 1}, "Initial Hosts Without Vulnerabilities": 38, "Host Compromises": {"record name": "Host Compromises", "x": [2290, 3965, 4023, 5827, 6869, 8745, 10830, 12248, 17093, 18984, 22920, 23703, 25326, 25932, 27321, 27705, 30068, 31451, 41437, 41959, 44351, 44419, 45539, 50500, 51773, 66770, 67115, 73835, 85486, 87500, 88867, 90030, 101991, 132937, 144719, 164735, 165739, 167486, 167600, 169220, 185796, 187009, 233042, 244134], "y": ["freebsd 11", "freebsd 9", "ubuntu 20.04", "ubuntu 10.04", "centos 7", "centos 4", "windows xp", "centos 4", "freebsd 11", "windows 10", "windows 8.1", "freebsd 8", "freebsd 10", "ubuntu 18.04", "centos 5", "centos 5", "centos 8", "freebsd 11", "freebsd 11", "centos 6", "centos 4", "windows 7", "freebsd 10", "windows 8.1", "windows 10", "freebsd 10", "freebsd 10", "centos 4", "centos 6", "ubuntu 12.04", "ubuntu 16.04", "freebsd 13", "ubuntu 16.04", "freebsd 11", "freebsd 10", "ubuntu 16.04", "centos 7", "windows 7", "freebsd 12", "centos 7", "windows vista", "windows 10", "centos 6", "freebsd 8"], "cumulative y": [0, 1, 2, 3, 4, 5, 6, 7, 8, 9, 10, 11, 12, 13, 14, 15, 16, 17, 18, 19, 20, 21, 22, 23, 24, 25, 26, 27, 28, 29, 30, 31, 32, 33, 34, 35, 36, 37, 38, 39, 40, 41, 42, 43], "total events": 44}, "Vuln Compromises": {"record name": "Vuln Compromises", "x": [2290, 3965, 4023, 5827, 6869, 8745, 10830, 12248, 22920, 23703, 25326, 27321, 27705, 41437, 44351, 45539, 51773, 67115, 73835, 85486, 87500, 88867, 101991, 169220, 233042], "y": ["freebsd 11", "freebsd 9", "ubuntu 20.04", "ubuntu 10.04", "centos 7", "centos 4", "windows xp", "centos 4", "windows 8.1", "freebsd 8", "freebsd 10", "centos 5", "centos 5", "freebsd 11", "centos 4", "freebsd 10", "windows 10", "freebsd 10", "centos 4", "centos 6", "ubuntu 12.04", "ubuntu 16.04", "ubuntu 16.04", "centos 7", "centos 6"], "cumulative y": [0, 1, 2, 3, 4, 5, 6, 7, 8, 9, 10, 11, 12, 13, 14, 15, 16, 17, 18, 19, 20, 21, 22, 23, 24], "total events": 25}, "Reuse Password Compromises": {"record name": "Reuse Password Compromises", "x": [17093, 18984, 25932, 30068, 31451, 44419, 164735, 165739, 167486, 167600, 185796], "y": ["freebsd 11", "windows 10", "ubuntu 18.04", "centos 8", "freebsd 11", "windows 7", "ubuntu 16.04", "centos 7", "windows 7", "freebsd 12", "windows vista"], "cumulative y": [0, 1, 2, 3, 4, 5, 6, 7, 8, 9, 10], "total events": 11}, "Password Spray Compromises": {"record name": "Password Spray Compromises", "x": [41959, 50500, 66770, 90030, 132937, 144719, 187009, 244134], "y": ["centos 6", "windows 8.1", "freebsd 10", "freebsd 13", "freebsd 11", "freebsd 10", "windows 10", "freebsd 8"], "cumulative y": [0, 1, 2, 3, 4, 5, 6, 7], "total events": 8}, "User Account Leaks": {"record name": "User Account Has Been Leaked By Compromise", "x": [2290, 2290, 2290, 3965, 3965, 3965, 4023, 4023, 5827, 5827, 6869, 6869, 6869, 8745, 10830, 10830, 12248, 17093, 18984, 18984, 23703, 23703, 25326, 25326, 25932, 27321, 27705, 30068, 31451, 41437, 41959, 44351, 44351, 44419, 45539, 45539, 51773, 67115, 67115, 73835, 73835, 88867, 90030, 101991, 132937, 132937, 144719, 164735, 164735, 167600, 187009, 233042, 244134], "y": ["Kelsey", "Leoline", "Jere", "Celine", "Teresa", "Theresita", "Marie", "Janet", "Ardeen", "Eadith", "Carleen", "Ardith", "Florinda", "Glad", "Diann", "Sharline", "Siouxie", "Anita", "Phyllys", "Mag", "Josselyn", "Moira", "Marietta", "Philipa", "Aliza", "Sidonnie", "Lilah", "Georgena", "Catha", "Josefina", "Harrie", "Dasie", "Coraline", "Debera", "Phaidra", "Nola", "Bianca", "Dacy", "Winny", "Ardra", "Juieta", "Aubrie", "Peri", "Maybelle", "Liva", "Willa", "Katinka", "Davina", "Allene", "Etty", "Tammie", "Cathie", "Geraldine"], "cumulative y": [0, 1, 2, 3, 4, 5, 6, 7, 8, 9, 10, 11, 12, 13, 14, 15, 16, 17, 18, 19, 20, 21, 22, 23, 24, 25, 26, 27, 28, 29, 30, 31, 32, 33, 34, 35, 36, 37, 38, 39, 40, 41, 42, 43, 44, 45, 46, 47, 48, 49, 50, 51, 52], "total events": 53}, "Vulnerabilities Exploited": {"record name": "Vulnerabilities Exploited", "x": [688, 1084, 1084, 1132, 1489, 1795, 1969, 1969, 1969, 2166, 2235, 2290, 2339, 2623, 2623, 2791, 2791, 2791, 2791, 2867, 3153, 3230, 3765, 3965, 3965, 4435, 4435, 5579, 5827, 5827, 5827, 6091, 6291, 6737, 6737, 6869, 8130, 8745, 8745, 8745, 10830, 10830, 10830, 10830, 10830, 10830, 10830, 10830, 10830, 10830, 11208, 11469, 11469, 11469, 12248, 12248, 12248, 12248, 12248, 12248, 13250, 14268, 14268, 14872, 14872, 15235, 15235, 16319, 16941, 16941, 18257, 21130, 21130, 21130, 21130, 21130, 21130, 21130, 21130, 21130, 21130, 21130, 21880, 21880, 21880, 22736, 22736, 22920, 23703, 23703, 23703, 23703, 23703, 23703, 24875, 24875, 25765, 25765, 29624, 30875, 32633, 34114, 34336, 37497, 37497, 37799, 38132, 39847, 41176, 43521, 44351, 44351, 49799, 53764, 53764, 53764, 53764, 53764, 53764, 54648, 58708, 63159, 63942, 65995, 70130, 73835, 73835, 74587, 82197, 87007, 87500, 95694, 97572, 97572, 110307, 128986, 142189, 142189, 142189, 145523, 173262, 199956, 207986, 208352, 233042, 233042, 234683, 234683, 234683, 234683, 234683, 234683, 234683, 234683, 234683, 234683, 244942], "cumulative exploited vulns": [0, 1, 2, 3, 4, 5, 6, 7, 8, 9, 10, 11, 12, 13, 14, 15, 16, 17, 18, 19, 20, 21, 22, 23, 24, 25, 26, 27, 28, 29, 30, 31, 32, 33, 34, 35, 36, 37, 38, 39, 40, 41, 42, 43, 44, 45, 46, 47, 48, 49, 50, 51, 52, 53, 54, 55, 56, 57, 58, 59, 60, 61, 62, 63, 64, 65, 66, 67, 68, 69, 70, 71, 72, 73, 74, 75, 76, 77, 78, 79, 80, 81, 82, 83, 84, 85, 86, 87, 88, 89, 90, 91, 92, 93, 94, 95, 96, 97, 98, 99, 100, 101, 102, 103, 104, 105, 106, 107, 108, 109, 110, 111, 112, 113, 114, 115, 116, 117, 118, 119, 120, 121, 122, 123, 124, 125, 126, 127, 128, 129, 130, 131, 132, 133, 134, 135, 136, 137, 138, 139, 140, 141, 142, 143, 144, 145, 146, 147, 148, 149, 150, 151, 152, 153, 154, 155, 156],