{"Total Initial Vulnerabilities": 621, "Initial Vulns Per OS": {"windows": {"8": 15, "10": 18, "vista": 61, "7": 37, "8.1": 11}, "ubuntu": {"12.04": 17, "18.04": 21, "16.04": 26, "20.04": 9, "10.04": 61, "14.04": 12}, "centos": {"4": 14, "7": 22, "3": 48, "8": 27, "6": 15, "5": 39}, "freebsd": {"10": 68, "13": 13, "12": 34, "11": 23, "9": 30}}, "Average Initial RoA Per OS": {"windows": {"8": 0.06726153303316948, "10": 0.04092441224043239, "vista": 0.0456470046161547, "7": 0.03188778921886093, "8.1": 0.04752242127444933}, "ubuntu": {"12.04": 0.03328357532840677, "18.04": 0.1323031965222085, "16.04": 0.12497184176317798, "20.04": 0.07313740336608411, "10.04": 0.06161433773059012, "14.04": 0.017541724457303138}, "centos": {"4": 0.06898252985306955, "7": 0.07248470134388639, "3": 0.02543157315381117, "8": 0.09463935962405966, "6": 0.10571710648709029, "5": 0.03649663354420959}, "freebsd": {"10": 0.05290019817291183, "13": 0.029997643959377672, "12": 0.08234993365173082, "11": 0.10124798469726148, "9": 0.05201985801743178}}, "OS Types In Initial Network": {"windows 8": 8, "ubuntu 14.04": 6, "ubuntu 12.04": 4, "ubuntu 20.04": 10, "windows 10": 15, "centos 7": 14, "centos 4": 3, "windows vista": 11, "freebsd 12": 13, "ubuntu 18.04": 10, "ubuntu 16.04": 11, "windows 8.1": 9, "windows 7": 8, "centos 3": 3, "centos 8": 19, "centos 6": 7, "freebsd 10": 14, "freebsd 13": 12, "ubuntu 10.04": 3, "freebsd 11": 9, "centos 5": 6, "freebsd 9": 5}, "Initial Hosts Without Vulnerabilities": 39, "Host Compromises": {"record name": "Host Compromises", "x": [1964, 4792, 4914, 5251, 7840, 10953, 11387, 11611, 11655, 11720, 16609, 20270, 20799, 32020, 32948, 35997, 36249, 37667, 39255, 46489, 47640, 50894, 51506, 52923, 54552, 56654, 58881, 65968, 70242, 71887, 79067, 81826, 95454, 101779, 102493, 108643, 111166, 113697, 123232, 127581, 137089, 141598, 152753, 153195, 157917, 158019, 158121, 162990, 168306, 170481, 172085, 175358, 177418, 179938, 180798, 188413, 193552, 195497, 196406, 198504, 206081, 207141, 207262, 208681, 211205, 214294, 214813, 214940, 216036, 221751, 224233, 231875, 236383, 238939, 242396, 242699, 244290, 244806, 248018, 248135], "y": ["centos 3", "freebsd 10", "centos 8", "ubuntu 10.04", "windows 10", "ubuntu 18.04", "ubuntu 20.04", "centos 8", "ubuntu 14.04", "windows 10", "centos 8", "ubuntu 20.04", "freebsd 12", "ubuntu 18.04", "windows 7", "windows vista", "centos 8", "freebsd 13", "freebsd 12", "centos 7", "centos 8", "centos 7", "windows 10", "centos 7", "windows 10", "windows 7", "ubuntu 20.04", "windows 8.1", "centos 5", "freebsd 10", "centos 6", "ubuntu 16.04", "windows 8", "centos 7", "freebsd 12", "windows vista", "centos 6", "centos 8", "centos 8", "freebsd 13", "windows 8.1", "freebsd 12", "centos 3", "ubuntu 12.04", "windows 7", "windows 10", "windows 10", "freebsd 10", "freebsd 12", "windows 8", "centos 4", "freebsd 10", "freebsd 10", "centos 5", "ubuntu 16.04", "windows vista", "ubuntu 18.04", "ubuntu 18.04", "windows 10", "ubuntu 20.04", "centos 7", "ubuntu 20.04", "freebsd 13", "freebsd 10", "freebsd 12", "freebsd 9", "windows 10", "centos 4", "windows 8", "windows 10", "ubuntu 12.04", "centos 6", "freebsd 10", "centos 7", "windows vista", "centos 4", "windows 10", "centos 7", "ubuntu 18.04", "ubuntu 14.04"], "cumulative y": [0, 1, 2, 3, 4, 5, 6, 7, 8, 9, 10, 11, 12, 13, 14, 15, 16, 17, 18, 19, 20, 21, 22, 23, 24, 25, 26, 27, 28, 29, 30, 31, 32, 33, 34, 35, 36, 37, 38, 39, 40, 41, 42, 43, 44, 45, 46, 47, 48, 49, 50, 51, 52, 53, 54, 55, 56, 57, 58, 59, 60, 61, 62, 63, 64, 65, 66, 67, 68, 69, 70, 71, 72, 73, 74, 75, 76, 77, 78, 79], "total events": 80}, "Vuln Compromises": {"record name": "Vuln Compromises", "x": [1964, 4792, 4914, 5251, 7840, 11387, 11611, 16609, 20799, 32020, 32948, 35997, 37667, 47640, 79067, 95454, 158121, 162990, 188413, 195497, 207141, 208681, 211205, 214813, 214940, 242699], "y": ["centos 3", "freebsd 10", "centos 8", "ubuntu 10.04", "windows 10", "ubuntu 20.04", "centos 8", "centos 8", "freebsd 12", "ubuntu 18.04", "windows 7", "windows vista", "freebsd 13", "centos 8", "centos 6", "windows 8", "windows 10", "freebsd 10", "windows vista", "ubuntu 18.04", "ubuntu 20.04", "freebsd 10", "freebsd 12", "windows 10", "centos 4", "centos 4"], "cumulative y": [0, 1, 2, 3, 4, 5, 6, 7, 8, 9, 10, 11, 12, 13, 14, 15, 16, 17, 18, 19, 20, 21, 22, 23, 24, 25], "total events": 26}, "Reuse Password Compromises": {"record name": "Reuse Password Compromises", "x": [10953, 11655, 11720, 20270, 39255, 46489, 50894, 51506, 52923, 54552, 56654, 58881, 65968, 70242, 71887, 81826, 101779, 102493, 108643, 111166, 113697, 123232, 127581, 137089, 141598, 152753, 153195, 157917, 158019, 168306, 170481, 172085, 175358, 177418, 179938, 180798, 193552, 196406, 198504, 206081, 207262, 214294, 216036, 221751, 224233, 231875, 236383, 238939, 242396, 244290, 244806, 248018, 248135], "y": ["ubuntu 18.04", "ubuntu 14.04", "windows 10", "ubuntu 20.04", "freebsd 12", "centos 7", "centos 7", "windows 10", "centos 7", "windows 10", "windows 7", "ubuntu 20.04", "windows 8.1", "centos 5", "freebsd 10", "ubuntu 16.04", "centos 7", "freebsd 12", "windows vista", "centos 6", "centos 8", "centos 8", "freebsd 13", "windows 8.1", "freebsd 12", "centos 3", "ubuntu 12.04", "windows 7", "windows 10", "freebsd 12", "windows 8", "centos 4", "freebsd 10", "freebsd 10", "centos 5", "ubuntu 16.04", "ubuntu 18.04", "windows 10", "ubuntu 20.04", "centos 7", "freebsd 13", "freebsd 9", "windows 8", "windows 10", "ubuntu 12.04", "centos 6", "freebsd 10", "centos 7", "windows vista", "windows 10", "centos 7", "ubuntu 18.04", "ubuntu 14.04"], "cumulative y": [0, 1, 2, 3, 4, 5, 6, 7, 8, 9, 10, 11, 12, 13, 14, 15, 16, 17, 18, 19, 20, 21, 22, 23, 24, 25, 26, 27, 28, 29, 30, 31, 32, 33, 34, 35, 36, 37, 38, 39, 40, 41, 42, 43, 44, 45, 46, 47, 48, 49, 50, 51, 52], "total events": 53}, "Password Spray Compromises": {"record name": "Password Spray Compromises", "x": [36249], "y": ["centos 8"], "cumulative y": [0], "total events": 1}, "User Account Leaks": {"record name": "User Account Has Been Leaked By Compromise", "x": [1964, 1964, 1964, 4792, 4792, 4792, 4914, 4914, 5251, 5251, 5251, 7840, 7840, 7840, 10953, 10953, 11387, 11387, 11387, 11611, 11611, 11611, 11655, 11655, 11720, 16609, 16609, 20799, 32020, 32020, 32948, 35997, 35997, 37667, 39255, 47640, 47640, 47640, 51506, 54552, 58881, 65968, 70242, 70242, 81826, 95454, 102493, 108643, 111166, 111166, 137089, 152753, 157917, 158121, 168306, 170481, 170481, 193552, 195497, 207262, 242396], "y": ["Marchelle", "Tanhya", "Hatti", "Ilyse", "Imelda", "Raychel", "Merna", "Livvy", "Mabel", "Rosemary", "Agata", "Sallyanne", "Jenine", "Dorotea", "Elvina", "Gwyneth", "Bella", "Matty", "Kynthia", "Janice", "Flo", "Tiffanie", "Carey", "Susi", "Quinn", "Ranice", "Opalina", "Alleen", "Alvinia", "Marissa", "Hermina", "Gena", "Selle", "Catina", "Erda", "Briny", "Gina", "Estel", "Denys", "Ingeberg", "Glenine", "Alison", "Stevena", "Carley", "Christi", "Darb", "Benetta", "Shannon", "Harriet", "Guendolen", "Madge", "Leeanne", "Jami", "Orsola", "Coraline", "Annora", "Debbie", "Fern", "Kate", "Yevette", "Matelda"], "cumulative y": [0, 1, 2, 3, 4, 5, 6, 7, 8, 9, 10, 11, 12, 13, 14, 15, 16, 17, 18, 19, 20, 21, 22, 23, 24, 25, 26, 27, 28, 29, 30, 31, 32, 33, 34, 35, 36, 37, 38, 39, 40, 41, 42, 43, 44, 45, 46, 47, 48, 49, 50, 51, 52, 53, 54, 55, 56, 57, 58, 59, 60], "total events": 61}, "Vulnerabilities Exploited": {"record name": "Vulnerabilities Exploited",