{"Total Initial Vulnerabilities": 810, "Initial Vulns Per OS": {"ubuntu": {"14.04": 59, "12.04": 22, "18.04": 15, "16.04": 33, "20.04": 29, "10.04": 132}, "windows": {"8": 28, "10": 13, "8.1": 30, "7": 14, "vista": 15, "xp": 88}, "freebsd": {"9": 25, "13": 12, "12": 21, "11": 45, "10": 15, "8": 63}, "centos": {"6": 22, "8": 19, "5": 32, "3": 30, "7": 11, "4": 37}}, "Average Initial RoA Per OS": {"ubuntu": {"14.04": 0.05569425578564558, "12.04": 0.04706187791291652, "18.04": 0.06974892322640287, "16.04": 0.06196739560198972, "20.04": 0.05800367441886885, "10.04": 0.07026598574622574}, "windows": {"8": 0.030817895469485164, "10": 0.045272366930126116, "8.1": 0.08617723129653547, "7": 0.09915197274135092, "vista": 0.011350094424582262, "xp": 0.04666502573887354}, "freebsd": {"9": 0.05227486915820335, "13": 0.07157155567882324, "12": 0.10133486800939669, "11": 0.062436308773347396, "10": 0.043388144475948645, "8": 0.04290984308273182}, "centos": {"6": 0.031004259387325338, "8": 0.10476471000438178, "5": 0.06908255872446795, "3": 0.0676573629700311, "7": 0.04038860303397968, "4": 0.01916174508388607}}, "OS Types In Initial Network": {"ubuntu 14.04": 12, "windows 8": 14, "ubuntu 18.04": 12, "freebsd 9": 4, "freebsd 13": 12, "freebsd 12": 11, "centos 6": 9, "centos 8": 18, "ubuntu 12.04": 4, "freebsd 11": 10, "windows 10": 8, "freebsd 10": 6, "ubuntu 16.04": 11, "centos 5": 9, "freebsd 8": 4, "ubuntu 20.04": 15, "ubuntu 10.04": 5, "centos 3": 1, "windows 8.1": 12, "centos 7": 7, "centos 4": 6, "windows 7": 4, "windows vista": 3, "windows xp": 3}, "Initial Hosts Without Vulnerabilities": 38, "Host Compromises": {"record name": "Host Compromises", "x": [4732, 5544, 10220, 12030, 14318, 14375, 15274, 17857, 77429], "y": ["freebsd 8", "ubuntu 10.04", "windows 10", "freebsd 13", "centos 3", "centos 8", "windows 8", "freebsd 11", "windows 10"], "cumulative y": [0, 1, 2, 3, 4, 5, 6, 7, 8], "total events": 9}, "Vuln Compromises": {"record name": "Vuln Compromises", "x": [4732, 5544, 10220, 12030, 14318, 14375, 15274, 17857, 77429], "y": ["freebsd 8", "ubuntu 10.04", "windows 10", "freebsd 13", "centos 3", "centos 8", "windows 8", "freebsd 11", "windows 10"], "cumulative y": [0, 1, 2, 3, 4, 5, 6, 7, 8], "total events": 9}, "Reuse Password Compromises": {"record name": "Reuse Password Compromises", "x": [], "y": [], "cumulative y": [], "total events": 0}, "Password Spray Compromises": {"record name": "Password Spray Compromises", "x": [], "y": [], "cumulative y": [], "total events": 0}, "User Account Leaks": {"record name": "User Account Has Been Leaked By Compromise", "x": [4732, 4732, 4732, 5544, 5544, 10220, 10220, 10220, 12030, 12030, 14318, 14318, 14375, 14375, 14375, 15274, 15274, 15274, 17857, 17857, 77429, 77429], "y": ["Lula", "Janna", "Cherry", "Renelle", "Guenna", "Cesya", "Ilyssa", "Dierdre", "Victoria", "Juli", "Crysta", "Nessie", "Johnette", "Hinda", "Dedie", "Jennica", "Korney", "Flora", "Jayme", "Giselle", "Devon", "Lynnea"], "cumulative y": [0, 1, 2, 3, 4, 5, 6, 7, 8, 9, 10, 11, 12, 13, 14, 15, 16, 17, 18, 19, 20, 21], "total events": 22}, "Vulnerabilities Exploited": {"record name": "Vulnerabilities Exploited", "x": [258, 258, 258, 883, 883, 883, 936, 1026, 1026, 1026, 1076, 1420, 1501, 1501, 1554, 1705, 2249, 2249, 2249, 2683, 3148, 3148, 3474, 3474, 3474, 3817, 4113, 4113, 4113, 4113, 4296, 4732, 4732, 4732, 4732, 4769, 5544, 5544, 5544, 5544, 5544, 5544, 5544, 5544, 5544, 5544, 5544, 5621, 6180, 6180, 7094, 7094, 7094, 7094, 7094, 7094, 7094, 7094, 7094, 7094, 7094, 7094, 7094, 7094, 7094, 7775, 7775, 7775, 8277, 8832, 9336, 9877, 9877, 9956, 10157, 10220, 10842, 12030, 12856, 14318, 14318, 14318, 14318, 14318, 14318, 14318, 14318, 15274, 15674, 16956, 18521, 18797, 23689, 24988, 26745, 26745, 34819, 40008, 40008, 43121, 77429, 77504], "cumulative exploited vulns": [0, 1, 2, 3, 4, 5, 6, 7, 8, 9, 10, 11, 12, 13, 14, 15, 16, 17, 18, 19, 20, 21, 22, 23, 24, 25, 26, 27, 28, 29, 30, 31, 32, 33, 34, 35, 36, 37, 38, 39, 40, 41, 42, 43, 44, 45, 46, 47, 48, 49, 50, 51, 52, 53, 54, 55, 56, 57, 58, 59, 60, 61, 62, 63, 64, 65, 66, 67, 68, 69, 70, 71, 72, 73, 74, 75, 76, 77, 78, 79, 80, 81, 82, 83, 84, 85, 86, 87, 88, 89, 90, 91, 92, 93, 94, 95, 96, 97, 98, 99, 100, 101], "roa": [0.25523287932909594, 0.25523287932909594, 0.17564259747847258, 0.6278581293393938, 0.17172486238411047, 0.11087515641998488, 0.45085642800136183, 0.127211468139661, 0.127211468139661, 0.00127299313973147, 0.378144715320041, 0.13800826103880312, 0.2127219154486965, 0.2127219154486965, 0.5040885697941135, 0.31197546855469854, 0.22218187785327442, 0.021863765488103266, 0.6585887928309088, 0.013631617000173322, 0.09940100975250468, 0.09940100975250468, 0.4554677432549575, 0.0641150589401771, 0.06448366730753166, 0.5166190437093816, 0.6180747233321797, 0.03501270500429903, 0.47843587674947613, 0.12659056921266681, 0.19793328748874833, 0.7703897149542533, 0.5676842568957364, 0.2351232905722489, 0.2965724738543578, 0.2542380270627981, 0.8988403134621674, 0.7129321744426503, 0.0920472152280803, 0.697625942197052, 0.618643663542834, 0.06379988349410678, 0.7156505208948187, 0.23883344287774005, 0.22439621379323435, 0.12049189136240548, 0.15009373126893663, 0.5539049806087163, 0.15536744649913567, 0.2447705400120634, 0.5229458226177394, 0.6146176291430395, 0.43921800910316355, 0.1966857199481874, 0.20396318098021404, 0.03108704133747344, 0.43921800910316355, 0.1966857199481874, 0.20396318098021404, 0.03108704133747344, 0.14498755094688426, 0.3299379326970767, 0.2489024807167078, 0.18808257124830213, 0.1279288953196259, 0.19257258183319978, 0.27301826260910783, 0.27301826260910783, 0.03242399160427531, 0.2623815894758113, 0.28052061662945726, 0.11478671280972312, 0.263578148736034, 0.07962942434333084, 0.7973985103444526, 0.3391895272070453, 0.46794744400891997, 0.16319098476215602, 0.2324814051239314, 0.4160006782361975, 0.15546213451900906, 0.10873266207258195, 0.044395857277944026, 0.7295972137720963, 0.578618450516099, 0.7697194866226946, 0.5943339681286389, 0.5878759566019258, 0.09152093886123801, 0.020716044618514395, 0.3786320697086653, 0.055762039590147236, 0.02051649790549185, 0.08349871912667584, 0.2467676995422748, 0.00483299572816379, 0.10014146639965078, 0.20436947969911476, 0.20436947969911476, 0.05409834126372372, 0.10899436175682269, 0.028625775198634434],