{"Total Initial Vulnerabilities": 635, "Initial Vulns Per OS": {"ubuntu": {"16.04": 9, "18.04": 20, "20.04": 1, "10.04": 94, "12.04": 40, "14.04": 27}, "freebsd": {"11": 27, "13": 17, "10": 14, "12": 21, "8": 90, "9": 20}, "windows": {"8": 19, "vista": 33, "8.1": 10, "10": 13, "7": 16, "xp": 60}, "centos": {"7": 37, "4": 11, "8": 8, "6": 16, "3": 8, "5": 24}}, "Average Initial RoA Per OS": {"ubuntu": {"16.04": 0.025907450759363657, "18.04": 0.04515147697097609, "20.04": 0.0193162054066035, "10.04": 0.054074507247392115, "12.04": 0.07363099294455083, "14.04": 0.09551461694685336}, "freebsd": {"11": 0.04722607452791311, "13": 0.026320598467122275, "10": 0.025674263987605753, "12": 0.04766022493936136, "8": 0.061263237271787, "9": 0.05069567298743216}, "windows": {"8": 0.01296551681361965, "vista": 0.06702832823988003, "8.1": 0.054732048461119245, "10": 0.048454644993257204, "7": 0.12150874833798837, "xp": 0.06030581701054774}, "centos": {"7": 0.04451295250801936, "4": 0.09854384247923842, "8": 0.014660451756635984, "6": 0.05238897713173477, "3": 0.1628879130497264, "5": 0.04504266696997888}}, "OS Types In Initial Network": {"freebsd 13": 21, "ubuntu 16.04": 5, "freebsd 11": 13, "windows 8": 11, "windows vista": 7, "windows 8.1": 10, "ubuntu 18.04": 10, "ubuntu 20.04": 7, "centos 7": 14, "windows 10": 18, "ubuntu 14.04": 11, "windows 7": 6, "freebsd 10": 4, "ubuntu 10.04": 3, "centos 4": 3, "freebsd 9": 4, "freebsd 12": 19, "ubuntu 12.04": 6, "centos 8": 11, "freebsd 8": 3, "centos 6": 5, "windows xp": 3, "centos 3": 1, "centos 5": 5}, "Initial Hosts Without Vulnerabilities": 58, "Host Compromises": {"record name": "Host Compromises", "x": [1848, 2596, 3316, 6249, 8091, 10814, 14328, 18379, 32402, 36704, 51866, 57994, 60236, 64715, 68012, 71085, 71441, 71516, 71841, 78052, 92768, 96576, 102973, 103921, 103993, 117163, 137314, 148961, 149032, 150225, 150290, 169994, 172577, 173212, 177865, 178984, 189654, 192206, 197538, 217546, 220331, 221884, 221963, 223247, 237727, 238686, 240478, 242573, 244451, 245250], "y": ["windows 7", "ubuntu 10.04", "centos 4", "ubuntu 10.04", "ubuntu 12.04", "windows vista", "freebsd 12", "ubuntu 20.04", "freebsd 13", "windows 7", "windows 8.1", "windows 8", "windows vista", "windows 8", "freebsd 9", "ubuntu 16.04", "centos 6", "centos 6", "freebsd 12", "freebsd 10", "ubuntu 14.04", "centos 8", "windows 7", "windows 8", "ubuntu 12.04", "freebsd 13", "windows 8", "windows vista", "freebsd 12", "ubuntu 20.04", "freebsd 13", "freebsd 13", "freebsd 9", "centos 6", "freebsd 12", "ubuntu 16.04", "ubuntu 10.04", "windows 8.1", "freebsd 12", "ubuntu 18.04", "windows 10", "windows 8.1", "ubuntu 14.04", "freebsd 12", "centos 8", "ubuntu 12.04", "windows 10", "windows vista", "ubuntu 14.04", "freebsd 10"], "cumulative y": [0, 1, 2, 3, 4, 5, 6, 7, 8, 9, 10, 11, 12, 13, 14, 15, 16, 17, 18, 19, 20, 21, 22, 23, 24, 25, 26, 27, 28, 29, 30, 31, 32, 33, 34, 35, 36, 37, 38, 39, 40, 41, 42, 43, 44, 45, 46, 47, 48, 49], "total events": 50}, "Vuln Compromises": {"record name": "Vuln Compromises", "x": [1848, 2596, 3316, 6249, 8091, 10814, 14328, 18379, 32402, 36704, 51866, 71841, 172577, 173212, 238686, 245250], "y": ["windows 7", "ubuntu 10.04", "centos 4", "ubuntu 10.04", "ubuntu 12.04", "windows vista", "freebsd 12", "ubuntu 20.04", "freebsd 13", "windows 7", "windows 8.1", "freebsd 12", "freebsd 9", "centos 6", "ubuntu 12.04", "freebsd 10"], "cumulative y": [0, 1, 2, 3, 4, 5, 6, 7, 8, 9, 10, 11, 12, 13, 14, 15], "total events": 16}, "Reuse Password Compromises": {"record name": "Reuse Password Compromises", "x": [57994, 60236, 64715, 68012, 71085, 71441, 71516, 78052, 92768, 96576, 102973, 103921, 103993, 117163, 137314, 148961, 149032, 150225, 150290, 169994, 177865, 178984, 189654, 192206, 197538, 217546, 220331, 221884, 221963, 223247, 237727, 240478, 242573, 244451], "y": ["windows 8", "windows vista", "windows 8", "freebsd 9", "ubuntu 16.04", "centos 6", "centos 6", "freebsd 10", "ubuntu 14.04", "centos 8", "windows 7", "windows 8", "ubuntu 12.04", "freebsd 13", "windows 8", "windows vista", "freebsd 12", "ubuntu 20.04", "freebsd 13", "freebsd 13", "freebsd 12", "ubuntu 16.04", "ubuntu 10.04", "windows 8.1", "freebsd 12", "ubuntu 18.04", "windows 10", "windows 8.1", "ubuntu 14.04", "freebsd 12", "centos 8", "windows 10", "windows vista", "ubuntu 14.04"], "cumulative y": [0, 1, 2, 3, 4, 5, 6, 7, 8, 9, 10, 11, 12, 13, 14, 15, 16, 17, 18, 19, 20, 21, 22, 23, 24, 25, 26, 27, 28, 29, 30, 31, 32, 33], "total events": 34}, "Password Spray Compromises": {"record name": "Password Spray Compromises", "x": [], "y": [], "cumulative y": [], "total events": 0}, "User Account Leaks": {"record name": "User Account Has Been Leaked By Compromise", "x": [1848, 1848, 1848, 2596, 2596, 2596, 3316, 3316, 6249, 6249, 8091, 8091, 8091, 10814, 10814, 14328, 18379, 32402, 32402, 32402, 36704, 36704, 51866, 57994, 57994, 60236, 64715, 68012, 68012, 71085, 71085, 71516, 71516, 71841, 71841, 78052, 92768, 96576, 102973, 102973, 117163, 137314, 148961, 149032, 150290, 172577, 173212, 173212, 173212, 177865, 178984, 189654, 192206, 197538, 220331, 221884, 221963, 237727, 240478, 242573], "y": ["Prudy", "Iormina", "Allyce", "Merrill", "Collete", "Marlane", "Joscelin", "Christine", "Mandi", "Tracie", "Darleen", "Devonna", "Berte", "Mady", "Sheelah", "Inez", "Sonni", "Natassia", "Mella", "Darlleen", "Jobina", "Annmaria", "Colette", "Fenelia", "Daniela", "Bobbette", "Adaline", "Ardelia", "Janifer", "Sean", "Kelsey", "Xenia", "Marrissa", "Rosalyn", "Alayne", "Aggi", "Christiane", "Jermaine", "Morgen", "Jean", "Gennie", "Adiana", "Jacquenette", "Tatiania", "Vittoria", "Cicily", "Daryl", "Birdie", "Queenie", "Wylma", "Gisela", "Janetta", "Lilly", "Karie", "Marylou", "Sukey", "Cora", "Babbie", "Fleur", "Sally"], "cumulative y": [0, 1, 2, 3, 4, 5, 6, 7, 8, 9, 10, 11, 12, 13, 14, 15, 16, 17, 18, 19, 20, 21, 22, 23, 24, 25, 26, 27, 28, 29, 30, 31, 32, 33, 34, 35, 36, 37, 38, 39, 40, 41, 42, 43, 44, 45, 46, 47, 48, 49, 50, 51, 52, 53, 54, 55, 56, 57, 58, 59], "total events": 60}, "Vulnerabilities Exploited": {"record name": "Vulnerabilities Exploited", "x": [162, 1064, 1064, 1339, 1512, 1848, 1848, 2000, 2596, 2596, 2596, 2596, 2726, 2821, 3316, 3316, 3316, 4197, 4197, 4197, 6249, 6249, 6249, 6249, 6249, 6249, 6249, 6249, 6249, 6249, 6249, 6249, 6249, 6249, 6412, 6412, 6866, 7762, 7762, 8091, 8091, 8091, 8584, 9761, 9761, 10814, 10814, 11470, 12118, 12834, 13461, 14328, 14473, 17085, 18379, 26390, 27034, 28903, 29210, 36704, 36704, 36823, 36823, 36823, 40512, 44296, 51866, 51940, 71841, 73071, 84893, 98142, 103636, 108021, 109468, 153265, 170530, 170530, 170530, 172577, 174862, 174862, 174862, 174862, 174862, 174862, 174862, 174862, 174862, 174862, 174862, 175147, 188995, 202304, 225373, 238273, 238273, 238686], "cumulative exploited vulns": [0, 1, 2, 3, 4, 5, 6, 7, 8, 9, 10, 11, 12, 13, 14, 15, 16, 17, 18, 19, 20, 21, 22, 23, 24, 25, 26, 27, 28, 29, 30, 31, 32, 33, 34, 35, 36, 37, 38, 39, 40, 41, 42, 43, 44, 45, 46, 47, 48, 49, 50, 51, 52, 53, 54, 55, 56, 57, 58, 59, 60, 61, 62, 63, 64, 65, 66, 67, 68, 69, 70, 71, 72, 73, 74, 75, 76, 77, 78, 79, 80, 81, 82, 83, 84, 85, 86, 87, 88, 89, 90, 91, 92, 93, 94, 95, 96, 97],