{"Total Initial Vulnerabilities": 748, "Initial Vulns Per OS": {"centos": {"8": 21, "3": 35, "4": 42, "6": 27, "5": 20, "7": 21}, "ubuntu": {"18.04": 29, "16.04": 27, "20.04": 10, "12.04": 13, "14.04": 35, "10.04": 30}, "windows": {"8": 23, "10": 10, "7": 17, "8.1": 18, "xp": 142, "vista": 3}, "freebsd": {"12": 23, "10": 35, "8": 112, "11": 39, "13": 5, "9": 11}}, "Average Initial RoA Per OS": {"centos": {"8": 0.061290649476333954, "3": 0.06972273066078712, "4": 0.03599569876487852, "6": 0.03990493220937684, "5": 0.03037461527467732, "7": 0.09646964748780495}, "ubuntu": {"18.04": 0.08488929369429012, "16.04": 0.04160374177829263, "20.04": 0.03524509956484158, "12.04": 0.0729223233211173, "14.04": 0.05540442565588407, "10.04": 0.044574526460796154}, "windows": {"8": 0.03182257598721993, "10": 0.030046344825718024, "7": 0.05240875249404129, "8.1": 0.039641510168566985, "xp": 0.06710345902593216, "vista": 0.027500450864353668}, "freebsd": {"12": 0.10104680007679419, "10": 0.0279958638042211, "8": 0.051020123693199616, "11": 0.05750543690756141, "13": 0.018012660405459652, "9": 0.048734532172949804}}, "OS Types In Initial Network": {"windows 10": 10, "centos 8": 17, "freebsd 13": 10, "ubuntu 18.04": 15, "windows 8": 10, "centos 7": 13, "freebsd 11": 16, "freebsd 12": 13, "freebsd 10": 10, "freebsd 8": 3, "centos 3": 1, "centos 4": 9, "ubuntu 16.04": 11, "windows 8.1": 10, "centos 6": 11, "windows 7": 6, "centos 5": 5, "ubuntu 20.04": 10, "ubuntu 14.04": 9, "ubuntu 12.04": 3, "windows xp": 4, "ubuntu 10.04": 1, "windows vista": 1, "freebsd 9": 2}, "Initial Hosts Without Vulnerabilities": 45, "Host Compromises": {"record name": "Host Compromises", "x": [5551, 18256, 33172, 68983], "y": ["windows 8", "windows 8", "centos 4", "freebsd 8"], "cumulative y": [0, 1, 2, 3], "total events": 4}, "Vuln Compromises": {"record name": "Vuln Compromises", "x": [5551, 18256, 33172, 68983], "y": ["windows 8", "windows 8", "centos 4", "freebsd 8"], "cumulative y": [0, 1, 2, 3], "total events": 4}, "Reuse Password Compromises": {"record name": "Reuse Password Compromises", "x": [], "y": [], "cumulative y": [], "total events": 0}, "Password Spray Compromises": {"record name": "Password Spray Compromises", "x": [], "y": [], "cumulative y": [], "total events": 0}, "User Account Leaks": {"record name": "User Account Has Been Leaked By Compromise", "x": [5551, 5551, 5551, 18256, 18256, 33172, 33172, 68983, 68983, 68983], "y": ["Valera", "Katalin", "Fernanda", "Lyssa", "Sydney", "Fayina", "Shanta", "Addi", "Ferne", "Dara"], "cumulative y": [0, 1, 2, 3, 4, 5, 6, 7, 8, 9], "total events": 10}, "Vulnerabilities Exploited": {"record name": "Vulnerabilities Exploited", "x": [165, 281, 513, 635, 1142, 3047, 3047, 3047, 3047, 3047, 3047, 3047, 3047, 3047, 3047, 3047, 3047, 3047, 3344, 3344, 3461, 3461, 3461, 3461, 4970, 4970, 4970, 4970, 4970, 4970, 4970, 4970, 4970, 4970, 4970, 4970, 4970, 4970, 4970, 5371, 5371, 5433, 5487, 5551, 5551, 6011, 6072, 6140, 6209, 6465, 7101, 7171, 7171, 8428, 9541, 9712, 9799, 11601, 11601, 11601, 11601, 11601, 11601, 11601, 11683, 12771, 12771, 12771, 12771, 13937, 14545, 18085, 18085, 18085, 18085, 18085, 18085, 18085, 18256, 19014, 19014, 20921, 21508, 24813, 27328, 30108, 33172, 33383, 33383, 33874, 34089, 34089, 34646, 36686, 36686, 42291, 42687, 47797, 52544, 54079, 56875, 63986, 63986, 68983, 71472, 81724, 106005, 111317, 115341, 124591, 157825, 196669], "cumulative exploited vulns": [0, 1, 2, 3, 4, 5, 6, 7, 8, 9, 10, 11, 12, 13, 14, 15, 16, 17, 18, 19, 20, 21, 22, 23, 24, 25, 26, 27, 28, 29, 30, 31, 32, 33, 34, 35, 36, 37, 38, 39, 40, 41, 42, 43, 44, 45, 46, 47, 48, 49, 50, 51, 52, 53, 54, 55, 56, 57, 58, 59, 60, 61, 62, 63, 64, 65, 66, 67, 68, 69, 70, 71, 72, 73, 74, 75, 76, 77, 78, 79, 80, 81, 82, 83, 84, 85, 86, 87, 88, 89, 90, 91, 92, 93, 94, 95, 96, 97, 98, 99, 100, 101, 102, 103, 104, 105, 106, 107, 108, 109, 110, 111], "roa": [0.5061819153201296, 0.006802266961219624, 0.3639718080760233, 0.15158763551361285, 0.11810017314874602, 0.9336318967337686, 0.12118038916112875, 0.02019370434374548, 0.576039970952187, 0.20578034813224705, 0.5342527211649841, 0.06291557023841123, 0.06977081219552395, 0.5429631751916766, 0.42276425585348026, 0.29516635343739733, 0.1061449734310527, 0.36972352418126625, 0.21330080254403594, 0.06362526992857989, 0.5459723676384043, 0.3875319903245097, 0.2090674331102278, 0.406858735059145, 0.9038999119688162, 0.7635120644641484, 0.5010282689165683, 0.3095669435276439, 0.31126550323083735, 0.4251041781059845, 0.5945419414831071, 0.19236955789307406, 0.12141000349017425, 0.35202432494062197, 0.372416715631142, 0.2885240492194647, 0.19233437328074957, 0.0005132981774104685, 0.3238940596691248, 0.2917463671092642, 0.2917463671092642, 0.031142095290890043, 0.5441722224236641, 0.4769952235263906, 0.21663206740595267, 0.3289921227310482, 0.42931200958952553, 0.32304302674748653, 0.20181158590541814, 0.22536161774332308, 0.4854844360376969, 0.8981713140574102, 0.04296088217735339, 0.30098581769469873, 0.20476771728786666, 0.04386438796946153, 0.1321339985742658, 0.525989581993601, 0.37044577929769085, 0.1627307718923393, 0.06538785179883475, 0.06349619671734964, 0.1457778941634588, 0.22920744531370713, 0.049372035375022855, 0.49229315602302853, 0.05036225213599832, 0.22459117349733043, 0.24045313720588993, 0.699998717766989, 0.19791750027696825, 0.537137340928548, 0.607902220250976, 0.05622034082874359, 0.0034544255761462493, 0.41388727542428894, 0.10898021912302654, 0.11985968140317689, 0.4173190109073513, 0.6262174861319163, 0.034888888065005175, 0.13541920116406939, 0.04219588454859847, 0.23240934119603582, 0.05417582781268989, 0.07653095963177413, 0.37154157131149734, 0.4370455226622291, 0.1578526330013062, 0.023393926543387795, 0.3331945278181695, 0.3331945278181695, 0.060197475782036436, 0.045403374997734135, 0.13559710857236618, 0.08445488215302824, 0.16778144030105172, 0.16226384904653138, 0.05955458461708333, 0.11275175995457307, 0.22069601627618765, 0.016245839648852144, 0.07036684398646578, 0.08304752053688853, 0.048347374683570574, 0.03478476254670031, 0.03868884931206737, 0.04805135747200727, 0.4184906858163083, 0.002681356621314275, 0.009174754270622955, 0.0009584353398286269],