{"Total Initial Vulnerabilities": 712, "Initial Vulns Per OS": {"windows": {"7": 32, "8": 29, "10": 22, "8.1": 17, "vista": 29, "xp": 55}, "freebsd": {"12": 30, "11": 30, "13": 14, "10": 46, "8": 38, "9": 8}, "centos": {"8": 12, "5": 46, "6": 33, "4": 10, "7": 10, "3": 71}, "ubuntu": {"10.04": 39, "20.04": 21, "14.04": 30, "12.04": 40, "18.04": 35, "16.04": 15}}, "Average Initial RoA Per OS": {"windows": {"7": 0.05332075699929967, "8": 0.10464584355459047, "10": 0.03510019188048938, "8.1": 0.10838191863808519, "vista": 0.044243576709042484, "xp": 0.0705394890552671}, "freebsd": {"12": 0.055438711639128835, "11": 0.05036749771904987, "13": 0.015071585735099214, "10": 0.09750314779697543, "8": 0.06299039760664737, "9": 0.07709821444952819}, "centos": {"8": 0.03418414832204489, "5": 0.032732508264428646, "6": 0.026283542573329714, "4": 0.026087183065503332, "7": 0.040833156783621836, "3": 0.0655233817343237}, "ubuntu": {"10.04": 0.10348939519025635, "20.04": 0.047741608152502134, "14.04": 0.05665738967488502, "12.04": 0.07089527295269636, "18.04": 0.0718884417436747, "16.04": 0.02283923816831154}}, "OS Types In Initial Network": {"centos 8": 11, "windows 7": 7, "windows 8": 13, "windows 10": 19, "freebsd 12": 13, "centos 5": 10, "ubuntu 10.04": 1, "freebsd 11": 10, "freebsd 13": 15, "freebsd 10": 8, "ubuntu 20.04": 14, "ubuntu 14.04": 6, "centos 6": 16, "centos 4": 2, "windows 8.1": 9, "ubuntu 12.04": 9, "ubuntu 18.04": 12, "windows vista": 6, "centos 7": 7, "ubuntu 16.04": 5, "centos 3": 3, "freebsd 8": 1, "windows xp": 2, "freebsd 9": 1}, "Initial Hosts Without Vulnerabilities": 31, "Host Compromises": {"record name": "Host Compromises", "x": [3530, 5781, 6253, 10504, 12053, 24857, 60225], "y": ["centos 5", "centos 5", "freebsd 10", "ubuntu 10.04", "windows 10", "freebsd 12", "freebsd 13"], "cumulative y": [0, 1, 2, 3, 4, 5, 6], "total events": 7}, "Vuln Compromises": {"record name": "Vuln Compromises", "x": [3530, 5781, 6253, 10504, 12053, 24857, 60225], "y": ["centos 5", "centos 5", "freebsd 10", "ubuntu 10.04", "windows 10", "freebsd 12", "freebsd 13"], "cumulative y": [0, 1, 2, 3, 4, 5, 6], "total events": 7}, "Reuse Password Compromises": {"record name": "Reuse Password Compromises", "x": [], "y": [], "cumulative y": [], "total events": 0}, "Password Spray Compromises": {"record name": "Password Spray Compromises", "x": [], "y": [], "cumulative y": [], "total events": 0}, "User Account Leaks": {"record name": "User Account Has Been Leaked By Compromise", "x": [3530, 3530, 5781, 5781, 5781, 6253, 6253, 6253, 10504, 10504, 10504, 12053, 12053, 24857, 24857, 24857, 60225, 60225, 60225], "y": ["Cristal", "Fawn", "Angelia", "Catrina", "Estrellita", "Ibbie", "Savina", "Nalani", "Britteny", "Kara-Lynn", "Clarey", "Jessika", "Elie", "Dyanna", "Orelee", "Wilhelmina", "Danice", "Tessie", "Rosanna"], "cumulative y": [0, 1, 2, 3, 4, 5, 6, 7, 8, 9, 10, 11, 12, 13, 14, 15, 16, 17, 18], "total events": 19}, "Vulnerabilities Exploited": {"record name": "Vulnerabilities Exploited", "x": [261, 261, 261, 411, 411, 1317, 2154, 2154, 2154, 2154, 2154, 2154, 2154, 2154, 2154, 2154, 2236, 2282, 2977, 3530, 3633, 3949, 4287, 4546, 5071, 5071, 5128, 5385, 5654, 5781, 5990, 6253, 6331, 6973, 6973, 7530, 7530, 7530, 9468, 10504, 10504, 10504, 10504, 10504, 10504, 10504, 10504, 10504, 10504, 10504, 10782, 11756, 12053, 12542, 13092, 16253, 18303, 20571, 20817, 21558, 24692, 26325, 27276, 28095, 30638, 38309, 38775, 44217, 47017, 48266, 50962, 59959, 60225, 66632, 243761], "cumulative exploited vulns": [0, 1, 2, 3, 4, 5, 6, 7, 8, 9, 10, 11, 12, 13, 14, 15, 16, 17, 18, 19, 20, 21, 22, 23, 24, 25, 26, 27, 28, 29, 30, 31, 32, 33, 34, 35, 36, 37, 38, 39, 40, 41, 42, 43, 44, 45, 46, 47, 48, 49, 50, 51, 52, 53, 54, 55, 56, 57, 58, 59, 60, 61, 62, 63, 64, 65, 66, 67, 68, 69, 70, 71, 72, 73, 74], "roa": [0.08557680145084468, 0.08557680145084468, 0.032199311917147026, 0.08016282672152426, 0.08016282672152426, 0.3669620901872514, 0.758155209354886, 0.8802596149854605, 0.682389037507175, 0.6081254802301874, 0.8053274962867139, 0.2664191063818585, 0.5054311003750737, 0.05533984936169275, 0.17473444737052304, 0.12198170729926491, 0.411645220312297, 0.2733799151515268, 0.3367727157904809, 0.3303033460038697, 0.14346765314190701, 0.09494151780430352, 0.4690870272025835, 0.011801892680372263, 0.8984120044108949, 0.11442666331739823, 0.11077797750031589, 0.10510399733464541, 0.6684834479148548, 0.5159545058571322, 0.3628969914810635, 0.06137166297704105, 0.24082111962996994, 0.835921510797912, 0.03577471640300019, 0.3983393088186057, 0.24097827941691857, 0.276297525707348, 0.3062878061182936, 0.19190130724262378, 0.40374074186621567, 0.13619653707867277, 0.14611702943405497, 0.47064228053346957, 0.8296079296627475, 0.6491009435920867, 0.25818301257680265, 0.2835752336200154, 0.7053056245281205, 0.5257876584359841, 0.07175178968866171, 0.5306156186622749, 0.034205644668467663, 0.011032076591406027, 0.08146362200849969, 0.10897112803357915, 0.31549088611701226, 0.27427793656132254, 0.0019022371446260253, 0.22342234490154428, 0.3321575653590938, 0.1088234606396608, 0.4750709043283991, 0.10303672606279504, 0.008090240113916482, 0.05814829194894348, 0.09787026419680879, 0.023816045034716026, 0.05583302358052304, 0.03309987748899836, 0.17317530715312085, 0.029421791494433313, 0.10772169864401501, 0.16943974201327397, 0.027083227284916012], "impact": [1.0586831979350741, 1.0586831979350741, 0.33633147094929816, 2.9158554277911186, 2.9158554277911186, 9.511120958202175, 7.705393617413847, 9.263802019691177, 7.702619407606523, 8.836722383660122, 8.830777689446903, 2.7076804214262884, 8.600863284630085, 0.6251829301505551, 4.614457988742694, 2.403005217245834, 9.40966447845624, 6.892526442683207, 4.803143809999078, 9.428406791388838, 7.465568581009591, 2.3466485786271187, 6.290053066311633, 0.253058058813187, 9.437550948656018, 1.7667039936925977, 2.4223287356283176, 6.73085499987566, 8.354338860844239, 7.129631300634537, 4.598004218154656, 1.6501409322072136, 7.600173531272808, 9.566101248342031, 0.3714506157099029, 4.0469832333029565, 2.492000096553909, 4.506428918293507, 4.488263762888033, 3.352896295629214, 7.842585871523109, 1.7553538722624995, 6.272521252963349, 4.803925388705404, 9.625053681437002, 7.767985651417385, 2.979837844041798, 8.916181175569118, 7.932168829045192, 6.976008382437665, 2.9163677266663504, 6.71653459302931, 8.944967944092303, 0.16407897655295933, 1.6564700209780037, 9.221165929093377, 8.450758938298993, 6.725601298886994, 0.32923081230980755, 5.746570321746475, 8.522071735883896, 4.144608392851215, 8.098975601271954, 3.220984602606486, 0.36727084927003273, 6.465883202468418, 4.019677886021976, 3.3660228357857394, 6.081460699267502, 1.3874485778515078, 4.3400907328678295, 8.452169838329283, 9.792621625160947, 4.6922948330032295, 9.253379449172336],