{"Total Initial Vulnerabilities": 826, "Initial Vulns Per OS": {"ubuntu": {"20.04": 26, "18.04": 51, "14.04": 24, "16.04": 33, "12.04": 24, "10.04": 100}, "centos": {"7": 23, "6": 31, "5": 10, "3": 100, "8": 13, "4": 28}, "freebsd": {"12": 17, "11": 28, "10": 19, "8": 95, "13": 13, "9": 6}, "windows": {"10": 18, "8": 36, "xp": 61, "8.1": 25, "7": 9, "vista": 36}}, "Average Initial RoA Per OS": {"ubuntu": {"20.04": 0.012461075112827211, "18.04": 0.05588179953223362, "14.04": 0.06812938236699802, "16.04": 0.08946103069607132, "12.04": 0.09287785754005, "10.04": 0.053109116455059516}, "centos": {"7": 0.08035678976775285, "6": 0.03386592554303243, "5": 0.03501838442732852, "3": 0.05451303601729354, "8": 0.01429373311028011, "4": 0.042857681619062456}, "freebsd": {"12": 0.017124430546238918, "11": 0.1246715655455374, "10": 0.04546212260258793, "8": 0.0637371753514902, "13": 0.03280218497274061, "9": 0.014495162236908785}, "windows": {"10": 0.04591116940446215, "8": 0.0828790651386037, "xp": 0.045057609228591436, "8.1": 0.07451510643356235, "7": 0.04721209777020888, "vista": 0.040037525523911106}}, "OS Types In Initial Network": {"ubuntu 20.04": 19, "centos 7": 11, "ubuntu 18.04": 14, "freebsd 12": 9, "windows 10": 14, "centos 4": 5, "ubuntu 14.04": 8, "centos 6": 9, "freebsd 13": 17, "freebsd 11": 12, "windows 8": 12, "ubuntu 16.04": 10, "freebsd 9": 4, "centos 5": 3, "freebsd 10": 5, "freebsd 8": 3, "windows xp": 2, "windows 8.1": 10, "centos 8": 8, "centos 3": 3, "windows 7": 5, "ubuntu 12.04": 5, "ubuntu 10.04": 4, "windows vista": 8}, "Initial Hosts Without Vulnerabilities": 35, "Host Compromises": {"record name": "Host Compromises", "x": [2570, 4603, 6784, 6884, 11119, 14245, 15376, 16919, 25332, 25760], "y": ["windows 8", "windows 8", "freebsd 8", "freebsd 13", "centos 7", "centos 7", "freebsd 10", "windows xp", "ubuntu 14.04", "centos 4"], "cumulative y": [0, 1, 2, 3, 4, 5, 6, 7, 8, 9], "total events": 10}, "Vuln Compromises": {"record name": "Vuln Compromises", "x": [2570, 4603, 6784, 6884, 14245, 15376, 16919, 25332, 25760], "y": ["windows 8", "windows 8", "freebsd 8", "freebsd 13", "centos 7", "freebsd 10", "windows xp", "ubuntu 14.04", "centos 4"], "cumulative y": [0, 1, 2, 3, 4, 5, 6, 7, 8], "total events": 9}, "Reuse Password Compromises": {"record name": "Reuse Password Compromises", "x": [], "y": [], "cumulative y": [], "total events": 0}, "Password Spray Compromises": {"record name": "Password Spray Compromises", "x": [11119], "y": ["centos 7"], "cumulative y": [0], "total events": 1}, "User Account Leaks": {"record name": "User Account Has Been Leaked By Compromise", "x": [2570, 2570, 2570, 4603, 4603, 4603, 6784, 6784, 6784, 6884, 6884, 11119, 11119, 14245, 14245, 14245, 15376, 15376, 15376, 16919, 16919, 25332, 25760], "y": ["Leese", "Ermentrude", "Stephana", "Francine", "Rubi", "Denni", "Emilee", "Marcy", "Gwyneth", "Cynde", "Sheila", "Flori", "Zora", "Leontyne", "Aurore", "Jacenta", "Anett", "Casie", "Coletta", "Olympie", "Olivie", "Ara", "Augustina"], "cumulative y": [0, 1, 2, 3, 4, 5, 6, 7, 8, 9, 10, 11, 12, 13, 14, 15, 16, 17, 18, 19, 20, 21, 22], "total events": 23}, "Vulnerabilities Exploited": {"record name": "Vulnerabilities Exploited", "x": [175, 732, 778, 1108, 1609, 1609, 1736, 1802, 1977, 1977, 1977, 1977, 2129, 2129, 2317, 2317, 2317, 2570, 2570, 2570, 2784, 2784, 3338, 3338, 3425, 3688, 3688, 3688, 4700, 5689, 5689, 5689, 6784, 6784, 6784, 6784, 6784, 6784, 6784, 6784, 6784, 6784, 6784, 6784, 6784, 6784, 6784, 6884, 6884, 8228, 8228, 8228, 8228, 8228, 8228, 8228, 8228, 8228, 8228, 8228, 8228, 8439, 8439, 8644, 10877, 12169, 12797, 12797, 12917, 14130, 14245, 14529, 14529, 15244, 15800, 16919, 16919, 16919, 16919, 16919, 16919, 16919, 16919, 16919, 16919, 16919, 20456, 21863, 23500, 24742, 25332, 25760, 25760, 25760, 26773, 27042, 30645, 32668, 41396, 43070, 52290, 52493, 71935, 74372, 88062, 120216, 189285, 198445, 202078, 220370], "cumulative exploited vulns": [0, 1, 2, 3, 4, 5, 6, 7, 8, 9, 10, 11, 12, 13, 14, 15, 16, 17, 18, 19, 20, 21, 22, 23, 24, 25, 26, 27, 28, 29, 30, 31, 32, 33, 34, 35, 36, 37, 38, 39, 40, 41, 42, 43, 44, 45, 46, 47, 48, 49, 50, 51, 52, 53, 54, 55, 56, 57, 58, 59, 60, 61, 62, 63, 64, 65, 66, 67, 68, 69, 70, 71, 72, 73, 74, 75, 76, 77, 78, 79, 80, 81, 82, 83, 84, 85, 86, 87, 88, 89, 90, 91, 92, 93, 94, 95, 96, 97, 98, 99, 100, 101, 102, 103, 104, 105, 106, 107, 108, 109], "roa": [0.17813743546384275, 0.08993363151366524, 0.13584814731007427, 0.6818978856564084, 0.6215186579192838, 0.7422951769029298, 0.27202161218026205, 0.6011589236286583, 0.8154629619714779, 0.6036010319913779, 0.1810555025361394, 0.3063112492933521, 0.706534449740812, 0.3527107693473952, 0.9059137224955801, 0.7416524178593333, 0.0003269944320674555, 0.6005931015912344, 0.5016898665449511, 0.5016898665449511, 0.2634966374212278, 0.015441983119043785, 0.6260517481652942, 0.16875923463199166, 0.2763911959181765, 0.033795592480587125, 0.05813485388173031, 0.043951338107674126, 0.4097818772330232, 0.31398851669217753, 0.18849386180928168, 0.18849386180928168, 0.8125161814346816, 0.27248613851469183, 0.15874458711997413, 0.4539577313383406, 0.7470010988917544, 0.6583461127102626, 0.5290929498580821, 0.28608659304551354, 0.2630545773697979, 0.13028321597447529, 0.32517795057052623, 0.7500833123567346, 0.1613391320220786, 0.018951639655467985, 0.2887425678980101, 0.5953997223368163, 0.0961139553392177, 0.5495476236071918, 0.0807106816055754, 0.7058796161201719, 0.5458581430575193, 0.25448282479238643, 0.7058796161201719, 0.5458581430575193, 0.25448282479238643, 0.5362040760836246, 0.1709988484542012, 0.19044495061403827, 0.10573223172133919, 0.22893429218790465, 0.06384137564496262, 0.09952697707953033, 0.5459408777552606, 0.24123455838782787, 0.47672161150339953, 0.10034187129041564, 0.04655154758315942, 0.13980007666983826, 0.794231239124018, 0.13142661064953773, 0.09638491353742909, 0.1319270111938171, 0.18293324005153458, 0.3583524188864575, 0.015013419874726281, 0.11485601850414842, 0.7453112321660431, 0.6153829461890855, 0.33424916581713426, 0.12080930718341072, 0.34224249913153376, 0.16529165323845446, 0.09879534179355974, 0.07925753024906843, 0.03711210939580338, 0.39663926377164443, 0.349479281035603, 0.09537974714219516, 0.5768942409741813, 0.04866787774760928, 0.43957753956212864, 0.037349521746255984, 0.48469498107598497, 0.7406674494567147, 0.28987106707780713, 0.08163401857882617, 0.20855848878536007, 0.016829752726522738, 0.3216480916955228, 0.09206472063467362, 0.07949015144534012, 0.021320539318450467, 0.10139002707025466, 0.07684282270449946, 0.017512823511703288, 0.2893014093269387, 0.030506460284422686, 0.006792587852603641],