{"Total Initial Vulnerabilities": 622, "Initial Vulns Per OS": {"windows": {"vista": 9, "10": 34, "8": 27, "xp": 8, "7": 15, "8.1": 10}, "centos": {"7": 26, "5": 10, "8": 12, "4": 44, "6": 39, "3": 145}, "ubuntu": {"14.04": 16, "20.04": 20, "16.04": 33, "12.04": 34, "10.04": 19, "18.04": 14}, "freebsd": {"11": 27, "13": 16, "9": 5, "12": 25, "10": 34}}, "Average Initial RoA Per OS": {"windows": {"vista": 0.04333940228088406, "10": 0.05782147281157809, "8": 0.055436853331440515, "xp": 0.07950081926183775, "7": 0.036840733441531014, "8.1": 0.08454954281454626}, "centos": {"7": 0.07846826811464352, "5": 0.00711314991058609, "8": 0.18878282412689099, "4": 0.03750027457882863, "6": 0.035875088197198896, "3": 0.04940554123331394}, "ubuntu": {"14.04": 0.03596599305722651, "20.04": 0.03915159575248635, "16.04": 0.0330340142404786, "12.04": 0.028482975643926205, "10.04": 0.05689915674007263, "18.04": 0.11397888000721322}, "freebsd": {"11": 0.0391995360528664, "13": 0.02848851076166891, "9": 0.01616431754100179, "12": 0.0895588781819579, "10": 0.03321514228872719}}, "OS Types In Initial Network": {"windows vista": 3, "centos 5": 5, "centos 7": 17, "windows 10": 22, "centos 8": 13, "windows 8": 7, "ubuntu 14.04": 5, "freebsd 13": 15, "freebsd 11": 9, "freebsd 9": 2, "windows xp": 1, "centos 4": 6, "ubuntu 20.04": 17, "centos 6": 14, "windows 7": 6, "freebsd 12": 12, "centos 3": 4, "ubuntu 16.04": 11, "ubuntu 12.04": 7, "freebsd 10": 9, "windows 8.1": 5, "ubuntu 18.04": 8, "ubuntu 10.04": 2}, "Initial Hosts Without Vulnerabilities": 44, "Host Compromises": {"record name": "Host Compromises", "x": [1260, 3136, 4914, 5428, 7014, 7500, 8164, 9366, 10600, 15378, 19333, 28417, 28850, 28956, 35421, 46981, 50072, 59531, 63776, 74112, 103112, 103251, 119774, 122870, 131475, 131589, 132815, 149155, 173000, 173140, 179253, 196144], "y": [9, 23, 32, 35, 36, 39, 42, 45, 48, 2, 16, 57, 54, 66, 88, 87, 62, 74, 131, 51, 104, 56, 92, 97, 96, 102, 68, 159, 76, 177, 186, 108], "cumulative y": [1, 2, 3, 4, 5, 6, 7, 8, 9, 10, 11, 12, 13, 14, 15, 16, 17, 18, 19, 20, 21, 22, 23, 24, 25, 26, 27, 28, 29, 30, 31, 32], "total events": 32, "not exposed x": [28417, 28850, 28956, 35421, 46981, 50072, 59531, 63776, 74112, 103112, 103251, 119774, 122870, 131475, 131589, 132815, 149155, 173000, 173140, 179253, 196144], "not exposed y": [57, 54, 66, 88, 87, 62, 74, 131, 51, 104, 56, 92, 97, 96, 102, 68, 159, 76, 177, 186, 108], "cumulative not exposed y": [1, 2, 3, 4, 5, 6, 7, 8, 9, 10, 11, 12, 13, 14, 15, 16, 17, 18, 19, 20, 21], "total not exposed events": 21}, "Vuln Compromises": {"record name": "Vuln Compromises", "x": [1260, 3136, 4914, 5428, 7014, 9366, 10600, 28417, 50072, 63776, 74112, 103112, 119774, 122870, 132815, 173000, 173140], "y": [9, 23, 32, 35, 36, 45, 48, 57, 62, 131, 51, 104, 92, 97, 68, 76, 177], "cumulative y": [1, 2, 3, 4, 5, 6, 7, 8, 9, 10, 11, 12, 13, 14, 15, 16, 17], "total events": 17, "not exposed x": [28417, 50072, 63776, 74112, 103112, 119774, 122870, 132815, 173000, 173140], "not exposed y": [57, 62, 131, 51, 104, 92, 97, 68, 76, 177], "cumulative not exposed y": [1, 2, 3, 4, 5, 6, 7, 8, 9, 10], "total not exposed events": 10}, "Reuse Password Compromises": {"record name": "Reuse Password Compromises", "x": [7500, 8164, 15378, 19333, 28850, 28956, 35421, 46981, 59531, 103251, 131475, 131589, 149155, 179253], "y": [39, 42, 2, 16, 54, 66, 88, 87, 74, 56, 96, 102, 159, 186], "cumulative y": [1, 2, 3, 4, 5, 6, 7, 8, 9, 10, 11, 12, 13, 14], "total events": 14, "not exposed x": [28850, 28956, 35421, 46981, 59531, 103251, 131475, 131589, 149155, 179253], "not exposed y": [54, 66, 88, 87, 74, 56, 96, 102, 159, 186], "cumulative not exposed y": [1, 2, 3, 4, 5, 6, 7, 8, 9, 10], "total not exposed events": 10}, "Password Spray Compromises": {"record name": "Password Spray Compromises", "x": [196144], "y": [108], "cumulative y": [1], "total events": 1, "not exposed x": [196144], "not exposed y": [108], "cumulative not exposed y": [1], "total not exposed events": 1}, "User Account Leaks": {"record name": "User Account Has Been Leaked By Compromise", "x": [1260, 1260, 1260, 1260, 1260, 3136, 3136, 3136, 3136, 3136, 4914, 4914, 4914, 4914, 4914, 5428, 5428, 5428, 5428, 5428, 7014, 7014, 7014, 7014, 7014, 7500, 7500, 8164, 8164, 8164, 8164, 9366, 9366, 9366, 9366, 9366, 10600, 10600, 10600, 10600, 15378, 15378, 19333, 19333, 19333, 28417, 28417, 28417, 28850, 28850, 28850, 28956, 35421, 35421, 35421, 35421, 46981, 46981, 46981, 50072, 59531, 63776, 74112, 74112, 74112, 103112, 103112, 103251, 103251, 103251, 119774, 119774, 119774, 119774, 119774, 122870, 122870, 122870, 131475, 131475, 131475, 131589, 132815, 132815, 132815, 149155, 149155, 173000, 173000, 173000, 173000, 173140, 179253, 179253, 196144, 196144, 196144], "y": ["Anabal", "Estell", "Daile", "Guenna", "Nanette", "Jessalin", "Roanne", "Guenevere", "Delcina", "Christa", "Karine", "Lisetta", "Heidie", "Vanya", "Marsiella", "Avis", "Mandy", "Bea", "Corrina", "Vilhelmina", "Berti", "Madlen", "Vivian", "Nerita", "Tate", "Amelia", "Danica", "Hetty", "Kathe", "Freddi", "Donella", "Mitzi", "Anni", "Nicol", "Babette", "Susan", "Gerry", "Chickie", "Ardeen", "Rozalin", "Laurena", "Jyoti", "Allsun", "Maddie", "Gabrielle", "Corine", "Aeriell", "Gracia", "Ricky", "Corie", "Hannie", "Janina", "Kelila", "Bernadine", "Nedi", "Milka", "Laurie", "Breena", "Ruthann", "Candy", "Karil", "Tawsha", "Alicia", "Lucie", "Jilleen", "Marin", "Morgan", "Ekaterina", "Josie", "Salaidh", "Kit", "Willow", "Adele", "Aimil", "Beitris", "Etti", "Cora", "Gui", "Tania", "Jeralee", "Lenna", "Melba", "Dayna", "Bevvy", "Dyan", "Eyde", "Drusi", "Marian", "Seka", "Ina", "Shandra", "Holli", "Ethyl", "Ariel", "Thelma", "Marji", "Kati"], "cumulative y": [1, 2, 3, 4, 5, 6, 7, 8, 9, 10, 11, 12, 13, 14, 15, 16, 17, 18, 19, 20, 21, 22, 23, 24, 25, 26, 27, 28, 29, 30, 31, 32, 33, 34, 35, 36, 37, 38, 39, 40, 41, 42, 43, 44, 45, 46, 47, 48, 49, 50, 51, 52, 53, 54, 55, 56, 57, 58, 59, 60, 61, 62, 63, 64, 65, 66, 67, 68, 69, 70, 71, 72, 73, 74, 75, 76, 77, 78, 79, 80, 81, 82, 83, 84, 85, 86, 87, 88, 89, 90, 91, 92, 93, 94, 95, 96, 97], "total events": 97}, "Vulnerabilities Exploited": {"record name": "Vulnerabilities Exploited", "x": [927, 972, 1030, 1197, 1197, 1197, 1260, 1260, 1652, 1865, 1865, 2125, 2125, 2454, 3136, 3136, 3136, 3680, 3680, 3680, 3680, 3680, 3680, 3771, 3879, 4016, 4914, 5145, 5428, 7014, 7014, 7014, 7014, 7014, 7014, 7014, 7014, 7014, 7014, 7014, 7097, 7309, 9076, 9366, 9574, 9574, 10241, 10241, 10600, 10600, 11464, 13097, 13097, 14846, 20814, 21139, 21677, 25679, 26934, 28417, 32979, 35565, 38749, 40547, 41965, 42354, 50072, 57705, 57705, 60080, 66128, 67024, 67024, 67714, 74112, 74112, 74112, 74112, 74112, 75223, 75223, 75692, 81418, 88296, 92325, 94470, 95361, 97929, 103112, 103112, 119774, 134707, 145447, 158539, 164649, 173000, 173000, 173000, 177952, 178657, 207118, 209658, 209658, 210937, 210937, 240873], "cumulative exploited vulns": [1, 2, 3, 4, 5, 6, 7, 8, 9, 10, 11, 12, 13, 14, 15, 16, 17, 18, 19, 20, 21, 22, 23, 24, 25, 26, 27, 28, 29, 30, 31, 32, 33, 34, 35, 36, 37, 38, 39, 40, 41, 42, 43, 44, 45, 46, 47, 48, 49, 50, 51, 52, 53, 54, 55, 56, 57, 58, 59, 60, 61, 62, 63, 64, 65, 66, 67, 68, 69, 70, 71, 72, 73, 74, 75, 76, 77, 78, 79, 80, 81, 82, 83, 84, 85, 86, 87, 88, 89, 90, 91, 92, 93, 94, 95, 96, 97, 98, 99, 100, 101, 102, 103, 104, 105, 106],