{"Total Initial Vulnerabilities": 444, "Initial Vulns Per OS": {"centos": {"8": 11, "7": 28, "6": 22, "3": 53, "4": 15, "5": 18}, "ubuntu": {"16.04": 34, "18.04": 16, "20.04": 7, "12.04": 30, "14.04": 25}, "freebsd": {"12": 16, "11": 27, "9": 23, "10": 19, "13": 7}, "windows": {"10": 10, "7": 42, "8": 13, "8.1": 12, "vista": 16}}, "Average Initial RoA Per OS": {"centos": {"8": 0.024810750057398686, "7": 0.0866512369479997, "6": 0.06078207913293509, "3": 0.06006475794652596, "4": 0.032100436055316574, "5": 0.04115867126543739}, "ubuntu": {"16.04": 0.042677402914636696, "18.04": 0.15430698955512587, "20.04": 0.012074460851507762, "12.04": 0.05597613296819471, "14.04": 0.034610676579286896}, "freebsd": {"12": 0.04180229692789369, "11": 0.042934725633195635, "9": 0.040771811699849704, "10": 0.0604106994334321, "13": 0.03307197240289376}, "windows": {"10": 0.021454984092284836, "7": 0.046357101742080985, "8": 0.06565473430968218, "8.1": 0.2048464279810626, "vista": 0.03555771118566946}}, "OS Types In Initial Network": {"centos 8": 11, "ubuntu 16.04": 11, "ubuntu 18.04": 9, "freebsd 12": 10, "windows 8.1": 11, "windows 10": 20, "freebsd 11": 11, "windows 7": 10, "ubuntu 20.04": 17, "freebsd 9": 5, "freebsd 13": 20, "centos 7": 13, "windows 8": 9, "ubuntu 12.04": 6, "freebsd 10": 9, "centos 6": 7, "ubuntu 14.04": 8, "centos 3": 3, "centos 4": 5, "windows vista": 3, "centos 5": 2}, "Initial Hosts Without Vulnerabilities": 60, "Host Compromises": {"record name": "Host Compromises", "x": [538, 2347, 5140, 5455, 5550, 9222, 14901, 18174, 18960, 20325, 24156, 24265, 28364, 29353, 38203, 46461, 49460, 51605, 55534, 64358, 66431, 66553, 67229, 75334, 75512, 76216, 78394, 103951, 104672, 104805, 104958, 105727, 117013, 120088, 138851, 148928, 153481, 230744, 232867, 246842], "y": [2, 15, 27, 29, 30, 44, 19, 34, 35, 40, 72, 70, 103, 98, 4, 25, 38, 46, 81, 59, 91, 82, 77, 115, 83, 109, 85, 165, 97, 54, 80, 69, 113, 127, 166, 188, 60, 123, 100, 159], "cumulative y": [1, 2, 3, 4, 5, 6, 7, 8, 9, 10, 11, 12, 13, 14, 15, 16, 17, 18, 19, 20, 21, 22, 23, 24, 25, 26, 27, 28, 29, 30, 31, 32, 33, 34, 35, 36, 37, 38, 39, 40], "total events": 40, "not exposed x": [24156, 24265, 28364, 29353, 55534, 64358, 66431, 66553, 67229, 75334, 75512, 76216, 78394, 103951, 104672, 104805, 104958, 105727, 117013, 120088, 138851, 148928, 153481, 230744, 232867, 246842], "not exposed y": [72, 70, 103, 98, 81, 59, 91, 82, 77, 115, 83, 109, 85, 165, 97, 54, 80, 69, 113, 127, 166, 188, 60, 123, 100, 159], "cumulative not exposed y": [1, 2, 3, 4, 5, 6, 7, 8, 9, 10, 11, 12, 13, 14, 15, 16, 17, 18, 19, 20, 21, 22, 23, 24, 25, 26], "total not exposed events": 26}, "Vuln Compromises": {"record name": "Vuln Compromises", "x": [538, 2347, 5140, 5455, 5550, 9222, 18174, 18960, 20325, 24156, 24265, 29353, 38203, 49460, 75512, 230744], "y": [2, 15, 27, 29, 30, 44, 34, 35, 40, 72, 70, 98, 4, 38, 83, 123], "cumulative y": [1, 2, 3, 4, 5, 6, 7, 8, 9, 10, 11, 12, 13, 14, 15, 16], "total events": 16, "not exposed x": [24156, 24265, 29353, 75512, 230744], "not exposed y": [72, 70, 98, 83, 123], "cumulative not exposed y": [1, 2, 3, 4, 5], "total not exposed events": 5}, "Reuse Password Compromises": {"record name": "Reuse Password Compromises", "x": [28364, 46461, 51605, 55534, 64358, 66431, 66553, 67229, 75334, 76216, 78394, 103951, 104672, 104805, 104958, 105727, 117013, 120088, 138851, 148928, 232867, 246842], "y": [103, 25, 46, 81, 59, 91, 82, 77, 115, 109, 85, 165, 97, 54, 80, 69, 113, 127, 166, 188, 100, 159], "cumulative y": [1, 2, 3, 4, 5, 6, 7, 8, 9, 10, 11, 12, 13, 14, 15, 16, 17, 18, 19, 20, 21, 22], "total events": 22, "not exposed x": [28364, 55534, 64358, 66431, 66553, 67229, 75334, 76216, 78394, 103951, 104672, 104805, 104958, 105727, 117013, 120088, 138851, 148928, 232867, 246842], "not exposed y": [103, 81, 59, 91, 82, 77, 115, 109, 85, 165, 97, 54, 80, 69, 113, 127, 166, 188, 100, 159], "cumulative not exposed y": [1, 2, 3, 4, 5, 6, 7, 8, 9, 10, 11, 12, 13, 14, 15, 16, 17, 18, 19, 20], "total not exposed events": 20}, "Password Spray Compromises": {"record name": "Password Spray Compromises", "x": [14901, 153481], "y": [19, 60], "cumulative y": [1, 2], "total events": 2, "not exposed x": [153481], "not exposed y": [60], "cumulative not exposed y": [1], "total not exposed events": 1}, "User Account Leaks": {"record name": "User Account Has Been Leaked By Compromise", "x": [538, 538, 538, 538, 538, 2347, 2347, 2347, 2347, 5140, 5140, 5140, 5140, 5455, 5455, 5455, 5455, 5550, 5550, 5550, 5550, 5550, 9222, 9222, 9222, 14901, 14901, 14901, 14901, 18174, 18174, 18174, 18960, 18960, 18960, 18960, 18960, 20325, 20325, 24156, 24156, 24156, 24156, 24265, 24265, 24265, 24265, 28364, 28364, 28364, 29353, 29353, 29353, 38203, 38203, 38203, 38203, 46461, 46461, 49460, 49460, 49460, 49460, 51605, 55534, 55534, 55534, 64358, 64358, 64358, 66431, 66431, 66553, 66553, 66553, 67229, 67229, 75334, 75334, 75512, 75512, 75512, 75512, 75512, 76216, 76216, 78394, 78394, 103951, 104672, 104805, 104805, 104805, 104805, 104958, 104958, 105727, 105727, 117013, 120088, 120088, 138851, 138851, 148928, 230744, 232867, 246842, 246842], "y": ["Noni", "Saree", "Sorcha", "Luella", "Karleen", "Estell", "Loralee", "Cassandra", "Tiena", "Merola", "Leslie", "Imogen", "Justinn", "Danyette", "Marnie", "Lacy", "Lurlene", "Griselda", "Donny", "Philly", "Gayla", "Ysabel", "Glori", "Coral", "Leeanne", "Monah", "Adria", "Virginie", "Prudi", "Flori", "Jena", "Stacey", "Ivy", "Flossie", "Tommie", "Hilda", "Lucienne", "Callie", "Dionne", "Dorotea", "Kathryn", "Mitzi", "Marcelle", "Shay", "Jess", "Theo", "Gabriella", "Jenilee", "Maye", "Sherilyn", "Corette", "Aggy", "Phyllida", "Shelagh", "Viki", "Maxine", "Violet", "Samantha", "Ina", "Elna", "Tamara", "Gertrudis", "Marlyn", "Manya", "Willabella", "Nissa", "Jaclyn", "Toni", "Shaina", "Conni", "Bette", "Renelle", "Kakalina", "Nissy", "Vivian", "Brietta", "Brenn", "Caria", "Agatha", "Meggie", "Darleen", "Daveta", "Philis", "Elita", "Myrah", "Romola", "Robinetta", "Trixy", "Berna", "Adelaida", "Adrianna", "Rubetta", "Joela", "Sisile", "Dulcea", "Kissee", "Ebonee", "Gizela", "Aurlie", "Diane", "Luelle", "Blanch", "Lina", "Cassandry", "Jaquenette", "Cristin", "Inez", "Annamarie"], "cumulative y": [1, 2, 3, 4, 5, 6, 7, 8, 9, 10, 11, 12, 13, 14, 15, 16, 17, 18, 19, 20, 21, 22, 23, 24, 25, 26, 27, 28, 29, 30, 31, 32, 33, 34, 35, 36, 37, 38, 39, 40, 41, 42, 43, 44, 45, 46, 47, 48, 49, 50, 51, 52, 53, 54, 55, 56, 57, 58, 59, 60, 61, 62, 63, 64, 65, 66, 67, 68, 69, 70, 71, 72, 73, 74, 75, 76, 77, 78, 79, 80, 81, 82, 83, 84, 85, 86, 87, 88, 89, 90, 91, 92, 93, 94, 95, 96, 97, 98, 99, 100, 101, 102, 103, 104, 105, 106, 107, 108], "total events": 108}, "Vulnerabilities Exploited": {"record name": "Vulnerabilities Exploited", "x": [371, 371, 538, 538, 660, 1446, 1638, 1719, 1948, 2347, 2779, 2779, 2779, 3419, 4069, 4069, 4069, 5140, 5455, 5550, 5550, 5912, 7197, 7542, 8088, 8088, 8404, 8588, 9222, 9222, 9298, 10517, 10517, 11322, 12090, 12994, 15830, 17053, 17693, 17693, 18960, 19714, 20484, 23763, 23763, 23763, 24156, 24265, 29353, 29353, 29353, 29353, 29893, 34406, 38203, 38203, 38306, 38737, 40774, 45295, 45295, 46075, 49460, 57309, 57309, 67370, 70391, 75512, 75512, 85994, 85994, 95644, 99327, 103380, 111813, 111813, 116403, 219469, 230744, 235581, 239029, 241146], "cumulative exploited vulns": [1, 2, 3, 4, 5, 6, 7, 8, 9, 10, 11, 12, 13, 14, 15, 16, 17, 18, 19, 20, 21, 22, 23, 24, 25, 26, 27, 28, 29, 30, 31, 32, 33, 34, 35, 36, 37, 38, 39, 40, 41, 42, 43, 44, 45, 46, 47, 48, 49, 50, 51, 52, 53, 54, 55, 56, 57, 58, 59, 60, 61, 62, 63, 64, 65, 66, 67, 68, 69, 70, 71, 72, 73, 74, 75, 76, 77, 78, 79, 80, 81, 82],