{"Total Initial Vulnerabilities": 536, "Initial Vulns Per OS": {"freebsd": {"11": 29, "12": 21, "13": 15, "8": 49, "10": 5, "9": 5}, "ubuntu": {"14.04": 23, "20.04": 15, "16.04": 15, "18.04": 41, "12.04": 9, "10.04": 42}, "centos": {"4": 8, "6": 27, "3": 40, "8": 10, "7": 22, "5": 32}, "windows": {"vista": 21, "8": 29, "7": 27, "xp": 31, "10": 6, "8.1": 14}}, "Average Initial RoA Per OS": {"freebsd": {"11": 0.08121575988770183, "12": 0.05744504602495822, "13": 0.053298818350438995, "8": 0.026151576832361093, "10": 0.11902135328973722, "9": 0.016686905505741634}, "ubuntu": {"14.04": 0.06937706792890433, "20.04": 0.020770882302199308, "16.04": 0.047855816816683196, "18.04": 0.09871420564467143, "12.04": 0.05380801986421005, "10.04": 0.03655912478984833}, "centos": {"4": 0.03897525038393668, "6": 0.12739420895386744, "3": 0.04834435122472497, "8": 0.014847308985909946, "7": 0.05850912423708257, "5": 0.05916277587608175}, "windows": {"vista": 0.0215882682014864, "8": 0.10912244736713064, "7": 0.03331845476378134, "xp": 0.05564514786431277, "10": 0.15433684667215355, "8.1": 0.10792807705744997}}, "OS Types In Initial Network": {"freebsd 11": 14, "ubuntu 14.04": 8, "centos 7": 12, "centos 5": 8, "centos 4": 3, "centos 8": 17, "windows vista": 6, "windows 8": 7, "freebsd 12": 11, "freebsd 13": 11, "windows 10": 12, "windows 7": 8, "centos 6": 11, "ubuntu 20.04": 16, "windows xp": 3, "centos 3": 4, "windows 8.1": 9, "ubuntu 16.04": 7, "freebsd 8": 3, "ubuntu 18.04": 20, "freebsd 10": 3, "freebsd 9": 2, "ubuntu 12.04": 4, "ubuntu 10.04": 1}, "Initial Hosts Without Vulnerabilities": 43, "Host Compromises": {"record name": "Host Compromises", "x": [2658, 3018, 3481, 5242, 5630, 5699, 8110, 15391, 20492, 21797, 33993, 37008, 37463, 40543, 42614, 43073, 52043, 58224, 59691, 60336, 63630, 76000, 88562, 91404, 95556, 96247, 105475, 135306, 137376, 146910, 149519, 156623, 173913, 194009, 203292], "y": [17, 19, 20, 23, 64, 103, 150, 10, 29, 73, 21, 32, 34, 40, 45, 47, 170, 66, 117, 118, 125, 69, 72, 61, 135, 85, 70, 116, 97, 67, 90, 89, 129, 52, 57], "cumulative y": [1, 2, 3, 4, 5, 6, 7, 8, 9, 10, 11, 12, 13, 14, 15, 16, 17, 18, 19, 20, 21, 22, 23, 24, 25, 26, 27, 28, 29, 30, 31, 32, 33, 34, 35], "total events": 35, "not exposed x": [5630, 5699, 8110, 21797, 52043, 58224, 59691, 60336, 63630, 76000, 88562, 91404, 95556, 96247, 105475, 135306, 137376, 146910, 149519, 156623, 173913, 194009, 203292], "not exposed y": [64, 103, 150, 73, 170, 66, 117, 118, 125, 69, 72, 61, 135, 85, 70, 116, 97, 67, 90, 89, 129, 52, 57], "cumulative not exposed y": [1, 2, 3, 4, 5, 6, 7, 8, 9, 10, 11, 12, 13, 14, 15, 16, 17, 18, 19, 20, 21, 22, 23], "total not exposed events": 23}, "Vuln Compromises": {"record name": "Vuln Compromises", "x": [2658, 3018, 3481, 5630, 8110, 15391, 20492, 21797, 33993, 37008, 37463, 40543, 63630, 76000, 91404, 135306, 137376, 173913, 203292], "y": [17, 19, 20, 64, 150, 10, 29, 73, 21, 32, 34, 40, 125, 69, 61, 116, 97, 129, 57], "cumulative y": [1, 2, 3, 4, 5, 6, 7, 8, 9, 10, 11, 12, 13, 14, 15, 16, 17, 18, 19], "total events": 19, "not exposed x": [5630, 8110, 21797, 63630, 76000, 91404, 135306, 137376, 173913, 203292], "not exposed y": [64, 150, 73, 125, 69, 61, 116, 97, 129, 57], "cumulative not exposed y": [1, 2, 3, 4, 5, 6, 7, 8, 9, 10], "total not exposed events": 10}, "Reuse Password Compromises": {"record name": "Reuse Password Compromises", "x": [5242, 5699, 42614, 43073, 52043, 58224, 59691, 60336, 95556, 96247, 105475, 146910, 149519, 156623, 194009], "y": [23, 103, 45, 47, 170, 66, 117, 118, 135, 85, 70, 67, 90, 89, 52], "cumulative y": [1, 2, 3, 4, 5, 6, 7, 8, 9, 10, 11, 12, 13, 14, 15], "total events": 15, "not exposed x": [5699, 52043, 58224, 59691, 60336, 95556, 96247, 105475, 146910, 149519, 156623, 194009], "not exposed y": [103, 170, 66, 117, 118, 135, 85, 70, 67, 90, 89, 52], "cumulative not exposed y": [1, 2, 3, 4, 5, 6, 7, 8, 9, 10, 11, 12], "total not exposed events": 12}, "Password Spray Compromises": {"record name": "Password Spray Compromises", "x": [88562], "y": [72], "cumulative y": [1], "total events": 1, "not exposed x": [88562], "not exposed y": [72], "cumulative not exposed y": [1], "total not exposed events": 1}, "User Account Leaks": {"record name": "User Account Has Been Leaked By Compromise", "x": [2658, 2658, 2658, 2658, 2658, 3018, 3018, 3018, 3018, 3481, 3481, 3481, 3481, 3481, 5242, 5242, 5242, 5242, 5630, 5630, 5630, 5630, 5630, 5699, 5699, 5699, 5699, 8110, 8110, 8110, 8110, 8110, 15391, 15391, 15391, 15391, 20492, 21797, 21797, 21797, 21797, 21797, 33993, 33993, 33993, 33993, 37008, 37008, 37008, 37463, 37463, 37463, 37463, 40543, 40543, 40543, 40543, 42614, 42614, 43073, 43073, 43073, 52043, 52043, 52043, 58224, 58224, 58224, 59691, 60336, 60336, 60336, 60336, 63630, 63630, 63630, 76000, 76000, 76000, 88562, 88562, 91404, 91404, 95556, 95556, 95556, 96247, 96247, 96247, 105475, 135306, 135306, 135306, 137376, 146910, 146910, 149519, 149519, 149519, 156623, 173913, 173913, 173913, 194009, 194009, 203292, 203292], "y": ["Batsheva", "Margaretta", "Ashlen", "Jacqueline", "Letitia", "Sophi", "Rodi", "Maribel", "Flo", "Veronike", "Elbertine", "Katharina", "Bettye", "Tiff", "Julietta", "Melonie", "Lorna", "Kara-Lynn", "Almire", "Heloise", "Sherilyn", "Tabatha", "Margret", "Gerianna", "Adelind", "Maurine", "Florie", "Manda", "Noemi", "Colette", "Brena", "Gerhardine", "Juliet", "Mavis", "Loralee", "Nessy", "Nannette", "Hettie", "Odelinda", "Shawna", "Rafaelia", "Isidora", "Corabella", "Janette", "Kamilah", "Aryn", "Sheila-Kathryn", "Allx", "Gabey", "Carly", "Rebbecca", "Alli", "Felisha", "Shalna", "Vida", "Inge", "Loleta", "Glennis", "Kelcey", "Becki", "Guglielma", "Jacquelynn", "Melisande", "Lorene", "Barbara", "Britteny", "Lindy", "Jodi", "Tandie", "Regan", "Olympie", "Tanhya", "Melodie", "Holli", "Kylie", "Eileen", "Sheelah", "Ranna", "Shaylah", "Cathryn", "Gwendolyn", "Willi", "Idelle", "Marylee", "Netty", "Jorrie", "Ellen", "Bonita", "Karlotta", "Velvet", "Dyan", "Leesa", "Daryl", "Meris", "Gaylene", "Niki", "Dionis", "Orelle", "Elke", "Tiphanie", "Mellisa", "Ruthanne", "Beatrice", "Lonnie", "Pearla", "Amalle", "Zaneta"], "cumulative y": [1, 2, 3, 4, 5, 6, 7, 8, 9, 10, 11, 12, 13, 14, 15, 16, 17, 18, 19, 20, 21, 22, 23, 24, 25, 26, 27, 28, 29, 30, 31, 32, 33, 34, 35, 36, 37, 38, 39, 40, 41, 42, 43, 44, 45, 46, 47, 48, 49, 50, 51, 52, 53, 54, 55, 56, 57, 58, 59, 60, 61, 62, 63, 64, 65, 66, 67, 68, 69, 70, 71, 72, 73, 74, 75, 76, 77, 78, 79, 80, 81, 82, 83, 84, 85, 86, 87, 88, 89, 90, 91, 92, 93, 94, 95, 96, 97, 98, 99, 100, 101, 102, 103, 104, 105, 106, 107], "total events": 107}, "Vulnerabilities Exploited": {"record name": "Vulnerabilities Exploited", "x": [496, 496, 764, 764, 764, 973, 973, 1026, 1110, 1110, 1393, 1393, 1393, 2278, 2278, 2278, 2592, 2658, 3018, 3018, 3018, 3182, 3481, 3481, 5144, 5144, 5144, 5144, 5144, 5376, 5630, 8110, 8110, 8110, 8110, 8110, 11597, 11597, 11900, 11900, 11900, 12277, 12277, 12277, 12541, 16653, 16653, 16653, 17896, 18892, 19426, 20492, 20492, 20492, 21797, 22644, 22644, 23559, 25877, 26277, 26697, 27089, 27089, 28835, 32077, 33993, 34945, 35425, 36685, 37463, 37463, 38359, 40160, 40160, 40160, 40160, 40160, 40543, 41055, 41055, 41471, 49748, 51648, 52156, 56399, 58358, 58358, 60468, 63630, 64921, 66537, 67544, 71244, 76262, 76262, 76262, 86623, 91404, 102431, 106853, 128108, 135306, 159503, 162854, 169655, 178213, 192702, 203292, 203292, 213360, 223608], "cumulative exploited vulns": [1, 2, 3, 4, 5, 6, 7, 8, 9, 10, 11, 12, 13, 14, 15, 16, 17, 18, 19, 20, 21, 22, 23, 24, 25, 26, 27, 28, 29, 30, 31, 32, 33, 34, 35, 36, 37, 38, 39, 40, 41, 42, 43, 44, 45, 46, 47, 48, 49, 50, 51, 52, 53, 54, 55, 56, 57, 58, 59, 60, 61, 62, 63, 64, 65, 66, 67, 68, 69, 70, 71, 72, 73, 74, 75, 76, 77, 78, 79, 80, 81, 82, 83, 84, 85, 86, 87, 88, 89, 90, 91, 92, 93, 94, 95, 96, 97, 98, 99, 100, 101, 102, 103, 104, 105, 106, 107, 108, 109, 110, 111],