{"Total Initial Vulnerabilities": 781, "Initial Vulns Per OS": {"windows": {"10": 15, "8.1": 29, "xp": 152, "vista": 22, "7": 10, "8": 26}, "ubuntu": {"14.04": 34, "18.04": 21, "16.04": 15, "12.04": 49, "10.04": 106, "20.04": 11}, "freebsd": {"12": 19, "10": 24, "13": 9, "11": 26, "9": 7}, "centos": {"8": 7, "6": 34, "5": 14, "4": 17, "7": 22, "3": 112}}, "Average Initial RoA Per OS": {"windows": {"10": 0.027066423846003447, "8.1": 0.060502820293828787, "xp": 0.06255427326786835, "vista": 0.04475919987229187, "7": 0.07357328450751006, "8": 0.03019237182301743}, "ubuntu": {"14.04": 0.028873683036962482, "18.04": 0.03414859816621788, "16.04": 0.0580330429751346, "12.04": 0.04799235803761161, "10.04": 0.06794902699478472, "20.04": 0.02733282929260068}, "freebsd": {"12": 0.032687951483277355, "10": 0.10864384716181325, "13": 0.06893695760603064, "11": 0.0364409108436336, "9": 0.024132634125917447}, "centos": {"8": 0.016825429994566356, "6": 0.04582700155281916, "5": 0.07572641972867752, "4": 0.09082768523030105, "7": 0.03875472153582041, "3": 0.06778260558405594}}, "OS Types In Initial Network": {"windows 10": 17, "centos 8": 13, "ubuntu 14.04": 12, "freebsd 12": 12, "ubuntu 18.04": 10, "centos 6": 10, "windows 8.1": 15, "windows xp": 6, "freebsd 13": 13, "centos 5": 5, "ubuntu 16.04": 10, "centos 4": 3, "ubuntu 12.04": 7, "ubuntu 10.04": 3, "ubuntu 20.04": 17, "centos 7": 12, "freebsd 10": 6, "centos 3": 5, "windows vista": 4, "freebsd 9": 2, "windows 7": 4, "freebsd 11": 6, "windows 8": 8}, "Initial Hosts Without Vulnerabilities": 46, "Host Compromises": {"record name": "Host Compromises", "x": [1108, 3123, 5354, 8268, 8498, 8944, 9876, 17013, 20509, 20867, 21256, 27704, 30850, 30962, 36064, 37295, 57523, 64429, 84708, 96590, 97064, 114917, 117518, 123267, 180120, 183872, 245569], "y": [6, 12, 17, 24, 62, 64, 128, 3, 18, 20, 22, 113, 80, 73, 69, 84, 75, 77, 105, 65, 110, 107, 51, 50, 52, 127, 105], "cumulative y": [1, 2, 3, 4, 5, 6, 7, 8, 9, 10, 11, 12, 13, 14, 15, 16, 17, 18, 19, 20, 21, 22, 23, 24, 25, 26, 27], "total events": 27, "not exposed x": [8498, 8944, 9876, 27704, 30850, 30962, 36064, 37295, 57523, 64429, 84708, 96590, 97064, 114917, 117518, 123267, 180120, 183872, 245569], "not exposed y": [62, 64, 128, 113, 80, 73, 69, 84, 75, 77, 105, 65, 110, 107, 51, 50, 52, 127, 105], "cumulative not exposed y": [1, 2, 3, 4, 5, 6, 7, 8, 9, 10, 11, 12, 13, 14, 15, 16, 17, 18, 19], "total not exposed events": 19}, "Vuln Compromises": {"record name": "Vuln Compromises", "x": [1108, 3123, 5354, 8268, 8498, 8944, 20509, 27704, 36064, 37295, 57523, 64429, 84708, 96590, 97064, 114917, 180120, 245569], "y": [6, 12, 17, 24, 62, 64, 18, 113, 69, 84, 75, 77, 105, 65, 110, 107, 52, 105], "cumulative y": [1, 2, 3, 4, 5, 6, 7, 8, 9, 10, 11, 12, 13, 14, 15, 16, 17, 18], "total events": 18, "not exposed x": [8498, 8944, 27704, 36064, 37295, 57523, 64429, 84708, 96590, 97064, 114917, 180120, 245569], "not exposed y": [62, 64, 113, 69, 84, 75, 77, 105, 65, 110, 107, 52, 105], "cumulative not exposed y": [1, 2, 3, 4, 5, 6, 7, 8, 9, 10, 11, 12, 13], "total not exposed events": 13}, "Reuse Password Compromises": {"record name": "Reuse Password Compromises", "x": [9876, 17013, 20867, 21256, 30850, 30962, 117518, 123267, 183872], "y": [128, 3, 20, 22, 80, 73, 51, 50, 127], "cumulative y": [1, 2, 3, 4, 5, 6, 7, 8, 9], "total events": 9, "not exposed x": [9876, 30850, 30962, 117518, 123267, 183872], "not exposed y": [128, 80, 73, 51, 50, 127], "cumulative not exposed y": [1, 2, 3, 4, 5, 6], "total not exposed events": 6}, "Password Spray Compromises": {"record name": "Password Spray Compromises", "x": [], "y": [], "cumulative y": [], "total events": 0, "not exposed x": [], "not exposed y": [], "cumulative not exposed y": [], "total not exposed events": 0}, "User Account Leaks": {"record name": "User Account Has Been Leaked By Compromise", "x": [1108, 1108, 1108, 1108, 1108, 3123, 3123, 3123, 3123, 5354, 5354, 5354, 5354, 8268, 8268, 8268, 8268, 8268, 8498, 8498, 8498, 8498, 8944, 8944, 8944, 8944, 8944, 9876, 9876, 9876, 9876, 17013, 17013, 17013, 20509, 20509, 20509, 20509, 20509, 20867, 20867, 20867, 20867, 21256, 21256, 21256, 27704, 27704, 27704, 30850, 30850, 30850, 30962, 30962, 30962, 30962, 36064, 36064, 36064, 36064, 37295, 57523, 57523, 57523, 57523, 57523, 64429, 64429, 64429, 64429, 84708, 84708, 84708, 96590, 96590, 96590, 96590, 97064, 97064, 97064, 97064, 114917, 114917, 114917, 117518, 117518, 117518, 123267, 123267, 180120, 180120, 180120, 180120, 183872, 183872, 183872], "y": ["Chrissy", "Savina", "Timmy", "Rhianna", "Emelia", "Lorena", "Ruthi", "Maryjo", "Nerte", "Lotty", "Agnella", "Jillie", "Fredra", "Larisa", "Veronike", "Jennette", "Meridith", "Margarethe", "Annadiana", "Clemence", "Flossy", "Mareah", "Joana", "Shir", "Loni", "Nessa", "Lianna", "Karmen", "Betsey", "Valencia", "Verene", "Sunny", "Ulrike", "Kerianne", "Christy", "Ddene", "Annmarie", "Alis", "Etti", "Cacilia", "Leonie", "Lucilia", "Malissa", "Nikolia", "Salaidh", "Elberta", "Jillayne", "Lianne", "Dyan", "Dulcia", "Nicolle", "Brunhilde", "Dorella", "Courtenay", "Ariela", "Meaghan", "Rosanne", "Marci", "Orelee", "Carline", "Lauretta", "Sabrina", "Rhodie", "Glenine", "Rafaelia", "Christi", "Shayla", "Shay", "Clementia", "Jobey", "Merrily", "Marris", "Elnore", "Gerladina", "Drusy", "Aggy", "Lucinda", "Tamera", "Lottie", "Roze", "Leoline", "Carroll", "Andeee", "Carolan", "Zondra", "Isa", "Quintana", "Perri", "Didi", "Katherina", "Wendye", "Bryana", "Judie", "Roshelle", "Roxy", "Dinny"], "cumulative y": [1, 2, 3, 4, 5, 6, 7, 8, 9, 10, 11, 12, 13, 14, 15, 16, 17, 18, 19, 20, 21, 22, 23, 24, 25, 26, 27, 28, 29, 30, 31, 32, 33, 34, 35, 36, 37, 38, 39, 40, 41, 42, 43, 44, 45, 46, 47, 48, 49, 50, 51, 52, 53, 54, 55, 56, 57, 58, 59, 60, 61, 62, 63, 64, 65, 66, 67, 68, 69, 70, 71, 72, 73, 74, 75, 76, 77, 78, 79, 80, 81, 82, 83, 84, 85, 86, 87, 88, 89, 90, 91, 92, 93, 94, 95, 96], "total events": 96}, "Vulnerabilities Exploited": {"record name": "Vulnerabilities Exploited", "x": [1108, 1108, 1108, 1260, 1705, 1998, 2153, 2153, 3123, 3123, 3123, 3123, 3123, 3123, 3123, 3123, 3123, 3123, 3123, 3444, 3689, 5354, 5354, 5354, 5354, 5354, 5354, 5354, 5354, 5354, 5354, 5354, 5354, 5354, 5727, 6548, 6548, 6548, 6548, 8268, 8268, 8268, 8268, 8268, 8268, 8268, 8268, 8268, 8268, 8268, 8498, 8498, 8498, 8498, 8944, 8944, 8944, 8944, 9985, 12984, 12984, 13771, 16048, 16048, 18386, 18386, 20509, 20591, 21403, 21403, 24146, 25645, 27379, 36064, 36799, 37295, 39593, 40542, 40542, 41030, 45112, 49105, 49909, 53302, 71342, 77571, 84826, 86387, 89597, 89597, 89597, 89597, 96102, 97064, 103182, 103182, 103182, 103182, 107729, 111041, 114917, 114917, 121950, 121950, 125911, 125911, 131428, 139602, 139602, 149918, 166389, 169441, 170166, 177467, 180120, 180120, 180120, 180120, 180120, 180120, 180120, 180120, 180120, 180120, 186838, 189808, 194956, 225414, 229795, 229795, 229795, 248002], "cumulative exploited vulns": [1, 2, 3, 4, 5, 6, 7, 8, 9, 10, 11, 12, 13, 14, 15, 16, 17, 18, 19, 20, 21, 22, 23, 24, 25, 26, 27, 28, 29, 30, 31, 32, 33, 34, 35, 36, 37, 38, 39, 40, 41, 42, 43, 44, 45, 46, 47, 48, 49, 50, 51, 52, 53, 54, 55, 56, 57, 58, 59, 60, 61, 62, 63, 64, 65, 66, 67, 68, 69, 70, 71, 72, 73, 74, 75, 76, 77, 78, 79, 80, 81, 82, 83, 84, 85, 86, 87, 88, 89, 90, 91, 92, 93, 94, 95, 96, 97, 98, 99, 100, 101, 102, 103, 104, 105, 106, 107, 108, 109, 110, 111, 112, 113, 114, 115, 116, 117, 118, 119, 120, 121, 122, 123, 124, 125, 126, 127, 128, 129, 130, 131, 132],