{"Total Initial Vulnerabilities": 522, "Initial Vulns Per OS": {"windows": {"10": 8, "7": 31, "8": 43, "8.1": 34, "vista": 24, "xp": 64}, "centos": {"4": 7, "8": 19, "5": 12, "6": 55, "7": 18}, "freebsd": {"12": 22, "13": 19, "8": 27, "11": 13, "10": 27, "9": 9}, "ubuntu": {"16.04": 33, "20.04": 11, "12.04": 8, "18.04": 18, "14.04": 20}}, "Average Initial RoA Per OS": {"windows": {"10": 0.032296690870532885, "7": 0.03206501995003078, "8": 0.013794677248795751, "8.1": 0.049676987235008845, "vista": 0.07892596697098518, "xp": 0.052997672916831995}, "centos": {"4": 0.096352056964189, "8": 0.02685310510435509, "5": 0.04716569165305473, "6": 0.025036698217809922, "7": 0.05110170388777111}, "freebsd": {"12": 0.04554482378637578, "13": 0.09361723433201762, "8": 0.041311684715552834, "11": 0.04191504638672286, "10": 0.026218054612647906, "9": 0.03676487693726303}, "ubuntu": {"16.04": 0.024272673676389935, "20.04": 0.10733868557550928, "12.04": 0.016605722952832726, "18.04": 0.02330539454051298, "14.04": 0.02228844382101524}}, "OS Types In Initial Network": {"windows 10": 18, "centos 7": 15, "centos 4": 2, "freebsd 12": 11, "centos 8": 22, "windows 7": 8, "centos 5": 4, "centos 6": 14, "ubuntu 16.04": 10, "freebsd 13": 11, "freebsd 8": 1, "ubuntu 20.04": 14, "windows 8": 12, "freebsd 11": 8, "freebsd 10": 6, "windows 8.1": 14, "ubuntu 12.04": 5, "ubuntu 18.04": 11, "windows vista": 4, "windows xp": 3, "ubuntu 14.04": 5, "freebsd 9": 2}, "Initial Hosts Without Vulnerabilities": 44, "Host Compromises": {"record name": "Host Compromises", "x": [4657, 4707, 6443, 7344, 8109, 10101, 12867, 15887, 15966, 16013, 20226, 22436, 23675, 28333, 32801, 38724, 42048, 51576, 56703, 60949, 63149, 63276, 69528, 77639, 78934, 82230, 95974, 98629, 106499, 118091, 119454, 119629, 139529, 146817, 155138, 165362, 178569, 185341, 200071, 219115, 221369, 229768, 245252], "y": [36, 37, 0, 7, 11, 18, 31, 47, 48, 49, 17, 25, 29, 69, 92, 55, 74, 164, 84, 100, 109, 101, 88, 86, 116, 64, 123, 98, 156, 89, 94, 119, 68, 54, 77, 70, 85, 120, 50, 194, 63, 78, 61], "cumulative y": [1, 2, 3, 4, 5, 6, 7, 8, 9, 10, 11, 12, 13, 14, 15, 16, 17, 18, 19, 20, 21, 22, 23, 24, 25, 26, 27, 28, 29, 30, 31, 32, 33, 34, 35, 36, 37, 38, 39, 40, 41, 42, 43], "total events": 43, "not exposed x": [28333, 32801, 38724, 42048, 51576, 56703, 60949, 63149, 63276, 69528, 77639, 78934, 82230, 95974, 98629, 106499, 118091, 119454, 119629, 139529, 146817, 155138, 165362, 178569, 185341, 200071, 219115, 221369, 229768, 245252], "not exposed y": [69, 92, 55, 74, 164, 84, 100, 109, 101, 88, 86, 116, 64, 123, 98, 156, 89, 94, 119, 68, 54, 77, 70, 85, 120, 50, 194, 63, 78, 61], "cumulative not exposed y": [1, 2, 3, 4, 5, 6, 7, 8, 9, 10, 11, 12, 13, 14, 15, 16, 17, 18, 19, 20, 21, 22, 23, 24, 25, 26, 27, 28, 29, 30], "total not exposed events": 30}, "Vuln Compromises": {"record name": "Vuln Compromises", "x": [4657, 6443, 10101, 23675, 32801, 38724, 42048, 51576, 56703, 69528, 77639, 95974, 106499, 118091, 119629, 165362, 200071, 245252], "y": [36, 0, 18, 29, 92, 55, 74, 164, 84, 88, 86, 123, 156, 89, 119, 70, 50, 61], "cumulative y": [1, 2, 3, 4, 5, 6, 7, 8, 9, 10, 11, 12, 13, 14, 15, 16, 17, 18], "total events": 18, "not exposed x": [32801, 38724, 42048, 51576, 56703, 69528, 77639, 95974, 106499, 118091, 119629, 165362, 200071, 245252], "not exposed y": [92, 55, 74, 164, 84, 88, 86, 123, 156, 89, 119, 70, 50, 61], "cumulative not exposed y": [1, 2, 3, 4, 5, 6, 7, 8, 9, 10, 11, 12, 13, 14], "total not exposed events": 14}, "Reuse Password Compromises": {"record name": "Reuse Password Compromises", "x": [4707, 7344, 8109, 12867, 15887, 15966, 16013, 20226, 22436, 28333, 60949, 63149, 63276, 78934, 82230, 98629, 119454, 139529, 146817, 155138, 178569, 185341, 219115, 221369, 229768], "y": [37, 7, 11, 31, 47, 48, 49, 17, 25, 69, 100, 109, 101, 116, 64, 98, 94, 68, 54, 77, 85, 120, 194, 63, 78], "cumulative y": [1, 2, 3, 4, 5, 6, 7, 8, 9, 10, 11, 12, 13, 14, 15, 16, 17, 18, 19, 20, 21, 22, 23, 24, 25], "total events": 25, "not exposed x": [28333, 60949, 63149, 63276, 78934, 82230, 98629, 119454, 139529, 146817, 155138, 178569, 185341, 219115, 221369, 229768], "not exposed y": [69, 100, 109, 101, 116, 64, 98, 94, 68, 54, 77, 85, 120, 194, 63, 78], "cumulative not exposed y": [1, 2, 3, 4, 5, 6, 7, 8, 9, 10, 11, 12, 13, 14, 15, 16], "total not exposed events": 16}, "Password Spray Compromises": {"record name": "Password Spray Compromises", "x": [], "y": [], "cumulative y": [], "total events": 0, "not exposed x": [], "not exposed y": [], "cumulative not exposed y": [], "total not exposed events": 0}, "User Account Leaks": {"record name": "User Account Has Been Leaked By Compromise", "x": [4657, 4657, 4657, 4657, 4657, 4707, 4707, 4707, 4707, 6443, 6443, 6443, 6443, 7344, 7344, 7344, 7344, 8109, 8109, 8109, 8109, 10101, 10101, 10101, 10101, 10101, 12867, 12867, 12867, 15887, 15887, 15887, 15966, 15966, 15966, 16013, 16013, 16013, 20226, 20226, 20226, 20226, 22436, 22436, 23675, 23675, 23675, 28333, 28333, 28333, 28333, 32801, 32801, 32801, 32801, 38724, 38724, 38724, 38724, 42048, 42048, 42048, 42048, 51576, 51576, 56703, 56703, 56703, 60949, 60949, 60949, 63149, 63149, 63149, 63276, 63276, 69528, 69528, 69528, 69528, 77639, 77639, 77639, 82230, 82230, 95974, 95974, 95974, 95974, 98629, 98629, 106499, 106499, 118091, 118091, 119454, 119454, 119629, 119629, 119629, 119629, 119629, 139529, 139529, 139529, 146817, 146817, 155138, 155138, 155138, 165362, 165362, 185341, 200071, 200071, 219115, 221369, 221369, 229768, 229768, 245252, 245252, 245252], "y": ["Eugine", "Stevana", "Sib", "Sheelagh", "Pearline", "Mignon", "Jazmin", "Taryn", "Cindy", "Katine", "Pippy", "Aurilia", "Sally", "Pen", "Mirelle", "Cyndie", "Lanna", "Tandy", "Max", "Raquel", "Eve", "Halli", "Marita", "Angie", "Charity", "Cherri", "Nicolle", "Caye", "Agnesse", "Tonie", "Sheeree", "Veriee", "Nannie", "Joy", "Ilise", "Gisele", "Cherin", "Indira", "Lena", "Lanie", "Dorie", "Rochella", "Erna", "Linette", "Jeanelle", "Ronni", "Meggie", "Aleece", "Almeda", "Peri", "Marsiella", "Susy", "Fifine", "Raye", "Faustine", "Pat", "Bill", "Lilyan", "Colly", "Ettie", "Leola", "Jeanie", "Elisha", "Brina", "Rafaelita", "Juieta", "Natka", "Bridgette", "Claudia", "Holli", "Shaine", "Katy", "Shalne", "Babita", "Pavla", "Jobey", "Fleurette", "Myrah", "Vally", "Corissa", "Phillis", "Kissie", "Elsie", "Augustina", "Elsinore", "Joyan", "Wally", "Vanda", "Nancy", "Tanhya", "Farra", "Samantha", "Elsbeth", "Alla", "Ariana", "Jobina", "Hana", "Dorine", "Tiena", "Barbabra", "Tandi", "Edie", "Madge", "Phyllis", "Julianna", "Joannes", "Suzy", "Matelda", "Tilda", "Evelina", "Maggee", "Selma", "Brunhilda", "Cher", "Clare", "Mady", "Meredithe", "Dorian", "Roseanne", "Kalie", "Wendye", "Wilow", "Kyle"], "cumulative y": [1, 2, 3, 4, 5, 6, 7, 8, 9, 10, 11, 12, 13, 14, 15, 16, 17, 18, 19, 20, 21, 22, 23, 24, 25, 26, 27, 28, 29, 30, 31, 32, 33, 34, 35, 36, 37, 38, 39, 40, 41, 42, 43, 44, 45, 46, 47, 48, 49, 50, 51, 52, 53, 54, 55, 56, 57, 58, 59, 60, 61, 62, 63, 64, 65, 66, 67, 68, 69, 70, 71, 72, 73, 74, 75, 76, 77, 78, 79, 80, 81, 82, 83, 84, 85, 86, 87, 88, 89, 90, 91, 92, 93, 94, 95, 96, 97, 98, 99, 100, 101, 102, 103, 104, 105, 106, 107, 108, 109, 110, 111, 112, 113, 114, 115, 116, 117, 118, 119, 120, 121, 122, 123], "total events": 123}, "Vulnerabilities Exploited": {"record name": "Vulnerabilities Exploited",