{"Total Initial Vulnerabilities": 583, "Initial Vulns Per OS": {"freebsd": {"12": 28, "9": 27, "13": 11, "11": 22, "10": 8, "8": 68}, "ubuntu": {"18.04": 33, "20.04": 15, "14.04": 19, "16.04": 36, "12.04": 1}, "centos": {"6": 55, "7": 35, "5": 17, "8": 13, "4": 25, "3": 23}, "windows": {"8": 28, "8.1": 32, "10": 4, "7": 11, "vista": 12, "xp": 60}}, "Average Initial RoA Per OS": {"freebsd": {"12": 0.06418166434733659, "9": 0.04634731588990742, "13": 0.07753265387421857, "11": 0.05576173272525103, "10": 0.037245237428977354, "8": 0.06128249711807333}, "ubuntu": {"18.04": 0.051788278400621404, "20.04": 0.06202363957625945, "14.04": 0.03273799378058545, "16.04": 0.07623269213094679, "12.04": 0.6917053015816986}, "centos": {"6": 0.09337961889005633, "7": 0.11004980677043762, "5": 0.05406024835810941, "8": 0.05174494253806271, "4": 0.04872770589162886, "3": 0.03826936995520471}, "windows": {"8": 0.06943101937589395, "8.1": 0.042548062061800236, "10": 0.0265976513662334, "7": 0.04384709060164402, "vista": 0.05323866760667852, "xp": 0.045615589450400486}}, "OS Types In Initial Network": {"freebsd 12": 9, "freebsd 13": 16, "ubuntu 18.04": 15, "centos 6": 12, "ubuntu 20.04": 19, "ubuntu 14.04": 7, "ubuntu 16.04": 10, "centos 7": 15, "windows 8": 7, "windows 8.1": 17, "centos 5": 8, "windows 10": 13, "windows 7": 4, "freebsd 9": 4, "centos 8": 20, "ubuntu 12.04": 1, "freebsd 11": 6, "windows vista": 3, "freebsd 10": 5, "centos 4": 4, "centos 3": 1, "freebsd 8": 3, "windows xp": 1}, "Initial Hosts Without Vulnerabilities": 49, "Host Compromises": {"record name": "Host Compromises", "x": [3169, 3622, 4394, 4856, 9212, 9551, 14367, 18864, 20147, 22581, 30411, 31869, 32806, 38676, 60599, 61490, 80667, 98361, 116929, 125815, 126921, 240917, 245643], "y": [25, 29, 35, 36, 6, 107, 103, 114, 2, 11, 38, 43, 46, 71, 93, 91, 122, 89, 106, 92, 104, 7, 17], "cumulative y": [1, 2, 3, 4, 5, 6, 7, 8, 9, 10, 11, 12, 13, 14, 15, 16, 17, 18, 19, 20, 21, 22, 23], "total events": 23, "not exposed x": [9551, 14367, 18864, 38676, 60599, 61490, 80667, 98361, 116929, 125815, 126921], "not exposed y": [107, 103, 114, 71, 93, 91, 122, 89, 106, 92, 104], "cumulative not exposed y": [1, 2, 3, 4, 5, 6, 7, 8, 9, 10, 11], "total not exposed events": 11}, "Vuln Compromises": {"record name": "Vuln Compromises", "x": [3169, 3622, 4394, 4856, 9212, 9551, 14367, 18864, 22581, 31869, 32806, 60599, 80667, 240917], "y": [25, 29, 35, 36, 6, 107, 103, 114, 11, 43, 46, 93, 122, 7], "cumulative y": [1, 2, 3, 4, 5, 6, 7, 8, 9, 10, 11, 12, 13, 14], "total events": 14, "not exposed x": [9551, 14367, 18864, 60599, 80667], "not exposed y": [107, 103, 114, 93, 122], "cumulative not exposed y": [1, 2, 3, 4, 5], "total not exposed events": 5}, "Reuse Password Compromises": {"record name": "Reuse Password Compromises", "x": [20147, 30411, 38676, 61490, 125815, 126921], "y": [2, 38, 71, 91, 92, 104], "cumulative y": [1, 2, 3, 4, 5, 6], "total events": 6, "not exposed x": [38676, 61490, 125815, 126921], "not exposed y": [71, 91, 92, 104], "cumulative not exposed y": [1, 2, 3, 4], "total not exposed events": 4}, "Password Spray Compromises": {"record name": "Password Spray Compromises", "x": [98361, 116929, 245643], "y": [89, 106, 17], "cumulative y": [1, 2, 3], "total events": 3, "not exposed x": [98361, 116929], "not exposed y": [89, 106], "cumulative not exposed y": [1, 2], "total not exposed events": 2}, "User Account Leaks": {"record name": "User Account Has Been Leaked By Compromise", "x": [3169, 3169, 3169, 3169, 3169, 3622, 3622, 3622, 3622, 3622, 4394, 4394, 4394, 4394, 4394, 4856, 4856, 4856, 4856, 9212, 9212, 9212, 9212, 9212, 9551, 9551, 9551, 9551, 14367, 14367, 14367, 14367, 14367, 18864, 18864, 18864, 18864, 18864, 20147, 20147, 20147, 22581, 22581, 22581, 30411, 30411, 30411, 31869, 31869, 31869, 32806, 32806, 38676, 38676, 38676, 60599, 60599, 60599, 60599, 61490, 61490, 80667, 80667, 80667, 98361, 98361, 98361, 98361, 116929, 116929, 116929, 125815, 125815, 125815, 125815, 126921, 240917, 240917, 240917, 245643, 245643], "y": ["Vicky", "Rebekkah", "Lianne", "Cindi", "Stella", "Madge", "Nixie", "Meg", "Benni", "Sigrid", "Gerri", "Elana", "Maude", "Kimberli", "Clem", "Kristi", "Nathalie", "Becca", "Mechelle", "Randy", "Gertie", "Mame", "Ettie", "Jeanelle", "Ladonna", "Ted", "Janetta", "Coletta", "Lynnelle", "Brynna", "Linnet", "Marge", "Selma", "Margarete", "Nelli", "Trescha", "Teresita", "Karyl", "Mirna", "Ede", "Malia", "Charmian", "Brina", "Margaret", "Iormina", "Codie", "Kacey", "Bobina", "Rozele", "Paulette", "Wally", "Shawna", "Stephani", "Ileane", "Corenda", "Anstice", "Bryana", "Marion", "Adelaide", "Aila", "Kellen", "Francisca", "Merle", "Eddy", "Brandise", "Odetta", "Faunie", "Blanch", "Audra", "Fernanda", "Danette", "Karoly", "Emmye", "Marleen", "Frayda", "Hanna", "Sonja", "Blondell", "Eleonore", "Fay", "Pattie"], "cumulative y": [1, 2, 3, 4, 5, 6, 7, 8, 9, 10, 11, 12, 13, 14, 15, 16, 17, 18, 19, 20, 21, 22, 23, 24, 25, 26, 27, 28, 29, 30, 31, 32, 33, 34, 35, 36, 37, 38, 39, 40, 41, 42, 43, 44, 45, 46, 47, 48, 49, 50, 51, 52, 53, 54, 55, 56, 57, 58, 59, 60, 61, 62, 63, 64, 65, 66, 67, 68, 69, 70, 71, 72, 73, 74, 75, 76, 77, 78, 79, 80, 81], "total events": 81}, "Vulnerabilities Exploited": {"record name": "Vulnerabilities Exploited", "x": [760, 760, 1107, 1193, 1395, 1395, 1395, 1395, 1654, 2135, 2135, 2135, 2357, 2357, 2357, 2443, 2443, 2779, 2779, 2779, 3234, 3234, 3458, 3458, 3622, 4062, 4281, 4394, 4505, 4505, 4856, 5220, 5220, 6749, 6749, 6749, 9551, 10046, 10046, 10046, 10330, 10330, 10330, 11262, 11262, 14367, 14724, 17794, 17794, 17794, 17794, 19081, 22581, 22671, 24596, 24928, 25256, 26319, 27009, 31869, 52216, 60599, 61612, 80667, 80667, 85477, 108647, 121006, 231907, 240917], "cumulative exploited vulns": [1, 2, 3, 4, 5, 6, 7, 8, 9, 10, 11, 12, 13, 14, 15, 16, 17, 18, 19, 20, 21, 22, 23, 24, 25, 26, 27, 28, 29, 30, 31, 32, 33, 34, 35, 36, 37, 38, 39, 40, 41, 42, 43, 44, 45, 46, 47, 48, 49, 50, 51, 52, 53, 54, 55, 56, 57, 58, 59, 60, 61, 62, 63, 64, 65, 66, 67, 68, 69, 70], "roa": [0.42746073879298924, 0.3311885450403152, 0.09273451285939496, 0.11222967602505025, 0.6799316588091251, 0.7060327437480194, 0.0904992641981338, 0.03549046555858036, 0.057305443539756605, 0.49071555137933204, 0.5625209391191183, 0.8630845053154241, 0.5172792180782771, 0.44411405720151603, 0.3431393535823127, 0.4133127179286844, 0.388106711713326, 0.6277390261018805, 0.32783884797385093, 0.30480331976470376, 0.40007166037657554, 0.0012983138270577814, 0.48250701868797885, 0.06138895565902273, 0.7407083369954418, 0.3300557730788273, 0.22016471646434105, 0.7096027641919608, 0.3533402094572399, 0.23225649721587552, 0.4701362519959858, 0.5851579572022466, 0.1080402577756868, 0.2798077434647259, 0.41181685960588615, 0.06202634240470619, 0.7157581792287243, 0.2626759691799723, 0.02042753218005328, 0.27878447834084585, 0.10125668314110095, 0.31544427648949636, 0.5508651579234083, 0.2873332129668051, 0.14589009951076784, 0.7238402067966144, 0.3304977406819452, 0.5408976722452283, 0.11429684292504576, 0.1938621938154818, 0.32497759569605783, 0.2601489070473983, 0.4312786025258487, 0.1467627293140438, 0.07733547069954988, 0.3570419702199042, 0.4193963222935203, 0.23570433223413234, 0.4237275550864202, 0.49781415379234006, 0.027111408639405605, 0.20770342005785064, 0.7207519399739639, 0.5319302094969858, 0.35435462362382925, 0.22871980211185877, 0.08344229424488178, 0.0759495826186016, 0.16039904621727036, 0.11204009347067459],