{"Total Initial Vulnerabilities": 645, "Initial Vulns Per OS": {"windows": {"8.1": 71, "vista": 15, "7": 27, "10": 14, "xp": 31, "8": 23}, "ubuntu": {"16.04": 23, "20.04": 13, "18.04": 49, "14.04": 20, "12.04": 14, "10.04": 33}, "centos": {"8": 23, "7": 22, "6": 25, "5": 15, "4": 34, "3": 79}, "freebsd": {"11": 36, "9": 18, "13": 15, "10": 7, "12": 26, "8": 12}}, "Average Initial RoA Per OS": {"windows": {"8.1": 0.07249748789681143, "vista": 0.06730221820362817, "7": 0.06632618769826623, "10": 0.018387460605234024, "xp": 0.05684855086420356, "8": 0.05553832457148504}, "ubuntu": {"16.04": 0.025901636436787046, "20.04": 0.027962711735474897, "18.04": 0.052827567731979656, "14.04": 0.05340052556575968, "12.04": 0.024976087541070006, "10.04": 0.0630842535920762}, "centos": {"8": 0.07499359528637728, "7": 0.08221366811503973, "6": 0.019488187361044615, "5": 0.031197217403248947, "4": 0.07526476476241621, "3": 0.07659446893635445}, "freebsd": {"11": 0.0402469867757345, "9": 0.03863884918017047, "13": 0.04425806068280001, "10": 0.013098521903720394, "12": 0.053380517289417395, "8": 0.10014248134664967}}, "OS Types In Initial Network": {"windows 8.1": 18, "windows 10": 19, "ubuntu 16.04": 7, "centos 8": 18, "freebsd 11": 12, "centos 7": 9, "ubuntu 20.04": 11, "freebsd 9": 7, "ubuntu 18.04": 17, "freebsd 13": 16, "windows vista": 3, "centos 6": 7, "centos 5": 6, "windows 7": 9, "centos 4": 6, "freebsd 12": 10, "ubuntu 14.04": 7, "freebsd 10": 2, "ubuntu 12.04": 3, "windows xp": 2, "centos 3": 2, "freebsd 8": 2, "windows 8": 6, "ubuntu 10.04": 1}, "Initial Hosts Without Vulnerabilities": 40, "Host Compromises": {"record name": "Host Compromises", "x": [3789, 4916, 6160, 8272, 8605, 19030, 22309, 31127, 49662, 59161, 65353, 78288, 80361, 80775, 95326, 98015, 105486, 106474, 112791, 117282, 144592, 147194, 147296, 148739, 152425, 154484, 154605, 154747, 158211, 183182, 187347, 188533, 200095, 200961, 202478, 214763, 216861, 217010, 223544, 225188, 225335, 237862, 242081, 248068, 249804], "y": [23, 30, 38, 48, 0, 42, 9, 43, 6, 31, 5, 79, 4, 8, 77, 7, 28, 33, 57, 157, 137, 55, 63, 64, 133, 141, 94, 93, 99, 54, 102, 61, 70, 73, 75, 62, 95, 98, 56, 172, 173, 50, 65, 52, 60], "cumulative y": [1, 2, 3, 4, 5, 6, 7, 8, 9, 10, 11, 12, 13, 14, 15, 16, 17, 18, 19, 20, 21, 22, 23, 24, 25, 26, 27, 28, 29, 30, 31, 32, 33, 34, 35, 36, 37, 38, 39, 40, 41, 42, 43, 44, 45], "total events": 45, "not exposed x": [78288, 95326, 112791, 117282, 144592, 147194, 147296, 148739, 152425, 154484, 154605, 154747, 158211, 183182, 187347, 188533, 200095, 200961, 202478, 214763, 216861, 217010, 223544, 225188, 225335, 237862, 242081, 248068, 249804], "not exposed y": [79, 77, 57, 157, 137, 55, 63, 64, 133, 141, 94, 93, 99, 54, 102, 61, 70, 73, 75, 62, 95, 98, 56, 172, 173, 50, 65, 52, 60], "cumulative not exposed y": [1, 2, 3, 4, 5, 6, 7, 8, 9, 10, 11, 12, 13, 14, 15, 16, 17, 18, 19, 20, 21, 22, 23, 24, 25, 26, 27, 28, 29], "total not exposed events": 29}, "Vuln Compromises": {"record name": "Vuln Compromises", "x": [3789, 4916, 6160, 8272, 8605, 19030, 22309, 31127, 49662, 117282, 148739, 152425, 158211, 200095, 200961], "y": [23, 30, 38, 48, 0, 42, 9, 43, 6, 157, 64, 133, 99, 70, 73], "cumulative y": [1, 2, 3, 4, 5, 6, 7, 8, 9, 10, 11, 12, 13, 14, 15], "total events": 15, "not exposed x": [117282, 148739, 152425, 158211, 200095, 200961], "not exposed y": [157, 64, 133, 99, 70, 73], "cumulative not exposed y": [1, 2, 3, 4, 5, 6], "total not exposed events": 6}, "Reuse Password Compromises": {"record name": "Reuse Password Compromises", "x": [59161, 65353, 78288, 80361, 80775, 95326, 98015, 105486, 106474, 112791, 144592, 147194, 147296, 154484, 154605, 154747, 183182, 187347, 188533, 202478, 214763, 216861, 217010, 223544, 225188, 225335, 237862, 242081, 248068, 249804], "y": [31, 5, 79, 4, 8, 77, 7, 28, 33, 57, 137, 55, 63, 141, 94, 93, 54, 102, 61, 75, 62, 95, 98, 56, 172, 173, 50, 65, 52, 60], "cumulative y": [1, 2, 3, 4, 5, 6, 7, 8, 9, 10, 11, 12, 13, 14, 15, 16, 17, 18, 19, 20, 21, 22, 23, 24, 25, 26, 27, 28, 29, 30], "total events": 30, "not exposed x": [78288, 95326, 112791, 144592, 147194, 147296, 154484, 154605, 154747, 183182, 187347, 188533, 202478, 214763, 216861, 217010, 223544, 225188, 225335, 237862, 242081, 248068, 249804], "not exposed y": [79, 77, 57, 137, 55, 63, 141, 94, 93, 54, 102, 61, 75, 62, 95, 98, 56, 172, 173, 50, 65, 52, 60], "cumulative not exposed y": [1, 2, 3, 4, 5, 6, 7, 8, 9, 10, 11, 12, 13, 14, 15, 16, 17, 18, 19, 20, 21, 22, 23], "total not exposed events": 23}, "Password Spray Compromises": {"record name": "Password Spray Compromises", "x": [], "y": [], "cumulative y": [], "total events": 0, "not exposed x": [], "not exposed y": [], "cumulative not exposed y": [], "total not exposed events": 0}, "User Account Leaks": {"record name": "User Account Has Been Leaked By Compromise", "x": [3789, 3789, 3789, 3789, 3789, 4916, 4916, 4916, 4916, 6160, 6160, 6160, 6160, 6160, 8272, 8272, 8272, 8272, 8605, 8605, 8605, 8605, 8605, 19030, 19030, 19030, 19030, 22309, 22309, 22309, 22309, 22309, 31127, 31127, 31127, 31127, 31127, 49662, 49662, 49662, 59161, 59161, 59161, 65353, 65353, 65353, 78288, 78288, 78288, 80361, 80361, 80361, 80775, 80775, 95326, 95326, 95326, 95326, 98015, 98015, 98015, 98015, 105486, 106474, 106474, 106474, 112791, 112791, 112791, 117282, 117282, 144592, 144592, 147194, 147296, 147296, 147296, 148739, 148739, 148739, 148739, 152425, 152425, 152425, 152425, 154484, 154484, 154484, 154605, 154605, 154747, 154747, 154747, 158211, 158211, 183182, 183182, 187347, 187347, 188533, 188533, 200095, 200095, 200961, 202478, 202478, 214763, 214763, 214763, 216861, 216861, 217010, 217010, 223544, 225188, 225188, 225335, 225335, 237862, 242081, 242081, 242081, 248068, 248068, 249804], "y": ["Karleen", "Angelica", "Merilyn", "Venita", "Carlynn", "Fulvia", "Marys", "Meggie", "Berny", "Jacquenetta", "Arabel", "Mel", "Lou", "Mildred", "Demetris", "Noella", "Loreen", "Ginnie", "Concordia", "Daisi", "Brynna", "Brittaney", "Charlot", "Toby", "Dareen", "Marlena", "Fredrika", "Jocelyn", "Davita", "Miguelita", "Guillema", "Julina", "Gabriela", "Florie", "Carmon", "Starlene", "Joline", "Brita", "Magdalen", "Wilie", "Abbye", "Justinn", "Rachelle", "Ceil", "Babb", "Giorgia", "Becki", "Trish", "Lira", "Carena", "Dorolisa", "Lishe", "Gelya", "Frayda", "Bellina", "Dyana", "Maggee", "Arlyn", "Godiva", "Norry", "Nannette", "Amalea", "Addia", "Amabel", "Tildie", "Roxy", "Cammie", "Paulie", "Doralia", "Rozanna", "Tim", "Maryanne", "Danika", "Charlena", "Ollie", "Jo Ann", "Glynnis", "Farand", "Morgen", "Nonie", "Janine", "Ericha", "Nike", "Adelind", "Antonella", "Lynnea", "Vera", "Pen", "Demetria", "Meris", "Liv", "Ara", "Lilah", "Lorna", "Sonia", "Rosamund", "Margaretta", "Hilda", "Ethelyn", "Toni", "Lilly", "Marylin", "Martica", "Clovis", "Marja", "Lise", "Minette", "Shir", "Melloney", "Crista", "Ulrikaumeko", "Shayla", "Linn", "Rachael", "Beulah", "Dorrie", "Rhona", "Leena", "Pam", "Donella", "Nana", "Rochette", "Alis", "Deanna", "Mellisent"], "cumulative y": [1, 2, 3, 4, 5, 6, 7, 8, 9, 10, 11, 12, 13, 14, 15, 16, 17, 18, 19, 20, 21, 22, 23, 24, 25, 26, 27, 28, 29, 30, 31, 32, 33, 34, 35, 36, 37, 38, 39, 40, 41, 42, 43, 44, 45, 46, 47, 48, 49, 50, 51, 52, 53, 54, 55, 56, 57, 58, 59, 60, 61, 62, 63, 64, 65, 66, 67, 68, 69, 70, 71, 72, 73, 74, 75, 76, 77, 78, 79, 80, 81, 82, 83, 84, 85, 86, 87, 88, 89, 90, 91, 92, 93, 94, 95, 96, 97, 98, 99, 100, 101, 102, 103, 104, 105, 106, 107, 108, 109, 110, 111, 112, 113, 114, 115, 116, 117, 118, 119, 120, 121, 122, 123, 124, 125], "total events": 125}, "Vulnerabilities Exploited": {"record name": "Vulnerabilities Exploited",