{"Total Initial Vulnerabilities": 712, "Initial Vulns Per OS": {"centos": {"7": 18, "5": 26, "4": 24, "6": 28, "8": 7, "3": 65}, "freebsd": {"12": 35, "13": 22, "8": 79, "9": 17, "11": 33, "10": 23}, "windows": {"10": 8, "8": 22, "vista": 12, "8.1": 34, "7": 53, "xp": 48}, "ubuntu": {"16.04": 43, "18.04": 60, "14.04": 22, "20.04": 14, "12.04": 14, "10.04": 5}}, "Average Initial RoA Per OS": {"centos": {"7": 0.04508549505845301, "5": 0.04002161390501725, "4": 0.042501892488532006, "6": 0.08868672671279447, "8": 0.009575590441397396, "3": 0.047760525698488834}, "freebsd": {"12": 0.1080133301212485, "13": 0.03160062739037786, "8": 0.044431919279027565, "9": 0.02996071110171352, "11": 0.02747919425900892, "10": 0.041045107167804865}, "windows": {"10": 0.05984647450647707, "8": 0.03730684024721878, "vista": 0.04840477218437359, "8.1": 0.05499190238991592, "7": 0.04728473849301362, "xp": 0.06029038364155256}, "ubuntu": {"16.04": 0.03569145857114511, "18.04": 0.059367280663810994, "14.04": 0.05495221443723528, "20.04": 0.08285909956322142, "12.04": 0.026732795595990455, "10.04": 0.0271152638771333}}, "OS Types In Initial Network": {"centos 7": 6, "freebsd 12": 12, "windows 10": 16, "ubuntu 16.04": 10, "centos 5": 5, "freebsd 13": 21, "freebsd 8": 4, "windows 8": 9, "centos 4": 4, "freebsd 9": 5, "windows vista": 5, "ubuntu 18.04": 15, "windows 8.1": 14, "freebsd 11": 8, "ubuntu 14.04": 6, "windows 7": 9, "ubuntu 20.04": 16, "centos 6": 9, "centos 8": 10, "freebsd 10": 8, "ubuntu 12.04": 4, "windows xp": 1, "centos 3": 2, "ubuntu 10.04": 1}, "Initial Hosts Without Vulnerabilities": 40, "Host Compromises": {"record name": "Host Compromises", "x": [1825, 2942, 7014, 7448, 12128, 15075, 16358, 16430, 23708, 28704, 33314, 37777, 39221, 41129, 46071, 48998, 56713, 57887, 58145, 58942, 123671, 135099, 182239, 204176], "y": [8, 13, 36, 38, 7, 22, 28, 58, 138, 61, 9, 25, 31, 39, 60, 120, 184, 181, 179, 176, 110, 108, 73, 59], "cumulative y": [1, 2, 3, 4, 5, 6, 7, 8, 9, 10, 11, 12, 13, 14, 15, 16, 17, 18, 19, 20, 21, 22, 23, 24], "total events": 24, "not exposed x": [16430, 23708, 28704, 46071, 48998, 56713, 57887, 58145, 58942, 123671, 135099, 182239, 204176], "not exposed y": [58, 138, 61, 60, 120, 184, 181, 179, 176, 110, 108, 73, 59], "cumulative not exposed y": [1, 2, 3, 4, 5, 6, 7, 8, 9, 10, 11, 12, 13], "total not exposed events": 13}, "Vuln Compromises": {"record name": "Vuln Compromises", "x": [1825, 2942, 7014, 7448, 12128, 15075, 16358, 23708, 28704, 33314, 37777, 39221, 46071, 48998, 56713, 57887, 58145, 123671, 135099], "y": [8, 13, 36, 38, 7, 22, 28, 138, 61, 9, 25, 31, 60, 120, 184, 181, 179, 110, 108], "cumulative y": [1, 2, 3, 4, 5, 6, 7, 8, 9, 10, 11, 12, 13, 14, 15, 16, 17, 18, 19], "total events": 19, "not exposed x": [23708, 28704, 46071, 48998, 56713, 57887, 58145, 123671, 135099], "not exposed y": [138, 61, 60, 120, 184, 181, 179, 110, 108], "cumulative not exposed y": [1, 2, 3, 4, 5, 6, 7, 8, 9], "total not exposed events": 9}, "Reuse Password Compromises": {"record name": "Reuse Password Compromises", "x": [16430, 41129, 58942, 204176], "y": [58, 39, 176, 59], "cumulative y": [1, 2, 3, 4], "total events": 4, "not exposed x": [16430, 58942, 204176], "not exposed y": [58, 176, 59], "cumulative not exposed y": [1, 2, 3], "total not exposed events": 3}, "Password Spray Compromises": {"record name": "Password Spray Compromises", "x": [182239], "y": [73], "cumulative y": [1], "total events": 1, "not exposed x": [182239], "not exposed y": [73], "cumulative not exposed y": [1], "total not exposed events": 1}, "User Account Leaks": {"record name": "User Account Has Been Leaked By Compromise", "x": [1825, 1825, 1825, 1825, 1825, 2942, 2942, 2942, 2942, 2942, 7014, 7014, 7014, 7014, 7448, 7448, 7448, 7448, 7448, 12128, 12128, 12128, 12128, 12128, 15075, 15075, 15075, 15075, 16358, 16358, 16358, 16358, 16358, 16430, 16430, 16430, 23708, 23708, 23708, 23708, 28704, 28704, 28704, 33314, 33314, 37777, 39221, 39221, 39221, 39221, 41129, 41129, 41129, 41129, 46071, 46071, 46071, 48998, 48998, 48998, 48998, 56713, 56713, 56713, 56713, 56713, 57887, 57887, 57887, 58145, 58145, 58145, 58942, 58942, 58942, 123671, 135099, 135099, 135099, 182239, 182239, 182239, 204176, 204176, 204176], "y": ["Pearline", "Mariette", "Adrienne", "Linzy", "Miran", "Natividad", "Trixi", "Maude", "Addi", "Tamara", "Talyah", "Carilyn", "Breena", "Goldi", "Gabbi", "Kassia", "Aurelea", "Angel", "Carine", "Corissa", "Hettie", "Maritsa", "Quinn", "Ninette", "Catina", "Shay", "Kellina", "Elise", "Lari", "Agatha", "Mirelle", "Aurelia", "Dari", "Jorie", "Letta", "Christiane", "Valerie", "Olympie", "Cherey", "Alleen", "Shel", "Ola", "Madalena", "Aimee", "Christine", "Ann", "Melisse", "Lilla", "Paola", "Minette", "Sammy", "Jeanette", "Mabelle", "Gay", "Prudi", "Luce", "Fianna", "Isabelle", "Irina", "Augustine", "Tracee", "Libby", "Karleen", "Michelina", "Anette", "Loreen", "Jany", "Randee", "Wini", "Cami", "Mimi", "Cassandre", "Bryna", "Elane", "Claudina", "Misha", "Vinni", "Janelle", "Imojean", "Chloris", "George", "Roxie", "Sadie", "Elsa", "Gussy"], "cumulative y": [1, 2, 3, 4, 5, 6, 7, 8, 9, 10, 11, 12, 13, 14, 15, 16, 17, 18, 19, 20, 21, 22, 23, 24, 25, 26, 27, 28, 29, 30, 31, 32, 33, 34, 35, 36, 37, 38, 39, 40, 41, 42, 43, 44, 45, 46, 47, 48, 49, 50, 51, 52, 53, 54, 55, 56, 57, 58, 59, 60, 61, 62, 63, 64, 65, 66, 67, 68, 69, 70, 71, 72, 73, 74, 75, 76, 77, 78, 79, 80, 81, 82, 83, 84, 85], "total events": 85}, "Vulnerabilities Exploited": {"record name": "Vulnerabilities Exploited", "x": [199, 199, 559, 559, 987, 987, 1127, 1739, 1739, 1739, 1739, 1825, 2052, 2052, 2052, 2052, 2668, 2668, 2942, 2942, 3202, 3329, 3443, 4043, 4043, 4406, 4603, 5170, 5170, 5170, 5266, 5383, 5705, 5705, 6521, 6521, 6521, 6521, 6521, 7448, 8817, 8817, 8817, 10884, 10884, 11054, 12128, 12128, 12128, 12128, 12128, 12128, 12128, 12128, 14453, 15075, 15438, 16358, 17000, 17277, 19239, 19239, 23708, 23708, 23708, 23708, 23708, 24215, 24215, 28704, 29820, 29820, 31126, 31576, 33510, 33510, 36413, 36867, 37186, 39678, 40798, 46071, 48575, 48998, 56713, 58145, 84247, 84247, 84247, 123671, 123671, 135099, 135099, 135099, 229898, 229898, 230530], "cumulative exploited vulns": [1, 2, 3, 4, 5, 6, 7, 8, 9, 10, 11, 12, 13, 14, 15, 16, 17, 18, 19, 20, 21, 22, 23, 24, 25, 26, 27, 28, 29, 30, 31, 32, 33, 34, 35, 36, 37, 38, 39, 40, 41, 42, 43, 44, 45, 46, 47, 48, 49, 50, 51, 52, 53, 54, 55, 56, 57, 58, 59, 60, 61, 62, 63, 64, 65, 66, 67, 68, 69, 70, 71, 72, 73, 74, 75, 76, 77, 78, 79, 80, 81, 82, 83, 84, 85, 86, 87, 88, 89, 90, 91, 92, 93, 94, 95, 96, 97],