{"Total Initial Vulnerabilities": 502, "Initial Vulns Per OS": {"centos": {"4": 21, "6": 18, "8": 12, "7": 24, "5": 7, "3": 35}, "freebsd": {"10": 24, "12": 23, "11": 27, "13": 8, "9": 26}, "windows": {"8": 33, "10": 9, "8.1": 28, "7": 35, "vista": 37, "xp": 34}, "ubuntu": {"12.04": 30, "20.04": 7, "14.04": 24, "16.04": 20, "18.04": 20}}, "Average Initial RoA Per OS": {"centos": {"4": 0.05018445127398493, "6": 0.018219315253494142, "8": 0.025596770467026544, "7": 0.05427034341973771, "5": 0.11102293130763288, "3": 0.05525233722778728}, "freebsd": {"10": 0.12085732489849098, "12": 0.02097920387208766, "11": 0.08663328063664545, "13": 0.056323626269984994, "9": 0.06926371299414182}, "windows": {"8": 0.02172884112874562, "10": 0.0315417182828823, "8.1": 0.018919668652034188, "7": 0.07908526664374371, "vista": 0.059896299982825765, "xp": 0.06861043706393745}, "ubuntu": {"12.04": 0.03692417220831815, "20.04": 0.017714298449173476, "14.04": 0.08133070735437396, "16.04": 0.023978344949761223, "18.04": 0.019070772162790343}}, "OS Types In Initial Network": {"centos 4": 5, "freebsd 10": 7, "freebsd 12": 15, "centos 6": 8, "windows 8": 10, "ubuntu 12.04": 8, "windows 10": 15, "freebsd 11": 10, "freebsd 13": 10, "ubuntu 20.04": 11, "ubuntu 14.04": 9, "windows 8.1": 15, "windows 7": 9, "ubuntu 16.04": 9, "centos 5": 4, "centos 8": 18, "ubuntu 18.04": 10, "windows vista": 8, "centos 7": 12, "freebsd 9": 4, "centos 3": 2, "windows xp": 1}, "Initial Hosts Without Vulnerabilities": 53, "Host Compromises": {"record name": "Host Compromises", "x": [2299, 2816, 5232, 8601, 10622, 21944, 22886, 23201, 25334, 26323, 26399, 26496, 34199, 47235, 88100, 227517, 233705], "y": [18, 22, 34, 1, 12, 0, 5, 6, 16, 21, 78, 94, 77, 81, 146, 128, 127], "cumulative y": [1, 2, 3, 4, 5, 6, 7, 8, 9, 10, 11, 12, 13, 14, 15, 16, 17], "total events": 17, "not exposed x": [26399, 26496, 34199, 47235, 88100, 227517, 233705], "not exposed y": [78, 94, 77, 81, 146, 128, 127], "cumulative not exposed y": [1, 2, 3, 4, 5, 6, 7], "total not exposed events": 7}, "Vuln Compromises": {"record name": "Vuln Compromises", "x": [2299, 2816, 5232, 8601, 10622, 88100], "y": [18, 22, 34, 1, 12, 146], "cumulative y": [1, 2, 3, 4, 5, 6], "total events": 6, "not exposed x": [88100], "not exposed y": [146], "cumulative not exposed y": [1], "total not exposed events": 1}, "Reuse Password Compromises": {"record name": "Reuse Password Compromises", "x": [21944, 22886, 23201, 25334, 26323, 26399, 26496, 34199, 47235, 233705], "y": [0, 5, 6, 16, 21, 78, 94, 77, 81, 127], "cumulative y": [1, 2, 3, 4, 5, 6, 7, 8, 9, 10], "total events": 10, "not exposed x": [26399, 26496, 34199, 47235, 233705], "not exposed y": [78, 94, 77, 81, 127], "cumulative not exposed y": [1, 2, 3, 4, 5], "total not exposed events": 5}, "Password Spray Compromises": {"record name": "Password Spray Compromises", "x": [227517], "y": [128], "cumulative y": [1], "total events": 1, "not exposed x": [227517], "not exposed y": [128], "cumulative not exposed y": [1], "total not exposed events": 1}, "User Account Leaks": {"record name": "User Account Has Been Leaked By Compromise", "x": [2299, 2299, 2299, 2299, 2299, 2816, 2816, 2816, 2816, 2816, 5232, 5232, 5232, 5232, 5232, 8601, 8601, 8601, 8601, 8601, 10622, 10622, 10622, 10622, 10622, 21944, 21944, 21944, 21944, 22886, 22886, 22886, 22886, 23201, 23201, 23201, 23201, 25334, 25334, 25334, 25334, 26323, 26323, 26399, 26399, 26399, 26399, 26496, 26496, 26496, 26496, 34199, 34199, 47235, 47235, 47235, 88100, 88100, 88100, 227517, 227517, 233705, 233705], "y": ["Tine", "Yettie", "Courtnay", "Colette", "Bessy", "Gaylene", "Almeta", "Frannie", "Ivett", "Aili", "Marla", "Evey", "Selia", "Lorelei", "Helen", "Dulcinea", "Samaria", "Rachael", "Mattie", "Libbi", "Analiese", "Opaline", "Dione", "Zenia", "Norah", "Melisse", "Mora", "Lani", "Merilyn", "Goldy", "Rikki", "Mandie", "Marcelia", "Berny", "Orsa", "Kimbra", "Luce", "Maegan", "Gina", "Esma", "Isahella", "Brietta", "Leanor", "Maurita", "Dix", "Otha", "Leone", "Emera", "Kath", "Deb", "Junette", "Trudey", "Goldarina", "Devin", "Griselda", "Maye", "Mair", "Mabel", "Dulcia", "Ardath", "Gusti", "Alane", "Lizzy"], "cumulative y": [1, 2, 3, 4, 5, 6, 7, 8, 9, 10, 11, 12, 13, 14, 15, 16, 17, 18, 19, 20, 21, 22, 23, 24, 25, 26, 27, 28, 29, 30, 31, 32, 33, 34, 35, 36, 37, 38, 39, 40, 41, 42, 43, 44, 45, 46, 47, 48, 49, 50, 51, 52, 53, 54, 55, 56, 57, 58, 59, 60, 61, 62, 63], "total events": 63}, "Vulnerabilities Exploited": {"record name": "Vulnerabilities Exploited", "x": [294, 294, 764, 1013, 1150, 1150, 1150, 1150, 1150, 1255, 1779, 1991, 1991, 2299, 2299, 2755, 2816, 3789, 3789, 3789, 4423, 4423, 4423, 4781, 5480, 5611, 5898, 5898, 6451, 7005, 8045, 8601, 9092, 9651, 10622, 11454, 14326, 14639, 14639, 14896, 15941, 15941, 16920, 20190, 22218, 22969, 26043, 27467, 27467, 27467, 27467, 27467, 27467, 28425, 28425, 28875, 32536, 32536, 52129, 56190, 88100, 88100, 94268, 112768, 120513, 132811, 132811], "cumulative exploited vulns": [1, 2, 3, 4, 5, 6, 7, 8, 9, 10, 11, 12, 13, 14, 15, 16, 17, 18, 19, 20, 21, 22, 23, 24, 25, 26, 27, 28, 29, 30, 31, 32, 33, 34, 35, 36, 37, 38, 39, 40, 41, 42, 43, 44, 45, 46, 47, 48, 49, 50, 51, 52, 53, 54, 55, 56, 57, 58, 59, 60, 61, 62, 63, 64, 65, 66, 67], "roa": [0.7167809086026541, 0.22552851548551103, 0.04446843597871106, 0.13871476131983024, 0.9295144728398075, 0.7034675008075568, 0.2863809049581486, 0.5638547795221481, 0.16814836621614554, 0.21824152577706896, 0.0422134208875488, 0.6801629020669788, 0.38682564267055, 0.5417296206702471, 0.05270559205172117, 0.20192301809089597, 0.4863779475610094, 0.3630456711817949, 0.3295306506187575, 0.038072269087488536, 0.49687185137818457, 0.05352362249777498, 0.05610964292589963, 0.04985068916756923, 0.17616910603065777, 0.4100313805265337, 0.20625562112469678, 0.02676138450970325, 0.2691551236429202, 0.19848472235909528, 0.14556158807227054, 0.18715253692354067, 0.14293603898250443, 0.2884245129163864, 0.18323496426913163, 0.006008973368598459, 0.5848469168378135, 0.14010259976459943, 0.017201086366938668, 0.11350592765798943, 0.14269585722023986, 0.03415173729764218, 0.10594680498257429, 0.3470081253162741, 0.014927150321020367, 0.5219906211239781, 0.023714456553375982, 0.6675872649246964, 0.5430116359589221, 0.6645673986754854, 0.6813241678927191, 0.6161258504182002, 0.26945642862889463, 0.3460349029273754, 0.02777166756645204, 0.3911724760335588, 0.5675150410210061, 0.2871044722412091, 0.005773713227842573, 0.028687635003151246, 0.20690269132686886, 0.3227670978098581, 0.06117488983341114, 0.19970993600088804, 0.12864114690284573, 0.6075883113497234, 0.007136144221769364], "impact": [9.369848173690723, 7.329038646104907, 0.553082602601831, 2.925186442988722, 9.742274782801971, 8.069967978659674, 9.222884881540946, 8.211856486381043, 5.83001589933308, 3.057012117029625, 0.6763889280712032, 6.828680802777715, 5.24568863054046, 6.824762723173178, 0.9622081009771266, 2.757355046477489, 7.925979244094686, 8.51982958449877, 9.009768685943866, 0.7397945527757821, 5.433945850927433, 0.8047623089287415, 0.8186644536436671, 1.0450185797907274, 1.9478504410705522, 6.282301818030312, 5.239756424734397, 1.4078555858335762, 4.0250190723625305, 3.4443478933596374, 4.842159393968897, 2.465814085437569, 2.7288894238350583, 8.4552412906329, 9.95659186305917, 0.22385277542756876, 6.70048281577765, 1.6629996406690672, 2.5076328131998062, 2.1571679912999375, 2.3954860461462735, 1.0397211586471167, 3.170291227191837, 5.576289612652103, 0.18793454476796034, 6.7729987154026015, 1.717707908958176, 7.486105976205354, 7.559228840175786, 7.530463603914294, 8.393652810570035, 8.248093341814585, 5.662359616404728, 6.617902968475668, 1.2214807962838514, 3.987752015592215, 6.424826609301445, 4.614541819990501, 1.041495119384831, 4.633519331813162, 6.96406478085061, 8.1765179792902, 6.352292578805372, 2.071359524846331, 7.279959906016033, 6.281363167724291, 0.8737101857195384],