{"Total Initial Vulnerabilities": 753, "Initial Vulns Per OS": {"centos": {"6": 44, "4": 11, "7": 40, "8": 16, "3": 119, "5": 27}, "windows": {"xp": 135, "8": 23, "10": 19, "8.1": 23, "7": 23, "vista": 18}, "freebsd": {"12": 21, "11": 45, "10": 26, "9": 19, "13": 16}, "ubuntu": {"14.04": 30, "16.04": 14, "12.04": 7, "20.04": 30, "18.04": 18, "10.04": 29}}, "Average Initial RoA Per OS": {"centos": {"6": 0.05788351838131725, "4": 0.07806204222477314, "7": 0.05465198691182151, "8": 0.05249610211038568, "3": 0.06340485190455131, "5": 0.05753717305860394}, "windows": {"xp": 0.056595727419920694, "8": 0.06918694008377152, "10": 0.04017418350443406, "8.1": 0.03616891658884094, "7": 0.041345491417448435, "vista": 0.0697744371851378}, "freebsd": {"12": 0.02508914407507548, "11": 0.059297167343420706, "10": 0.06690253148984279, "9": 0.048829696067917074, "13": 0.054762943148599724}, "ubuntu": {"14.04": 0.03914835776518743, "16.04": 0.1122348705615287, "12.04": 0.15083642046457554, "20.04": 0.0408227043946364, "18.04": 0.029610317179515677, "10.04": 0.05679260054131099}}, "OS Types In Initial Network": {"centos 6": 12, "windows 8": 8, "windows xp": 5, "freebsd 12": 9, "freebsd 11": 10, "ubuntu 14.04": 5, "centos 4": 5, "centos 7": 16, "ubuntu 16.04": 8, "ubuntu 12.04": 4, "ubuntu 18.04": 10, "freebsd 10": 8, "windows 10": 21, "freebsd 9": 5, "ubuntu 20.04": 19, "freebsd 13": 11, "windows 8.1": 11, "centos 8": 11, "windows 7": 6, "ubuntu 10.04": 1, "windows vista": 4, "centos 5": 6, "centos 3": 5}, "Initial Hosts Without Vulnerabilities": 43, "Host Compromises": {"record name": "Host Compromises", "x": [3019, 6488, 6727, 7904, 8983, 10812, 12727, 22121, 23558, 28470, 28745, 29458, 29637, 30099, 32257, 34271, 34399, 67013, 70641, 74911, 80061, 85893, 90281, 91021, 100684, 104533, 108837, 113898, 122055, 130871, 134349, 134696, 135536, 141121, 141390, 144427, 145369, 149201, 154894, 175362, 189941, 193984, 196351, 206503, 215828, 224534, 226945, 247999], "y": [14, 46, 52, 54, 165, 69, 117, 127, 99, 118, 192, 183, 87, 198, 86, 88, 85, 116, 123, 51, 166, 115, 188, 174, 112, 175, 106, 61, 189, 74, 144, 91, 70, 159, 59, 114, 191, 160, 119, 145, 83, 152, 141, 172, 161, 169, 79, 67], "cumulative y": [1, 2, 3, 4, 5, 6, 7, 8, 9, 10, 11, 12, 13, 14, 15, 16, 17, 18, 19, 20, 21, 22, 23, 24, 25, 26, 27, 28, 29, 30, 31, 32, 33, 34, 35, 36, 37, 38, 39, 40, 41, 42, 43, 44, 45, 46, 47, 48], "total events": 48, "not exposed x": [6727, 7904, 8983, 10812, 12727, 22121, 23558, 28470, 28745, 29458, 29637, 30099, 32257, 34271, 34399, 67013, 70641, 74911, 80061, 85893, 90281, 91021, 100684, 104533, 108837, 113898, 122055, 130871, 134349, 134696, 135536, 141121, 141390, 144427, 145369, 149201, 154894, 175362, 189941, 193984, 196351, 206503, 215828, 224534, 226945, 247999], "not exposed y": [52, 54, 165, 69, 117, 127, 99, 118, 192, 183, 87, 198, 86, 88, 85, 116, 123, 51, 166, 115, 188, 174, 112, 175, 106, 61, 189, 74, 144, 91, 70, 159, 59, 114, 191, 160, 119, 145, 83, 152, 141, 172, 161, 169, 79, 67], "cumulative not exposed y": [1, 2, 3, 4, 5, 6, 7, 8, 9, 10, 11, 12, 13, 14, 15, 16, 17, 18, 19, 20, 21, 22, 23, 24, 25, 26, 27, 28, 29, 30, 31, 32, 33, 34, 35, 36, 37, 38, 39, 40, 41, 42, 43, 44, 45, 46], "total not exposed events": 46}, "Vuln Compromises": {"record name": "Vuln Compromises", "x": [3019, 6488, 6727, 7904, 8983, 10812, 12727, 22121, 23558, 28470, 28745, 29458, 29637, 34271, 67013, 74911, 80061, 90281, 100684, 122055, 130871, 134349, 134696, 141121, 141390, 144427, 149201, 193984, 224534, 226945], "y": [14, 46, 52, 54, 165, 69, 117, 127, 99, 118, 192, 183, 87, 88, 116, 51, 166, 188, 112, 189, 74, 144, 91, 159, 59, 114, 160, 152, 169, 79], "cumulative y": [1, 2, 3, 4, 5, 6, 7, 8, 9, 10, 11, 12, 13, 14, 15, 16, 17, 18, 19, 20, 21, 22, 23, 24, 25, 26, 27, 28, 29, 30], "total events": 30, "not exposed x": [6727, 7904, 8983, 10812, 12727, 22121, 23558, 28470, 28745, 29458, 29637, 34271, 67013, 74911, 80061, 90281, 100684, 122055, 130871, 134349, 134696, 141121, 141390, 144427, 149201, 193984, 224534, 226945], "not exposed y": [52, 54, 165, 69, 117, 127, 99, 118, 192, 183, 87, 88, 116, 51, 166, 188, 112, 189, 74, 144, 91, 159, 59, 114, 160, 152, 169, 79], "cumulative not exposed y": [1, 2, 3, 4, 5, 6, 7, 8, 9, 10, 11, 12, 13, 14, 15, 16, 17, 18, 19, 20, 21, 22, 23, 24, 25, 26, 27, 28], "total not exposed events": 28}, "Reuse Password Compromises": {"record name": "Reuse Password Compromises", "x": [30099, 32257, 34399, 70641, 85893, 91021, 104533, 108837, 113898, 135536, 145369, 154894, 175362, 189941, 196351, 247999], "y": [198, 86, 85, 123, 115, 174, 175, 106, 61, 70, 191, 119, 145, 83, 141, 67], "cumulative y": [1, 2, 3, 4, 5, 6, 7, 8, 9, 10, 11, 12, 13, 14, 15, 16], "total events": 16, "not exposed x": [30099, 32257, 34399, 70641, 85893, 91021, 104533, 108837, 113898, 135536, 145369, 154894, 175362, 189941, 196351, 247999], "not exposed y": [198, 86, 85, 123, 115, 174, 175, 106, 61, 70, 191, 119, 145, 83, 141, 67], "cumulative not exposed y": [1, 2, 3, 4, 5, 6, 7, 8, 9, 10, 11, 12, 13, 14, 15, 16], "total not exposed events": 16}, "Password Spray Compromises": {"record name": "Password Spray Compromises", "x": [206503, 215828], "y": [172, 161], "cumulative y": [1, 2], "total events": 2, "not exposed x": [206503, 215828], "not exposed y": [172, 161], "cumulative not exposed y": [1, 2], "total not exposed events": 2}, "User Account Leaks": {"record name": "User Account Has Been Leaked By Compromise", "x": [3019, 3019, 3019, 3019, 3019, 6488, 6488, 6488, 6488, 6727, 6727, 6727, 6727, 6727, 7904, 7904, 7904, 7904, 8983, 8983, 8983, 8983, 8983, 10812, 10812, 10812, 12727, 12727, 12727, 12727, 22121, 22121, 22121, 22121, 23558, 23558, 23558, 23558, 23558, 28470, 28470, 28470, 28745, 28745, 28745, 29458, 29458, 29458, 29458, 29637, 29637, 29637, 29637, 30099, 30099, 30099, 32257, 32257, 34271, 34271, 34271, 34399, 34399, 67013, 67013, 67013, 70641, 70641, 70641, 74911, 74911, 74911, 74911, 80061, 80061, 80061, 80061, 85893, 85893, 85893, 90281, 90281, 90281, 91021, 91021, 91021, 91021, 100684, 100684, 104533, 104533, 108837, 108837, 108837, 108837, 113898, 113898, 122055, 122055, 122055, 130871, 130871, 134349, 134349, 134349, 134696, 134696, 134696, 141121, 141121, 141390, 141390, 141390, 141390, 144427, 144427, 145369, 145369, 149201, 149201, 149201, 175362, 175362, 175362, 189941, 189941, 189941, 193984, 193984, 196351, 196351, 206503, 224534, 226945, 247999, 247999], "y": ["Grethel", "Chelsie", "Brigitta", "Tedi", "Sile", "Tracie", "Berni", "Katey", "Thalia", "Marrilee", "Carleen", "Cami", "Daniella", "Robinia", "Deva", "Aleda", "Darryl", "Willamina", "Tori", "Belicia", "Nicholle", "Sandye", "Shay", "Jacintha", "Darcey", "Winna", "Tansy", "Ardeen", "Catherine", "Adrienne", "Roanna", "Shir", "Alyce", "Ashly", "Hope", "Heather", "Bettye", "Dehlia", "Ibby", "Siana", "Calla", "Carmine", "Anetta", "Miriam", "Kariotta", "Glennis", "Dela", "Tessa", "Delora", "Kaitlin", "La Verne", "Andree", "Jillian", "Kissee", "Patience", "Leta", "Valma", "Carolyn", "Fawne", "Shanon", "Allyn", "Sofia", "Ardelia", "Mag", "Darice", "Rhianna", "Harrietta", "Deni", "Jonie", "Ynez", "Trista", "Briney", "Sibylle", "Kaitlynn", "Gwynne", "Dorey", "Robin", "Shaine", "Rafaela", "Gayleen", "Valida", "Glad", "Celie", "Aridatha", "Carlye", "Lorinda", "Nathalia", "Zilvia", "Cherry", "Carlita", "Myra", "Allie", "Elsa", "Eran", "Sarajane", "Virginia", "Natalie", "Aliza", "Brittan", "Claudina", "Twyla", "Godiva", "Dorris", "Waneta", "Faythe", "Ronnie", "Phyllida", "Angelica", "Malina", "Janelle", "Clo", "Arlene", "Claudie", "Lib", "Trude", "Leelah", "Sara-Ann", "Winonah", "Karoline", "Row", "Deidre", "Sharity", "Kyle", "Jean", "Farah", "Maritsa", "Vivyanne", "Astrid", "Martita", "Brear", "Julie", "Juliana", "Glyn", "Larina", "Therese", "Liliane"],