{"Total Initial Vulnerabilities": 533, "Initial Vulns Per OS": {"windows": {"8": 32, "7": 23, "8.1": 22, "vista": 40, "10": 12, "xp": 23}, "freebsd": {"12": 17, "9": 31, "13": 10, "10": 22, "11": 35, "8": 27}, "centos": {"7": 15, "5": 25, "4": 24, "6": 36, "8": 4}, "ubuntu": {"18.04": 28, "16.04": 18, "12.04": 18, "14.04": 9, "20.04": 17, "10.04": 45}}, "Average Initial RoA Per OS": {"windows": {"8": 0.09517696949440624, "7": 0.029903937044741022, "8.1": 0.027413608956497804, "vista": 0.046827826575086544, "10": 0.014359706355844784, "xp": 0.0669484593401189}, "freebsd": {"12": 0.056512083385713306, "9": 0.061932141932144656, "13": 0.048330634508996106, "10": 0.03182774603937107, "11": 0.07220025363047661, "8": 0.06941494861524061}, "centos": {"7": 0.03535717827748216, "5": 0.09644718947770832, "4": 0.046068883452595626, "6": 0.042944868699608035, "8": 0.002092704800349407}, "ubuntu": {"18.04": 0.06664400711651189, "16.04": 0.05788376250326085, "12.04": 0.059770728118263484, "14.04": 0.04363855828715002, "20.04": 0.08146898614406191, "10.04": 0.0626303778970902}}, "OS Types In Initial Network": {"windows 8": 8, "windows 8.1": 14, "freebsd 12": 13, "centos 8": 19, "ubuntu 16.04": 8, "freebsd 9": 8, "freebsd 13": 11, "centos 6": 12, "centos 7": 7, "ubuntu 18.04": 12, "windows 7": 7, "freebsd 10": 9, "windows vista": 8, "windows 10": 15, "ubuntu 20.04": 14, "ubuntu 12.04": 4, "centos 5": 9, "ubuntu 14.04": 6, "centos 4": 6, "freebsd 11": 6, "ubuntu 10.04": 2, "freebsd 8": 1, "windows xp": 1}, "Initial Hosts Without Vulnerabilities": 59, "Host Compromises": {"record name": "Host Compromises", "x": [1370, 7193, 10164, 17168, 19375, 20903, 21834, 119276, 122249, 122309, 130235, 130293, 132504, 154530, 154622, 155595, 158255, 160882, 167214, 185340, 217730, 228732, 231421, 231556], "y": [12, 48, 23, 19, 31, 38, 43, 22, 36, 37, 15, 16, 24, 79, 81, 83, 6, 13, 34, 33, 18, 80, 135, 71], "cumulative y": [1, 2, 3, 4, 5, 6, 7, 8, 9, 10, 11, 12, 13, 14, 15, 16, 17, 18, 19, 20, 21, 22, 23, 24], "total events": 24, "not exposed x": [154530, 154622, 155595, 228732, 231421, 231556], "not exposed y": [79, 81, 83, 80, 135, 71], "cumulative not exposed y": [1, 2, 3, 4, 5, 6], "total not exposed events": 6}, "Vuln Compromises": {"record name": "Vuln Compromises", "x": [1370, 7193, 10164, 17168, 19375, 20903, 21834, 122249, 154530, 231421], "y": [12, 48, 23, 19, 31, 38, 43, 36, 79, 135], "cumulative y": [1, 2, 3, 4, 5, 6, 7, 8, 9, 10], "total events": 10, "not exposed x": [154530, 231421], "not exposed y": [79, 135], "cumulative not exposed y": [1, 2], "total not exposed events": 2}, "Reuse Password Compromises": {"record name": "Reuse Password Compromises", "x": [122309, 130293, 154622, 155595, 158255, 167214, 231556], "y": [37, 16, 81, 83, 6, 34, 71], "cumulative y": [1, 2, 3, 4, 5, 6, 7], "total events": 7, "not exposed x": [154622, 155595, 231556], "not exposed y": [81, 83, 71], "cumulative not exposed y": [1, 2, 3], "total not exposed events": 3}, "Password Spray Compromises": {"record name": "Password Spray Compromises", "x": [119276, 130235, 132504, 160882, 185340, 217730, 228732], "y": [22, 15, 24, 13, 33, 18, 80], "cumulative y": [1, 2, 3, 4, 5, 6, 7], "total events": 7, "not exposed x": [228732], "not exposed y": [80], "cumulative not exposed y": [1], "total not exposed events": 1}, "User Account Leaks": {"record name": "User Account Has Been Leaked By Compromise", "x": [1370, 1370, 1370, 1370, 1370, 7193, 7193, 7193, 7193, 7193, 10164, 10164, 10164, 10164, 17168, 17168, 17168, 19375, 19375, 19375, 19375, 19375, 20903, 20903, 20903, 20903, 21834, 21834, 21834, 21834, 119276, 119276, 119276, 119276, 122249, 122249, 122249, 122249, 122309, 122309, 122309, 122309, 130235, 130235, 130235, 130235, 130293, 130293, 130293, 132504, 132504, 132504, 132504, 154530, 154530, 154530, 154530, 154622, 154622, 154622, 155595, 155595, 155595, 155595, 158255, 158255, 158255, 160882, 160882, 160882, 167214, 167214, 167214, 185340, 185340, 217730, 217730, 228732, 228732, 231421, 231421, 231421, 231556, 231556, 231556, 231556], "y": ["Edita", "Nomi", "Sande", "Cleo", "Roselia", "Eula", "Cynthie", "Margi", "Dolores", "Rodina", "Georgetta", "Babb", "Cassi", "Ddene", "Barbabra", "Cloe", "Dennie", "Martelle", "Ekaterina", "Aili", "Linea", "Cathy", "Meryl", "Evvie", "Tildi", "Karita", "Ursula", "Marta", "Lyndsay", "Hilde", "Johnette", "Staci", "Ofelia", "Robenia", "Rebe", "Shirlee", "Jonie", "Millisent", "Consuelo", "Nellie", "Cynthia", "Alyss", "Doe", "Florance", "Arlee", "Margot", "Harley", "Mozelle", "Marcella", "Vilhelmina", "Blinni", "Abagael", "Ethelin", "Ivette", "Rubie", "Glynis", "Carmella", "Linette", "Pearline", "Ellene", "Alexis", "Ruperta", "Flor", "Eliza", "Courtenay", "Claretta", "Valencia", "Marie-Ann", "Astrid", "Bobbi", "Nelle", "Jinny", "Jaquelyn", "Pris", "Valene", "Danette", "Meridel", "Bobbette", "Peta", "Gaylene", "Sallie", "Joyan", "Gaby", "Abigail", "Pet", "Ivett"], "cumulative y": [1, 2, 3, 4, 5, 6, 7, 8, 9, 10, 11, 12, 13, 14, 15, 16, 17, 18, 19, 20, 21, 22, 23, 24, 25, 26, 27, 28, 29, 30, 31, 32, 33, 34, 35, 36, 37, 38, 39, 40, 41, 42, 43, 44, 45, 46, 47, 48, 49, 50, 51, 52, 53, 54, 55, 56, 57, 58, 59, 60, 61, 62, 63, 64, 65, 66, 67, 68, 69, 70, 71, 72, 73, 74, 75, 76, 77, 78, 79, 80, 81, 82, 83, 84, 85, 86], "total events": 86}, "Vulnerabilities Exploited": {"record name": "Vulnerabilities Exploited", "x": [292, 292, 292, 292, 292, 292, 292, 412, 918, 1155, 1155, 1281, 1281, 1281, 1281, 1370, 1370, 1801, 3012, 3638, 4658, 5241, 5241, 5241, 5241, 5241, 5753, 5753, 5753, 5753, 5753, 6280, 6903, 7128, 7128, 7426, 7426, 9032, 9032, 9326, 9326, 10164, 10164, 10227, 11628, 11840, 12336, 12336, 13790, 13790, 15736, 17168, 19375, 19375, 20496, 20496, 21834, 21834, 41444, 43576, 50611, 63318, 91336, 92070, 122249, 122519, 130480, 154530, 154530, 154530, 180954, 230881, 245319, 245902], "cumulative exploited vulns": [1, 2, 3, 4, 5, 6, 7, 8, 9, 10, 11, 12, 13, 14, 15, 16, 17, 18, 19, 20, 21, 22, 23, 24, 25, 26, 27, 28, 29, 30, 31, 32, 33, 34, 35, 36, 37, 38, 39, 40, 41, 42, 43, 44, 45, 46, 47, 48, 49, 50, 51, 52, 53, 54, 55, 56, 57, 58, 59, 60, 61, 62, 63, 64, 65, 66, 67, 68, 69, 70, 71, 72, 73, 74], "roa": [0.7937162087313483, 0.668069280572656, 0.23472758228137494, 0.668069280572656, 0.23472758228137494, 0.1280794217943842, 0.3614955793760467, 0.26220990337211203, 0.031070716434012415, 0.3773435085364856, 0.21371603121965058, 0.3336694151025593, 0.20550501062343168, 0.3342848956933713, 0.19256453661426923, 0.3612966640191665, 0.021190365598430745, 0.2074873336617848, 0.731407302927234, 0.8958816241898571, 0.14492171919898683, 0.45669249159221115, 0.21271937802817736, 0.1558469950578505, 0.02789385898437157, 0.021630055579979043, 0.6686454987138438, 0.5540820030760136, 0.1255156045377172, 0.03223067732489058, 0.10087669972316589, 0.07214524798941185, 0.5107475825079226, 0.40681529324309895, 0.10166757003690075, 0.48077683708523145, 0.5792962731780478, 0.22672169312312312, 0.013176396108904273, 0.07733430770156081, 0.039843298307355376, 0.25164134860636866, 0.25164134860636866, 0.020280440184662442, 0.6681056873773806, 0.37728654210141516, 0.08572339783702518, 0.03779296100963557, 0.6737026785354976, 0.05542236577616457, 0.013167349043258045, 0.47466984007412155, 0.39468059542934764, 0.09217660776966774, 0.4549875323301692, 0.035394258390536226, 0.10331206871389739, 0.333029143494589, 0.04014031598831137, 0.3449491759382942, 0.06932708164229287, 0.037317999074737644, 0.024151139905432613, 0.12413802576303708, 0.1420088914946049, 0.3850440571884043, 0.4685289585422735, 0.6242626113486145, 0.3237178556378091, 0.005202454459553673, 0.0029711891815032, 0.254582656947522, 0.4332061558115409, 0.4469678611066799],