{"Total Initial Vulnerabilities": 605, "Initial Vulns Per OS": {"centos": {"8": 19, "6": 40, "4": 31, "7": 10, "5": 28, "3": 33}, "freebsd": {"11": 41, "12": 14, "9": 33, "13": 13, "10": 27, "8": 27}, "windows": {"7": 24, "10": 4, "8": 24, "8.1": 22, "vista": 17, "xp": 26}, "ubuntu": {"14.04": 68, "18.04": 8, "16.04": 50, "12.04": 35, "20.04": 11}}, "Average Initial RoA Per OS": {"centos": {"8": 0.04345771051196848, "6": 0.08577802055189433, "4": 0.08342655281887863, "7": 0.06371867782052544, "5": 0.06353468397220843, "3": 0.0650770323421379}, "freebsd": {"11": 0.18561519264225265, "12": 0.06130486608698812, "9": 0.06388575438055528, "13": 0.11929848427165039, "10": 0.06359282811284055, "8": 0.031626444028694745}, "windows": {"7": 0.08867320932578437, "10": 0.16901876847237035, "8": 0.08229013572271936, "8.1": 0.05060067213175204, "vista": 0.1154936720307006, "xp": 0.05854165402111243}, "ubuntu": {"14.04": 0.07165984846662601, "18.04": 0.04510331635159526, "16.04": 0.04992997768029004, "12.04": 0.027801535838113886, "20.04": 0.0696637163715622}}, "OS Types In Initial Network": {"centos 8": 15, "freebsd 11": 9, "centos 7": 9, "windows 7": 6, "windows 10": 9, "ubuntu 18.04": 10, "windows 8": 8, "centos 6": 11, "ubuntu 20.04": 13, "centos 4": 8, "ubuntu 14.04": 11, "windows 8.1": 15, "freebsd 12": 8, "freebsd 13": 19, "freebsd 9": 6, "centos 5": 8, "ubuntu 16.04": 15, "ubuntu 12.04": 6, "freebsd 10": 7, "windows vista": 4, "centos 3": 1, "windows xp": 1, "freebsd 8": 1}, "Initial Hosts Without Vulnerabilities": 52, "Host Compromises": {"record name": "Host Compromises", "x": [2361, 2618, 2915, 3632, 5146, 5490, 6202, 8220, 11479, 14377, 14488, 22854, 24932, 63959, 70996, 211397], "y": [14, 17, 18, 21, 29, 30, 31, 123, 1, 10, 11, 44, 45, 6, 35, 4], "cumulative y": [1, 2, 3, 4, 5, 6, 7, 8, 9, 10, 11, 12, 13, 14, 15, 16], "total events": 16, "not exposed x": [8220], "not exposed y": [123], "cumulative not exposed y": [1], "total not exposed events": 1}, "Vuln Compromises": {"record name": "Vuln Compromises", "x": [2361, 2618, 2915, 3632, 5146, 5490, 6202, 8220, 11479, 14377, 14488, 22854, 24932, 63959, 70996], "y": [14, 17, 18, 21, 29, 30, 31, 123, 1, 10, 11, 44, 45, 6, 35], "cumulative y": [1, 2, 3, 4, 5, 6, 7, 8, 9, 10, 11, 12, 13, 14, 15], "total events": 15, "not exposed x": [8220], "not exposed y": [123], "cumulative not exposed y": [1], "total not exposed events": 1}, "Reuse Password Compromises": {"record name": "Reuse Password Compromises", "x": [], "y": [], "cumulative y": [], "total events": 0, "not exposed x": [], "not exposed y": [], "cumulative not exposed y": [], "total not exposed events": 0}, "Password Spray Compromises": {"record name": "Password Spray Compromises", "x": [211397], "y": [4], "cumulative y": [1], "total events": 1, "not exposed x": [], "not exposed y": [], "cumulative not exposed y": [], "total not exposed events": 0}, "User Account Leaks": {"record name": "User Account Has Been Leaked By Compromise", "x": [2361, 2361, 2361, 2361, 2361, 2618, 2618, 2618, 2618, 2618, 2915, 2915, 2915, 2915, 2915, 3632, 3632, 3632, 3632, 3632, 5146, 5146, 5146, 5146, 5146, 5490, 5490, 5490, 5490, 5490, 6202, 6202, 8220, 8220, 8220, 11479, 11479, 14377, 14377, 14377, 14488, 14488, 14488, 22854, 22854, 22854, 22854, 24932, 24932, 24932, 63959, 63959, 63959, 70996, 70996, 70996, 211397, 211397, 211397, 211397], "y": ["Annemarie", "Leonie", "Sean", "Colleen", "Cornie", "Adelaide", "Eran", "Ester", "Roanne", "Josy", "Sonya", "Raynell", "Zelma", "Carlita", "Correy", "Gwenore", "Becki", "Hendrika", "Frayda", "Tove", "Geneva", "Angeline", "Becka", "Alvira", "Teddy", "Fulvia", "Rosetta", "Brittney", "Zondra", "Annice", "Hatty", "Mandi", "Sadella", "Eachelle", "Thomasine", "Grier", "Eba", "Aviva", "Moll", "Marinna", "Em", "Dominga", "Tomasine", "Heather", "Aimil", "Fae", "Pearline", "Ailey", "Violante", "Roby", "Eloise", "Deane", "Cindelyn", "Olympia", "Revkah", "Courtnay", "Fanchon", "Marena", "Aprilette", "Oralle"], "cumulative y": [1, 2, 3, 4, 5, 6, 7, 8, 9, 10, 11, 12, 13, 14, 15, 16, 17, 18, 19, 20, 21, 22, 23, 24, 25, 26, 27, 28, 29, 30, 31, 32, 33, 34, 35, 36, 37, 38, 39, 40, 41, 42, 43, 44, 45, 46, 47, 48, 49, 50, 51, 52, 53, 54, 55, 56, 57, 58, 59, 60], "total events": 60}, "Vulnerabilities Exploited": {"record name": "Vulnerabilities Exploited", "x": [302, 302, 892, 892, 892, 892, 892, 892, 892, 1583, 2013, 2013, 2013, 2013, 2013, 2201, 2284, 2284, 2454, 2454, 2454, 2618, 2915, 2915, 2999, 3281, 4303, 4303, 4303, 5146, 6202, 6202, 6202, 6202, 6202, 8220, 8220, 8220, 8220, 8220, 8220, 8220, 8220, 8220, 8220, 8220, 8220, 8220, 8220, 8322, 10714, 10714, 10714, 11238, 11238, 12056, 13679, 14377, 14488, 14488, 16286, 18062, 18440, 22854, 22854, 22854, 22854, 23146, 24932, 24932, 26366, 30468, 35235, 36850, 43415, 50404, 52038, 55486, 63959, 68484, 70996, 71228, 82205, 101812, 118465], "cumulative exploited vulns": [1, 2, 3, 4, 5, 6, 7, 8, 9, 10, 11, 12, 13, 14, 15, 16, 17, 18, 19, 20, 21, 22, 23, 24, 25, 26, 27, 28, 29, 30, 31, 32, 33, 34, 35, 36, 37, 38, 39, 40, 41, 42, 43, 44, 45, 46, 47, 48, 49, 50, 51, 52, 53, 54, 55, 56, 57, 58, 59, 60, 61, 62, 63, 64, 65, 66, 67, 68, 69, 70, 71, 72, 73, 74, 75, 76, 77, 78, 79, 80, 81, 82, 83, 84, 85], "roa": [0.8007444302494573, 0.6998390024917938, 0.46014695173861825, 0.1829667117964745, 0.38204215666058705, 0.513347714970745, 0.3855263841925886, 0.46786796551403975, 0.37601683505433886, 0.9909961551102271, 0.8320373489183212, 0.8320373489183212, 0.4707721028821542, 0.22187688148803292, 0.5074619543084335, 0.12455233533212122, 0.6504719123334499, 0.07288103061600687, 0.33360041639087284, 0.4157550148748729, 0.36346801001355467, 0.8872346508339879, 0.28954805056226857, 0.012131760892672101, 0.07965511318096632, 0.0914146561469267, 0.7057222654172397, 0.3631040381912422, 0.10300035973949484, 0.5996513182086208, 0.544475916103704, 0.20164257068171776, 0.12341044603461937, 0.24368215585704728, 0.12067198289620844, 0.007386492220438597, 0.610746347163173, 0.5138324160616554, 0.08201380228957147, 0.20892572409330365, 0.5296086530444073, 0.1436004457103182, 0.4358888611356887, 0.0788843336981004, 0.5804243563588934, 0.104262225676195, 0.2747412999486448, 0.30071302575272985, 0.0721687514185924, 0.516064032047044, 0.5056814780920126, 0.061483349048649216, 0.15223593615695033, 0.5208158814224371, 0.2925735447836345, 0.49015024976582133, 0.27108466317715885, 0.5718797517603936, 0.3653410617638943, 0.017388076071097856, 0.10938194586062895, 0.09389931060550584, 0.6699941789361948, 0.7686758630344273, 0.04632205375506874, 0.48979209524958833, 0.11670615760217992, 0.4921810142019134, 0.5998270105617656, 0.3919612158004023, 0.21736158026457217, 0.012894732141192924, 0.1767536373585342, 0.3594685530029202, 0.1306116107677354, 0.166828460156339, 0.15102912932500878, 0.09832247050000906, 0.2529117406790238, 0.04902014590360827, 0.17212740533895204, 0.03491487408899212, 0.21210999707855863, 0.06457750072066776, 0.03647981904232824],