{"Total Initial Vulnerabilities": 670, "Initial Vulns Per OS": {"ubuntu": {"20.04": 9, "16.04": 47, "18.04": 17, "12.04": 28, "10.04": 115, "14.04": 25}, "freebsd": {"12": 15, "11": 18, "10": 30, "13": 9, "9": 21, "8": 64}, "windows": {"8": 46, "7": 21, "10": 11, "vista": 19, "8.1": 21, "xp": 54}, "centos": {"4": 18, "6": 28, "7": 23, "5": 15, "8": 9, "3": 7}}, "Average Initial RoA Per OS": {"ubuntu": {"20.04": 0.060538791755867294, "16.04": 0.045328787118427305, "18.04": 0.03500595570574888, "12.04": 0.08734279140711576, "10.04": 0.04403922502329471, "14.04": 0.05295502257597077}, "freebsd": {"12": 0.07006486065986514, "11": 0.04427052571272653, "10": 0.058535583048814524, "13": 0.019005341133365203, "9": 0.05771175998804817, "8": 0.047108411030261206}, "windows": {"8": 0.057771223900090395, "7": 0.04847652866464037, "10": 0.027829890690458627, "vista": 0.052987629769288905, "8.1": 0.031532373025428086, "xp": 0.04880932784442874}, "centos": {"4": 0.042030031203433266, "6": 0.028295142965328257, "7": 0.08708028191267489, "5": 0.0654212139592976, "8": 0.023418040214034416, "3": 0.06920510712167217}}, "OS Types In Initial Network": {"ubuntu 20.04": 13, "freebsd 12": 9, "centos 8": 15, "windows 8": 13, "freebsd 11": 10, "freebsd 10": 7, "ubuntu 16.04": 14, "centos 4": 6, "windows 7": 4, "windows 10": 16, "centos 6": 10, "freebsd 13": 16, "ubuntu 18.04": 12, "ubuntu 12.04": 6, "ubuntu 10.04": 4, "windows vista": 4, "centos 7": 13, "ubuntu 14.04": 5, "centos 5": 4, "freebsd 9": 4, "windows 8.1": 9, "windows xp": 2, "freebsd 8": 3, "centos 3": 1}, "Initial Hosts Without Vulnerabilities": 45, "Host Compromises": {"record name": "Host Compromises", "x": [1897, 3109, 4172, 4741, 5440, 15819, 16522, 17687, 20185, 27464, 57385, 59472, 59897, 60326, 66322, 139337, 227642], "y": [16, 22, 28, 31, 85, 21, 25, 32, 40, 84, 1, 8, 10, 12, 34, 6, 88], "cumulative y": [1, 2, 3, 4, 5, 6, 7, 8, 9, 10, 11, 12, 13, 14, 15, 16, 17], "total events": 17, "not exposed x": [5440, 27464, 227642], "not exposed y": [85, 84, 88], "cumulative not exposed y": [1, 2, 3], "total not exposed events": 3}, "Vuln Compromises": {"record name": "Vuln Compromises", "x": [1897, 3109, 4172, 4741, 5440, 15819, 16522, 17687, 20185, 27464, 57385, 66322, 139337], "y": [16, 22, 28, 31, 85, 21, 25, 32, 40, 84, 1, 34, 6], "cumulative y": [1, 2, 3, 4, 5, 6, 7, 8, 9, 10, 11, 12, 13], "total events": 13, "not exposed x": [5440, 27464], "not exposed y": [85, 84], "cumulative not exposed y": [1, 2], "total not exposed events": 2}, "Reuse Password Compromises": {"record name": "Reuse Password Compromises", "x": [59472, 59897, 60326], "y": [8, 10, 12], "cumulative y": [1, 2, 3], "total events": 3, "not exposed x": [], "not exposed y": [], "cumulative not exposed y": [], "total not exposed events": 0}, "Password Spray Compromises": {"record name": "Password Spray Compromises", "x": [227642], "y": [88], "cumulative y": [1], "total events": 1, "not exposed x": [227642], "not exposed y": [88], "cumulative not exposed y": [1], "total not exposed events": 1}, "User Account Leaks": {"record name": "User Account Has Been Leaked By Compromise", "x": [1897, 1897, 1897, 1897, 1897, 3109, 3109, 3109, 3109, 3109, 4172, 4172, 4172, 4172, 4741, 4741, 4741, 4741, 4741, 5440, 5440, 5440, 5440, 5440, 15819, 15819, 15819, 15819, 16522, 16522, 16522, 16522, 17687, 17687, 17687, 17687, 20185, 20185, 20185, 27464, 27464, 27464, 57385, 57385, 57385, 57385, 57385, 59472, 59472, 59472, 59897, 59897, 59897, 60326, 60326, 60326, 60326, 66322, 66322, 66322, 139337, 139337, 139337, 227642, 227642, 227642, 227642], "y": ["Tessy", "Claude", "Odelia", "Kay", "Mandi", "Adriena", "Aurore", "Jaine", "Heather", "Geri", "Rey", "Aleta", "Wendi", "Hana", "Georgette", "Fanchon", "Antonetta", "Paolina", "Jamie", "Lilian", "Caryn", "Gayleen", "Adelind", "Jenica", "Imelda", "Aurel", "Tammara", "Bobbye", "Charo", "Dael", "Petronille", "Mollie", "Piper", "Christi", "Marissa", "Tamra", "Dulci", "Danielle", "Tawnya", "Sam", "Dareen", "Roseanne", "Sela", "Melisandra", "Elaine", "Bunni", "Stefanie", "Louise", "Livia", "Marilyn", "Jojo", "Coretta", "Annice", "Sallyann", "Sydelle", "Dorelia", "Linnell", "Sibby", "Emalee", "Moselle", "Sheelagh", "Corri", "Vivienne", "Melodee", "Niki", "Brenna", "Liesa"], "cumulative y": [1, 2, 3, 4, 5, 6, 7, 8, 9, 10, 11, 12, 13, 14, 15, 16, 17, 18, 19, 20, 21, 22, 23, 24, 25, 26, 27, 28, 29, 30, 31, 32, 33, 34, 35, 36, 37, 38, 39, 40, 41, 42, 43, 44, 45, 46, 47, 48, 49, 50, 51, 52, 53, 54, 55, 56, 57, 58, 59, 60, 61, 62, 63, 64, 65, 66, 67], "total events": 67}, "Vulnerabilities Exploited": {"record name": "Vulnerabilities Exploited", "x": [325, 442, 821, 821, 1166, 1368, 1586, 1897, 2804, 2804, 2804, 2804, 3109, 3109, 3191, 3454, 3793, 3793, 3793, 3983, 4172, 4270, 4270, 4741, 4741, 5440, 5440, 5440, 5440, 5440, 5440, 5954, 6934, 6934, 6934, 6934, 8701, 9099, 11289, 11289, 11289, 11289, 11289, 11289, 11289, 11289, 11289, 11289, 12552, 12552, 13097, 14031, 15819, 15819, 16522, 16522, 17117, 17687, 17687, 18021, 18021, 18021, 18021, 18021, 18021, 19673, 20185, 20185, 20304, 20769, 22228, 27464, 27464, 27464, 27464, 27464, 27464, 27464, 42031, 42447, 42447, 42447, 42447, 44182, 44964, 44964, 44964, 66322, 68608, 71489, 94246, 99426, 133966, 144158, 146816, 151102, 186627], "cumulative exploited vulns": [1, 2, 3, 4, 5, 6, 7, 8, 9, 10, 11, 12, 13, 14, 15, 16, 17, 18, 19, 20, 21, 22, 23, 24, 25, 26, 27, 28, 29, 30, 31, 32, 33, 34, 35, 36, 37, 38, 39, 40, 41, 42, 43, 44, 45, 46, 47, 48, 49, 50, 51, 52, 53, 54, 55, 56, 57, 58, 59, 60, 61, 62, 63, 64, 65, 66, 67, 68, 69, 70, 71, 72, 73, 74, 75, 76, 77, 78, 79, 80, 81, 82, 83, 84, 85, 86, 87, 88, 89, 90, 91, 92, 93, 94, 95, 96, 97], "roa": [0.2768560608313473, 0.04150723164645169, 0.40943347667583624, 0.5148326491363693, 0.6351507103395309, 0.012781664328422666, 0.13072816641261767, 0.6355824135649221, 0.7640912862669272, 0.625833469442839, 0.626879846726089, 0.3697145879477063, 0.8331502596900183, 0.07962583343534041, 0.450257659274082, 0.15679996814980773, 0.7961520649427855, 0.1315059973445089, 0.7939231156104257, 0.17720683111931984, 0.8794145420182371, 0.20101850987217387, 0.32797644757025934, 0.6948672079145418, 0.10386350250514383, 0.4232204857871514, 0.038118124538502156, 0.3221432615546938, 0.19116270705223468, 0.027424319978083773, 0.22940608904619544, 0.17447197347978474, 0.4492342086703487, 0.21898490202264392, 0.21898490202264392, 0.03410222710733084, 0.2718358925292409, 0.1439428378770117, 0.6479689597255951, 0.29321694261424336, 0.24007757365081223, 0.5292393580773467, 0.3948631883904047, 0.1901698638749764, 0.020291150381740345, 0.09150998801272316, 0.08732434792411255, 0.1892378816657751, 0.0564782208346537, 0.015140678540398671, 0.27242277398363796, 0.5476603857800685, 0.5210791291108954, 0.02610568296227646, 0.08340082012010586, 0.3206734531085673, 0.1871392762786806, 0.5618099149096345, 0.2031763021682172, 0.4339730031429011, 0.4339730031429011, 0.30134297087886386, 0.021360367273190083, 0.30134297087886386, 0.021360367273190083, 0.027785242285447882, 0.3094829832815795, 0.1732141051221343, 0.2800880845305168, 0.1061856488593452, 0.7612543932467309, 0.12471795653853661, 0.25676872558751396, 0.14775994165520584, 0.6107126741715562, 0.41641772016700446, 0.5571298106144641, 0.08494914614712179, 0.026007444419833, 0.22782485449041037, 0.353402011952913, 0.11780431559170387, 0.17002833954264376, 0.2582875760722234, 0.5365882073213762, 0.08735243442559923, 0.07713011800874892, 0.3524402118423587, 0.28265544046229596, 0.06663491950869106, 0.011110610147742245, 0.13665872125519107, 0.40728188736490106, 0.33090321087304164, 0.12540316472183555, 0.19943614127658174, 0.24612871670742598],