{"Total Initial Vulnerabilities": 741, "Initial Vulns Per OS": {"centos": {"6": 27, "5": 34, "7": 29, "4": 9, "3": 74, "8": 8}, "windows": {"8": 40, "8.1": 29, "vista": 20, "10": 14, "7": 34, "xp": 13}, "ubuntu": {"10.04": 79, "14.04": 27, "18.04": 10, "16.04": 21, "20.04": 3, "12.04": 19}, "freebsd": {"12": 41, "13": 13, "8": 106, "11": 55, "10": 24, "9": 12}}, "Average Initial RoA Per OS": {"centos": {"6": 0.031113035636376848, "5": 0.04685291395387642, "7": 0.04867258180109999, "4": 0.03632486479598247, "3": 0.06116563335928311, "8": 0.07275808530559941}, "windows": {"8": 0.04664551593603654, "8.1": 0.04951531872652639, "vista": 0.12324589186383457, "10": 0.016915427764774553, "7": 0.03649159212548286, "xp": 0.06742501862757634}, "ubuntu": {"10.04": 0.0797859740022818, "14.04": 0.03796326236891437, "18.04": 0.04916702467381134, "16.04": 0.051866012352142644, "20.04": 0.014111460971325896, "12.04": 0.06409752978684276}, "freebsd": {"12": 0.030047369842060613, "13": 0.023209321537226085, "8": 0.0647872428884087, "11": 0.06561895790075614, "10": 0.029359883827908412, "9": 0.03810426310397552}}, "OS Types In Initial Network": {"centos 6": 9, "windows 8": 12, "freebsd 11": 11, "ubuntu 10.04": 3, "freebsd 12": 16, "centos 5": 9, "freebsd 13": 14, "ubuntu 14.04": 6, "windows 8.1": 17, "windows vista": 5, "centos 7": 14, "windows 10": 15, "centos 4": 3, "ubuntu 18.04": 11, "centos 8": 10, "centos 3": 3, "ubuntu 16.04": 12, "ubuntu 20.04": 7, "freebsd 8": 4, "windows 7": 6, "freebsd 10": 5, "freebsd 9": 3, "ubuntu 12.04": 4, "windows xp": 1}, "Initial Hosts Without Vulnerabilities": 42, "Host Compromises": {"record name": "Host Compromises", "x": [2140, 4478, 4974, 5244, 8646, 10025, 15082, 17267, 22091, 23377, 23796, 24272, 25031, 26398, 26872, 31910, 69048, 233992], "y": [6, 21, 25, 27, 38, 39, 3, 12, 11, 17, 18, 20, 24, 30, 32, 44, 10, 22], "cumulative y": [1, 2, 3, 4, 5, 6, 7, 8, 9, 10, 11, 12, 13, 14, 15, 16, 17, 18], "total events": 18, "not exposed x": [], "not exposed y": [], "cumulative not exposed y": [], "total not exposed events": 0}, "Vuln Compromises": {"record name": "Vuln Compromises", "x": [2140, 4478, 4974, 5244, 8646, 10025, 15082, 17267, 23377, 26398, 26872, 31910, 69048], "y": [6, 21, 25, 27, 38, 39, 3, 12, 17, 30, 32, 44, 10], "cumulative y": [1, 2, 3, 4, 5, 6, 7, 8, 9, 10, 11, 12, 13], "total events": 13, "not exposed x": [], "not exposed y": [], "cumulative not exposed y": [], "total not exposed events": 0}, "Reuse Password Compromises": {"record name": "Reuse Password Compromises", "x": [22091, 23796, 24272, 25031], "y": [11, 18, 20, 24], "cumulative y": [1, 2, 3, 4], "total events": 4, "not exposed x": [], "not exposed y": [], "cumulative not exposed y": [], "total not exposed events": 0}, "Password Spray Compromises": {"record name": "Password Spray Compromises", "x": [233992], "y": [22], "cumulative y": [1], "total events": 1, "not exposed x": [], "not exposed y": [], "cumulative not exposed y": [], "total not exposed events": 0}, "User Account Leaks": {"record name": "User Account Has Been Leaked By Compromise", "x": [2140, 2140, 2140, 2140, 2140, 4478, 4478, 4478, 4478, 4478, 4974, 4974, 4974, 4974, 4974, 5244, 5244, 5244, 5244, 8646, 8646, 8646, 8646, 8646, 10025, 10025, 10025, 10025, 15082, 15082, 15082, 17267, 17267, 17267, 17267, 17267, 22091, 22091, 22091, 23377, 23377, 23377, 23377, 23796, 23796, 23796, 24272, 24272, 24272, 25031, 25031, 25031, 26398, 26398, 26398, 26872, 26872, 26872, 26872, 26872, 31910, 31910, 31910, 69048, 69048, 69048, 233992, 233992, 233992], "y": ["Bren", "Sophia", "Ginelle", "Kordula", "Britta", "Evonne", "Bernita", "Catlee", "Teresita", "Dorotea", "Ingrid", "Hyacinth", "Inesita", "Viole", "Marigold", "Marena", "Odilia", "Edin", "Jojo", "Anica", "Aili", "Adena", "Engracia", "Ariel", "Devan", "Katharine", "Shantee", "Anderea", "Emalee", "Gavra", "Kathrine", "Rozina", "Eleanore", "Ann-Marie", "Lavinie", "Rozelle", "Mable", "Tiphanie", "Trudy", "Gertrudis", "Eliza", "Emmalynne", "Ruthanne", "Liane", "Margette", "Shelly", "Cindra", "Teri", "Goldie", "Bernardine", "May", "Gilbertina", "Keri", "Rosie", "Catherin", "Bibbye", "Emmey", "Jamima", "Candis", "Cammy", "Violetta", "Wilmette", "Sharleen", "Kriste", "Elli", "Nariko", "Abbi", "Virgie", "Florencia"], "cumulative y": [1, 2, 3, 4, 5, 6, 7, 8, 9, 10, 11, 12, 13, 14, 15, 16, 17, 18, 19, 20, 21, 22, 23, 24, 25, 26, 27, 28, 29, 30, 31, 32, 33, 34, 35, 36, 37, 38, 39, 40, 41, 42, 43, 44, 45, 46, 47, 48, 49, 50, 51, 52, 53, 54, 55, 56, 57, 58, 59, 60, 61, 62, 63, 64, 65, 66, 67, 68, 69], "total events": 69}, "Vulnerabilities Exploited": {"record name": "Vulnerabilities Exploited", "x": [324, 1677, 1677, 1677, 1677, 1677, 1677, 1677, 1677, 1677, 1677, 1677, 1677, 1677, 1677, 1677, 1677, 1677, 1677, 1677, 1677, 1817, 1817, 2140, 2196, 2608, 2806, 2806, 3034, 3202, 3202, 3569, 3783, 3783, 3783, 4398, 4478, 4563, 4974, 4974, 5244, 5244, 6125, 6125, 7980, 7980, 7980, 7980, 7980, 7980, 7980, 7980, 7980, 7980, 8646, 8646, 8646, 8646, 8646, 8646, 8646, 8646, 10025, 10025, 10025, 10025, 10025, 10025, 10025, 10025, 10025, 10025, 10025, 10025, 10025, 10025, 10025, 10025, 10025, 10025, 10025, 11700, 11700, 11906, 15082, 15082, 15082, 15082, 15082, 15082, 15082, 15082, 15082, 15082, 15082, 15082, 15082, 15694, 22752, 22752, 23045, 23377, 23377, 23377, 23377, 23512, 24703, 25804, 26398, 28909, 28909, 28909, 28909, 28909, 28909, 28909, 28909, 28909, 28909, 30126, 31910, 32998, 33471, 34818, 53167, 53167, 53167, 53167, 53167, 57037, 57484, 69048, 75714, 78790, 81027, 88342, 111754, 113042, 162463, 162463, 211108, 227819], "cumulative exploited vulns": [1, 2, 3, 4, 5, 6, 7, 8, 9, 10, 11, 12, 13, 14, 15, 16, 17, 18, 19, 20, 21, 22, 23, 24, 25, 26, 27, 28, 29, 30, 31, 32, 33, 34, 35, 36, 37, 38, 39, 40, 41, 42, 43, 44, 45, 46, 47, 48, 49, 50, 51, 52, 53, 54, 55, 56, 57, 58, 59, 60, 61, 62, 63, 64, 65, 66, 67, 68, 69, 70, 71, 72, 73, 74, 75, 76, 77, 78, 79, 80, 81, 82, 83, 84, 85, 86, 87, 88, 89, 90, 91, 92, 93, 94, 95, 96, 97, 98, 99, 100, 101, 102, 103, 104, 105, 106, 107, 108, 109, 110, 111, 112, 113, 114, 115, 116, 117, 118, 119, 120, 121, 122, 123, 124, 125, 126, 127, 128, 129, 130, 131, 132, 133, 134, 135, 136, 137, 138, 139, 140, 141, 142],