{"Total Initial Vulnerabilities": 693, "Initial Vulns Per OS": {"ubuntu": {"16.04": 18, "18.04": 22, "20.04": 15, "14.04": 19, "10.04": 71, "12.04": 16}, "centos": {"6": 9, "7": 29, "5": 22, "8": 8, "4": 1, "3": 68}, "freebsd": {"10": 24, "11": 42, "9": 28, "13": 6, "12": 14, "8": 47}, "windows": {"8.1": 24, "7": 54, "8": 21, "10": 23, "xp": 102, "vista": 10}}, "Average Initial RoA Per OS": {"ubuntu": {"16.04": 0.024048137433812525, "18.04": 0.06608299004756663, "20.04": 0.055425409239055735, "14.04": 0.061255101845502, "10.04": 0.0501724760660778, "12.04": 0.02602113282692668}, "centos": {"6": 0.09126792179584339, "7": 0.05673309654764933, "5": 0.07974010955663811, "8": 0.04840522202021831, "4": 0.3960965064455958, "3": 0.056453034451039344}, "freebsd": {"10": 0.0652954671113173, "11": 0.11933636467697951, "9": 0.06382477437486563, "13": 0.059899901370074525, "12": 0.02854809992641088, "8": 0.03780150802138319}, "windows": {"8.1": 0.07430246374987086, "7": 0.061744789861988995, "8": 0.0872927843747288, "10": 0.05004177980207312, "xp": 0.06007797741283543, "vista": 0.05682795709480861}}, "OS Types In Initial Network": {"ubuntu 16.04": 11, "freebsd 13": 13, "centos 6": 8, "freebsd 10": 7, "ubuntu 20.04": 17, "freebsd 11": 16, "windows 10": 21, "ubuntu 18.04": 12, "windows 8.1": 12, "centos 7": 12, "windows 7": 12, "freebsd 9": 6, "ubuntu 14.04": 5, "centos 5": 4, "windows 8": 7, "centos 8": 11, "freebsd 12": 8, "windows xp": 4, "ubuntu 10.04": 3, "centos 4": 2, "ubuntu 12.04": 3, "windows vista": 3, "freebsd 8": 1, "centos 3": 2}, "Initial Hosts Without Vulnerabilities": 47, "Host Compromises": {"record name": "Host Compromises", "x": [4042, 5069, 6872, 9313, 12954, 15681, 16962, 17693, 21557, 23534, 26493, 28019, 40417, 40491, 49190, 66540, 67803, 73828, 75964, 77970, 81176, 82044, 82330, 84764, 85438, 91475, 93707, 97700, 104498, 106989, 113024, 139676, 146126, 153174, 153987, 160310, 160455, 161396, 186896, 187974, 203275, 208377, 226898, 232015], "y": [32, 37, 44, 3, 25, 40, 46, 49, 2, 10, 21, 27, 30, 31, 64, 61, 88, 53, 139, 74, 85, 76, 102, 77, 60, 81, 161, 58, 62, 87, 90, 96, 89, 80, 75, 183, 180, 106, 114, 109, 157, 112, 113, 110], "cumulative y": [1, 2, 3, 4, 5, 6, 7, 8, 9, 10, 11, 12, 13, 14, 15, 16, 17, 18, 19, 20, 21, 22, 23, 24, 25, 26, 27, 28, 29, 30, 31, 32, 33, 34, 35, 36, 37, 38, 39, 40, 41, 42, 43, 44], "total events": 44, "not exposed x": [49190, 66540, 67803, 73828, 75964, 77970, 81176, 82044, 82330, 84764, 85438, 91475, 93707, 97700, 104498, 106989, 113024, 139676, 146126, 153174, 153987, 160310, 160455, 161396, 186896, 187974, 203275, 208377, 226898, 232015], "not exposed y": [64, 61, 88, 53, 139, 74, 85, 76, 102, 77, 60, 81, 161, 58, 62, 87, 90, 96, 89, 80, 75, 183, 180, 106, 114, 109, 157, 112, 113, 110], "cumulative not exposed y": [1, 2, 3, 4, 5, 6, 7, 8, 9, 10, 11, 12, 13, 14, 15, 16, 17, 18, 19, 20, 21, 22, 23, 24, 25, 26, 27, 28, 29, 30], "total not exposed events": 30}, "Vuln Compromises": {"record name": "Vuln Compromises", "x": [4042, 5069, 6872, 17693, 23534, 49190, 66540, 67803, 73828, 77970, 81176, 82044, 82330, 84764, 91475, 93707, 97700, 104498, 106989, 113024, 139676, 146126, 153174, 186896, 187974, 203275, 208377, 226898, 232015], "y": [32, 37, 44, 49, 10, 64, 61, 88, 53, 74, 85, 76, 102, 77, 81, 161, 58, 62, 87, 90, 96, 89, 80, 114, 109, 157, 112, 113, 110], "cumulative y": [1, 2, 3, 4, 5, 6, 7, 8, 9, 10, 11, 12, 13, 14, 15, 16, 17, 18, 19, 20, 21, 22, 23, 24, 25, 26, 27, 28, 29], "total events": 29, "not exposed x": [49190, 66540, 67803, 73828, 77970, 81176, 82044, 82330, 84764, 91475, 93707, 97700, 104498, 106989, 113024, 139676, 146126, 153174, 186896, 187974, 203275, 208377, 226898, 232015], "not exposed y": [64, 61, 88, 53, 74, 85, 76, 102, 77, 81, 161, 58, 62, 87, 90, 96, 89, 80, 114, 109, 157, 112, 113, 110], "cumulative not exposed y": [1, 2, 3, 4, 5, 6, 7, 8, 9, 10, 11, 12, 13, 14, 15, 16, 17, 18, 19, 20, 21, 22, 23, 24], "total not exposed events": 24}, "Reuse Password Compromises": {"record name": "Reuse Password Compromises", "x": [9313, 12954, 15681, 16962, 21557, 26493, 28019, 40417, 40491, 75964, 85438, 153987, 160310, 160455, 161396], "y": [3, 25, 40, 46, 2, 21, 27, 30, 31, 139, 60, 75, 183, 180, 106], "cumulative y": [1, 2, 3, 4, 5, 6, 7, 8, 9, 10, 11, 12, 13, 14, 15], "total events": 15, "not exposed x": [75964, 85438, 153987, 160310, 160455, 161396], "not exposed y": [139, 60, 75, 183, 180, 106], "cumulative not exposed y": [1, 2, 3, 4, 5, 6], "total not exposed events": 6}, "Password Spray Compromises": {"record name": "Password Spray Compromises", "x": [], "y": [], "cumulative y": [], "total events": 0, "not exposed x": [], "not exposed y": [], "cumulative not exposed y": [], "total not exposed events": 0}, "User Account Leaks": {"record name": "User Account Has Been Leaked By Compromise", "x": [4042, 4042, 4042, 4042, 5069, 5069, 5069, 5069, 5069, 6872, 6872, 6872, 6872, 6872, 9313, 9313, 9313, 12954, 12954, 12954, 12954, 15681, 15681, 15681, 16962, 16962, 17693, 17693, 17693, 17693, 21557, 21557, 21557, 21557, 23534, 23534, 23534, 23534, 23534, 26493, 26493, 26493, 28019, 28019, 28019, 40417, 40417, 40417, 40491, 40491, 40491, 40491, 49190, 49190, 49190, 49190, 66540, 66540, 66540, 66540, 67803, 67803, 67803, 73828, 73828, 73828, 75964, 75964, 77970, 77970, 77970, 81176, 81176, 82044, 82044, 82044, 82044, 82330, 82330, 84764, 84764, 84764, 85438, 85438, 91475, 91475, 91475, 93707, 93707, 97700, 97700, 97700, 104498, 104498, 104498, 104498, 106989, 113024, 113024, 113024, 113024, 139676, 139676, 146126, 153987, 160310, 160455, 161396, 161396, 186896, 186896, 186896, 203275, 203275, 208377, 208377, 232015, 232015], "y": ["Diannne", "Sheela", "Alessandra", "Lettie", "Yovonnda", "Linea", "Orsa", "Faye", "Xylia", "Franky", "Robenia", "Shane", "Lotta", "Nicolette", "Jeannie", "Madlen", "Noreen", "Ninette", "Martelle", "Mildred", "Helga", "Krystal", "Rochette", "Maighdiln", "Camellia", "Dotti", "Prue", "Pammy", "Petra", "Barby", "Lib", "Casie", "Marlo", "Simone", "Dulci", "Laurie", "Vinita", "Freida", "Malvina", "Kit", "Laura", "Dominique", "Latrena", "Damaris", "Mahalia", "Minnaminnie", "Darbie", "Jacquenetta", "Blanch", "Sabrina", "Zara", "Thalia", "Roxine", "Biddie", "Dacia", "Loreen", "Darice", "Ivett", "Jena", "Dollie", "Kikelia", "Merlina", "Letisha", "Kimmy", "Elita", "Ernestine", "Rafaelita", "Vivi", "Minda", "Carlotta", "Riane", "Jany", "Keelia", "Briana", "Ava", "Tootsie", "Christiana", "Genia", "Lena", "Arlinda", "Kylila", "Irma", "Allys", "Mella", "Francisca", "Cristi", "Bettine", "Letta", "Evelina", "Sarajane", "Tedda", "Ilsa", "Trix", "Bobbie", "Jeanine", "Delcine", "Arluene", "Rhodia", "Valaree", "Kate", "Joye", "Ailene", "Kerianne", "Scarlett", "Kevina", "Malina", "Zorana", "Pat", "Jami", "Theda", "Kyle", "Paola", "Kacy", "Kevyn", "Joly", "Denny", "Dulcie", "Eveleen"], "cumulative y": [1, 2, 3, 4, 5, 6, 7, 8, 9, 10, 11, 12, 13, 14, 15, 16, 17, 18, 19, 20, 21, 22, 23, 24, 25, 26, 27, 28, 29, 30, 31, 32, 33, 34, 35, 36, 37, 38, 39, 40, 41, 42, 43, 44, 45, 46, 47, 48, 49, 50, 51, 52, 53, 54, 55, 56, 57, 58, 59, 60, 61, 62, 63, 64, 65, 66, 67, 68, 69, 70, 71, 72, 73, 74, 75, 76, 77, 78, 79, 80, 81, 82, 83, 84, 85, 86, 87, 88, 89, 90, 91, 92, 93, 94, 95, 96, 97, 98, 99, 100, 101, 102, 103, 104, 105, 106, 107, 108, 109, 110, 111, 112, 113, 114, 115, 116, 117, 118], "total events": 118}, "Vulnerabilities Exploited": {"record name": "Vulnerabilities Exploited",