{"Total Initial Vulnerabilities": 577, "Initial Vulns Per OS": {"windows": {"10": 18, "8.1": 21, "7": 23, "8": 32, "vista": 14}, "ubuntu": {"14.04": 34, "18.04": 30, "10.04": 22, "16.04": 11, "12.04": 14, "20.04": 1}, "centos": {"4": 15, "3": 49, "7": 17, "6": 27, "8": 12, "5": 14}, "freebsd": {"11": 32, "10": 42, "9": 23, "13": 3, "12": 27, "8": 96}}, "Average Initial RoA Per OS": {"windows": {"10": 0.04211537105938828, "8.1": 0.056239475427651495, "7": 0.05306935532807174, "8": 0.0773702904620453, "vista": 0.025632152503500972}, "ubuntu": {"14.04": 0.0751078644014217, "18.04": 0.04416947450332063, "10.04": 0.035287816846568704, "16.04": 0.03971012011890995, "12.04": 0.037165595540964456, "20.04": 0.07648735670610143}, "centos": {"4": 0.027652073740158503, "3": 0.05733443391077625, "7": 0.04150047113826508, "6": 0.062417410854836285, "8": 0.12820156746575545, "5": 0.08118665286164538}, "freebsd": {"11": 0.05042674319491934, "10": 0.08575832730404784, "9": 0.10765937431449997, "13": 0.025560201625594872, "12": 0.049289930495838, "8": 0.05342998042906472}}, "OS Types In Initial Network": {"ubuntu 18.04": 16, "windows 10": 18, "ubuntu 14.04": 11, "centos 4": 4, "ubuntu 20.04": 14, "freebsd 11": 13, "freebsd 10": 11, "centos 3": 2, "ubuntu 10.04": 1, "windows 8.1": 11, "windows 7": 5, "freebsd 13": 12, "freebsd 9": 4, "freebsd 12": 12, "ubuntu 16.04": 5, "centos 7": 9, "centos 8": 14, "centos 6": 9, "windows 8": 12, "windows vista": 4, "freebsd 8": 5, "centos 5": 6, "ubuntu 12.04": 2}, "Initial Hosts Without Vulnerabilities": 60, "Host Compromises": {"record name": "Host Compromises", "x": [1372, 4051, 4199, 5798, 5958, 9587, 9908, 13740, 16940, 20049, 23566, 29535, 35431, 39500, 48436, 49151, 56701, 75254, 79118, 89021, 89166, 92523, 100962, 104664, 105371, 107317, 124855, 130360, 133421, 134857, 138055, 142896, 166014, 166862, 170097, 172368, 198653, 227962, 232237, 243122, 246339, 248824], "y": [8, 19, 20, 29, 30, 46, 48, 9, 21, 33, 43, 12, 26, 40, 65, 64, 163, 161, 0, 27, 111, 28, 63, 85, 86, 92, 53, 109, 51, 69, 158, 87, 132, 135, 91, 88, 90, 197, 55, 140, 95, 116], "cumulative y": [1, 2, 3, 4, 5, 6, 7, 8, 9, 10, 11, 12, 13, 14, 15, 16, 17, 18, 19, 20, 21, 22, 23, 24, 25, 26, 27, 28, 29, 30, 31, 32, 33, 34, 35, 36, 37, 38, 39, 40, 41, 42], "total events": 42, "not exposed x": [48436, 49151, 56701, 75254, 89166, 100962, 104664, 105371, 107317, 124855, 130360, 133421, 134857, 138055, 142896, 166014, 166862, 170097, 172368, 198653, 227962, 232237, 243122, 246339, 248824], "not exposed y": [65, 64, 163, 161, 111, 63, 85, 86, 92, 53, 109, 51, 69, 158, 87, 132, 135, 91, 88, 90, 197, 55, 140, 95, 116], "cumulative not exposed y": [1, 2, 3, 4, 5, 6, 7, 8, 9, 10, 11, 12, 13, 14, 15, 16, 17, 18, 19, 20, 21, 22, 23, 24, 25], "total not exposed events": 25}, "Vuln Compromises": {"record name": "Vuln Compromises", "x": [1372, 4051, 4199, 5798, 5958, 9587, 9908, 13740, 20049, 29535, 49151, 75254, 89166, 92523, 100962, 104664, 107317, 124855, 130360, 133421, 134857, 166014, 170097, 172368, 198653, 227962, 232237, 248824], "y": [8, 19, 20, 29, 30, 46, 48, 9, 33, 12, 64, 161, 111, 28, 63, 85, 92, 53, 109, 51, 69, 132, 91, 88, 90, 197, 55, 116], "cumulative y": [1, 2, 3, 4, 5, 6, 7, 8, 9, 10, 11, 12, 13, 14, 15, 16, 17, 18, 19, 20, 21, 22, 23, 24, 25, 26, 27, 28], "total events": 28, "not exposed x": [49151, 75254, 89166, 100962, 104664, 107317, 124855, 130360, 133421, 134857, 166014, 170097, 172368, 198653, 227962, 232237, 248824], "not exposed y": [64, 161, 111, 63, 85, 92, 53, 109, 51, 69, 132, 91, 88, 90, 197, 55, 116], "cumulative not exposed y": [1, 2, 3, 4, 5, 6, 7, 8, 9, 10, 11, 12, 13, 14, 15, 16, 17], "total not exposed events": 17}, "Reuse Password Compromises": {"record name": "Reuse Password Compromises", "x": [16940, 23566, 35431, 39500, 56701, 79118, 89021, 105371, 138055, 142896, 166862, 243122], "y": [21, 43, 26, 40, 163, 0, 27, 86, 158, 87, 135, 140], "cumulative y": [1, 2, 3, 4, 5, 6, 7, 8, 9, 10, 11, 12], "total events": 12, "not exposed x": [56701, 105371, 138055, 142896, 166862, 243122], "not exposed y": [163, 86, 158, 87, 135, 140], "cumulative not exposed y": [1, 2, 3, 4, 5, 6], "total not exposed events": 6}, "Password Spray Compromises": {"record name": "Password Spray Compromises", "x": [48436, 246339], "y": [65, 95], "cumulative y": [1, 2], "total events": 2, "not exposed x": [48436, 246339], "not exposed y": [65, 95], "cumulative not exposed y": [1, 2], "total not exposed events": 2}, "User Account Leaks": {"record name": "User Account Has Been Leaked By Compromise", "x": [1372, 1372, 1372, 1372, 1372, 4051, 4051, 4051, 4051, 4051, 4199, 4199, 4199, 4199, 4199, 5798, 5798, 5798, 5798, 5958, 5958, 5958, 5958, 5958, 9587, 9587, 9587, 9587, 9587, 9908, 9908, 9908, 9908, 13740, 13740, 13740, 13740, 13740, 16940, 16940, 16940, 16940, 20049, 20049, 20049, 20049, 23566, 23566, 23566, 29535, 29535, 29535, 29535, 29535, 35431, 35431, 39500, 39500, 39500, 48436, 48436, 48436, 49151, 49151, 49151, 49151, 49151, 56701, 56701, 56701, 75254, 75254, 75254, 79118, 79118, 89021, 89021, 89021, 89166, 89166, 92523, 92523, 92523, 92523, 100962, 100962, 100962, 104664, 104664, 105371, 105371, 105371, 107317, 124855, 124855, 124855, 130360, 133421, 133421, 134857, 134857, 134857, 138055, 138055, 142896, 142896, 166014, 166862, 170097, 172368, 172368, 172368, 198653, 198653, 198653, 227962, 227962, 232237, 243122, 243122, 246339, 246339, 248824], "y": ["Edythe", "Lyn", "Hetti", "Rosalinde", "Gwenette", "Loralee", "Silvia", "Wilma", "Arlette", "Nessa", "Abagail", "Malva", "Annalise", "Beatrisa", "Constantina", "Lorine", "Doralyn", "Herta", "Deeanne", "Cherey", "Jobye", "Anni", "Row", "Nelli", "Melloney", "Myrle", "Othilia", "Lilllie", "Karleen", "Rebecca", "Emily", "Rafaelita", "Aura", "Liz", "Kellina", "Sarena", "Christiane", "Isabel", "Zaria", "Kaila", "Selena", "Minerva", "Trixi", "Dayle", "Hanna", "Dorian", "Prudy", "Charmane", "Seana", "Arlene", "Kate", "Talia", "Eadith", "Ella", "Marty", "Fredra", "Marris", "Rahel", "Elonore", "Arly", "Emyle", "Querida", "Abbey", "Alexina", "Zsa Zsa", "Milena", "Rayna", "Abbe", "Murielle", "Dalila", "Quintilla", "Ramonda", "Melisse", "Kelli", "Aleta", "Ursala", "Mirilla", "Lurleen", "Elva", "Avrit", "Rosie", "Gill", "Jere", "Eleonora", "Shirl", "Amandy", "Layne", "Gilbertine", "Vania", "Tillie", "Karilynn", "Hadria", "Tiphanie", "Nannie", "Bryna", "Claudetta", "Rae", "Orelee", "Jordana", "Winnifred", "Electra", "Glennie", "Tybie", "Annadiane", "Tiff", "Robina", "Stacy", "Madelyn", "Donielle", "Jaquenette", "Valentina", "Carmelita", "Valaree", "Averyl", "Aggie", "Brenda", "Cosette", "Kirbie", "Diana", "Mary", "Orsola", "Alanna", "Jesselyn"], "cumulative y": [1, 2, 3, 4, 5, 6, 7, 8, 9, 10, 11, 12, 13, 14, 15, 16, 17, 18, 19, 20, 21, 22, 23, 24, 25, 26, 27, 28, 29, 30, 31, 32, 33, 34, 35, 36, 37, 38, 39, 40, 41, 42, 43, 44, 45, 46, 47, 48, 49, 50, 51, 52, 53, 54, 55, 56, 57, 58, 59, 60, 61, 62, 63, 64, 65, 66, 67, 68, 69, 70, 71, 72, 73, 74, 75, 76, 77, 78, 79, 80, 81, 82, 83, 84, 85, 86, 87, 88, 89, 90, 91, 92, 93, 94, 95, 96, 97, 98, 99, 100, 101, 102, 103, 104, 105, 106, 107, 108, 109, 110, 111, 112, 113, 114, 115, 116, 117, 118, 119, 120, 121, 122, 123], "total events": 123}, "Vulnerabilities Exploited": {"record name": "Vulnerabilities Exploited",