{"Total Initial Vulnerabilities": 756, "Initial Vulns Per OS": {"centos": {"3": 35, "8": 14, "5": 22, "6": 26, "4": 26, "7": 12}, "windows": {"8": 25, "10": 10, "7": 29, "xp": 86, "8.1": 36, "vista": 57}, "ubuntu": {"20.04": 8, "14.04": 23, "12.04": 38, "18.04": 25, "10.04": 47, "16.04": 24}, "freebsd": {"9": 47, "12": 18, "10": 21, "11": 30, "13": 6, "8": 91}}, "Average Initial RoA Per OS": {"centos": {"3": 0.04405031425715575, "8": 0.0160372178323537, "5": 0.11775874464285065, "6": 0.05073220502088219, "4": 0.022977239146686756, "7": 0.01898874836613747}, "windows": {"8": 0.08825832176921308, "10": 0.013826316807799926, "7": 0.045156676659126996, "xp": 0.04818243750052003, "8.1": 0.03129526559184877, "vista": 0.03571844606456777}, "ubuntu": {"20.04": 0.006020816752378681, "14.04": 0.0539313394600193, "12.04": 0.03309452069301931, "18.04": 0.08014344554016521, "10.04": 0.07088662150629874, "16.04": 0.12954221154923515}, "freebsd": {"9": 0.03156230726108616, "12": 0.021534033818318477, "10": 0.09644300978657785, "11": 0.08073268546723285, "13": 0.008376003471538006, "8": 0.07834693343535623}}, "OS Types In Initial Network": {"centos 3": 2, "windows 8": 10, "centos 8": 15, "ubuntu 20.04": 11, "ubuntu 14.04": 5, "ubuntu 12.04": 9, "centos 5": 9, "ubuntu 18.04": 20, "freebsd 9": 12, "freebsd 13": 10, "freebsd 12": 9, "freebsd 10": 8, "freebsd 11": 9, "windows 7": 8, "windows 10": 11, "ubuntu 10.04": 2, "centos 4": 5, "ubuntu 16.04": 5, "windows xp": 5, "centos 7": 8, "centos 6": 7, "windows 8.1": 9, "freebsd 8": 3, "windows vista": 8}, "Initial Hosts Without Vulnerabilities": 40, "Host Compromises": {"record name": "Host Compromises", "x": [439, 3530, 5592, 8222, 8276, 9891, 15095, 25863, 45835, 45908, 52545, 88438, 165507, 176136], "y": [0, 22, 28, 41, 42, 47, 19, 15, 46, 48, 20, 1, 26, 7], "cumulative y": [1, 2, 3, 4, 5, 6, 7, 8, 9, 10, 11, 12, 13, 14], "total events": 14, "not exposed x": [], "not exposed y": [], "cumulative not exposed y": [], "total not exposed events": 0}, "Vuln Compromises": {"record name": "Vuln Compromises", "x": [439, 3530, 5592, 8276, 9891, 15095, 25863, 88438, 176136], "y": [0, 22, 28, 42, 47, 19, 15, 1, 7], "cumulative y": [1, 2, 3, 4, 5, 6, 7, 8, 9], "total events": 9, "not exposed x": [], "not exposed y": [], "cumulative not exposed y": [], "total not exposed events": 0}, "Reuse Password Compromises": {"record name": "Reuse Password Compromises", "x": [8222, 45908], "y": [41, 48], "cumulative y": [1, 2], "total events": 2, "not exposed x": [], "not exposed y": [], "cumulative not exposed y": [], "total not exposed events": 0}, "Password Spray Compromises": {"record name": "Password Spray Compromises", "x": [45835, 52545, 165507], "y": [46, 20, 26], "cumulative y": [1, 2, 3], "total events": 3, "not exposed x": [], "not exposed y": [], "cumulative not exposed y": [], "total not exposed events": 0}, "User Account Leaks": {"record name": "User Account Has Been Leaked By Compromise", "x": [439, 439, 439, 439, 439, 3530, 3530, 3530, 3530, 3530, 5592, 5592, 5592, 5592, 5592, 8222, 8222, 8222, 8276, 8276, 8276, 8276, 8276, 9891, 9891, 9891, 9891, 15095, 15095, 15095, 15095, 15095, 25863, 25863, 25863, 25863, 25863, 45835, 45835, 45835, 45835, 45908, 45908, 52545, 52545, 52545, 52545, 88438, 88438, 88438, 165507, 165507, 165507, 165507, 176136, 176136, 176136, 176136], "y": ["Joann", "Marni", "Danna", "Marita", "Renate", "Karyn", "Kelly", "Chelsy", "Carlynne", "Rafaelia", "Tammara", "Kylen", "Vale", "Deonne", "Paula", "Gussi", "Sapphire", "Rosanne", "Austina", "Natalya", "Darcie", "Catlee", "Lorene", "Bobbee", "Marlo", "Belva", "Merrile", "Janene", "Fawnia", "Lucine", "Cheri", "Gertrude", "Karly", "Elsinore", "Randie", "Adelina", "Adriane", "Carline", "Tammy", "Samara", "Eula", "Pauletta", "Anetta", "Dosi", "Casey", "Melina", "Wilona", "Gwyneth", "Cloris", "Tammie", "Sheeree", "Jess", "Hilliary", "Ardis", "Lorenza", "Callida", "Rina", "Josi"], "cumulative y": [1, 2, 3, 4, 5, 6, 7, 8, 9, 10, 11, 12, 13, 14, 15, 16, 17, 18, 19, 20, 21, 22, 23, 24, 25, 26, 27, 28, 29, 30, 31, 32, 33, 34, 35, 36, 37, 38, 39, 40, 41, 42, 43, 44, 45, 46, 47, 48, 49, 50, 51, 52, 53, 54, 55, 56, 57, 58], "total events": 58}, "Vulnerabilities Exploited": {"record name": "Vulnerabilities Exploited", "x": [439, 439, 439, 439, 439, 1206, 1523, 1745, 1745, 2418, 2831, 3530, 3811, 3811, 3811, 3811, 4761, 5592, 5592, 5592, 5592, 5592, 5592, 5592, 5592, 5592, 5951, 5951, 6578, 7342, 7718, 8094, 9891, 9891, 9891, 9891, 9891, 9985, 9985, 11122, 14817, 14817, 15178, 16252, 16252, 17263, 17496, 18054, 18054, 18315, 18583, 18849, 19106, 20940, 23363, 24169, 25863, 39041, 41732, 42524, 44189, 44809, 49075, 59313, 72260, 80351, 94102, 94467, 113844, 166035, 173351, 173351, 189481], "cumulative exploited vulns": [1, 2, 3, 4, 5, 6, 7, 8, 9, 10, 11, 12, 13, 14, 15, 16, 17, 18, 19, 20, 21, 22, 23, 24, 25, 26, 27, 28, 29, 30, 31, 32, 33, 34, 35, 36, 37, 38, 39, 40, 41, 42, 43, 44, 45, 46, 47, 48, 49, 50, 51, 52, 53, 54, 55, 56, 57, 58, 59, 60, 61, 62, 63, 64, 65, 66, 67, 68, 69, 70, 71, 72, 73], "roa": [0.46392856014509487, 0.7156720026764286, 0.04342547507474449, 0.007313474861495405, 0.16451163506381855, 0.23927167326256943, 0.1704934149965762, 0.7989458225393274, 0.08563379530181564, 0.3409082432068188, 0.9101966763537203, 0.6083965840742318, 0.7083299706603111, 0.718606794060596, 0.3807632165484342, 0.4246334080515692, 0.10452815440893137, 0.5858693862145646, 0.3539753789799947, 0.45251589004243725, 0.7546972391616614, 0.7917084478762326, 0.1578917299978575, 0.31000950577200836, 0.008976549014626713, 0.1495092510654877, 0.3121023908460381, 0.3254702542946338, 0.0622275297206071, 0.1155868051779841, 0.9086591010764693, 0.19397498556703202, 0.4688208835343878, 0.7091649568348088, 0.4688208835343878, 0.7091649568348088, 0.004799710432894176, 0.5465985043933614, 0.31407033925338057, 0.07517992754177896, 0.1478814519242307, 0.025252374945503676, 0.03449187400310199, 0.6256605776532933, 0.008712448577870482, 0.07755360913414099, 0.1750656078861348, 0.06774620596040044, 0.049988004509435156, 0.33524370354333316, 0.5823411124370022, 0.11394232902673843, 0.008088258283302674, 0.29951696802934336, 0.017962431822144496, 0.056760574190395555, 0.17677750025392155, 0.03982454046495973, 0.17642989040801416, 0.15407885513144656, 0.43724039960254846, 0.08592962575952322, 0.051484487142825, 0.20499268328490147, 0.1358951723491766, 0.11984843791621184, 0.1473934446246374, 0.05177366237465468, 0.0692980728606879, 0.4044838002521368, 0.50184518710896, 0.14243347551564428, 0.26429262760850525], "impact": [4.67892178419985, 9.427329401896865, 1.4719143262356849, 0.12065566837054287, 3.1438038740643304, 2.4022504368291964, 4.863426784709045, 8.994885308808197, 4.3409329247792865, 5.642023720623753, 9.58332566327606, 9.716485164064006, 9.148600178486078, 9.618926668441187, 5.316148658154619, 8.264277653018407, 1.1239755418201236, 9.324373977457578, 4.5700479093721755, 8.699907696971215, 8.22061655515334, 9.717939439213234, 3.9226172494374567, 7.4617481136091826, 0.09976026334666543, 2.3989967294771386, 3.5831833519576683, 4.258593388974382, 1.450352948650958, 2.168359439098111, 9.89119851292964, 6.465329141153737, 4.689006478407213, 8.736762472433343, 4.689006478407213, 8.736762472433343, 0.25782315865718775, 8.318857340332716, 5.519316745068484, 4.375685728705965, 1.7555262860234533, 0.43558450398555215, 6.005604522406634, 8.422740145152812, 0.2677938812771685, 1.241425762672309, 8.478000957896466, 1.586698981525998, 0.8579952318855955, 5.205093537334475, 9.08903211389203, 1.936059071526941, 0.10055355675525401, 6.525075668263135, 1.8473534899309552, 5.273371780131269, 9.451078076787327, 3.5564798715548673, 4.549992113335833, 3.6984995701034262, 7.171786999400915, 1.701968151211587, 3.4277192415692017, 8.300547950423866, 9.532067145706858, 9.942607312946487, 3.4981486076459034, 7.476002637694697, 7.435762955056453, 5.083327489002589, 6.998824938623487, 4.275489488680215, 6.4935121246100085],