{"Total Initial Vulnerabilities": 649, "Initial Vulns Per OS": {"windows": {"10": 19, "8.1": 39, "8": 38, "7": 22, "vista": 5}, "centos": {"6": 34, "8": 14, "7": 38, "4": 17, "5": 24, "3": 95}, "freebsd": {"13": 18, "11": 15, "12": 40, "8": 24, "10": 14, "9": 14}, "ubuntu": {"14.04": 32, "16.04": 45, "20.04": 6, "12.04": 38, "18.04": 21, "10.04": 37}}, "Average Initial RoA Per OS": {"windows": {"10": 0.06549376451284344, "8.1": 0.04088946457213248, "8": 0.03280807018604152, "7": 0.030516794039553315, "vista": 0.03837222271315909}, "centos": {"6": 0.0837024700343245, "8": 0.03489446900756734, "7": 0.10530067050835759, "4": 0.06319975142927398, "5": 0.03318151764480119, "3": 0.057770719647755445}, "freebsd": {"13": 0.04931046445298873, "11": 0.03456031219005194, "12": 0.06157166324899889, "8": 0.07045267079318678, "10": 0.03397773257195129, "9": 0.07772211532152239}, "ubuntu": {"14.04": 0.05327260856110662, "16.04": 0.03894502275620721, "20.04": 0.062131506026411716, "12.04": 0.05494616823722109, "18.04": 0.07126997505288929, "10.04": 0.042259556152440966}}, "OS Types In Initial Network": {"windows 10": 10, "centos 6": 13, "ubuntu 20.04": 10, "windows 7": 6, "windows 8.1": 18, "ubuntu 16.04": 14, "centos 8": 13, "windows 8": 13, "centos 7": 10, "freebsd 13": 16, "ubuntu 14.04": 11, "freebsd 11": 3, "freebsd 12": 13, "freebsd 8": 2, "centos 4": 7, "freebsd 10": 8, "centos 5": 4, "ubuntu 12.04": 7, "ubuntu 18.04": 11, "centos 3": 4, "ubuntu 10.04": 2, "windows vista": 2, "freebsd 9": 3}, "Initial Hosts Without Vulnerabilities": 38, "Host Compromises": {"record name": "Host Compromises", "x": [1687, 1905, 3553, 7583, 8355, 8868, 14392, 15428, 19913, 20609, 25422, 27717, 28150, 29435, 32258, 86885, 96932, 115454, 124732, 124864, 126488, 128993, 129844, 130763, 146133, 148012, 158331, 169957, 170900, 182700], "y": [12, 54, 19, 36, 39, 41, 56, 4, 21, 24, 42, 48, 80, 136, 49, 14, 44, 31, 183, 95, 92, 189, 187, 185, 20, 25, 59, 57, 61, 8], "cumulative y": [1, 2, 3, 4, 5, 6, 7, 8, 9, 10, 11, 12, 13, 14, 15, 16, 17, 18, 19, 20, 21, 22, 23, 24, 25, 26, 27, 28, 29, 30], "total events": 30, "not exposed x": [1905, 14392, 28150, 29435, 124732, 124864, 126488, 128993, 129844, 130763, 158331, 169957, 170900], "not exposed y": [54, 56, 80, 136, 183, 95, 92, 189, 187, 185, 59, 57, 61], "cumulative not exposed y": [1, 2, 3, 4, 5, 6, 7, 8, 9, 10, 11, 12, 13], "total not exposed events": 13}, "Vuln Compromises": {"record name": "Vuln Compromises", "x": [1687, 1905, 3553, 7583, 8355, 8868, 19913, 20609, 25422, 27717, 28150, 29435, 86885, 128993, 129844, 130763, 146133, 158331, 169957], "y": [12, 54, 19, 36, 39, 41, 21, 24, 42, 48, 80, 136, 14, 189, 187, 185, 20, 59, 57], "cumulative y": [1, 2, 3, 4, 5, 6, 7, 8, 9, 10, 11, 12, 13, 14, 15, 16, 17, 18, 19], "total events": 19, "not exposed x": [1905, 28150, 29435, 128993, 129844, 130763, 158331, 169957], "not exposed y": [54, 80, 136, 189, 187, 185, 59, 57], "cumulative not exposed y": [1, 2, 3, 4, 5, 6, 7, 8], "total not exposed events": 8}, "Reuse Password Compromises": {"record name": "Reuse Password Compromises", "x": [15428, 32258, 124732, 124864, 126488, 148012, 170900], "y": [4, 49, 183, 95, 92, 25, 61], "cumulative y": [1, 2, 3, 4, 5, 6, 7], "total events": 7, "not exposed x": [124732, 124864, 126488, 170900], "not exposed y": [183, 95, 92, 61], "cumulative not exposed y": [1, 2, 3, 4], "total not exposed events": 4}, "Password Spray Compromises": {"record name": "Password Spray Compromises", "x": [14392, 96932, 115454, 182700], "y": [56, 44, 31, 8], "cumulative y": [1, 2, 3, 4], "total events": 4, "not exposed x": [14392], "not exposed y": [56], "cumulative not exposed y": [1], "total not exposed events": 1}, "User Account Leaks": {"record name": "User Account Has Been Leaked By Compromise", "x": [1687, 1687, 1687, 1687, 1687, 1905, 1905, 1905, 1905, 1905, 3553, 3553, 3553, 3553, 3553, 7583, 7583, 7583, 7583, 7583, 8355, 8355, 8355, 8355, 8355, 8868, 8868, 8868, 8868, 8868, 14392, 14392, 14392, 15428, 15428, 15428, 15428, 19913, 19913, 19913, 19913, 20609, 20609, 20609, 20609, 25422, 25422, 25422, 27717, 27717, 27717, 27717, 28150, 28150, 28150, 28150, 28150, 29435, 29435, 32258, 32258, 86885, 86885, 96932, 96932, 96932, 115454, 115454, 115454, 124732, 124732, 124732, 124864, 124864, 124864, 126488, 126488, 126488, 126488, 128993, 128993, 128993, 128993, 129844, 129844, 129844, 130763, 146133, 146133, 148012, 148012, 158331, 158331, 158331, 158331, 169957, 169957, 169957, 170900, 182700], "y": ["Marlane", "Steffie", "Kirstin", "Daloris", "Mae", "Caresse", "Doris", "Willetta", "Bev", "Em", "Dael", "Gerti", "Glen", "Fredericka", "Kaleena", "Francoise", "Roseline", "Mureil", "Betteanne", "Roana", "Joana", "Janella", "Celinda", "Melony", "Ottilie", "Sara", "Mirelle", "Tabatha", "Stephannie", "Zena", "Yolane", "Willow", "Bendite", "Brenna", "Jaime", "Jolie", "Christyna", "Elene", "Adelaida", "Jilli", "Shaun", "Nanny", "Marylou", "Jillayne", "Catherine", "Sonja", "Caterina", "Mariam", "Laetitia", "Cyndia", "Theresina", "Gwenora", "Mariana", "Shirl", "Chantal", "Beverly", "Beth", "Donella", "Dehlia", "Evey", "Rosalynd", "Kessiah", "Viki", "Vivien", "Aubine", "Belita", "Maribelle", "Eugenia", "Danny", "Enriqueta", "Brandise", "Rosemonde", "Nadean", "Imogene", "Amelita", "Hester", "Cassandre", "Odella", "Mandy", "Noelyn", "Bernadette", "Gladi", "Thia", "Bobby", "Natassia", "Deny", "Domini", "Kay", "Jaquith", "Nani", "Agretha", "Joyce", "Viola", "Courtnay", "Hatty", "Kristen", "Morena", "Brenda", "Rodie", "Andie"], "cumulative y": [1, 2, 3, 4, 5, 6, 7, 8, 9, 10, 11, 12, 13, 14, 15, 16, 17, 18, 19, 20, 21, 22, 23, 24, 25, 26, 27, 28, 29, 30, 31, 32, 33, 34, 35, 36, 37, 38, 39, 40, 41, 42, 43, 44, 45, 46, 47, 48, 49, 50, 51, 52, 53, 54, 55, 56, 57, 58, 59, 60, 61, 62, 63, 64, 65, 66, 67, 68, 69, 70, 71, 72, 73, 74, 75, 76, 77, 78, 79, 80, 81, 82, 83, 84, 85, 86, 87, 88, 89, 90, 91, 92, 93, 94, 95, 96, 97, 98, 99, 100], "total events": 100}, "Vulnerabilities Exploited": {"record name": "Vulnerabilities Exploited", "x": [99, 239, 704, 704, 1687, 1687, 1905, 1905, 1905, 1905, 2049, 2324, 2984, 2984, 2984, 3553, 3553, 4252, 4252, 4747, 4747, 4747, 5407, 5980, 6840, 7114, 7114, 7583, 8355, 8355, 8868, 8868, 8868, 8868, 8868, 8868, 8868, 9268, 9268, 9268, 9784, 9784, 9784, 9784, 11990, 12593, 14749, 15760, 15760, 16034, 16912, 17177, 19439, 19913, 20323, 22940, 23270, 25422, 25422, 25422, 25799, 27717, 28150, 28150, 29057, 30696, 34638, 49527, 52669, 53884, 56031, 58478, 73664, 77159, 78785, 81637, 86477, 86885, 123360, 128993, 129844, 130763, 130763, 130763, 130763, 130763, 130940, 131535, 132141, 132141, 132141, 133880, 169957, 169957, 169957, 169957, 175126, 215849, 215849, 239962], "cumulative exploited vulns": [1, 2, 3, 4, 5, 6, 7, 8, 9, 10, 11, 12, 13, 14, 15, 16, 17, 18, 19, 20, 21, 22, 23, 24, 25, 26, 27, 28, 29, 30, 31, 32, 33, 34, 35, 36, 37, 38, 39, 40, 41, 42, 43, 44, 45, 46, 47, 48, 49, 50, 51, 52, 53, 54, 55, 56, 57, 58, 59, 60, 61, 62, 63, 64, 65, 66, 67, 68, 69, 70, 71, 72, 73, 74, 75, 76, 77, 78, 79, 80, 81, 82, 83, 84, 85, 86, 87, 88, 89, 90, 91, 92, 93, 94, 95, 96, 97, 98, 99, 100],