{"Total Initial Vulnerabilities": 654, "Initial Vulns Per OS": {"freebsd": {"11": 29, "10": 48, "12": 21, "13": 21, "9": 26, "8": 82}, "windows": {"8.1": 51, "8": 27, "7": 34, "10": 10, "vista": 22, "xp": 79}, "ubuntu": {"18.04": 18, "16.04": 15, "20.04": 12, "14.04": 18, "12.04": 6}, "centos": {"7": 20, "6": 25, "5": 30, "4": 15, "3": 14, "8": 31}}, "Average Initial RoA Per OS": {"freebsd": {"11": 0.08318770282239626, "10": 0.05284092869564863, "12": 0.09550533966029986, "13": 0.0808852372640469, "9": 0.023357601767436193, "8": 0.04739906653165101}, "windows": {"8.1": 0.0765911612261348, "8": 0.045004372668477594, "7": 0.07175117490144024, "10": 0.020721954172756633, "vista": 0.059904916977776675, "xp": 0.04205467446861519}, "ubuntu": {"18.04": 0.049287515002232204, "16.04": 0.07749183737888289, "20.04": 0.14869451798328592, "14.04": 0.05237625166313105, "12.04": 0.037971378104982786}, "centos": {"7": 0.09088385895214443, "6": 0.044297758115724985, "5": 0.06497954369906825, "4": 0.0267771669598443, "3": 0.0924505683278533, "8": 0.06285407123973397}}, "OS Types In Initial Network": {"freebsd 11": 10, "windows 8.1": 18, "freebsd 10": 14, "freebsd 12": 10, "ubuntu 18.04": 9, "freebsd 13": 15, "windows 8": 9, "freebsd 9": 5, "windows 7": 10, "centos 7": 13, "centos 6": 11, "centos 5": 8, "centos 4": 3, "centos 3": 1, "ubuntu 16.04": 5, "windows 10": 10, "centos 8": 18, "ubuntu 20.04": 11, "windows vista": 5, "ubuntu 12.04": 3, "freebsd 8": 3, "windows xp": 4, "ubuntu 14.04": 5}, "Initial Hosts Without Vulnerabilities": 31, "Host Compromises": {"record name": "Host Compromises", "x": [2197, 3447, 6016, 7293, 8319, 9976, 11173, 12594, 21596, 23515, 36525, 39964, 41324, 42380, 44258, 46494, 48221, 52529, 53717, 55413, 57637, 64292, 65769, 71363, 74808, 79687, 99064, 99211, 104988, 113562, 120455, 136520, 139592, 140581, 140730, 141717, 153471, 163089, 164430, 183664, 183825, 184820, 189244, 191705, 192106, 200072, 200251, 212492, 212687, 214992, 216924, 225579, 229581, 232601], "y": [13, 21, 32, 36, 43, 113, 65, 68, 22, 27, 164, 4, 7, 9, 15, 20, 25, 30, 34, 39, 42, 126, 127, 128, 1, 14, 64, 67, 99, 161, 6, 45, 54, 104, 143, 149, 70, 8, 10, 51, 50, 55, 105, 86, 88, 144, 148, 0, 72, 171, 74, 173, 2, 12], "cumulative y": [1, 2, 3, 4, 5, 6, 7, 8, 9, 10, 11, 12, 13, 14, 15, 16, 17, 18, 19, 20, 21, 22, 23, 24, 25, 26, 27, 28, 29, 30, 31, 32, 33, 34, 35, 36, 37, 38, 39, 40, 41, 42, 43, 44, 45, 46, 47, 48, 49, 50, 51, 52, 53, 54], "total events": 54, "not exposed x": [9976, 11173, 12594, 36525, 64292, 65769, 71363, 99064, 99211, 104988, 113562, 139592, 140581, 140730, 141717, 153471, 183664, 183825, 184820, 189244, 191705, 192106, 200072, 200251, 212687, 214992, 216924, 225579], "not exposed y": [113, 65, 68, 164, 126, 127, 128, 64, 67, 99, 161, 54, 104, 143, 149, 70, 51, 50, 55, 105, 86, 88, 144, 148, 72, 171, 74, 173], "cumulative not exposed y": [1, 2, 3, 4, 5, 6, 7, 8, 9, 10, 11, 12, 13, 14, 15, 16, 17, 18, 19, 20, 21, 22, 23, 24, 25, 26, 27, 28], "total not exposed events": 28}, "Vuln Compromises": {"record name": "Vuln Compromises", "x": [2197, 3447, 6016, 7293, 8319, 9976, 11173, 12594, 21596, 23515, 36525, 39964, 41324, 42380, 46494, 48221, 53717, 55413, 57637, 64292, 65769, 79687, 99064, 104988, 120455, 136520, 139592, 140581, 153471, 163089, 164430, 183664, 184820, 189244, 191705, 192106, 200072, 212492, 214992, 225579, 229581, 232601], "y": [13, 21, 32, 36, 43, 113, 65, 68, 22, 27, 164, 4, 7, 9, 20, 25, 34, 39, 42, 126, 127, 14, 64, 99, 6, 45, 54, 104, 70, 8, 10, 51, 55, 105, 86, 88, 144, 0, 171, 173, 2, 12], "cumulative y": [1, 2, 3, 4, 5, 6, 7, 8, 9, 10, 11, 12, 13, 14, 15, 16, 17, 18, 19, 20, 21, 22, 23, 24, 25, 26, 27, 28, 29, 30, 31, 32, 33, 34, 35, 36, 37, 38, 39, 40, 41, 42], "total events": 42, "not exposed x": [9976, 11173, 12594, 36525, 64292, 65769, 99064, 104988, 139592, 140581, 153471, 183664, 184820, 189244, 191705, 192106, 200072, 214992, 225579], "not exposed y": [113, 65, 68, 164, 126, 127, 64, 99, 54, 104, 70, 51, 55, 105, 86, 88, 144, 171, 173], "cumulative not exposed y": [1, 2, 3, 4, 5, 6, 7, 8, 9, 10, 11, 12, 13, 14, 15, 16, 17, 18, 19], "total not exposed events": 19}, "Reuse Password Compromises": {"record name": "Reuse Password Compromises", "x": [44258, 52529, 71363, 74808, 99211, 140730, 141717, 183825, 200251, 212687, 216924], "y": [15, 30, 128, 1, 67, 143, 149, 50, 148, 72, 74], "cumulative y": [1, 2, 3, 4, 5, 6, 7, 8, 9, 10, 11], "total events": 11, "not exposed x": [71363, 99211, 140730, 141717, 183825, 200251, 212687, 216924], "not exposed y": [128, 67, 143, 149, 50, 148, 72, 74], "cumulative not exposed y": [1, 2, 3, 4, 5, 6, 7, 8], "total not exposed events": 8}, "Password Spray Compromises": {"record name": "Password Spray Compromises", "x": [113562], "y": [161], "cumulative y": [1], "total events": 1, "not exposed x": [113562], "not exposed y": [161], "cumulative not exposed y": [1], "total not exposed events": 1}, "User Account Leaks": {"record name": "User Account Has Been Leaked By Compromise", "x": [2197, 2197, 2197, 2197, 2197, 3447, 3447, 3447, 3447, 3447, 6016, 6016, 6016, 6016, 6016, 7293, 7293, 7293, 7293, 7293, 8319, 8319, 8319, 8319, 8319, 9976, 9976, 9976, 9976, 9976, 11173, 11173, 12594, 12594, 12594, 12594, 21596, 21596, 21596, 21596, 21596, 23515, 23515, 23515, 23515, 23515, 36525, 36525, 36525, 36525, 39964, 39964, 39964, 39964, 39964, 41324, 41324, 41324, 42380, 42380, 42380, 44258, 44258, 44258, 44258, 46494, 46494, 46494, 48221, 48221, 48221, 48221, 52529, 52529, 52529, 53717, 53717, 53717, 53717, 55413, 55413, 55413, 55413, 57637, 57637, 57637, 57637, 64292, 65769, 65769, 71363, 71363, 74808, 79687, 79687, 79687, 99211, 99211, 99211, 104988, 104988, 104988, 113562, 120455, 120455, 120455, 136520, 136520, 139592, 139592, 139592, 140581, 140581, 140581, 140730, 141717, 141717, 153471, 163089, 164430, 164430, 183664, 183664, 183825, 184820, 184820, 184820, 191705, 191705, 191705, 192106, 200072, 200251, 200251, 212492, 212687, 214992, 214992, 216924, 225579, 229581, 232601, 232601, 232601], "y": ["Lea", "Deanna", "Sofia", "Dacia", "Jasmin", "Tiffi", "Juli", "Charmine", "Eloise", "Kata", "Val", "Jany", "Truda", "Naomi", "Timothea", "Miquela", "De", "Deeanne", "Dolorita", "Oona", "Bobbe", "Glynis", "Stoddard", "Brandi", "Marie-Jeanne", "Cacilie", "Dawn", "Vonny", "Norrie", "Astrix", "Constancia", "Lula", "Ada", "Laurie", "Georgiana", "Gigi", "Dalia", "Kattie", "Bunny", "Malinde", "Rosamund", "Salli", "Talia", "Cally", "Tanitansy", "Yevette", "Bria", "Evanne", "Michaela", "Alison", "Janeta", "Deerdre", "Joellen", "Jeanne", "Johnette", "Dulcinea", "Kamilah", "Rici", "Ninon", "Eran", "Constancy", "Allianora", "Eula", "Sonja", "Ardenia", "Olivette", "Lanna", "Nari", "Fionna", "Mureil", "Michele", "Emlynn", "Renee", "Marlyn", "Cathrin", "Alyss", "Natalee", "Ruby", "Laryssa", "Margarete", "Dayle", "Olympe", "Merry", "Gaby", "Marjie", "Ashien", "Angie", "Stephannie", "Jsandye", "Carla", "Roze", "Mercie", "Noelyn", "Elenore", "Jillayne", "Almire", "Corabel", "Enrika", "Carena", "Elladine", "Dotti", "Kass", "Gwynne", "Teddie", "Agata", "Hana", "Sidonnie", "Cristie", "Gayleen", "Chelsea", "Cortney", "Cherlyn", "Fleurette", "Shelly", "Shayna", "Adorne", "Fey", "Caritta", "Emily", "Laural", "Dyann", "Lorianna", "Ashleigh", "Helaine", "Louisa", "Cacilia", "Shela", "Ursa", "Libby", "Terrie", "Tova", "Faun", "Rory", "Berri", "Priscilla", "Karil", "Cass", "Tanhya", "Gavrielle", "Anallese", "Georgia", "Judi", "Merl", "Natalya"],