{"Total Initial Vulnerabilities": 544, "Initial Vulns Per OS": {"freebsd": {"10": 28, "9": 10, "11": 20, "13": 9, "12": 5}, "ubuntu": {"20.04": 9, "14.04": 35, "16.04": 29, "18.04": 21, "10.04": 125}, "centos": {"8": 12, "7": 26, "5": 39, "4": 31, "6": 29, "3": 12}, "windows": {"7": 21, "8.1": 12, "8": 33, "10": 12, "vista": 12, "xp": 14}}, "Average Initial RoA Per OS": {"freebsd": {"10": 0.08461722082121716, "9": 0.04773140356794968, "11": 0.07485439097648075, "13": 0.11052229933899896, "12": 0.10731068822678444}, "ubuntu": {"20.04": 0.013489493977749905, "14.04": 0.039617754339659826, "16.04": 0.05078755884778719, "18.04": 0.03710463463993496, "10.04": 0.051155335811945604}, "centos": {"8": 0.0603705585853202, "7": 0.0483608456926288, "5": 0.07314279077627586, "4": 0.0648257725342799, "6": 0.05959949207903985, "3": 0.059075990369565824}, "windows": {"7": 0.0661987262176659, "8.1": 0.031291344535082304, "8": 0.06811372598644583, "10": 0.10363201595102096, "vista": 0.03651709733766086, "xp": 0.06603080231071519}}, "OS Types In Initial Network": {"freebsd 10": 9, "freebsd 9": 2, "centos 8": 12, "ubuntu 20.04": 14, "ubuntu 14.04": 7, "freebsd 11": 8, "ubuntu 16.04": 11, "centos 7": 13, "freebsd 12": 4, "windows 7": 6, "windows 8.1": 13, "ubuntu 18.04": 18, "windows 10": 18, "centos 5": 9, "centos 4": 6, "windows 8": 8, "freebsd 13": 20, "centos 6": 11, "centos 3": 1, "ubuntu 10.04": 4, "windows vista": 5, "windows xp": 1}, "Initial Hosts Without Vulnerabilities": 51, "Host Compromises": {"record name": "Host Compromises", "x": [924, 3213, 4743, 7712, 8682, 9325, 9500, 14526, 15308, 26362, 48257, 52359, 97340, 101595, 103741, 104829, 105864, 135260, 168535, 170655, 171286, 172119, 175599, 178633, 205246, 216847, 227549], "y": [3, 22, 29, 40, 44, 47, 59, 62, 0, 25, 28, 42, 82, 171, 103, 78, 169, 83, 84, 57, 61, 131, 58, 168, 48, 60, 170], "cumulative y": [1, 2, 3, 4, 5, 6, 7, 8, 9, 10, 11, 12, 13, 14, 15, 16, 17, 18, 19, 20, 21, 22, 23, 24, 25, 26, 27], "total events": 27, "not exposed x": [9500, 14526, 97340, 101595, 103741, 104829, 105864, 135260, 168535, 170655, 171286, 172119, 175599, 178633, 216847, 227549], "not exposed y": [59, 62, 82, 171, 103, 78, 169, 83, 84, 57, 61, 131, 58, 168, 60, 170], "cumulative not exposed y": [1, 2, 3, 4, 5, 6, 7, 8, 9, 10, 11, 12, 13, 14, 15, 16], "total not exposed events": 16}, "Vuln Compromises": {"record name": "Vuln Compromises", "x": [924, 3213, 4743, 7712, 8682, 9325, 9500, 14526, 15308, 26362, 48257, 52359, 97340, 101595, 135260, 168535, 172119, 178633, 216847, 227549], "y": [3, 22, 29, 40, 44, 47, 59, 62, 0, 25, 28, 42, 82, 171, 83, 84, 131, 168, 60, 170], "cumulative y": [1, 2, 3, 4, 5, 6, 7, 8, 9, 10, 11, 12, 13, 14, 15, 16, 17, 18, 19, 20], "total events": 20, "not exposed x": [9500, 14526, 97340, 101595, 135260, 168535, 172119, 178633, 216847, 227549], "not exposed y": [59, 62, 82, 171, 83, 84, 131, 168, 60, 170], "cumulative not exposed y": [1, 2, 3, 4, 5, 6, 7, 8, 9, 10], "total not exposed events": 10}, "Reuse Password Compromises": {"record name": "Reuse Password Compromises", "x": [103741, 104829, 105864, 170655, 171286, 175599, 205246], "y": [103, 78, 169, 57, 61, 58, 48], "cumulative y": [1, 2, 3, 4, 5, 6, 7], "total events": 7, "not exposed x": [103741, 104829, 105864, 170655, 171286, 175599], "not exposed y": [103, 78, 169, 57, 61, 58], "cumulative not exposed y": [1, 2, 3, 4, 5, 6], "total not exposed events": 6}, "Password Spray Compromises": {"record name": "Password Spray Compromises", "x": [], "y": [], "cumulative y": [], "total events": 0, "not exposed x": [], "not exposed y": [], "cumulative not exposed y": [], "total not exposed events": 0}, "User Account Leaks": {"record name": "User Account Has Been Leaked By Compromise", "x": [924, 924, 924, 924, 924, 3213, 3213, 3213, 3213, 3213, 4743, 4743, 4743, 4743, 4743, 7712, 7712, 7712, 7712, 7712, 8682, 8682, 8682, 9325, 9325, 9325, 9325, 9325, 9500, 9500, 9500, 9500, 9500, 14526, 14526, 14526, 14526, 14526, 15308, 15308, 15308, 15308, 26362, 26362, 26362, 26362, 26362, 48257, 48257, 48257, 52359, 52359, 52359, 52359, 97340, 97340, 97340, 101595, 101595, 101595, 103741, 103741, 103741, 103741, 104829, 104829, 105864, 105864, 135260, 135260, 168535, 168535, 168535, 168535, 170655, 170655, 170655, 170655, 171286, 171286, 172119, 172119, 172119, 172119, 175599, 175599, 175599, 178633, 178633, 178633, 205246, 205246, 216847, 216847, 216847, 227549, 227549, 227549], "y": ["Harriot", "Wanids", "Eddie", "Gerda", "Denyse", "Kali", "Ilene", "Malynda", "Roanne", "Antonina", "Vinny", "Rhonda", "Cynthea", "Marieann", "Gerrilee", "Odetta", "Hattie", "Diana", "Alla", "Suzi", "Daniele", "Matty", "Bridget", "Ninnetta", "Trixy", "Daile", "Jewelle", "Lona", "Darsie", "Tamarah", "Chastity", "Othilia", "Florida", "Latia", "Loraine", "Sandye", "Carmelle", "Ellie", "Noel", "Emera", "Gillie", "Kenna", "Claresta", "Sonia", "Carolynn", "Trudi", "Gilberte", "Lexy", "Sybille", "Dannie", "Kelci", "Petunia", "Edee", "Tera", "Joann", "Cori", "Ronny", "Rosanna", "Janeva", "Hedvige", "Carmina", "Emeline", "Dallas", "Cathrin", "Glenn", "Kakalina", "Inesita", "TEirtza", "Ronnica", "Gleda", "Heath", "Cherrita", "Terra", "Vivianna", "Doreen", "Aile", "Casey", "Mirabelle", "Clotilda", "Marie-Ann", "Charmain", "Hope", "Gabbie", "Veronike", "Marylin", "Blinni", "Eddi", "Karolina", "Heida", "Laureen", "Maisey", "Yvette", "Joni", "Ardyth", "Cora", "Nerissa", "Gwynne", "Blondell"], "cumulative y": [1, 2, 3, 4, 5, 6, 7, 8, 9, 10, 11, 12, 13, 14, 15, 16, 17, 18, 19, 20, 21, 22, 23, 24, 25, 26, 27, 28, 29, 30, 31, 32, 33, 34, 35, 36, 37, 38, 39, 40, 41, 42, 43, 44, 45, 46, 47, 48, 49, 50, 51, 52, 53, 54, 55, 56, 57, 58, 59, 60, 61, 62, 63, 64, 65, 66, 67, 68, 69, 70, 71, 72, 73, 74, 75, 76, 77, 78, 79, 80, 81, 82, 83, 84, 85, 86, 87, 88, 89, 90, 91, 92, 93, 94, 95, 96, 97, 98], "total events": 98}, "Vulnerabilities Exploited": {"record name": "Vulnerabilities Exploited", "x": [114, 114, 785, 924, 924, 1343, 1497, 1653, 1745, 2119, 2119, 2430, 2430, 2955, 3125, 3213, 3395, 3619, 4027, 4915, 5193, 5366, 5366, 5366, 5895, 6593, 6753, 6753, 7712, 7712, 7712, 7712, 7712, 7712, 7712, 9325, 9325, 9325, 9500, 9500, 11376, 11376, 12415, 12415, 12415, 15029, 15308, 15308, 16783, 19267, 21884, 23682, 25145, 25145, 25145, 26057, 27175, 28126, 29055, 29055, 29055, 29403, 29798, 30155, 32496, 39462, 39462, 40112, 46389, 46389, 47257, 52359, 53882, 54307, 56170, 56946, 56946, 58941, 79582, 79582, 79582, 88042, 97340, 102906, 102906, 127637, 134755, 134755, 134755, 135260, 135260, 148014, 165918, 165918, 165918, 168535, 171590, 171590, 171590, 178633, 195260, 207307, 209512, 209512, 209512, 216847, 216847, 223970, 229828], "cumulative exploited vulns": [1, 2, 3, 4, 5, 6, 7, 8, 9, 10, 11, 12, 13, 14, 15, 16, 17, 18, 19, 20, 21, 22, 23, 24, 25, 26, 27, 28, 29, 30, 31, 32, 33, 34, 35, 36, 37, 38, 39, 40, 41, 42, 43, 44, 45, 46, 47, 48, 49, 50, 51, 52, 53, 54, 55, 56, 57, 58, 59, 60, 61, 62, 63, 64, 65, 66, 67, 68, 69, 70, 71, 72, 73, 74, 75, 76, 77, 78, 79, 80, 81, 82, 83, 84, 85, 86, 87, 88, 89, 90, 91, 92, 93, 94, 95, 96, 97, 98, 99, 100, 101, 102, 103, 104, 105, 106, 107, 108, 109],