{"Total Initial Vulnerabilities": 749, "Initial Vulns Per OS": {"centos": {"6": 26, "7": 41, "5": 14, "8": 6, "4": 39}, "ubuntu": {"16.04": 24, "18.04": 55, "10.04": 64, "14.04": 15, "20.04": 11, "12.04": 23}, "freebsd": {"12": 35, "11": 46, "13": 8, "9": 39, "10": 12, "8": 106}, "windows": {"7": 34, "vista": 37, "xp": 71, "10": 6, "8": 33, "8.1": 4}}, "Average Initial RoA Per OS": {"centos": {"6": 0.026345603422646448, "7": 0.030109316423471578, "5": 0.05663827883419242, "8": 0.0862739531061555, "4": 0.04079570005577584}, "ubuntu": {"16.04": 0.050158750073104115, "18.04": 0.07209001750138065, "10.04": 0.043554969053089754, "14.04": 0.03889645945438701, "20.04": 0.05372203254472203, "12.04": 0.047506998791669766}, "freebsd": {"12": 0.04950393715529809, "11": 0.03554324273267805, "13": 0.06493395945240842, "9": 0.037142563685604604, "10": 0.09038173476700063, "8": 0.04619529350847841}, "windows": {"7": 0.057716161658268705, "vista": 0.04994352361969452, "xp": 0.03286498458457372, "10": 0.07838136961110768, "8": 0.03674929824370385, "8.1": 0.14720773269125126}}, "OS Types In Initial Network": {"centos 6": 11, "ubuntu 16.04": 8, "freebsd 12": 17, "windows 8": 13, "windows 10": 11, "ubuntu 18.04": 17, "windows 7": 8, "freebsd 11": 12, "freebsd 13": 15, "centos 7": 14, "windows 8.1": 5, "freebsd 9": 5, "windows vista": 6, "ubuntu 10.04": 4, "freebsd 10": 5, "windows xp": 2, "ubuntu 14.04": 5, "ubuntu 20.04": 9, "centos 5": 5, "centos 8": 9, "centos 4": 6, "ubuntu 12.04": 9, "freebsd 8": 4}, "Initial Hosts Without Vulnerabilities": 37, "Host Compromises": {"record name": "Host Compromises", "x": [161, 7729, 12729, 14718, 16987, 21094, 22947, 35968, 41071, 64540, 77318, 78905, 130594, 205481, 238335, 245773], "y": [1, 45, 29, 35, 47, 18, 19, 66, 21, 3, 2, 8, 49, 13, 20, 42], "cumulative y": [1, 2, 3, 4, 5, 6, 7, 8, 9, 10, 11, 12, 13, 14, 15, 16], "total events": 16, "not exposed x": [35968], "not exposed y": [66], "cumulative not exposed y": [1], "total not exposed events": 1}, "Vuln Compromises": {"record name": "Vuln Compromises", "x": [161, 7729, 12729, 14718, 16987, 21094, 35968, 41071, 77318], "y": [1, 45, 29, 35, 47, 18, 66, 21, 2], "cumulative y": [1, 2, 3, 4, 5, 6, 7, 8, 9], "total events": 9, "not exposed x": [35968], "not exposed y": [66], "cumulative not exposed y": [1], "total not exposed events": 1}, "Reuse Password Compromises": {"record name": "Reuse Password Compromises", "x": [], "y": [], "cumulative y": [], "total events": 0, "not exposed x": [], "not exposed y": [], "cumulative not exposed y": [], "total not exposed events": 0}, "Password Spray Compromises": {"record name": "Password Spray Compromises", "x": [22947, 64540, 78905, 130594, 205481, 238335, 245773], "y": [19, 3, 8, 49, 13, 20, 42], "cumulative y": [1, 2, 3, 4, 5, 6, 7], "total events": 7, "not exposed x": [], "not exposed y": [], "cumulative not exposed y": [], "total not exposed events": 0}, "User Account Leaks": {"record name": "User Account Has Been Leaked By Compromise", "x": [161, 161, 161, 161, 161, 7729, 7729, 7729, 7729, 7729, 12729, 12729, 12729, 12729, 14718, 14718, 14718, 14718, 14718, 16987, 16987, 16987, 16987, 16987, 21094, 21094, 21094, 21094, 21094, 22947, 22947, 35968, 35968, 35968, 35968, 35968, 41071, 41071, 41071, 41071, 64540, 64540, 77318, 77318, 78905, 78905, 78905, 130594, 130594, 130594, 205481, 205481, 205481, 205481, 238335, 238335, 238335, 245773, 245773, 245773], "y": ["Koral", "Marya", "Marietta", "Melita", "Bill", "Teena", "Delphinia", "Ashien", "Torrie", "Janene", "Stefanie", "Lulu", "Felisha", "Jewell", "Felicdad", "Zelma", "Winona", "Ester", "Janeczka", "Joceline", "Margeaux", "Benedicta", "Helli", "Henka", "Velvet", "Barbara-Anne", "Leigha", "Sabina", "Brynne", "Shirl", "Joni", "Gayel", "Drusilla", "Jenilee", "Tracee", "Fionnula", "Cynthy", "Hendrika", "Katrinka", "Jaquelyn", "Riannon", "Lucretia", "Quintina", "Cristina", "Joanne", "Albina", "Shayne", "Nara", "Averil", "Judye", "Lorrin", "Andrea", "Gussie", "Martina", "Teressa", "Naomi", "Micaela", "Jolynn", "Chery", "Sindee"], "cumulative y": [1, 2, 3, 4, 5, 6, 7, 8, 9, 10, 11, 12, 13, 14, 15, 16, 17, 18, 19, 20, 21, 22, 23, 24, 25, 26, 27, 28, 29, 30, 31, 32, 33, 34, 35, 36, 37, 38, 39, 40, 41, 42, 43, 44, 45, 46, 47, 48, 49, 50, 51, 52, 53, 54, 55, 56, 57, 58, 59, 60], "total events": 60}, "Vulnerabilities Exploited": {"record name": "Vulnerabilities Exploited", "x": [161, 234, 234, 437, 750, 1009, 1009, 1298, 1298, 1459, 2025, 2832, 2832, 3208, 3423, 3600, 3930, 3930, 4777, 4777, 4777, 6016, 6016, 6016, 6016, 6016, 6016, 6016, 6016, 6774, 7440, 7729, 7729, 8008, 8008, 8008, 8008, 8008, 8289, 8289, 8289, 9300, 9300, 10370, 10976, 12729, 12729, 12796, 14718, 14718, 14718, 14718, 14718, 14718, 14718, 14718, 15210, 15562, 15711, 16987, 16987, 16987, 18799, 19272, 20911, 21094, 22584, 22584, 22584, 22584, 22584, 22584, 22584, 22584, 22584, 24204, 27235, 35968, 35968, 35968, 36057, 45177, 45177, 45496, 52894, 70956, 88484, 151886, 165850, 214548], "cumulative exploited vulns": [1, 2, 3, 4, 5, 6, 7, 8, 9, 10, 11, 12, 13, 14, 15, 16, 17, 18, 19, 20, 21, 22, 23, 24, 25, 26, 27, 28, 29, 30, 31, 32, 33, 34, 35, 36, 37, 38, 39, 40, 41, 42, 43, 44, 45, 46, 47, 48, 49, 50, 51, 52, 53, 54, 55, 56, 57, 58, 59, 60, 61, 62, 63, 64, 65, 66, 67, 68, 69, 70, 71, 72, 73, 74, 75, 76, 77, 78, 79, 80, 81, 82, 83, 84, 85, 86, 87, 88, 89, 90], "roa": [0.7556146293773665, 0.028302203937466724, 0.002995971995088476, 0.12658302105729008, 0.5168132833290894, 0.5911350258574248, 0.049555783521053214, 0.25252097486845854, 0.15075078827889327, 0.2878603845853619, 0.1798409728012959, 0.3624325412692858, 0.09223101847284057, 0.031311366106217126, 0.7669485320146243, 0.25678819771609007, 0.21210090085726443, 0.01532225454448402, 0.2136300428475808, 0.05512117982098693, 0.0328924859402654, 0.6605685317280898, 0.1394006397185501, 0.015018146148937952, 0.40964477804138993, 0.17997215902990518, 0.29748243144811504, 0.31263146717316226, 0.14960897644444116, 0.13439720759497742, 0.09270616450816875, 0.22459572074861942, 0.28650477672403574, 0.4566716956898936, 0.2198419780473347, 0.4566716956898936, 0.2198419780473347, 0.4040986649897643, 0.8130480136418574, 0.6635755459723733, 0.014287995259669737, 0.4682682298578548, 0.03868704165790397, 0.10621641603707135, 0.735779706857819, 0.27835051910555936, 0.07684822481492, 0.06151810434902657, 0.4331808954780487, 0.02093548122420883, 0.08316714061330184, 0.7302984383597874, 0.6185048894303622, 0.4331808954780487, 0.02093548122420883, 0.317458819340417, 0.503633656919215, 0.11202212264221231, 0.19170886799041237, 0.08098642958925797, 0.5918784806696114, 0.33657707884842886, 0.19906047555452527, 0.198105058596715, 0.15736695854154528, 0.23346972707015481, 0.5027517598309876, 0.7149248831656554, 0.44777954949717713, 0.5943357522755823, 0.3116576474170161, 0.2573303761168012, 0.13495157224289403, 0.20292518362956638, 0.10661390408228817, 0.14445034645448157, 0.6694666772757467, 0.11196582398919241, 0.08805066109332202, 0.2659235249082964, 0.5211585127515408, 0.14971442973050775, 0.06941908398312904, 0.022206987582612102, 0.20990437785681762, 0.04472320134163538, 0.06030955578271444, 0.01945625700305248, 0.3083402084322926, 0.056608207476075714],