{"Total Initial Vulnerabilities": 681, "Initial Vulns Per OS": {"freebsd": {"11": 26, "12": 32, "13": 13, "10": 40, "8": 40, "9": 35}, "centos": {"4": 14, "6": 22, "8": 28, "5": 4, "7": 13}, "ubuntu": {"16.04": 34, "14.04": 20, "10.04": 128, "18.04": 40, "20.04": 10, "12.04": 25}, "windows": {"xp": 35, "10": 12, "7": 18, "8.1": 27, "vista": 26, "8": 39}}, "Average Initial RoA Per OS": {"freebsd": {"11": 0.06846435417345524, "12": 0.024466377191985023, "13": 0.031345895227411644, "10": 0.04794329348835079, "8": 0.06534323560862183, "9": 0.0403723673074797}, "centos": {"4": 0.02653670260632988, "6": 0.07657713729281956, "8": 0.02688294363639538, "5": 0.04270675470228616, "7": 0.04892973922216299}, "ubuntu": {"16.04": 0.078671064636781, "14.04": 0.04609372103879321, "10.04": 0.045543832153628526, "18.04": 0.03743724404474017, "20.04": 0.0521525647829475, "12.04": 0.0498510951762851}, "windows": {"xp": 0.05975037543172221, "10": 0.028679567076072818, "7": 0.0710605928457459, "8.1": 0.02686447386022346, "vista": 0.03640910882291733, "8": 0.08743680224559092}}, "OS Types In Initial Network": {"freebsd 11": 8, "ubuntu 18.04": 16, "freebsd 12": 19, "centos 4": 4, "centos 6": 7, "centos 8": 22, "ubuntu 20.04": 14, "freebsd 13": 15, "windows 10": 14, "ubuntu 16.04": 12, "centos 5": 4, "ubuntu 12.04": 7, "ubuntu 14.04": 6, "ubuntu 10.04": 3, "windows xp": 1, "windows 7": 6, "windows 8.1": 9, "windows vista": 4, "centos 7": 5, "freebsd 10": 8, "windows 8": 10, "freebsd 8": 2, "freebsd 9": 4}, "Initial Hosts Without Vulnerabilities": 46, "Host Compromises": {"record name": "Host Compromises", "x": [1951, 5915, 6582, 7526, 8502, 9468, 9745, 11878, 20049, 20422, 21670, 22692, 34807, 109283, 120348, 120779, 120859], "y": [17, 32, 36, 41, 46, 0, 1, 10, 26, 28, 33, 37, 22, 14, 2, 3, 4], "cumulative y": [1, 2, 3, 4, 5, 6, 7, 8, 9, 10, 11, 12, 13, 14, 15, 16, 17], "total events": 17, "not exposed x": [], "not exposed y": [], "cumulative not exposed y": [], "total not exposed events": 0}, "Vuln Compromises": {"record name": "Vuln Compromises", "x": [1951, 5915, 6582, 7526, 8502, 9468, 11878, 20049, 20422, 21670, 34807], "y": [17, 32, 36, 41, 46, 0, 10, 26, 28, 33, 22], "cumulative y": [1, 2, 3, 4, 5, 6, 7, 8, 9, 10, 11], "total events": 11, "not exposed x": [], "not exposed y": [], "cumulative not exposed y": [], "total not exposed events": 0}, "Reuse Password Compromises": {"record name": "Reuse Password Compromises", "x": [9745, 120348, 120859], "y": [1, 2, 4], "cumulative y": [1, 2, 3], "total events": 3, "not exposed x": [], "not exposed y": [], "cumulative not exposed y": [], "total not exposed events": 0}, "Password Spray Compromises": {"record name": "Password Spray Compromises", "x": [22692, 109283, 120779], "y": [37, 14, 3], "cumulative y": [1, 2, 3], "total events": 3, "not exposed x": [], "not exposed y": [], "cumulative not exposed y": [], "total not exposed events": 0}, "User Account Leaks": {"record name": "User Account Has Been Leaked By Compromise", "x": [1951, 1951, 1951, 1951, 1951, 5915, 5915, 5915, 5915, 6582, 6582, 6582, 6582, 6582, 7526, 7526, 7526, 7526, 7526, 8502, 8502, 8502, 8502, 9468, 9468, 9468, 9745, 9745, 9745, 11878, 11878, 11878, 11878, 11878, 20049, 20049, 20049, 20049, 20422, 20422, 20422, 20422, 21670, 21670, 21670, 21670, 22692, 22692, 34807, 34807, 34807, 34807, 34807, 109283, 109283, 109283, 120348, 120348, 120348, 120348, 120779, 120779, 120779, 120779, 120859, 120859, 120859], "y": ["Yovonnda", "Zsa Zsa", "Aaren", "Enrika", "Valery", "Diandra", "Marrissa", "Cacilia", "Sibelle", "Catharina", "Randie", "Clo", "Ortensia", "Meridel", "Lanita", "Alayne", "Sorcha", "Lenee", "Amandi", "Wendy", "Maryjo", "Sharona", "Gabbie", "Tomi", "Casey", "Dorena", "Gert", "Ileane", "Mag", "Shaina", "Raquela", "Mame", "Lanni", "Melony", "Merrili", "Susy", "Sonnnie", "Gilberte", "Freddi", "Adi", "Bekki", "Ermengarde", "Beatrice", "Anette", "Ivory", "Jenelle", "Dominica", "Joeann", "Helaine", "Karyl", "Doretta", "Kial", "Vitoria", "Shandie", "Alejandra", "Barbe", "Ardene", "Diana", "Lynda", "Janella", "Crissy", "Maritsa", "Sylvia", "Meghan", "Sonja", "Dulci", "Kassia"], "cumulative y": [1, 2, 3, 4, 5, 6, 7, 8, 9, 10, 11, 12, 13, 14, 15, 16, 17, 18, 19, 20, 21, 22, 23, 24, 25, 26, 27, 28, 29, 30, 31, 32, 33, 34, 35, 36, 37, 38, 39, 40, 41, 42, 43, 44, 45, 46, 47, 48, 49, 50, 51, 52, 53, 54, 55, 56, 57, 58, 59, 60, 61, 62, 63, 64, 65, 66, 67], "total events": 67}, "Vulnerabilities Exploited": {"record name": "Vulnerabilities Exploited", "x": [236, 441, 709, 709, 709, 1009, 1009, 1133, 1325, 1867, 1867, 1867, 1951, 3483, 3483, 3483, 3483, 3483, 3483, 3483, 3483, 3483, 3483, 3483, 3483, 3483, 3483, 3483, 3483, 3483, 3483, 5001, 5001, 5001, 5001, 5001, 5001, 5001, 5141, 5141, 5419, 5419, 5667, 5667, 5667, 6262, 6362, 6986, 6986, 6986, 7526, 8502, 8502, 9468, 10794, 14060, 17721, 17721, 17721, 17721, 17721, 17721, 20049, 20049, 20049, 20049, 20049, 20049, 20049, 20049, 20049, 20049, 20049, 20049, 20049, 20147, 20969, 21267, 21670, 34807, 34807, 34807, 52306, 103006, 117237, 133674, 133674, 133674, 145491, 156198, 161873, 245579], "cumulative exploited vulns": [1, 2, 3, 4, 5, 6, 7, 8, 9, 10, 11, 12, 13, 14, 15, 16, 17, 18, 19, 20, 21, 22, 23, 24, 25, 26, 27, 28, 29, 30, 31, 32, 33, 34, 35, 36, 37, 38, 39, 40, 41, 42, 43, 44, 45, 46, 47, 48, 49, 50, 51, 52, 53, 54, 55, 56, 57, 58, 59, 60, 61, 62, 63, 64, 65, 66, 67, 68, 69, 70, 71, 72, 73, 74, 75, 76, 77, 78, 79, 80, 81, 82, 83, 84, 85, 86, 87, 88, 89, 90, 91, 92], "roa": [0.09559065702423511, 0.27200859716122416, 0.6818458776867737, 0.021112476183375493, 0.14177975115020075, 0.145620438000719, 0.040872291042452005, 0.04737856297279248, 0.16571297831237022, 0.5627098209812039, 0.3314946358927407, 0.018862381962144844, 0.2661238132428937, 0.5703950803175474, 0.22800377835451457, 0.15181356501606602, 0.2195086262518246, 0.1477865783359526, 0.6184262336979278, 0.5545134783463795, 0.06587487112828874, 0.5240242940940857, 0.40220984647109487, 0.39750940548512775, 0.08438893148100948, 0.35434435897614575, 0.33813208732157773, 0.1965693802526302, 0.11096841098244736, 0.3431972141320529, 0.2770174892258223, 0.4345506342160578, 0.5570646692296887, 0.4217321462828848, 0.7541544444483372, 0.3720837924292349, 0.1296256357656286, 0.10437852186703889, 0.4665520250084267, 0.4393272134524403, 0.12710229437483175, 0.19649605546773324, 0.7151445941318614, 0.09728222027760926, 0.14751036249025284, 0.23326949016423332, 0.16890867338098384, 0.48991958403246627, 0.2495228789075637, 0.12690672851983834, 0.5735742600117547, 0.5882279423371798, 0.20564538462346152, 0.044701273152214456, 0.06361794023971576, 0.029538773378102384, 0.0026309031128743656, 0.10211161730962978, 0.04804211206560835, 0.13619450358916477, 0.39084168005037456, 0.008343104639297898, 0.5321252231204998, 0.4511640166612412, 0.3368892171421315, 0.18662208176768927, 0.0028931515674250805, 0.5555349904410173, 0.16912404982956555, 0.21730861128364323, 0.8018298264056108, 0.6649491214478801, 0.06521228140545732, 0.5588457349730198, 0.10865460646158594, 0.044047373801753345, 0.5323423037680255, 0.0031149945418238, 0.7344454071717503, 0.042710156129568, 0.16404728212893593, 0.023627377622608213, 0.028703669387740972, 0.06822835622184226, 0.10824031564236294, 0.027656760566359535, 0.027656760566359535, 0.08534824223904072, 0.03355315201169996, 0.02735329902119498, 0.008712996060736953, 0.03139413919224724],