{"Total Initial Vulnerabilities": 699, "Initial Vulns Per OS": {"windows": {"10": 18, "8.1": 19, "8": 24, "7": 27, "xp": 29, "vista": 16}, "ubuntu": {"14.04": 39, "18.04": 22, "10.04": 13, "12.04": 53, "20.04": 19, "16.04": 29}, "centos": {"3": 106, "4": 51, "7": 13, "8": 10, "5": 17, "6": 21}, "freebsd": {"10": 31, "11": 38, "12": 29, "8": 56, "13": 5, "9": 14}}, "Average Initial RoA Per OS": {"windows": {"10": 0.036510272605879246, "8.1": 0.02755334026166936, "8": 0.017371414179723293, "7": 0.03976263650401191, "xp": 0.04289511107847226, "vista": 0.0787208748994742}, "ubuntu": {"14.04": 0.03333747864566665, "18.04": 0.04249977279370308, "10.04": 0.06448904241347903, "12.04": 0.03428863485692017, "20.04": 0.04474418686525908, "16.04": 0.039082907766252}, "centos": {"3": 0.057407879379973555, "4": 0.04934837018365135, "7": 0.030393256463940328, "8": 0.02679885597592705, "5": 0.08235174219484045, "6": 0.04838454464056959}, "freebsd": {"10": 0.03539852993581913, "11": 0.026063643331120812, "12": 0.03710262719996917, "8": 0.08051197813193244, "13": 0.03668312242634277, "9": 0.0578465962963021}}, "OS Types In Initial Network": {"freebsd 13": 10, "windows 10": 15, "ubuntu 14.04": 6, "ubuntu 18.04": 11, "ubuntu 10.04": 2, "centos 3": 5, "ubuntu 20.04": 16, "ubuntu 12.04": 9, "freebsd 10": 7, "freebsd 11": 12, "ubuntu 16.04": 12, "windows 8.1": 10, "centos 4": 5, "centos 6": 8, "centos 7": 11, "centos 8": 12, "freebsd 12": 15, "centos 5": 4, "windows 8": 11, "windows 7": 9, "windows xp": 1, "freebsd 8": 3, "windows vista": 3, "freebsd 9": 3}, "Initial Hosts Without Vulnerabilities": 46, "Host Compromises": {"record name": "Host Compromises", "x": [670, 4815, 7296, 7460, 8281, 8652, 9328, 10685, 10852, 11546, 14938, 15429, 15574, 15743, 18178, 20309, 20921, 21419, 25450, 30545, 38603, 39302, 41299, 41424, 41546, 43055, 44880, 46116, 46281, 47097, 47224, 55390, 61973, 64450, 65403, 68271, 70905, 71067, 82299, 91597, 97634, 102129, 105843, 127936, 133205, 139680, 195148, 195324, 196379, 204982, 207885, 212339, 234040, 234249, 234491, 241682, 242097], "y": [5, 19, 27, 29, 31, 33, 34, 40, 75, 42, 48, 52, 53, 108, 54, 3, 6, 8, 17, 25, 49, 106, 112, 166, 100, 115, 149, 152, 87, 130, 90, 189, 73, 77, 185, 190, 187, 199, 109, 128, 58, 186, 60, 24, 37, 46, 170, 168, 169, 98, 91, 194, 74, 76, 55, 176, 171], "cumulative y": [1, 2, 3, 4, 5, 6, 7, 8, 9, 10, 11, 12, 13, 14, 15, 16, 17, 18, 19, 20, 21, 22, 23, 24, 25, 26, 27, 28, 29, 30, 31, 32, 33, 34, 35, 36, 37, 38, 39, 40, 41, 42, 43, 44, 45, 46, 47, 48, 49, 50, 51, 52, 53, 54, 55, 56, 57], "total events": 57, "not exposed x": [10852, 15429, 15574, 15743, 18178, 39302, 41299, 41424, 41546, 43055, 44880, 46116, 46281, 47097, 47224, 55390, 61973, 64450, 65403, 68271, 70905, 71067, 82299, 91597, 97634, 102129, 105843, 195148, 195324, 196379, 204982, 207885, 212339, 234040, 234249, 234491, 241682, 242097], "not exposed y": [75, 52, 53, 108, 54, 106, 112, 166, 100, 115, 149, 152, 87, 130, 90, 189, 73, 77, 185, 190, 187, 199, 109, 128, 58, 186, 60, 170, 168, 169, 98, 91, 194, 74, 76, 55, 176, 171], "cumulative not exposed y": [1, 2, 3, 4, 5, 6, 7, 8, 9, 10, 11, 12, 13, 14, 15, 16, 17, 18, 19, 20, 21, 22, 23, 24, 25, 26, 27, 28, 29, 30, 31, 32, 33, 34, 35, 36, 37, 38], "total not exposed events": 38}, "Vuln Compromises": {"record name": "Vuln Compromises", "x": [670, 4815, 7460, 8281, 9328, 10852, 11546, 14938, 15429, 15574, 15743, 20309, 20921, 25450, 30545, 39302, 41299, 41546, 43055, 47097, 55390, 64450, 65403, 68271, 82299, 91597, 97634, 127936, 133205, 139680, 195148, 196379, 204982, 207885, 234040, 234249, 234491, 242097], "y": [5, 19, 29, 31, 34, 75, 42, 48, 52, 53, 108, 3, 6, 17, 25, 106, 112, 100, 115, 130, 189, 77, 185, 190, 109, 128, 58, 24, 37, 46, 170, 169, 98, 91, 74, 76, 55, 171], "cumulative y": [1, 2, 3, 4, 5, 6, 7, 8, 9, 10, 11, 12, 13, 14, 15, 16, 17, 18, 19, 20, 21, 22, 23, 24, 25, 26, 27, 28, 29, 30, 31, 32, 33, 34, 35, 36, 37, 38], "total events": 38, "not exposed x": [10852, 15429, 15574, 15743, 39302, 41299, 41546, 43055, 47097, 55390, 64450, 65403, 68271, 82299, 91597, 97634, 195148, 196379, 204982, 207885, 234040, 234249, 234491, 242097], "not exposed y": [75, 52, 53, 108, 106, 112, 100, 115, 130, 189, 77, 185, 190, 109, 128, 58, 170, 169, 98, 91, 74, 76, 55, 171], "cumulative not exposed y": [1, 2, 3, 4, 5, 6, 7, 8, 9, 10, 11, 12, 13, 14, 15, 16, 17, 18, 19, 20, 21, 22, 23, 24], "total not exposed events": 24}, "Reuse Password Compromises": {"record name": "Reuse Password Compromises", "x": [7296, 8652, 10685, 18178, 21419, 38603, 41424, 44880, 46116, 46281, 47224, 61973, 70905, 71067, 105843, 195324, 241682], "y": [27, 33, 40, 54, 8, 49, 166, 149, 152, 87, 90, 73, 187, 199, 60, 168, 176], "cumulative y": [1, 2, 3, 4, 5, 6, 7, 8, 9, 10, 11, 12, 13, 14, 15, 16, 17], "total events": 17, "not exposed x": [18178, 41424, 44880, 46116, 46281, 47224, 61973, 70905, 71067, 105843, 195324, 241682], "not exposed y": [54, 166, 149, 152, 87, 90, 73, 187, 199, 60, 168, 176], "cumulative not exposed y": [1, 2, 3, 4, 5, 6, 7, 8, 9, 10, 11, 12], "total not exposed events": 12}, "Password Spray Compromises": {"record name": "Password Spray Compromises", "x": [102129, 212339], "y": [186, 194], "cumulative y": [1, 2], "total events": 2, "not exposed x": [102129, 212339], "not exposed y": [186, 194], "cumulative not exposed y": [1, 2], "total not exposed events": 2}, "User Account Leaks": {"record name": "User Account Has Been Leaked By Compromise", "x": [670, 670, 670, 670, 670, 4815, 4815, 4815, 4815, 4815, 7296, 7296, 7296, 7296, 7460, 7460, 7460, 7460, 8281, 8281, 8281, 8281, 8281, 8652, 8652, 8652, 9328, 9328, 9328, 10685, 10685, 10685, 10685, 10852, 10852, 10852, 10852, 11546, 11546, 11546, 11546, 11546, 14938, 14938, 14938, 14938, 15429, 15429, 15429, 15574, 15574, 15574, 15574, 15743, 18178, 18178, 18178, 20309, 20309, 20309, 20309, 20309, 20921, 20921, 20921, 21419, 21419, 25450, 25450, 25450, 30545, 30545, 30545, 30545, 38603, 38603, 39302, 39302, 39302, 39302, 41299, 41299, 41299, 41299, 41424, 41424, 41546, 41546, 41546, 43055, 43055, 44880, 44880, 44880, 46116, 46281, 47097, 47097, 47224, 47224, 47224, 55390, 55390, 55390, 61973, 64450, 64450, 65403, 65403, 65403, 68271, 68271, 70905, 70905, 71067, 82299, 82299, 82299, 91597, 97634, 97634, 97634, 97634, 102129, 102129, 102129, 105843, 105843, 127936, 127936, 127936, 133205, 139680, 139680, 139680, 195148, 195324, 195324, 196379, 196379, 207885, 207885, 212339, 234040, 234040, 234249, 241682, 241682, 242097],