{"Total Initial Vulnerabilities": 569, "Initial Vulns Per OS": {"ubuntu": {"16.04": 45, "18.04": 29, "12.04": 26, "14.04": 31, "20.04": 6, "10.04": 10}, "windows": {"10": 12, "xp": 36, "8.1": 15, "8": 47, "vista": 21, "7": 35}, "centos": {"3": 45, "8": 19, "7": 19, "6": 18, "4": 20, "5": 1}, "freebsd": {"9": 22, "12": 23, "11": 35, "13": 8, "10": 23, "8": 23}}, "Average Initial RoA Per OS": {"ubuntu": {"16.04": 0.043080055499413045, "18.04": 0.045608306705511976, "12.04": 0.06855331360628755, "14.04": 0.023466977270289187, "20.04": 0.17487687167124608, "10.04": 0.028053460004418718}, "windows": {"10": 0.08126021851220072, "xp": 0.08346759964279965, "8.1": 0.045483707559906585, "8": 0.04972150388638727, "vista": 0.07220699300278785, "7": 0.03644593497895004}, "centos": {"3": 0.06514025814540579, "8": 0.09921371979067954, "7": 0.037325598714389806, "6": 0.03302910769083266, "4": 0.1010822238788889, "5": 0.013870226747128811}, "freebsd": {"9": 0.06959648541454519, "12": 0.05637999735839711, "11": 0.04956468224841647, "13": 0.0792821898302241, "10": 0.035530309423000755, "8": 0.08267768618098223}}, "OS Types In Initial Network": {"ubuntu 16.04": 12, "windows 10": 18, "centos 3": 3, "ubuntu 18.04": 16, "windows xp": 2, "freebsd 13": 10, "freebsd 9": 5, "ubuntu 12.04": 5, "centos 8": 12, "centos 7": 14, "centos 6": 12, "ubuntu 20.04": 17, "windows 8.1": 7, "ubuntu 14.04": 8, "freebsd 12": 13, "windows 8": 10, "freebsd 11": 9, "windows vista": 5, "centos 4": 4, "freebsd 10": 5, "windows 7": 7, "ubuntu 10.04": 1, "centos 5": 2, "freebsd 8": 3}, "Initial Hosts Without Vulnerabilities": 53, "Host Compromises": {"record name": "Host Compromises", "x": [1443, 1945, 2695, 3092, 3730, 6974, 9900, 11172, 13594, 14556, 32282, 35571, 48949, 99565], "y": [8, 12, 16, 95, 19, 31, 46, 79, 0, 2, 6, 20, 13, 24], "cumulative y": [1, 2, 3, 4, 5, 6, 7, 8, 9, 10, 11, 12, 13, 14], "total events": 14, "not exposed x": [3092, 11172], "not exposed y": [95, 79], "cumulative not exposed y": [1, 2], "total not exposed events": 2}, "Vuln Compromises": {"record name": "Vuln Compromises", "x": [1443, 3092, 3730, 11172, 13594, 14556, 32282, 35571, 48949, 99565], "y": [8, 95, 19, 79, 0, 2, 6, 20, 13, 24], "cumulative y": [1, 2, 3, 4, 5, 6, 7, 8, 9, 10], "total events": 10, "not exposed x": [3092, 11172], "not exposed y": [95, 79], "cumulative not exposed y": [1, 2], "total not exposed events": 2}, "Reuse Password Compromises": {"record name": "Reuse Password Compromises", "x": [1945, 2695, 6974, 9900], "y": [12, 16, 31, 46], "cumulative y": [1, 2, 3, 4], "total events": 4, "not exposed x": [], "not exposed y": [], "cumulative not exposed y": [], "total not exposed events": 0}, "Password Spray Compromises": {"record name": "Password Spray Compromises", "x": [], "y": [], "cumulative y": [], "total events": 0, "not exposed x": [], "not exposed y": [], "cumulative not exposed y": [], "total not exposed events": 0}, "User Account Leaks": {"record name": "User Account Has Been Leaked By Compromise", "x": [1443, 1443, 1443, 1443, 1443, 1945, 1945, 1945, 1945, 2695, 2695, 2695, 2695, 3092, 3092, 3092, 3730, 3730, 3730, 3730, 3730, 6974, 6974, 6974, 6974, 9900, 9900, 9900, 9900, 11172, 11172, 11172, 11172, 11172, 13594, 13594, 13594, 13594, 13594, 14556, 14556, 32282, 32282, 32282, 35571, 35571, 48949, 48949, 48949, 99565, 99565], "y": ["Terra", "Clarine", "Stacia", "Sibylle", "Evita", "Ardith", "Noel", "Nadeen", "Rivy", "Tate", "Danella", "Bobine", "Elane", "Myrlene", "Reena", "Aurelie", "Anderea", "Ebony", "Blanch", "Marabel", "Nannette", "Mufinella", "Beryl", "Helsa", "Dorri", "Chelsae", "Maren", "Tedi", "Sophia", "Trescha", "Rafaelita", "Simona", "Jenny", "Abby", "Tove", "Betty", "Nicolina", "Eleonore", "Carri", "Johna", "Elianore", "Sherline", "Sybille", "Aurlie", "Valencia", "Felicity", "Amalle", "Dalenna", "Suzann", "Gunilla", "Debera"], "cumulative y": [1, 2, 3, 4, 5, 6, 7, 8, 9, 10, 11, 12, 13, 14, 15, 16, 17, 18, 19, 20, 21, 22, 23, 24, 25, 26, 27, 28, 29, 30, 31, 32, 33, 34, 35, 36, 37, 38, 39, 40, 41, 42, 43, 44, 45, 46, 47, 48, 49, 50, 51], "total events": 51}, "Vulnerabilities Exploited": {"record name": "Vulnerabilities Exploited", "x": [160, 300, 300, 686, 686, 686, 686, 686, 686, 686, 686, 1279, 1443, 1705, 1705, 2499, 3092, 3092, 3183, 3452, 3730, 4578, 5451, 5451, 5640, 6387, 6814, 6814, 6814, 6814, 6814, 7043, 7256, 7256, 9512, 10028, 10028, 10028, 11397, 13594, 14556, 14556, 14556, 14556, 15804, 20772, 22625, 25380, 32282, 35571, 35571, 36726, 37394, 39671, 48949, 49131, 60154, 81558, 82225, 99565, 100703, 102778, 110247, 130552, 203564], "cumulative exploited vulns": [1, 2, 3, 4, 5, 6, 7, 8, 9, 10, 11, 12, 13, 14, 15, 16, 17, 18, 19, 20, 21, 22, 23, 24, 25, 26, 27, 28, 29, 30, 31, 32, 33, 34, 35, 36, 37, 38, 39, 40, 41, 42, 43, 44, 45, 46, 47, 48, 49, 50, 51, 52, 53, 54, 55, 56, 57, 58, 59, 60, 61, 62, 63, 64, 65], "roa": [0.08490850652497264, 0.2918127689815961, 0.04799298872637756, 0.4863270706301094, 0.5690885485765491, 0.39074101614494394, 0.759923727040823, 0.2870808428452602, 0.06353376727093582, 0.061784910800002604, 0.10695293628064195, 0.339786771563418, 0.6417359801232262, 0.20220474563384752, 0.3691084053075976, 0.02158668319866394, 0.48084282176043097, 0.1400504317456802, 0.1056696041787433, 0.08249783998699958, 0.7504254247405284, 0.7853848455082557, 0.2809440874368213, 0.03828025818447999, 0.6571244010503416, 0.09350430280847681, 0.4066148781234039, 0.4769335532081861, 0.24576686305586515, 0.35847777114202484, 0.22346702319384817, 0.028266709712076538, 0.4353636632673581, 0.14114349548513944, 0.3666179514382503, 0.8015835825220217, 0.04345633809872175, 0.02024386645755983, 0.5338249568497108, 0.4974361100872688, 0.06320554097321436, 0.4480223973500581, 0.3220149464732085, 0.23918102474781425, 0.000273116455344377, 0.02590283595768217, 0.058309581892135684, 0.20648815546366794, 0.11320122568327307, 0.3875556551060949, 0.35478937444300285, 0.010548036656383878, 0.09704852545030998, 0.1281084076614897, 0.1552745455610756, 0.4218527156594389, 0.16249051773990555, 0.05216091533191177, 0.0020814175189714573, 0.19817524941232248, 0.3447857082218774, 0.15968763905030864, 0.22392689804915342, 0.0034068858291096044, 0.08034984200394114], "impact": [2.6202903048448856, 3.5877419054901782, 0.8231502202809426, 4.994027545672708, 6.39353126477713, 4.455880194698714, 9.819789233691306, 5.1389013508759245, 0.8569116123665177, 1.1120231424701832, 8.515382550202087, 3.568003243028277, 8.532638614171471, 2.3120347668099193, 6.0573837070110805, 4.075920998090112, 8.776591213332043, 1.920257202713166, 2.3274991948690293, 1.4778449029410223, 8.44014949396143, 9.347489721422441, 5.050648501160049, 1.8577470938544605, 6.626409134050374, 2.412691100072072, 4.181654438549993, 7.979513278346511, 5.3382600243517935, 4.148828676192435, 2.81239962070297, 0.7415985185716589, 9.175362962901305, 2.7297717371796693, 5.94395599666126, 9.173207238671457, 0.6914713995175636, 0.2771450372802575, 6.976732186397885, 5.516953831119391, 0.9481294418561537, 8.464954171885278, 8.944647920648846, 9.134975444059675, 0.02051633160879973, 1.5904890589379295, 2.8942794350155165, 2.63718529426084, 4.880355975897029, 6.853118015153132, 9.329496113037788, 0.22001297392156394, 2.354011822720156, 4.129342662738033, 8.921764578159538, 5.849111201443852, 6.952441654268443, 3.881701569731155, 0.15759283922673006, 9.793332773470478, 9.487140982507045, 8.516642254140852, 4.557433497367982, 0.6293468992488316, 2.0412897825258938],