{"Total Initial Vulnerabilities": 703, "Initial Vulns Per OS": {"ubuntu": {"18.04": 5, "20.04": 7, "12.04": 18, "14.04": 22, "16.04": 25, "10.04": 55}, "freebsd": {"11": 25, "10": 16, "13": 11, "12": 21, "9": 38, "8": 82}, "centos": {"5": 40, "8": 13, "4": 11, "7": 12, "6": 24, "3": 43}, "windows": {"8": 33, "7": 42, "10": 8, "8.1": 7, "vista": 13, "xp": 132}}, "Average Initial RoA Per OS": {"ubuntu": {"18.04": 0.017679668954593105, "20.04": 0.04236520382658836, "12.04": 0.04845588242667456, "14.04": 0.053898499730320897, "16.04": 0.04714360400009951, "10.04": 0.05434053288853379}, "freebsd": {"11": 0.034023468988130086, "10": 0.05831026078617084, "13": 0.02817726577387691, "12": 0.027023625491054807, "9": 0.10194791271135013, "8": 0.07102026960309561}, "centos": {"5": 0.027277890134186, "8": 0.028675862889052776, "4": 0.03526102942846416, "7": 0.037790576669477945, "6": 0.03985083188308775, "3": 0.06126867154291793}, "windows": {"8": 0.04267154875480809, "7": 0.05127644948196314, "10": 0.05206512703587419, "8.1": 0.0703208290400203, "vista": 0.06938414826186128, "xp": 0.06108831813985501}}, "OS Types In Initial Network": {"freebsd 13": 10, "freebsd 12": 18, "ubuntu 18.04": 8, "freebsd 11": 9, "centos 5": 7, "centos 8": 21, "freebsd 10": 5, "ubuntu 20.04": 13, "windows 8": 14, "ubuntu 12.04": 6, "centos 4": 4, "centos 7": 11, "windows 7": 9, "windows 10": 9, "freebsd 9": 8, "windows 8.1": 8, "ubuntu 14.04": 4, "centos 6": 9, "windows vista": 4, "ubuntu 16.04": 9, "windows xp": 6, "freebsd 8": 3, "centos 3": 3, "ubuntu 10.04": 2}, "Initial Hosts Without Vulnerabilities": 56, "Host Compromises": {"record name": "Host Compromises", "x": [5110, 7363, 8503, 12347, 16503, 18681, 27774, 29640, 34005, 43245, 54572, 55270, 58897, 83349, 84808, 101159, 123078, 128891, 134321, 138379, 143619, 143710, 147604, 148949, 149590, 152972, 153134, 154470, 154617, 158427, 158579, 161619, 167217, 173647, 175231, 175553, 177800, 191287, 195902, 204774, 208738, 208870, 225078, 226056, 230718, 246834], "y": [43, 10, 20, 45, 7, 22, 14, 19, 38, 21, 1, 84, 15, 42, 49, 35, 73, 83, 12, 28, 40, 41, 103, 98, 178, 177, 184, 101, 106, 182, 99, 132, 150, 149, 154, 66, 62, 6, 18, 36, 47, 48, 68, 97, 75, 157], "cumulative y": [1, 2, 3, 4, 5, 6, 7, 8, 9, 10, 11, 12, 13, 14, 15, 16, 17, 18, 19, 20, 21, 22, 23, 24, 25, 26, 27, 28, 29, 30, 31, 32, 33, 34, 35, 36, 37, 38, 39, 40, 41, 42, 43, 44, 45, 46], "total events": 46, "not exposed x": [55270, 123078, 128891, 147604, 148949, 149590, 152972, 153134, 154470, 154617, 158427, 158579, 161619, 167217, 173647, 175231, 175553, 177800, 225078, 226056, 230718, 246834], "not exposed y": [84, 73, 83, 103, 98, 178, 177, 184, 101, 106, 182, 99, 132, 150, 149, 154, 66, 62, 68, 97, 75, 157], "cumulative not exposed y": [1, 2, 3, 4, 5, 6, 7, 8, 9, 10, 11, 12, 13, 14, 15, 16, 17, 18, 19, 20, 21, 22], "total not exposed events": 22}, "Vuln Compromises": {"record name": "Vuln Compromises", "x": [5110, 7363, 8503, 55270, 148949, 152972, 153134, 154470, 158427, 167217, 175553, 177800, 246834], "y": [43, 10, 20, 84, 98, 177, 184, 101, 182, 150, 66, 62, 157], "cumulative y": [1, 2, 3, 4, 5, 6, 7, 8, 9, 10, 11, 12, 13], "total events": 13, "not exposed x": [55270, 148949, 152972, 153134, 154470, 158427, 167217, 175553, 177800, 246834], "not exposed y": [84, 98, 177, 184, 101, 182, 150, 66, 62, 157], "cumulative not exposed y": [1, 2, 3, 4, 5, 6, 7, 8, 9, 10], "total not exposed events": 10}, "Reuse Password Compromises": {"record name": "Reuse Password Compromises", "x": [12347, 16503, 18681, 27774, 29640, 34005, 43245, 54572, 58897, 83349, 84808, 101159, 123078, 128891, 134321, 138379, 143619, 143710, 147604, 149590, 154617, 158579, 161619, 173647, 175231, 191287, 195902, 204774, 208738, 208870, 225078, 226056, 230718], "y": [45, 7, 22, 14, 19, 38, 21, 1, 15, 42, 49, 35, 73, 83, 12, 28, 40, 41, 103, 178, 106, 99, 132, 149, 154, 6, 18, 36, 47, 48, 68, 97, 75], "cumulative y": [1, 2, 3, 4, 5, 6, 7, 8, 9, 10, 11, 12, 13, 14, 15, 16, 17, 18, 19, 20, 21, 22, 23, 24, 25, 26, 27, 28, 29, 30, 31, 32, 33], "total events": 33, "not exposed x": [123078, 128891, 147604, 149590, 154617, 158579, 161619, 173647, 175231, 225078, 226056, 230718], "not exposed y": [73, 83, 103, 178, 106, 99, 132, 149, 154, 68, 97, 75], "cumulative not exposed y": [1, 2, 3, 4, 5, 6, 7, 8, 9, 10, 11, 12], "total not exposed events": 12}, "Password Spray Compromises": {"record name": "Password Spray Compromises", "x": [], "y": [], "cumulative y": [], "total events": 0, "not exposed x": [], "not exposed y": [], "cumulative not exposed y": [], "total not exposed events": 0}, "User Account Leaks": {"record name": "User Account Has Been Leaked By Compromise", "x": [5110, 5110, 5110, 5110, 5110, 7363, 7363, 7363, 7363, 7363, 8503, 8503, 8503, 8503, 8503, 12347, 12347, 12347, 12347, 16503, 16503, 16503, 18681, 18681, 18681, 18681, 27774, 27774, 27774, 29640, 29640, 29640, 29640, 34005, 34005, 34005, 43245, 43245, 54572, 54572, 54572, 54572, 55270, 55270, 55270, 55270, 58897, 58897, 58897, 83349, 83349, 83349, 84808, 84808, 84808, 84808, 101159, 123078, 123078, 123078, 128891, 128891, 128891, 128891, 134321, 134321, 134321, 138379, 138379, 138379, 143619, 143619, 143619, 143710, 143710, 147604, 147604, 147604, 148949, 149590, 149590, 152972, 152972, 152972, 152972, 152972, 153134, 153134, 153134, 153134, 154470, 154617, 154617, 158427, 158427, 158427, 158579, 158579, 161619, 161619, 161619, 167217, 173647, 173647, 173647, 175231, 175553, 175553, 175553, 177800, 177800, 191287, 191287, 195902, 204774, 208738, 208870, 208870, 225078, 226056, 226056, 230718, 230718, 246834, 246834, 246834], "y": ["Katinka", "Molly", "Laurie", "Jilly", "Priscella", "Meghan", "Eugine", "Agnesse", "Amie", "Brittni", "Roana", "Nari", "Almire", "Georgianna", "Kailey", "Marjy", "Betteann", "Corabel", "Candis", "Rici", "Katie", "Winonah", "Aundrea", "Pauline", "Anitra", "Lani", "Raf", "Philly", "Cleo", "Ginger", "Michaeline", "Phylis", "Cecilla", "Toby", "Moria", "Kaile", "Bernita", "Shir", "Eleanore", "Magda", "Mabel", "Martica", "Joanne", "Hali", "Una", "Franni", "Glennie", "Hyacinth", "Randene", "Letti", "Sindee", "Dido", "Carole", "Odessa", "Anthea", "Minette", "Dorella", "Ezmeralda", "Ailee", "Lois", "Liva", "Bernice", "Ottilie", "Romy", "Nikaniki", "Cornie", "Doreen", "Marge", "Gaylene", "Georgette", "Gates", "Georgeanna", "Licha", "Karen", "Oralie", "Suzanne", "Ericha", "Elena", "Carmita", "Gladi", "Jerrilee", "Rahel", "Gweneth", "Mureil", "Starr", "Esme", "Rowe", "Kimberlyn", "Tania", "Jillene", "Margeaux", "Agretha", "Nora", "Marne", "Talya", "Deny", "Ekaterina", "Margo", "Jen", "Lotti", "Adi", "Laney", "Paige", "Maryjane", "Giustina", "Kylie", "Ronny", "Lorne", "Adelind", "Silva", "Denise", "Catlee", "Jayne", "Jess", "Nadya", "Helge", "Randi", "Marnia", "Ronna", "Shelba", "Nalani", "Desirae", "Jo Ann", "Brinna", "Korrie", "Whitney"], "cumulative y": [1, 2, 3, 4, 5, 6, 7, 8, 9, 10, 11, 12, 13, 14, 15, 16, 17, 18, 19, 20, 21, 22, 23, 24, 25, 26, 27, 28, 29, 30, 31, 32, 33, 34, 35, 36, 37, 38, 39, 40, 41, 42, 43, 44, 45, 46, 47, 48, 49, 50, 51, 52, 53, 54, 55, 56, 57, 58, 59, 60, 61, 62, 63, 64, 65, 66, 67, 68, 69, 70, 71, 72, 73, 74, 75, 76, 77, 78, 79, 80, 81, 82, 83, 84, 85, 86, 87, 88, 89, 90, 91, 92, 93, 94, 95, 96, 97, 98, 99, 100, 101, 102, 103, 104, 105, 106, 107, 108, 109, 110, 111, 112, 113, 114, 115, 116, 117, 118, 119, 120, 121, 122, 123, 124, 125, 126], "total events": 126}, "Vulnerabilities Exploited": {"record name": "Vulnerabilities Exploited",