{"Total Initial Vulnerabilities": 550, "Initial Vulns Per OS": {"ubuntu": {"20.04": 13, "18.04": 35, "12.04": 40, "10.04": 18, "16.04": 32, "14.04": 9}, "windows": {"10": 16, "8": 55, "8.1": 20, "7": 48, "vista": 31}, "centos": {"8": 9, "7": 19, "5": 15, "6": 21, "3": 26, "4": 13}, "freebsd": {"13": 19, "11": 22, "12": 18, "10": 13, "8": 38, "9": 20}}, "Average Initial RoA Per OS": {"ubuntu": {"20.04": 0.042699171385337756, "18.04": 0.06206353930341307, "12.04": 0.0558780735598708, "10.04": 0.0345042420342212, "16.04": 0.04866258148734184, "14.04": 0.09286025325547004}, "windows": {"10": 0.03488140754066892, "8": 0.04042884273622157, "8.1": 0.06738637894781911, "7": 0.07431411255134997, "vista": 0.03574450874924606}, "centos": {"8": 0.05484326405054553, "7": 0.07891796725278295, "5": 0.020359727509092842, "6": 0.02540677497147383, "3": 0.030367425025667843, "4": 0.026264008179056365}, "freebsd": {"13": 0.03806855836933951, "11": 0.05754693047489401, "12": 0.05479305527192927, "10": 0.04422731951647855, "8": 0.04235713999166565, "9": 0.05701747691031885}}, "OS Types In Initial Network": {"ubuntu 20.04": 15, "windows 10": 22, "ubuntu 18.04": 15, "centos 8": 13, "centos 7": 13, "freebsd 13": 15, "freebsd 11": 6, "ubuntu 12.04": 6, "freebsd 10": 8, "windows 8": 14, "freebsd 12": 9, "windows 8.1": 13, "centos 5": 4, "centos 6": 8, "freebsd 8": 1, "ubuntu 10.04": 2, "windows 7": 11, "windows vista": 8, "ubuntu 16.04": 7, "freebsd 9": 3, "centos 3": 2, "centos 4": 3, "ubuntu 14.04": 2}, "Initial Hosts Without Vulnerabilities": 52, "Host Compromises": {"record name": "Host Compromises", "x": [429, 470, 10681, 12722, 17574, 23655, 30834, 33203, 63894, 76718, 86419, 86867, 91881, 92294, 98425, 105792, 110675, 110785, 115499, 116727, 123070, 123757, 126529, 126677, 133405, 145706, 153094, 153271, 154054, 159322, 163163, 175659], "y": [2, 66, 40, 64, 16, 37, 166, 1, 21, 52, 3, 5, 20, 97, 26, 46, 113, 68, 50, 54, 177, 118, 149, 147, 154, 65, 130, 136, 132, 134, 57, 19], "cumulative y": [1, 2, 3, 4, 5, 6, 7, 8, 9, 10, 11, 12, 13, 14, 15, 16, 17, 18, 19, 20, 21, 22, 23, 24, 25, 26, 27, 28, 29, 30, 31, 32], "total events": 32, "not exposed x": [470, 12722, 30834, 76718, 92294, 110675, 110785, 115499, 116727, 123070, 123757, 126529, 126677, 133405, 145706, 153094, 153271, 154054, 159322, 163163], "not exposed y": [66, 64, 166, 52, 97, 113, 68, 50, 54, 177, 118, 149, 147, 154, 65, 130, 136, 132, 134, 57], "cumulative not exposed y": [1, 2, 3, 4, 5, 6, 7, 8, 9, 10, 11, 12, 13, 14, 15, 16, 17, 18, 19, 20], "total not exposed events": 20}, "Vuln Compromises": {"record name": "Vuln Compromises", "x": [429, 470, 10681, 12722, 17574, 23655, 30834, 33203, 63894, 86419, 86867, 92294, 123757, 126529, 133405, 153094, 159322, 163163], "y": [2, 66, 40, 64, 16, 37, 166, 1, 21, 3, 5, 97, 118, 149, 154, 130, 134, 57], "cumulative y": [1, 2, 3, 4, 5, 6, 7, 8, 9, 10, 11, 12, 13, 14, 15, 16, 17, 18], "total events": 18, "not exposed x": [470, 12722, 30834, 92294, 123757, 126529, 133405, 153094, 159322, 163163], "not exposed y": [66, 64, 166, 97, 118, 149, 154, 130, 134, 57], "cumulative not exposed y": [1, 2, 3, 4, 5, 6, 7, 8, 9, 10], "total not exposed events": 10}, "Reuse Password Compromises": {"record name": "Reuse Password Compromises", "x": [91881, 98425, 105792, 110675, 110785, 115499, 116727, 123070, 126677, 145706, 153271, 154054, 175659], "y": [20, 26, 46, 113, 68, 50, 54, 177, 147, 65, 136, 132, 19], "cumulative y": [1, 2, 3, 4, 5, 6, 7, 8, 9, 10, 11, 12, 13], "total events": 13, "not exposed x": [110675, 110785, 115499, 116727, 123070, 126677, 145706, 153271, 154054], "not exposed y": [113, 68, 50, 54, 177, 147, 65, 136, 132], "cumulative not exposed y": [1, 2, 3, 4, 5, 6, 7, 8, 9], "total not exposed events": 9}, "Password Spray Compromises": {"record name": "Password Spray Compromises", "x": [76718], "y": [52], "cumulative y": [1], "total events": 1, "not exposed x": [76718], "not exposed y": [52], "cumulative not exposed y": [1], "total not exposed events": 1}, "User Account Leaks": {"record name": "User Account Has Been Leaked By Compromise", "x": [429, 429, 429, 429, 429, 470, 470, 470, 470, 470, 10681, 10681, 10681, 10681, 10681, 12722, 12722, 12722, 12722, 12722, 17574, 17574, 17574, 17574, 17574, 23655, 23655, 23655, 23655, 23655, 30834, 30834, 30834, 30834, 30834, 33203, 33203, 33203, 33203, 33203, 63894, 63894, 63894, 63894, 76718, 76718, 76718, 76718, 86419, 86419, 86867, 86867, 86867, 91881, 91881, 91881, 92294, 92294, 92294, 98425, 98425, 98425, 105792, 105792, 110675, 110675, 110675, 110785, 110785, 110785, 115499, 115499, 115499, 115499, 116727, 116727, 116727, 116727, 123070, 123070, 123070, 123070, 123757, 123757, 126529, 126529, 126529, 126529, 126529, 126677, 126677, 133405, 133405, 133405, 133405, 145706, 153094, 153271, 153271, 153271, 154054, 159322, 159322, 159322, 163163, 163163, 175659, 175659, 175659], "y": ["Clara", "Timi", "Rosanna", "Nelle", "Idaline", "Jelene", "Stacia", "Verile", "Ashien", "Lynne", "Herta", "Eolanda", "Priscilla", "Pearline", "Alisa", "Marlena", "Sissy", "Kelly", "Tawnya", "Shayna", "Regina", "Laurel", "Cornie", "Kellen", "Leta", "Cyndi", "Terza", "Kimberly", "Thomasine", "Elberta", "Codee", "Emelina", "Rina", "Laurena", "Cordula", "Krysta", "Jenny", "Erena", "Eddie", "Gretta", "Sherrie", "Merrie", "Sophronia", "Jacky", "Jermaine", "Manda", "Berta", "Addia", "Jerrie", "Lilian", "Margie", "Blisse", "Audrey", "Trisha", "Adelind", "Marjorie", "Micky", "Meridith", "Brittany", "Cortney", "Greer", "Fiona", "Desiree", "Izabel", "Laurene", "Genni", "Gerry", "Katrine", "Ammamaria", "Michelina", "Melodie", "Lois", "Celisse", "Carri", "Billie", "Marilin", "Lynn", "Inessa", "Wanids", "Isadora", "Lurette", "Juli", "Oriana", "Sibylla", "Julianne", "Florina", "Anette", "Annemarie", "Kelcy", "Lauren", "Saundra", "Nara", "Grethel", "Kimmi", "Hannah", "Letta", "Virgina", "Bunnie", "Orelia", "Lacie", "Domini", "Diahann", "Amity", "Birgit", "Farrand", "Gail", "Teriann", "Wrennie", "Ardra"], "cumulative y": [1, 2, 3, 4, 5, 6, 7, 8, 9, 10, 11, 12, 13, 14, 15, 16, 17, 18, 19, 20, 21, 22, 23, 24, 25, 26, 27, 28, 29, 30, 31, 32, 33, 34, 35, 36, 37, 38, 39, 40, 41, 42, 43, 44, 45, 46, 47, 48, 49, 50, 51, 52, 53, 54, 55, 56, 57, 58, 59, 60, 61, 62, 63, 64, 65, 66, 67, 68, 69, 70, 71, 72, 73, 74, 75, 76, 77, 78, 79, 80, 81, 82, 83, 84, 85, 86, 87, 88, 89, 90, 91, 92, 93, 94, 95, 96, 97, 98, 99, 100, 101, 102, 103, 104, 105, 106, 107, 108, 109], "total events": 109}, "Vulnerabilities Exploited": {"record name": "Vulnerabilities Exploited", "x": [116, 278, 429, 810, 810, 810, 1035, 1035, 2894, 3245, 3996, 4159, 4159, 4159, 4159, 4347, 5055, 5496, 5971, 6425, 7144, 7144, 9704, 9704, 9704, 9704, 9704, 9704, 9704, 9704, 9704, 9936, 10343, 10681, 10681, 10681, 10681, 11237, 12722, 12722, 12722, 14011, 14567, 15679, 16440, 17871, 18418, 20230, 20230, 23655, 23655, 23655, 23655, 23655, 23655, 23655, 23655, 23655, 23655, 23655, 23655, 23655, 23655, 24177, 24970, 27040, 30834, 32712, 32712, 32712, 34529, 43739, 44624, 52242, 58124, 58124, 63894, 65300, 77023, 80612, 85420, 86419, 92294, 92294, 92294, 93500, 94440, 94440, 115657, 118377, 131084, 133405, 133405, 133405, 133405, 133405, 134390, 134390, 138036, 138036, 156310, 158640, 159322, 159322, 160210, 163163, 175841, 175841, 208940, 228999], "cumulative exploited vulns": [1, 2, 3, 4, 5, 6, 7, 8, 9, 10, 11, 12, 13, 14, 15, 16, 17, 18, 19, 20, 21, 22, 23, 24, 25, 26, 27, 28, 29, 30, 31, 32, 33, 34, 35, 36, 37, 38, 39, 40, 41, 42, 43, 44, 45, 46, 47, 48, 49, 50, 51, 52, 53, 54, 55, 56, 57, 58, 59, 60, 61, 62, 63, 64, 65, 66, 67, 68, 69, 70, 71, 72, 73, 74, 75, 76, 77, 78, 79, 80, 81, 82, 83, 84, 85, 86, 87, 88, 89, 90, 91, 92, 93, 94, 95, 96, 97, 98, 99, 100, 101, 102, 103, 104, 105, 106, 107, 108, 109, 110],