{"Total Initial Vulnerabilities": 781, "Initial Vulns Per OS": {"centos": {"7": 42, "6": 20, "5": 29, "8": 19, "4": 24, "3": 55}, "windows": {"7": 46, "10": 11, "8": 14, "8.1": 18, "vista": 7, "xp": 96}, "freebsd": {"11": 33, "12": 22, "13": 10, "10": 38, "9": 19}, "ubuntu": {"10.04": 164, "18.04": 26, "20.04": 13, "16.04": 25, "12.04": 29, "14.04": 21}}, "Average Initial RoA Per OS": {"centos": {"7": 0.022821033145496345, "6": 0.026505915535538584, "5": 0.02534041570725912, "8": 0.014738318295991008, "4": 0.05814415207742205, "3": 0.07053456609388654}, "windows": {"7": 0.02248070698961049, "10": 0.03166169987668997, "8": 0.01626977026965595, "8.1": 0.020721300218028288, "vista": 0.021202089490611132, "xp": 0.06277537388875602}, "freebsd": {"11": 0.018716921279860983, "12": 0.024672487941307872, "13": 0.016135183291233254, "10": 0.040674940038955776, "9": 0.04456705266758689}, "ubuntu": {"10.04": 0.0553943231910879, "18.04": 0.039766933245268136, "20.04": 0.043155074433638876, "16.04": 0.036238335336864436, "12.04": 0.04361252959411242, "14.04": 0.032338196040895155}}, "OS Types In Initial Network": {"windows 8.1": 11, "centos 7": 13, "windows 7": 12, "freebsd 11": 10, "windows 10": 14, "ubuntu 10.04": 6, "ubuntu 18.04": 13, "freebsd 13": 15, "ubuntu 20.04": 13, "windows 8": 7, "ubuntu 16.04": 12, "centos 6": 7, "centos 5": 6, "freebsd 12": 10, "freebsd 10": 9, "ubuntu 12.04": 7, "centos 8": 13, "centos 4": 6, "centos 3": 2, "ubuntu 14.04": 4, "freebsd 9": 4, "windows vista": 3, "windows xp": 3}, "Initial Hosts Without Vulnerabilities": 44, "Host Compromises": {"record name": "Host Compromises", "x": [866, 7638, 12172, 15114, 19763, 21376, 24463, 27792, 28810, 29762, 30466, 32570, 34154, 34624, 39110, 40865, 51193, 63048, 81564, 86144, 99627, 107927, 117095, 117799, 158226, 163464, 168758, 184771, 190334, 193030, 212693, 230249, 236116, 239158], "y": [6, 38, 8, 17, 35, 44, 122, 2, 7, 12, 13, 14, 19, 20, 24, 28, 117, 121, 49, 95, 0, 25, 43, 74, 37, 102, 109, 116, 1, 10, 103, 86, 94, 92], "cumulative y": [1, 2, 3, 4, 5, 6, 7, 8, 9, 10, 11, 12, 13, 14, 15, 16, 17, 18, 19, 20, 21, 22, 23, 24, 25, 26, 27, 28, 29, 30, 31, 32, 33, 34], "total events": 34, "not exposed x": [24463, 51193, 63048, 86144, 117799, 163464, 168758, 184771, 212693, 230249, 236116, 239158], "not exposed y": [122, 117, 121, 95, 74, 102, 109, 116, 103, 86, 94, 92], "cumulative not exposed y": [1, 2, 3, 4, 5, 6, 7, 8, 9, 10, 11, 12], "total not exposed events": 12}, "Vuln Compromises": {"record name": "Vuln Compromises", "x": [866, 7638, 12172, 15114, 19763, 21376, 24463, 27792, 28810, 29762, 30466, 32570, 40865, 63048, 236116, 239158], "y": [6, 38, 8, 17, 35, 44, 122, 2, 7, 12, 13, 14, 28, 121, 94, 92], "cumulative y": [1, 2, 3, 4, 5, 6, 7, 8, 9, 10, 11, 12, 13, 14, 15, 16], "total events": 16, "not exposed x": [24463, 63048, 236116, 239158], "not exposed y": [122, 121, 94, 92], "cumulative not exposed y": [1, 2, 3, 4], "total not exposed events": 4}, "Reuse Password Compromises": {"record name": "Reuse Password Compromises", "x": [34154, 34624, 39110, 51193, 81564, 86144, 99627, 107927, 117095, 117799, 158226, 163464, 168758, 184771, 190334, 193030, 212693, 230249], "y": [19, 20, 24, 117, 49, 95, 0, 25, 43, 74, 37, 102, 109, 116, 1, 10, 103, 86], "cumulative y": [1, 2, 3, 4, 5, 6, 7, 8, 9, 10, 11, 12, 13, 14, 15, 16, 17, 18], "total events": 18, "not exposed x": [51193, 86144, 117799, 163464, 168758, 184771, 212693, 230249], "not exposed y": [117, 95, 74, 102, 109, 116, 103, 86], "cumulative not exposed y": [1, 2, 3, 4, 5, 6, 7, 8], "total not exposed events": 8}, "Password Spray Compromises": {"record name": "Password Spray Compromises", "x": [], "y": [], "cumulative y": [], "total events": 0, "not exposed x": [], "not exposed y": [], "cumulative not exposed y": [], "total not exposed events": 0}, "User Account Leaks": {"record name": "User Account Has Been Leaked By Compromise", "x": [866, 866, 866, 866, 866, 7638, 7638, 7638, 7638, 7638, 12172, 12172, 12172, 12172, 12172, 15114, 15114, 15114, 15114, 15114, 19763, 19763, 19763, 19763, 19763, 21376, 21376, 21376, 21376, 24463, 24463, 24463, 27792, 27792, 27792, 27792, 28810, 28810, 28810, 28810, 29762, 29762, 29762, 29762, 30466, 30466, 30466, 30466, 32570, 32570, 34154, 34154, 34154, 34624, 34624, 34624, 39110, 39110, 39110, 40865, 40865, 40865, 51193, 51193, 51193, 51193, 63048, 63048, 63048, 81564, 81564, 81564, 81564, 86144, 86144, 99627, 99627, 99627, 99627, 107927, 107927, 107927, 117095, 117095, 117799, 158226, 163464, 168758, 168758, 168758, 184771, 184771, 184771, 184771, 190334, 190334, 190334, 190334, 193030, 212693, 212693, 230249, 230249, 236116, 236116, 239158], "y": ["Marabel", "Tomasina", "Viviyan", "Virginie", "Jeri", "Marlo", "Janna", "Orsola", "Cariotta", "Adriena", "Kai", "Thomasa", "Rica", "Stepha", "Deeyn", "Abbi", "Ella", "Sherry", "Frayda", "Berry", "Constanta", "Elnore", "Shani", "Gabriella", "Meggi", "Lyndsey", "Lydia", "Marty", "Latashia", "Gene", "Gennifer", "Tasha", "Fina", "Gypsy", "Elianora", "Harriott", "Cherice", "Tedda", "Shelba", "Tonie", "Meg", "Elwira", "Twyla", "Sofie", "Averil", "Chiquia", "Lesli", "Winnifred", "Kylila", "Hayley", "Bette-Ann", "Serene", "Johnna", "Blondelle", "Opaline", "Jacinda", "Kacie", "Ailey", "Allis", "Karine", "Maryanne", "Maris", "Kirbie", "Albertina", "Linnell", "Cindy", "Franciska", "Charisse", "Hallie", "Joelly", "Justina", "Corette", "Jannel", "Ardisj", "Trenna", "Scarlet", "Blake", "Phaedra", "Alys", "Sydelle", "Dusty", "Helaine", "Bendite", "Eleen", "Nichol", "Reggi", "Gertie", "Melisande", "Carlie", "Jeanna", "Charlotte", "Rania", "Leeann", "Giulia", "Dina", "Rozalie", "Germain", "Therine", "Verene", "Elora", "Chelsie", "Darci", "Gertrud", "Brittni", "Violette", "Ivy"], "cumulative y": [1, 2, 3, 4, 5, 6, 7, 8, 9, 10, 11, 12, 13, 14, 15, 16, 17, 18, 19, 20, 21, 22, 23, 24, 25, 26, 27, 28, 29, 30, 31, 32, 33, 34, 35, 36, 37, 38, 39, 40, 41, 42, 43, 44, 45, 46, 47, 48, 49, 50, 51, 52, 53, 54, 55, 56, 57, 58, 59, 60, 61, 62, 63, 64, 65, 66, 67, 68, 69, 70, 71, 72, 73, 74, 75, 76, 77, 78, 79, 80, 81, 82, 83, 84, 85, 86, 87, 88, 89, 90, 91, 92, 93, 94, 95, 96, 97, 98, 99, 100, 101, 102, 103, 104, 105, 106], "total events": 106}, "Vulnerabilities Exploited": {"record name": "Vulnerabilities Exploited", "x": [216, 643, 866, 985, 985, 985, 1197, 1197, 1916, 1916, 1916, 1916, 1916, 1916, 1916, 1916, 1916, 2204, 3947, 3947, 4322, 4421, 4421, 5646, 6248, 6401, 7283, 7283, 7283, 7795, 7922, 8051, 8962, 9223, 9385, 9385, 9385, 9944, 10314, 10418, 12172, 12172, 12172, 12172, 12172, 12172, 12172, 13334, 13334, 13334, 13334, 13334, 13334, 13334, 13334, 13334, 13334, 13334, 13490, 14128, 16360, 19763, 19763, 19763, 19763, 19820, 20949, 20949, 21376, 24463, 24463, 24463, 24463, 24463, 24463, 24463, 24463, 24463, 24463, 24790, 27089, 29762, 32570, 32570, 36581, 36581, 42686, 47799, 59136, 59136, 59136, 59617, 59617, 64239, 71983, 74743, 87317, 98291, 98291, 98291, 102484, 117982, 141147, 143206, 143206, 147723, 179903, 185666, 189025, 231656, 234816, 236954, 239158, 239158, 239158, 239158, 239158, 239158, 239158, 239158, 239158, 239158, 239158, 239158, 239158, 239158, 239158, 239158, 240369], "cumulative exploited vulns": [1, 2, 3, 4, 5, 6, 7, 8, 9, 10, 11, 12, 13, 14, 15, 16, 17, 18, 19, 20, 21, 22, 23, 24, 25, 26, 27, 28, 29, 30, 31, 32, 33, 34, 35, 36, 37, 38, 39, 40, 41, 42, 43, 44, 45, 46, 47, 48, 49, 50, 51, 52, 53, 54, 55, 56, 57, 58, 59, 60, 61, 62, 63, 64, 65, 66, 67, 68, 69, 70, 71, 72, 73, 74, 75, 76, 77, 78, 79, 80, 81, 82, 83, 84, 85, 86, 87, 88, 89, 90, 91, 92, 93, 94, 95, 96, 97, 98, 99, 100, 101, 102, 103, 104, 105, 106, 107, 108, 109, 110, 111, 112, 113, 114, 115, 116, 117, 118, 119, 120, 121, 122, 123, 124, 125, 126, 127, 128, 129],