{"Total Initial Vulnerabilities": 703, "Initial Vulns Per OS": {"ubuntu": {"18.04": 26, "14.04": 27, "20.04": 26, "10.04": 42, "12.04": 20, "16.04": 38}, "freebsd": {"12": 51, "9": 2, "10": 48, "11": 32, "13": 5}, "windows": {"8.1": 32, "8": 20, "7": 23, "xp": 63, "vista": 32, "10": 18}, "centos": {"5": 38, "3": 65, "8": 14, "7": 32, "4": 32, "6": 17}}, "Average Initial RoA Per OS": {"ubuntu": {"18.04": 0.07124282599693575, "14.04": 0.07312549847111763, "20.04": 0.10170952963766994, "10.04": 0.06385806118682302, "12.04": 0.039784483301519825, "16.04": 0.051039824608421706}, "freebsd": {"12": 0.04233548077573304, "9": 0.08888502241276278, "10": 0.05449924356156071, "11": 0.06202818206374816, "13": 0.04401248474191574}, "windows": {"8.1": 0.045204774253695124, "8": 0.06278268006543253, "7": 0.043555396985461174, "xp": 0.060735000667170184, "vista": 0.04940655225094163, "10": 0.14373168924862975}, "centos": {"5": 0.041917507269090166, "3": 0.07696203308832496, "8": 0.04830606236199947, "7": 0.07059322135448295, "4": 0.043006638461588274, "6": 0.055795839058259945}}, "OS Types In Initial Network": {"ubuntu 18.04": 12, "freebsd 13": 8, "freebsd 12": 18, "windows 8.1": 14, "centos 5": 8, "centos 3": 3, "freebsd 9": 1, "ubuntu 14.04": 5, "freebsd 10": 9, "centos 8": 16, "windows 8": 6, "freebsd 11": 9, "ubuntu 20.04": 16, "centos 7": 14, "windows 7": 7, "centos 4": 6, "windows xp": 3, "centos 6": 6, "windows 10": 14, "ubuntu 10.04": 2, "ubuntu 12.04": 6, "windows vista": 5, "ubuntu 16.04": 12}, "Initial Hosts Without Vulnerabilities": 38, "Host Compromises": {"record name": "Host Compromises", "x": [6683, 7580, 8439, 10295, 12152, 14362, 15077, 16710, 21582, 21680, 23381, 24301, 26216, 27506, 32191, 40075, 41886, 41997, 42131, 49679, 50323, 50579, 52826, 61834, 63053, 64110, 72589, 75270, 100149, 106967, 107765, 130543, 156209, 169115, 196282, 201996, 223509], "y": [39, 41, 45, 5, 62, 10, 11, 18, 31, 32, 36, 40, 48, 111, 115, 2, 6, 7, 90, 20, 68, 184, 194, 186, 193, 198, 21, 22, 112, 195, 63, 3, 116, 191, 33, 46, 199], "cumulative y": [1, 2, 3, 4, 5, 6, 7, 8, 9, 10, 11, 12, 13, 14, 15, 16, 17, 18, 19, 20, 21, 22, 23, 24, 25, 26, 27, 28, 29, 30, 31, 32, 33, 34, 35, 36, 37], "total events": 37, "not exposed x": [12152, 27506, 32191, 42131, 50323, 50579, 52826, 61834, 63053, 64110, 100149, 106967, 107765, 156209, 169115, 223509], "not exposed y": [62, 111, 115, 90, 68, 184, 194, 186, 193, 198, 112, 195, 63, 116, 191, 199], "cumulative not exposed y": [1, 2, 3, 4, 5, 6, 7, 8, 9, 10, 11, 12, 13, 14, 15, 16], "total not exposed events": 16}, "Vuln Compromises": {"record name": "Vuln Compromises", "x": [6683, 7580, 8439, 10295, 12152, 14362, 15077, 16710, 21582, 21680, 23381, 24301, 27506, 41886, 50579, 52826, 63053, 72589, 169115, 196282], "y": [39, 41, 45, 5, 62, 10, 11, 18, 31, 32, 36, 40, 111, 6, 184, 194, 193, 21, 191, 33], "cumulative y": [1, 2, 3, 4, 5, 6, 7, 8, 9, 10, 11, 12, 13, 14, 15, 16, 17, 18, 19, 20], "total events": 20, "not exposed x": [12152, 27506, 50579, 52826, 63053, 169115], "not exposed y": [62, 111, 184, 194, 193, 191], "cumulative not exposed y": [1, 2, 3, 4, 5, 6], "total not exposed events": 6}, "Reuse Password Compromises": {"record name": "Reuse Password Compromises", "x": [26216, 32191, 40075, 41997, 42131, 49679, 50323, 61834, 64110, 75270, 100149, 107765, 130543, 156209], "y": [48, 115, 2, 7, 90, 20, 68, 186, 198, 22, 112, 63, 3, 116], "cumulative y": [1, 2, 3, 4, 5, 6, 7, 8, 9, 10, 11, 12, 13, 14], "total events": 14, "not exposed x": [32191, 42131, 50323, 61834, 64110, 100149, 107765, 156209], "not exposed y": [115, 90, 68, 186, 198, 112, 63, 116], "cumulative not exposed y": [1, 2, 3, 4, 5, 6, 7, 8], "total not exposed events": 8}, "Password Spray Compromises": {"record name": "Password Spray Compromises", "x": [106967, 201996, 223509], "y": [195, 46, 199], "cumulative y": [1, 2, 3], "total events": 3, "not exposed x": [106967, 223509], "not exposed y": [195, 199], "cumulative not exposed y": [1, 2], "total not exposed events": 2}, "User Account Leaks": {"record name": "User Account Has Been Leaked By Compromise", "x": [6683, 6683, 6683, 6683, 6683, 7580, 7580, 7580, 7580, 7580, 8439, 8439, 8439, 8439, 8439, 10295, 10295, 10295, 10295, 10295, 12152, 12152, 12152, 12152, 12152, 14362, 14362, 14362, 14362, 15077, 15077, 15077, 15077, 16710, 16710, 16710, 16710, 16710, 21582, 21582, 21582, 21582, 21680, 21680, 21680, 21680, 23381, 23381, 23381, 23381, 24301, 24301, 24301, 24301, 24301, 26216, 26216, 27506, 27506, 27506, 27506, 32191, 32191, 32191, 40075, 40075, 40075, 40075, 41886, 41886, 41886, 41997, 41997, 42131, 42131, 42131, 42131, 49679, 50323, 50323, 50579, 50579, 52826, 52826, 61834, 61834, 61834, 61834, 63053, 63053, 64110, 64110, 72589, 72589, 75270, 75270, 100149, 106967, 106967, 107765, 107765, 130543, 130543, 130543, 156209, 169115, 169115, 169115, 196282, 196282, 196282, 201996, 223509, 223509], "y": ["Eudora", "Aura", "Rhona", "Lenette", "Karita", "Donni", "Tabatha", "Rebbecca", "Bobine", "Bessy", "Elaine", "Kiele", "Yalonda", "Leanora", "Lexie", "Sybyl", "Gwen", "Aggi", "Minny", "Alma", "Beverlie", "Murial", "Tasha", "Audre", "Larine", "Barbe", "Blondie", "Tonya", "Muriel", "Stoddard", "Pollyanna", "Cloris", "Chrystal", "Paola", "Sabine", "Trudie", "Wilhelmina", "Dory", "Ardis", "Lark", "Joceline", "Faina", "Ora", "Nolana", "Reeta", "Leese", "Dorotea", "Marita", "Melva", "Lyndel", "Sherrie", "Anett", "Adrianna", "Mora", "Leda", "Aurora", "Chelsie", "Marietta", "Daveen", "Florina", "Enid", "Cass", "Miof Mela", "Carmela", "Jennette", "Lynnell", "Adan", "Elise", "Con", "Janith", "Jacquelin", "Elysha", "Bill", "Doralynne", "Ferne", "Meredith", "Naoma", "Berry", "Imojean", "Bari", "Grata", "Letti", "Malorie", "Elianore", "Cherin", "Helaina", "Eugenia", "Dona", "Elianora", "Edna", "Anna", "Terry", "Emmalee", "Olivie", "Karisa", "Stesha", "Breanne", "Belia", "Ricca", "Hynda", "Melinde", "Lydie", "Concettina", "Beatrix", "Irena", "Muire", "Erika", "Karalee", "Lula", "Susie", "Ludovika", "Portia", "Yolane", "Christean"], "cumulative y": [1, 2, 3, 4, 5, 6, 7, 8, 9, 10, 11, 12, 13, 14, 15, 16, 17, 18, 19, 20, 21, 22, 23, 24, 25, 26, 27, 28, 29, 30, 31, 32, 33, 34, 35, 36, 37, 38, 39, 40, 41, 42, 43, 44, 45, 46, 47, 48, 49, 50, 51, 52, 53, 54, 55, 56, 57, 58, 59, 60, 61, 62, 63, 64, 65, 66, 67, 68, 69, 70, 71, 72, 73, 74, 75, 76, 77, 78, 79, 80, 81, 82, 83, 84, 85, 86, 87, 88, 89, 90, 91, 92, 93, 94, 95, 96, 97, 98, 99, 100, 101, 102, 103, 104, 105, 106, 107, 108, 109, 110, 111, 112, 113, 114], "total events": 114}, "Vulnerabilities Exploited": {"record name": "Vulnerabilities Exploited", "x": [284, 284, 457, 457, 457, 1566, 1566, 2162, 2367, 2765, 2765, 3031, 3031, 3333, 3758, 3896, 4093, 4471, 4471, 4513, 5301, 5301, 5301, 5301, 5301, 5301, 5301, 5650, 5650, 5912, 5912, 5970, 5970, 6235, 6235, 6449, 6449, 6449, 6683, 6683, 6683, 7314, 7580, 7580, 8439, 8439, 8439, 8439, 8439, 8745, 8977, 9873, 10295, 10295, 10434, 12152, 12152, 13307, 13307, 13712, 14140, 14140, 15077, 15077, 15077, 15077, 15669, 15973, 15973, 15973, 17168, 21582, 21582, 21582, 21582, 21582, 21582, 21582, 21582, 21582, 21582, 21582, 21582, 21582, 21680, 21680, 21885, 22305, 22626, 23381, 23381, 23381, 26411, 27506, 28761, 33696, 34671, 38412, 41886, 41886, 41886, 41886, 41886, 45634, 50579, 50579, 54201, 57118, 57118, 57118, 57118, 57837, 57837, 57837, 63053, 63053, 63053, 63053, 63053, 63053, 63053, 63053, 63053, 63053, 63053, 63053, 63053, 63053, 65319, 65319, 65319, 65921, 76873, 97391, 124046, 160415, 169115, 169115, 184985, 190574, 216614, 237659, 237659],