{"Total Initial Vulnerabilities": 734, "Initial Vulns Per OS": {"windows": {"8.1": 34, "10": 14, "8": 50, "vista": 22, "7": 17, "xp": 27}, "centos": {"8": 9, "6": 33, "7": 20, "4": 25, "3": 85, "5": 26}, "ubuntu": {"14.04": 26, "12.04": 30, "18.04": 37, "20.04": 5, "16.04": 20, "10.04": 13}, "freebsd": {"13": 19, "12": 23, "9": 33, "11": 28, "10": 12, "8": 126}}, "Average Initial RoA Per OS": {"windows": {"8.1": 0.050042631024481095, "10": 0.07078656217269483, "8": 0.024627716437194476, "vista": 0.05705342682287872, "7": 0.03164370450786023, "xp": 0.054231802060498574}, "centos": {"8": 0.059737289144626754, "6": 0.09525953438812414, "7": 0.14338579810339952, "4": 0.05224206725238029, "3": 0.07696207288812654, "5": 0.04794784384842409}, "ubuntu": {"14.04": 0.06440159771145117, "12.04": 0.058891837640974866, "18.04": 0.03708312144132893, "20.04": 0.013871621450804589, "16.04": 0.025762942923229344, "10.04": 0.07705750282630576}, "freebsd": {"13": 0.035044807047089094, "12": 0.04757525955527298, "9": 0.05913733763772686, "11": 0.03680976091223737, "10": 0.02150652074565394, "8": 0.04500128169512664}}, "OS Types In Initial Network": {"windows 8.1": 14, "centos 8": 10, "ubuntu 14.04": 7, "centos 6": 8, "freebsd 12": 9, "ubuntu 12.04": 5, "ubuntu 20.04": 10, "windows 10": 13, "freebsd 13": 23, "ubuntu 18.04": 17, "freebsd 9": 6, "ubuntu 16.04": 8, "windows 8": 17, "windows vista": 4, "freebsd 11": 10, "windows 7": 7, "centos 7": 9, "ubuntu 10.04": 1, "centos 4": 4, "centos 3": 3, "centos 5": 6, "freebsd 10": 5, "freebsd 8": 3, "windows xp": 1}, "Initial Hosts Without Vulnerabilities": 39, "Host Compromises": {"record name": "Host Compromises", "x": [1505, 4909, 5763, 14776, 15768, 18516, 19217, 19356, 23308, 24936, 27182, 29018, 33595, 37156, 37277, 37390, 37488, 40339, 42454, 45291, 46982, 47096, 47233, 48001, 48728, 49461, 52564, 52698, 53496, 55770, 60762, 64989, 65156, 66730, 69058, 69326, 77732, 79088, 82323, 83243, 89553, 90557, 93984, 95801, 98434, 107851, 109721, 109887, 110904, 135924, 156831, 160567, 179099, 183683, 186974, 194855, 204861, 210747, 230813, 246012], "y": [12, 28, 31, 13, 16, 21, 23, 24, 33, 38, 40, 44, 73, 51, 150, 94, 95, 188, 70, 148, 54, 180, 184, 179, 187, 192, 190, 189, 59, 147, 82, 194, 103, 64, 153, 149, 76, 74, 3, 5, 14, 71, 19, 25, 30, 43, 46, 47, 49, 97, 50, 154, 196, 181, 1, 10, 29, 39, 110, 99], "cumulative y": [1, 2, 3, 4, 5, 6, 7, 8, 9, 10, 11, 12, 13, 14, 15, 16, 17, 18, 19, 20, 21, 22, 23, 24, 25, 26, 27, 28, 29, 30, 31, 32, 33, 34, 35, 36, 37, 38, 39, 40, 41, 42, 43, 44, 45, 46, 47, 48, 49, 50, 51, 52, 53, 54, 55, 56, 57, 58, 59, 60], "total events": 60, "not exposed x": [33595, 37156, 37277, 37390, 37488, 40339, 42454, 45291, 46982, 47096, 47233, 48001, 48728, 49461, 52564, 52698, 53496, 55770, 60762, 64989, 65156, 66730, 69058, 69326, 77732, 79088, 90557, 135924, 156831, 160567, 179099, 183683, 230813, 246012], "not exposed y": [73, 51, 150, 94, 95, 188, 70, 148, 54, 180, 184, 179, 187, 192, 190, 189, 59, 147, 82, 194, 103, 64, 153, 149, 76, 74, 71, 97, 50, 154, 196, 181, 110, 99], "cumulative not exposed y": [1, 2, 3, 4, 5, 6, 7, 8, 9, 10, 11, 12, 13, 14, 15, 16, 17, 18, 19, 20, 21, 22, 23, 24, 25, 26, 27, 28, 29, 30, 31, 32, 33, 34], "total not exposed events": 34}, "Vuln Compromises": {"record name": "Vuln Compromises", "x": [1505, 14776, 19217, 19356, 27182, 29018, 33595, 37156, 42454, 46982, 47096, 48001, 55770, 65156, 69326, 77732, 79088, 90557, 95801, 98434, 109721, 110904, 135924, 160567, 179099, 186974, 194855, 204861, 210747, 230813], "y": [12, 13, 23, 24, 40, 44, 73, 51, 70, 54, 180, 179, 147, 103, 149, 76, 74, 71, 25, 30, 46, 49, 97, 154, 196, 1, 10, 29, 39, 110], "cumulative y": [1, 2, 3, 4, 5, 6, 7, 8, 9, 10, 11, 12, 13, 14, 15, 16, 17, 18, 19, 20, 21, 22, 23, 24, 25, 26, 27, 28, 29, 30], "total events": 30, "not exposed x": [33595, 37156, 42454, 46982, 47096, 48001, 55770, 65156, 69326, 77732, 79088, 90557, 135924, 160567, 179099, 230813], "not exposed y": [73, 51, 70, 54, 180, 179, 147, 103, 149, 76, 74, 71, 97, 154, 196, 110], "cumulative not exposed y": [1, 2, 3, 4, 5, 6, 7, 8, 9, 10, 11, 12, 13, 14, 15, 16], "total not exposed events": 16}, "Reuse Password Compromises": {"record name": "Reuse Password Compromises", "x": [4909, 5763, 15768, 18516, 23308, 24936, 37277, 37390, 37488, 40339, 45291, 47233, 48728, 49461, 52564, 52698, 53496, 60762, 64989, 66730, 69058, 82323, 83243, 89553, 93984, 107851, 109887, 156831, 183683], "y": [28, 31, 16, 21, 33, 38, 150, 94, 95, 188, 148, 184, 187, 192, 190, 189, 59, 82, 194, 64, 153, 3, 5, 14, 19, 43, 47, 50, 181], "cumulative y": [1, 2, 3, 4, 5, 6, 7, 8, 9, 10, 11, 12, 13, 14, 15, 16, 17, 18, 19, 20, 21, 22, 23, 24, 25, 26, 27, 28, 29], "total events": 29, "not exposed x": [37277, 37390, 37488, 40339, 45291, 47233, 48728, 49461, 52564, 52698, 53496, 60762, 64989, 66730, 69058, 156831, 183683], "not exposed y": [150, 94, 95, 188, 148, 184, 187, 192, 190, 189, 59, 82, 194, 64, 153, 50, 181], "cumulative not exposed y": [1, 2, 3, 4, 5, 6, 7, 8, 9, 10, 11, 12, 13, 14, 15, 16, 17], "total not exposed events": 17}, "Password Spray Compromises": {"record name": "Password Spray Compromises", "x": [246012], "y": [99], "cumulative y": [1], "total events": 1, "not exposed x": [246012], "not exposed y": [99], "cumulative not exposed y": [1], "total not exposed events": 1}, "User Account Leaks": {"record name": "User Account Has Been Leaked By Compromise", "x": [1505, 1505, 1505, 1505, 1505, 4909, 4909, 4909, 4909, 5763, 5763, 5763, 5763, 14776, 14776, 14776, 14776, 14776, 15768, 15768, 15768, 15768, 18516, 18516, 18516, 19217, 19217, 19217, 19217, 19217, 19356, 19356, 19356, 19356, 23308, 23308, 23308, 23308, 24936, 24936, 24936, 27182, 27182, 27182, 29018, 29018, 33595, 33595, 33595, 33595, 37156, 37156, 37156, 37277, 37277, 37277, 37277, 37390, 37390, 37390, 37390, 37488, 37488, 37488, 37488, 40339, 40339, 40339, 42454, 45291, 45291, 45291, 46982, 46982, 46982, 47096, 47096, 47096, 47233, 47233, 48001, 48001, 48001, 48728, 48728, 48728, 49461, 49461, 49461, 52564, 52564, 52564, 52698, 52698, 52698, 52698, 53496, 53496, 53496, 55770, 60762, 60762, 64989, 64989, 65156, 65156, 65156, 65156, 66730, 66730, 69058, 69058, 69326, 69326, 69326, 69326, 77732, 77732, 77732, 79088, 79088, 82323, 89553, 89553, 93984, 93984, 95801, 95801, 98434, 98434, 107851, 107851, 107851, 109721, 109721, 109721, 135924, 135924, 135924, 156831, 160567, 160567, 160567, 179099, 183683, 204861, 210747, 230813, 230813, 246012],