{"Total Initial Vulnerabilities": 593, "Initial Vulns Per OS": {"ubuntu": {"10.04": 52, "18.04": 14, "20.04": 10, "16.04": 48, "12.04": 13, "14.04": 3}, "freebsd": {"12": 22, "9": 35, "10": 25, "11": 33, "13": 11, "8": 65}, "centos": {"7": 26, "8": 12, "4": 43, "6": 15, "5": 20}, "windows": {"10": 7, "8.1": 20, "8": 34, "xp": 33, "vista": 35, "7": 17}}, "Average Initial RoA Per OS": {"ubuntu": {"10.04": 0.08308983307533625, "18.04": 0.040367982150324666, "20.04": 0.04409066032157615, "16.04": 0.03243185393773033, "12.04": 0.11252842904646067, "14.04": 0.0404192240873117}, "freebsd": {"12": 0.03118374944301144, "9": 0.06332656292321645, "10": 0.05389894324820617, "11": 0.03116070643066417, "13": 0.06710134406198454, "8": 0.053450048259987545}, "centos": {"7": 0.034053758790002484, "8": 0.059465829222110335, "4": 0.07103634943740916, "6": 0.02956559741852626, "5": 0.0916124229457318}, "windows": {"10": 0.07464336558621187, "8.1": 0.040453100697959835, "8": 0.011180742195165558, "xp": 0.04670604072144406, "vista": 0.06600571078859091, "7": 0.0164096230662165}}, "OS Types In Initial Network": {"ubuntu 10.04": 3, "ubuntu 18.04": 13, "freebsd 12": 13, "centos 7": 11, "centos 8": 22, "ubuntu 20.04": 10, "centos 4": 7, "ubuntu 12.04": 3, "freebsd 13": 18, "windows 10": 11, "freebsd 9": 7, "windows 8.1": 18, "centos 6": 5, "windows 8": 13, "centos 5": 5, "freebsd 10": 8, "freebsd 11": 8, "windows xp": 2, "ubuntu 16.04": 9, "freebsd 8": 2, "windows vista": 5, "ubuntu 14.04": 2, "windows 7": 5}, "Initial Hosts Without Vulnerabilities": 58, "Host Compromises": {"record name": "Host Compromises", "x": [740, 1939, 3247, 3548, 8205, 8816, 15953, 19994, 25427, 29815, 30488, 34327, 34405, 44078, 44851, 47017, 48022, 53138, 71783, 74188, 76591, 76720, 77856, 85164, 85804, 88865, 90601, 93302, 94226, 100528, 103105, 105124, 114117, 115869, 120733, 125327, 134815, 136379, 137201, 139574, 143437, 143599, 147099, 147973, 149152, 158972, 159141, 161682, 168116, 172541, 175296, 180503, 180679, 184687, 185707, 188448, 189500, 192752, 192935, 209124, 212792, 215069, 218956, 219182, 221202, 221385, 223443, 229494, 233433, 238490, 244069, 245225, 246968], "y": [0, 7, 16, 18, 37, 39, 12, 30, 45, 13, 15, 29, 31, 4, 8, 14, 20, 27, 24, 34, 40, 41, 44, 6, 10, 23, 28, 36, 42, 3, 19, 26, 5, 11, 33, 48, 35, 46, 49, 1, 21, 22, 38, 47, 50, 9, 17, 43, 53, 25, 104, 110, 107, 111, 112, 52, 55, 114, 134, 108, 109, 177, 115, 183, 106, 132, 113, 105, 51, 136, 137, 131, 139], "cumulative y": [1, 2, 3, 4, 5, 6, 7, 8, 9, 10, 11, 12, 13, 14, 15, 16, 17, 18, 19, 20, 21, 22, 23, 24, 25, 26, 27, 28, 29, 30, 31, 32, 33, 34, 35, 36, 37, 38, 39, 40, 41, 42, 43, 44, 45, 46, 47, 48, 49, 50, 51, 52, 53, 54, 55, 56, 57, 58, 59, 60, 61, 62, 63, 64, 65, 66, 67, 68, 69, 70, 71, 72, 73], "total events": 73, "not exposed x": [149152, 168116, 175296, 180503, 180679, 184687, 185707, 188448, 189500, 192752, 192935, 209124, 212792, 215069, 218956, 219182, 221202, 221385, 223443, 229494, 233433, 238490, 244069, 245225, 246968], "not exposed y": [50, 53, 104, 110, 107, 111, 112, 52, 55, 114, 134, 108, 109, 177, 115, 183, 106, 132, 113, 105, 51, 136, 137, 131, 139], "cumulative not exposed y": [1, 2, 3, 4, 5, 6, 7, 8, 9, 10, 11, 12, 13, 14, 15, 16, 17, 18, 19, 20, 21, 22, 23, 24, 25], "total not exposed events": 25}, "Vuln Compromises": {"record name": "Vuln Compromises", "x": [740, 1939, 3247, 3548, 8205, 8816, 15953, 25427, 76720, 120733, 184687, 219182, 223443, 233433], "y": [0, 7, 16, 18, 37, 39, 12, 45, 41, 33, 111, 183, 113, 51], "cumulative y": [1, 2, 3, 4, 5, 6, 7, 8, 9, 10, 11, 12, 13, 14], "total events": 14, "not exposed x": [184687, 219182, 223443, 233433], "not exposed y": [111, 183, 113, 51], "cumulative not exposed y": [1, 2, 3, 4], "total not exposed events": 4}, "Reuse Password Compromises": {"record name": "Reuse Password Compromises", "x": [19994, 29815, 30488, 34327, 34405, 44078, 44851, 47017, 48022, 53138, 71783, 74188, 76591, 77856, 85164, 85804, 88865, 90601, 93302, 94226, 100528, 103105, 105124, 114117, 115869, 125327, 134815, 136379, 137201, 139574, 143437, 143599, 147099, 147973, 149152, 158972, 159141, 161682, 168116, 172541, 175296, 180503, 180679, 185707, 188448, 189500, 192752, 192935, 209124, 212792, 215069, 218956, 221202, 221385, 229494, 238490, 244069, 245225, 246968], "y": [30, 13, 15, 29, 31, 4, 8, 14, 20, 27, 24, 34, 40, 44, 6, 10, 23, 28, 36, 42, 3, 19, 26, 5, 11, 48, 35, 46, 49, 1, 21, 22, 38, 47, 50, 9, 17, 43, 53, 25, 104, 110, 107, 112, 52, 55, 114, 134, 108, 109, 177, 115, 106, 132, 105, 136, 137, 131, 139], "cumulative y": [1, 2, 3, 4, 5, 6, 7, 8, 9, 10, 11, 12, 13, 14, 15, 16, 17, 18, 19, 20, 21, 22, 23, 24, 25, 26, 27, 28, 29, 30, 31, 32, 33, 34, 35, 36, 37, 38, 39, 40, 41, 42, 43, 44, 45, 46, 47, 48, 49, 50, 51, 52, 53, 54, 55, 56, 57, 58, 59], "total events": 59, "not exposed x": [149152, 168116, 175296, 180503, 180679, 185707, 188448, 189500, 192752, 192935, 209124, 212792, 215069, 218956, 221202, 221385, 229494, 238490, 244069, 245225, 246968], "not exposed y": [50, 53, 104, 110, 107, 112, 52, 55, 114, 134, 108, 109, 177, 115, 106, 132, 105, 136, 137, 131, 139], "cumulative not exposed y": [1, 2, 3, 4, 5, 6, 7, 8, 9, 10, 11, 12, 13, 14, 15, 16, 17, 18, 19, 20, 21], "total not exposed events": 21}, "Password Spray Compromises": {"record name": "Password Spray Compromises", "x": [], "y": [], "cumulative y": [], "total events": 0, "not exposed x": [], "not exposed y": [], "cumulative not exposed y": [], "total not exposed events": 0}, "User Account Leaks": {"record name": "User Account Has Been Leaked By Compromise", "x": [740, 740, 740, 740, 740, 1939, 1939, 1939, 1939, 1939, 3247, 3247, 3247, 3247, 3247, 3548, 3548, 3548, 3548, 3548, 8205, 8205, 8205, 8205, 8816, 8816, 8816, 8816, 15953, 15953, 15953, 19994, 19994, 19994, 19994, 25427, 25427, 25427, 25427, 29815, 29815, 29815, 30488, 30488, 30488, 34327, 34327, 34327, 34327, 34405, 34405, 34405, 34405, 44078, 44078, 44851, 44851, 44851, 44851, 47017, 47017, 47017, 48022, 48022, 53138, 53138, 53138, 53138, 71783, 71783, 71783, 71783, 74188, 74188, 76591, 76591, 76720, 76720, 76720, 77856, 77856, 85164, 85164, 85804, 85804, 88865, 90601, 90601, 93302, 93302, 93302, 94226, 100528, 103105, 105124, 105124, 114117, 114117, 114117, 115869, 115869, 120733, 120733, 125327, 134815, 134815, 134815, 136379, 136379, 137201, 137201, 137201, 143599, 143599, 147099, 147973, 147973, 149152, 149152, 158972, 158972, 159141, 159141, 159141, 168116, 168116, 172541, 172541, 175296, 175296, 180679, 184687, 185707, 185707, 188448, 188448, 188448, 189500, 192752, 192752, 192935, 212792, 218956, 219182, 221385, 221385, 223443, 229494, 233433, 244069, 245225, 246968, 246968],