{"Total Initial Vulnerabilities": 641, "Initial Vulns Per OS": {"ubuntu": {"14.04": 12, "20.04": 14, "16.04": 34, "18.04": 17, "12.04": 22, "10.04": 43}, "freebsd": {"12": 31, "11": 33, "10": 28, "9": 20, "13": 12, "8": 57}, "windows": {"8.1": 18, "10": 27, "8": 28, "7": 29, "xp": 51, "vista": 33}, "centos": {"8": 7, "5": 30, "4": 29, "6": 10, "7": 23, "3": 33}}, "Average Initial RoA Per OS": {"ubuntu": {"14.04": 0.014503651997596656, "20.04": 0.03038348295275915, "16.04": 0.07371129357736941, "18.04": 0.04523343743538882, "12.04": 0.027207577905923066, "10.04": 0.07018624544320792}, "freebsd": {"12": 0.03600001830912967, "11": 0.08245758771953796, "10": 0.06330983610832194, "9": 0.022606267754761166, "13": 0.0998903032396285, "8": 0.06042967108473095}, "windows": {"8.1": 0.027142969531324068, "10": 0.050449287956297356, "8": 0.06084278979843776, "7": 0.042506696140176915, "xp": 0.03709354272508526, "vista": 0.0768450804564944}, "centos": {"8": 0.04303670859368921, "5": 0.05745066770642586, "4": 0.07568750586654778, "6": 0.07410316104387894, "7": 0.030783285439436158, "3": 0.06618709009546543}}, "OS Types In Initial Network": {"ubuntu 14.04": 5, "ubuntu 20.04": 11, "ubuntu 16.04": 12, "centos 7": 10, "freebsd 12": 14, "windows 8.1": 10, "ubuntu 18.04": 13, "windows 10": 15, "windows 8": 11, "ubuntu 12.04": 6, "centos 8": 6, "centos 6": 10, "windows 7": 11, "freebsd 11": 15, "freebsd 10": 9, "centos 5": 9, "freebsd 9": 4, "centos 4": 6, "windows xp": 2, "freebsd 13": 10, "ubuntu 10.04": 2, "windows vista": 6, "freebsd 8": 2, "centos 3": 1}, "Initial Hosts Without Vulnerabilities": 36, "Host Compromises": {"record name": "Host Compromises", "x": [989, 2104, 7061, 8760, 24444, 28681, 31142, 35734, 46739, 52254, 52406, 69942, 78668, 78882, 79432, 80044, 86703, 90819, 95519, 95750, 95973, 97460, 98648, 100578, 104681, 105464, 140114, 159918, 188520, 196322, 197276, 208767], "y": [13, 20, 42, 2, 10, 29, 39, 1, 34, 49, 73, 38, 69, 77, 197, 71, 75, 4, 15, 93, 95, 180, 186, 92, 181, 126, 162, 11, 64, 74, 134, 78], "cumulative y": [1, 2, 3, 4, 5, 6, 7, 8, 9, 10, 11, 12, 13, 14, 15, 16, 17, 18, 19, 20, 21, 22, 23, 24, 25, 26, 27, 28, 29, 30, 31, 32], "total events": 32, "not exposed x": [52406, 78668, 78882, 79432, 80044, 86703, 95750, 95973, 97460, 98648, 100578, 104681, 105464, 140114, 188520, 196322, 197276, 208767], "not exposed y": [73, 69, 77, 197, 71, 75, 93, 95, 180, 186, 92, 181, 126, 162, 64, 74, 134, 78], "cumulative not exposed y": [1, 2, 3, 4, 5, 6, 7, 8, 9, 10, 11, 12, 13, 14, 15, 16, 17, 18], "total not exposed events": 18}, "Vuln Compromises": {"record name": "Vuln Compromises", "x": [989, 2104, 7061, 8760, 24444, 28681, 31142, 35734, 69942, 78668, 78882, 79432, 80044, 95750, 95973, 97460, 100578, 104681, 105464, 197276], "y": [13, 20, 42, 2, 10, 29, 39, 1, 38, 69, 77, 197, 71, 93, 95, 180, 92, 181, 126, 134], "cumulative y": [1, 2, 3, 4, 5, 6, 7, 8, 9, 10, 11, 12, 13, 14, 15, 16, 17, 18, 19, 20], "total events": 20, "not exposed x": [78668, 78882, 79432, 80044, 95750, 95973, 97460, 100578, 104681, 105464, 197276], "not exposed y": [69, 77, 197, 71, 93, 95, 180, 92, 181, 126, 134], "cumulative not exposed y": [1, 2, 3, 4, 5, 6, 7, 8, 9, 10, 11], "total not exposed events": 11}, "Reuse Password Compromises": {"record name": "Reuse Password Compromises", "x": [46739, 52254, 52406, 86703, 90819, 95519, 98648, 140114, 159918, 188520, 196322, 208767], "y": [34, 49, 73, 75, 4, 15, 186, 162, 11, 64, 74, 78], "cumulative y": [1, 2, 3, 4, 5, 6, 7, 8, 9, 10, 11, 12], "total events": 12, "not exposed x": [52406, 86703, 98648, 140114, 188520, 196322, 208767], "not exposed y": [73, 75, 186, 162, 64, 74, 78], "cumulative not exposed y": [1, 2, 3, 4, 5, 6, 7], "total not exposed events": 7}, "Password Spray Compromises": {"record name": "Password Spray Compromises", "x": [], "y": [], "cumulative y": [], "total events": 0, "not exposed x": [], "not exposed y": [], "cumulative not exposed y": [], "total not exposed events": 0}, "User Account Leaks": {"record name": "User Account Has Been Leaked By Compromise", "x": [989, 989, 989, 989, 989, 2104, 2104, 2104, 2104, 2104, 7061, 7061, 7061, 7061, 8760, 8760, 8760, 8760, 8760, 24444, 24444, 24444, 24444, 24444, 28681, 28681, 28681, 28681, 28681, 31142, 31142, 31142, 31142, 35734, 35734, 35734, 35734, 35734, 46739, 46739, 46739, 46739, 52254, 52254, 52254, 52406, 52406, 52406, 69942, 69942, 69942, 69942, 69942, 78668, 78668, 78668, 78668, 78882, 78882, 78882, 78882, 79432, 79432, 80044, 80044, 86703, 86703, 90819, 95519, 95519, 95519, 95750, 95750, 95973, 95973, 95973, 97460, 97460, 97460, 98648, 98648, 98648, 100578, 100578, 100578, 100578, 104681, 104681, 104681, 105464, 105464, 140114, 140114, 159918, 188520, 188520, 188520, 196322, 196322, 197276, 197276, 197276, 197276, 208767, 208767, 208767], "y": ["Nertie", "Nissy", "Cynthea", "Jayne", "Jolene", "Bellanca", "Gwenni", "Sashenka", "Bili", "Vonnie", "Lonnie", "Candida", "Shane", "Marybeth", "Glad", "Tybi", "Drucill", "Charla", "Nettie", "Sandi", "Morena", "Lavena", "Jaquith", "Alys", "Verile", "Cloris", "Lina", "Arden", "Hilda", "Tomi", "Easter", "Flossi", "Leland", "Haley", "Ariela", "Flory", "Dulcea", "Thelma", "Annnora", "Livvyy", "Ynez", "Tonye", "Misti", "Ciel", "Robbie", "Jacqueline", "Kristan", "Mirna", "Merissa", "Isabella", "Miranda", "Zonda", "Christyna", "Trudy", "Ira", "Aggie", "Shela", "Ajay", "Almeda", "Liane", "Marie-Jeanne", "Natka", "Billie", "Kristien", "Dot", "Jaimie", "Catherina", "Gerda", "Aurie", "Ebony", "Lotte", "Jennilee", "Dorothee", "Deana", "Berna", "Carmita", "Nancey", "Hanni", "Gretna", "Bernadine", "Trixi", "Keslie", "Ortensia", "Ettie", "Ame", "Eugine", "Melania", "Lucita", "Arlinda", "Toby", "Dusty", "Ashlen", "Marylin", "Roxie", "Jillene", "Bernita", "Karly", "Willow", "Ferdinande", "Penny", "Florentia", "Suzy", "Sharla", "Ingrid", "Madelena", "Cortney"], "cumulative y": [1, 2, 3, 4, 5, 6, 7, 8, 9, 10, 11, 12, 13, 14, 15, 16, 17, 18, 19, 20, 21, 22, 23, 24, 25, 26, 27, 28, 29, 30, 31, 32, 33, 34, 35, 36, 37, 38, 39, 40, 41, 42, 43, 44, 45, 46, 47, 48, 49, 50, 51, 52, 53, 54, 55, 56, 57, 58, 59, 60, 61, 62, 63, 64, 65, 66, 67, 68, 69, 70, 71, 72, 73, 74, 75, 76, 77, 78, 79, 80, 81, 82, 83, 84, 85, 86, 87, 88, 89, 90, 91, 92, 93, 94, 95, 96, 97, 98, 99, 100, 101, 102, 103, 104, 105, 106], "total events": 106}, "Vulnerabilities Exploited": {"record name": "Vulnerabilities Exploited", "x": [318, 318, 399, 621, 1072, 1072, 1832, 2104, 2166, 3055, 3494, 3785, 3785, 4261, 4261, 4473, 4473, 4613, 5203, 5666, 5666, 5666, 5666, 5666, 5789, 5789, 5911, 6369, 6369, 6808, 7061, 7210, 8079, 11802, 15365, 17843, 18281, 19176, 19176, 19469, 20100, 24444, 24915, 25555, 28405, 28681, 28775, 30595, 30887, 31142, 31142, 31612, 35254, 45381, 45381, 47364, 52504, 52860, 55384, 55384, 55384, 55384, 55384, 55384, 55384, 55384, 55384, 55384, 55384, 55384, 55384, 55384, 55384, 55384, 57282, 60184, 61864, 69942, 70218, 70218, 70218, 78668, 78668, 78668, 78668, 78668, 78668, 78668, 79432, 83773, 86258, 88110, 89080, 89080, 95750, 95973, 97620, 100936, 100936, 100936, 104681, 104681, 104681, 104681, 104681, 104681, 104681, 104681, 104681, 104681, 104681, 104681, 104681, 104681, 104681, 104681, 104681, 104681, 105599, 121350, 127551, 129888, 131809, 160390, 160390, 181092, 187910, 190382, 190382, 192074, 197276, 248847, 248847], "cumulative exploited vulns": [1, 2, 3, 4, 5, 6, 7, 8, 9, 10, 11, 12, 13, 14, 15, 16, 17, 18, 19, 20, 21, 22, 23, 24, 25, 26, 27, 28, 29, 30, 31, 32, 33, 34, 35, 36, 37, 38, 39, 40, 41, 42, 43, 44, 45, 46, 47, 48, 49, 50, 51, 52, 53, 54, 55, 56, 57, 58, 59, 60, 61, 62, 63, 64, 65, 66, 67, 68, 69, 70, 71, 72, 73, 74, 75, 76, 77, 78, 79, 80, 81, 82, 83, 84, 85, 86, 87, 88, 89, 90, 91, 92, 93, 94, 95, 96, 97, 98, 99, 100, 101, 102, 103, 104, 105, 106, 107, 108, 109, 110, 111, 112, 113, 114, 115, 116, 117, 118, 119, 120, 121, 122, 123, 124, 125, 126, 127, 128, 129, 130, 131, 132, 133],