{"Total Initial Vulnerabilities": 710, "Initial Vulns Per OS": {"freebsd": {"11": 29, "10": 37, "12": 19, "13": 8, "9": 28, "8": 53}, "centos": {"8": 15, "5": 15, "4": 29, "7": 14, "6": 51, "3": 126}, "windows": {"8": 34, "10": 15, "xp": 90, "7": 29, "8.1": 11}, "ubuntu": {"18.04": 26, "20.04": 16, "16.04": 30, "12.04": 9, "14.04": 26}}, "Average Initial RoA Per OS": {"freebsd": {"11": 0.06375539397190087, "10": 0.06139428443667005, "12": 0.04909153361508371, "13": 0.02525208063276338, "9": 0.04947833061253292, "8": 0.054027256607960296}, "centos": {"8": 0.05344359060464588, "5": 0.037542391393219084, "4": 0.06881996505589874, "7": 0.0972091502822713, "6": 0.03351106763212867, "3": 0.056564548207413405}, "windows": {"8": 0.05386871972436634, "10": 0.031992277815288524, "xp": 0.031758519959435114, "7": 0.05083920691217013, "8.1": 0.09381246896355216}, "ubuntu": {"18.04": 0.041882161508606845, "20.04": 0.07916918182967632, "16.04": 0.05336603622605256, "12.04": 0.066726255695438, "14.04": 0.056308545297912516}}, "OS Types In Initial Network": {"freebsd 11": 9, "freebsd 9": 8, "freebsd 10": 8, "centos 8": 17, "windows 8": 10, "centos 5": 6, "ubuntu 20.04": 21, "freebsd 12": 15, "ubuntu 18.04": 13, "freebsd 13": 9, "windows 10": 13, "windows vista": 2, "ubuntu 16.04": 10, "windows 8.1": 8, "ubuntu 12.04": 3, "centos 4": 5, "centos 7": 13, "centos 6": 9, "windows xp": 3, "windows 7": 6, "ubuntu 14.04": 6, "centos 3": 4, "freebsd 8": 2}, "Initial Hosts Without Vulnerabilities": 45, "Host Compromises": {"record name": "Host Compromises", "x": [1160, 2727, 3454, 3779, 6646, 8594, 8867, 8910, 8996, 10754, 13261, 15863, 16471, 17369, 18243, 18293, 18573, 19068, 19359, 20127, 20222, 25315, 25395, 25463, 28397, 28798, 31557, 35391, 35469, 42851, 44850, 45521, 46898, 47442, 47818, 52926, 54256, 56691, 57142, 65195, 69821, 70624, 72798, 74300, 76788, 78400, 79275, 80184, 83767, 84570, 88328, 88550, 90439, 90928, 94011, 102502, 121671, 124392, 124495, 137602, 151580, 169263, 169359, 180647, 226842, 244099], "y": ["centos 5", "centos 8", "centos 4", "freebsd 12", "windows 8", "windows 8", "freebsd 11", "ubuntu 16.04", "freebsd 12", "ubuntu 18.04", "freebsd 10", "freebsd 13", "windows 10", "ubuntu 18.04", "windows 10", "windows 8.1", "freebsd 12", "centos 6", "windows xp", "windows 8", "windows 8.1", "ubuntu 20.04", "ubuntu 18.04", "ubuntu 20.04", "freebsd 10", "ubuntu 12.04", "freebsd 13", "centos 7", "windows 8.1", "centos 3", "windows xp", "centos 6", "freebsd 10", "centos 8", "freebsd 12", "windows 7", "centos 4", "freebsd 9", "freebsd 9", "windows 7", "freebsd 11", "centos 8", "centos 3", "ubuntu 20.04", "ubuntu 18.04", "centos 8", "freebsd 8", "windows 10", "centos 4", "centos 3", "freebsd 9", "freebsd 10", "ubuntu 16.04", "freebsd 9", "ubuntu 20.04", "freebsd 13", "freebsd 13", "windows 10", "windows 10", "ubuntu 14.04", "windows 7", "windows 8.1", "windows 7", "centos 7", "freebsd 12", "ubuntu 20.04"], "cumulative y": [0, 1, 2, 3, 4, 5, 6, 7, 8, 9, 10, 11, 12, 13, 14, 15, 16, 17, 18, 19, 20, 21, 22, 23, 24, 25, 26, 27, 28, 29, 30, 31, 32, 33, 34, 35, 36, 37, 38, 39, 40, 41, 42, 43, 44, 45, 46, 47, 48, 49, 50, 51, 52, 53, 54, 55, 56, 57, 58, 59, 60, 61, 62, 63, 64, 65], "total events": 66}, "Vuln Compromises": {"record name": "Vuln Compromises", "x": [1160, 2727, 3454, 3779, 6646, 8910, 13261, 15863, 16471, 20222, 28397, 28798, 42851, 44850, 45521, 46898, 47442, 47818, 54256, 56691, 65195, 72798, 83767, 84570, 88550, 90439, 90928, 169263, 169359, 180647], "y": ["centos 5", "centos 8", "centos 4", "freebsd 12", "windows 8", "ubuntu 16.04", "freebsd 10", "freebsd 13", "windows 10", "windows 8.1", "freebsd 10", "ubuntu 12.04", "centos 3", "windows xp", "centos 6", "freebsd 10", "centos 8", "freebsd 12", "centos 4", "freebsd 9", "windows 7", "centos 3", "centos 4", "centos 3", "freebsd 10", "ubuntu 16.04", "freebsd 9", "windows 8.1", "windows 7", "centos 7"], "cumulative y": [0, 1, 2, 3, 4, 5, 6, 7, 8, 9, 10, 11, 12, 13, 14, 15, 16, 17, 18, 19, 20, 21, 22, 23, 24, 25, 26, 27, 28, 29], "total events": 30}, "Reuse Password Compromises": {"record name": "Reuse Password Compromises", "x": [8594, 8867, 8996, 10754, 17369, 18243, 18293, 18573, 19068, 19359, 20127, 25315, 25395, 25463, 31557, 35391, 35469, 52926, 57142, 69821, 70624, 76788, 78400, 79275, 80184, 88328, 94011, 124392, 124495], "y": ["windows 8", "freebsd 11", "freebsd 12", "ubuntu 18.04", "ubuntu 18.04", "windows 10", "windows 8.1", "freebsd 12", "centos 6", "windows xp", "windows 8", "ubuntu 20.04", "ubuntu 18.04", "ubuntu 20.04", "freebsd 13", "centos 7", "windows 8.1", "windows 7", "freebsd 9", "freebsd 11", "centos 8", "ubuntu 18.04", "centos 8", "freebsd 8", "windows 10", "freebsd 9", "ubuntu 20.04", "windows 10", "windows 10"], "cumulative y": [0, 1, 2, 3, 4, 5, 6, 7, 8, 9, 10, 11, 12, 13, 14, 15, 16, 17, 18, 19, 20, 21, 22, 23, 24, 25, 26, 27, 28], "total events": 29}, "Password Spray Compromises": {"record name": "Password Spray Compromises", "x": [74300, 102502, 121671, 137602, 151580, 226842, 244099], "y": ["ubuntu 20.04", "freebsd 13", "freebsd 13", "ubuntu 14.04", "windows 7", "freebsd 12", "ubuntu 20.04"], "cumulative y": [0, 1, 2, 3, 4, 5, 6], "total events": 7}, "User Account Leaks": {"record name": "User Account Has Been Leaked By Compromise", "x": [1160, 1160, 1160, 2727, 2727, 2727, 3454, 3454, 3454, 3779, 3779, 3779, 6646, 6646, 8594, 8867, 8910, 8910, 8996, 8996, 10754, 10754, 13261, 15863, 15863, 16471, 16471, 17369, 18243, 18293, 19068, 19359, 19359, 20127, 20222, 20222, 25315, 25395, 25463, 28397, 28798, 45521, 45521, 46898, 47818, 47818, 54256, 56691, 56691, 57142, 72798, 74300, 76788, 78400, 78400, 90439, 90928, 94011, 137602, 151580, 169263, 226842], "y": ["Gertruda", "Sasha", "Gwenora", "Vera", "Zelma", "Melessa", "Dulcea", "Kippie", "Ottilie", "Lana", "Torrie", "Rosette", "Claresta", "Caro", "Ruperta", "Joellen", "Cordelie", "Lilla", "Annabelle", "Miguela", "Corri", "Samara", "Lou", "Dorise", "Valera", "Anallese", "Dacey", "Robinette", "Jehanna", "Kerrill", "Opalina", "Pauly", "Kathy", "Ema", "Erinn", "Ashia", "Betty", "Sephira", "Marla", "Kimmi", "Alicea", "Ethyl", "Janeen", "Ardene", "Toby", "Natividad", "Klarrisa", "Wynne", "Fallon", "Valentine", "Adriana", "Blakelee", "Lizzie", "Mariellen", "Marcellina", "Eugenia", "Cher", "Niki", "Jordan", "Maryjo", "Sonni", "Avis"], "cumulative y": [0, 1, 2, 3, 4, 5, 6, 7, 8, 9, 10, 11, 12, 13, 14, 15, 16, 17, 18, 19, 20, 21, 22, 23, 24, 25, 26, 27, 28, 29, 30, 31, 32, 33, 34, 35, 36, 37, 38, 39, 40, 41, 42, 43, 44, 45, 46, 47, 48, 49, 50, 51, 52, 53, 54, 55, 56, 57, 58, 59, 60, 61], "total events": 62}, "Vulnerabilities Exploited": {"record name": "Vulnerabilities Exploited", "x": [139, 139, 139, 336, 629, 629, 1006, 1006, 1006, 1160, 1160, 1538, 1896, 1896, 1896, 1896, 2321, 2481, 2660, 3454, 3454, 3619, 3619, 4875, 4875, 4875, 4875, 4875, 4875, 5368, 5368, 5368, 5368, 6086, 6086, 6485, 6646, 6646, 6911, 7348, 7348, 7663, 9901, 9901, 10175, 11326, 12910, 12910, 12910, 13402, 13402, 13402, 13790, 14165, 15440, 15440, 15440, 15440, 15440, 15440, 15440, 15440, 15440, 15440, 15440, 15440, 15440, 15440, 15440, 15440, 15440, 15440, 15440, 15440, 16471, 19915, 20525, 21901, 22418, 23275, 24451, 24962, 24962, 25607, 25607, 26635, 28397, 28498, 28798, 29991, 31852, 32710, 32710, 32710, 32710, 33085, 35841, 38064, 38064, 39087, 39087, 42851, 42851, 42851, 42851, 42851, 42851, 42851, 42851, 42851, 42851, 42851, 42851, 42851, 42851, 42851, 42851, 42851, 42851, 42851, 42851, 42851, 42851, 42851, 44850, 44850, 44850, 44850, 44850, 44850, 44850, 46898, 54256, 56691, 64477, 64826, 65195, 69488, 69488, 69488, 70278, 70840, 72798, 72798, 72798, 72798, 77165, 77165, 77165, 77165, 80419, 82416, 83767, 83767, 84570, 84570, 84570, 84570, 84570, 84570, 84570, 84570, 84570, 84570, 84570, 84570, 84570, 84570, 85904, 85904, 85904, 86795, 88550, 120631, 122633, 125310, 146068, 148885, 165846, 169263, 183942, 184555, 209405],