{"Total Initial Vulnerabilities": 645, "Initial Vulns Per OS": {"freebsd": {"9": 14, "8": 58, "11": 27, "13": 13, "10": 25, "12": 22}, "windows": {"7": 53, "8": 32, "8.1": 19, "10": 11, "xp": 63, "vista": 25}, "centos": {"5": 58, "6": 15, "7": 22, "3": 58, "4": 5}, "ubuntu": {"16.04": 37, "18.04": 29, "20.04": 6, "12.04": 19, "14.04": 34}}, "Average Initial RoA Per OS": {"freebsd": {"9": 0.043474002377150364, "8": 0.07640006220193342, "11": 0.07695758608026192, "13": 0.08339010633521864, "10": 0.07480979604663973, "12": 0.053144758668912925}, "windows": {"7": 0.07259866718016786, "8": 0.09108064441710705, "8.1": 0.05309891256500598, "10": 0.07683194977487136, "xp": 0.05243263742583156, "vista": 0.030758274177317923}, "centos": {"5": 0.053970161816831494, "6": 0.04997580210510592, "7": 0.10744236135861297, "3": 0.08504662082614622, "4": 0.05659873469977371}, "ubuntu": {"16.04": 0.039685422983674196, "18.04": 0.07085670341732872, "20.04": 0.05854029409120868, "12.04": 0.05026308905143858, "14.04": 0.04590976686708412}}, "OS Types In Initial Network": {"freebsd 9": 2, "freebsd 8": 3, "windows 7": 12, "centos 5": 15, "freebsd 11": 10, "ubuntu 16.04": 9, "windows 8": 14, "ubuntu 18.04": 14, "centos 6": 8, "centos 7": 13, "windows 8.1": 11, "freebsd 12": 12, "freebsd 13": 11, "freebsd 10": 10, "centos 8": 5, "windows 10": 17, "ubuntu 20.04": 14, "centos 3": 5, "ubuntu 12.04": 2, "windows xp": 2, "centos 4": 1, "windows vista": 4, "ubuntu 14.04": 6}, "Initial Hosts Without Vulnerabilities": 40, "Host Compromises": {"record name": "Host Compromises", "x": [342, 404, 7326, 10356, 16324, 26147, 33214, 46768, 52610, 148416, 168799, 169122, 173521, 204330, 225293, 245346, 245624], "y": ["freebsd 8", "windows 7", "centos 3", "ubuntu 16.04", "windows 8", "centos 5", "windows 8", "ubuntu 16.04", "centos 5", "windows 8", "centos 8", "windows 10", "windows 8", "windows 7", "ubuntu 18.04", "windows 8.1", "windows 8"], "cumulative y": [0, 1, 2, 3, 4, 5, 6, 7, 8, 9, 10, 11, 12, 13, 14, 15, 16], "total events": 17}, "Vuln Compromises": {"record name": "Vuln Compromises", "x": [342, 404, 7326, 10356, 16324, 26147, 46768, 52610, 204330], "y": ["freebsd 8", "windows 7", "centos 3", "ubuntu 16.04", "windows 8", "centos 5", "ubuntu 16.04", "centos 5", "windows 7"], "cumulative y": [0, 1, 2, 3, 4, 5, 6, 7, 8], "total events": 9}, "Reuse Password Compromises": {"record name": "Reuse Password Compromises", "x": [173521, 245624], "y": ["windows 8", "windows 8"], "cumulative y": [0, 1], "total events": 2}, "Password Spray Compromises": {"record name": "Password Spray Compromises", "x": [33214, 148416, 168799, 169122, 225293, 245346], "y": ["windows 8", "windows 8", "centos 8", "windows 10", "ubuntu 18.04", "windows 8.1"], "cumulative y": [0, 1, 2, 3, 4, 5], "total events": 6}, "User Account Leaks": {"record name": "User Account Has Been Leaked By Compromise", "x": [342, 342, 342, 404, 404, 404, 7326, 7326, 7326, 10356, 10356, 10356, 16324, 16324, 26147, 26147, 26147, 33214, 33214, 46768, 52610, 148416, 168799, 169122, 173521, 204330, 225293, 225293, 245346, 245346], "y": ["Estele", "Sorcha", "Eunice", "Aurore", "Renate", "Jaquenetta", "Isabelita", "Mina", "Leigha", "Fulvia", "Dre", "Grayce", "Bette-Ann", "Tracy", "Aviva", "Evelyn", "Allyce", "Dawna", "Katina", "Gabriela", "Tersina", "Beverie", "Lyndsay", "Ezmeralda", "Lorraine", "Tarrah", "Anetta", "Jobie", "Pegeen", "Joanie"], "cumulative y": [0, 1, 2, 3, 4, 5, 6, 7, 8, 9, 10, 11, 12, 13, 14, 15, 16, 17, 18, 19, 20, 21, 22, 23, 24, 25, 26, 27, 28, 29], "total events": 30}, "Vulnerabilities Exploited": {"record name": "Vulnerabilities Exploited", "x": [208, 208, 208, 208, 342, 342, 342, 342, 404, 628, 1212, 1212, 1212, 1637, 1803, 1803, 1887, 2109, 2467, 2876, 2876, 2876, 2876, 2876, 3138, 3138, 3138, 3138, 3404, 3559, 3738, 3919, 4264, 4471, 4471, 4471, 5230, 5318, 5491, 5491, 5578, 5674, 6098, 6098, 6098, 6171, 6430, 6531, 6999, 7072, 7326, 7326, 7326, 7326, 7810, 8610, 9169, 10038, 10356, 10966, 11286, 14153, 14863, 15363, 15598, 15795, 20551, 23112, 26147, 26147, 30696, 35997, 37862, 38069, 44437, 44856, 46768, 50530, 51522, 51522, 59146, 182449, 204330], "cumulative exploited vulns": [0, 1, 2, 3, 4, 5, 6, 7, 8, 9, 10, 11, 12, 13, 14, 15, 16, 17, 18, 19, 20, 21, 22, 23, 24, 25, 26, 27, 28, 29, 30, 31, 32, 33, 34, 35, 36, 37, 38, 39, 40, 41, 42, 43, 44, 45, 46, 47, 48, 49, 50, 51, 52, 53, 54, 55, 56, 57, 58, 59, 60, 61, 62, 63, 64, 65, 66, 67, 68, 69, 70, 71, 72, 73, 74, 75, 76, 77, 78, 79, 80, 81, 82], "roa": [0.43278782455601794, 0.24903701795227356, 0.3896325548981092, 0.0017125403671651117, 0.7909658772601182, 0.8243238714744884, 0.47858908409146156, 0.0304849998374734, 0.42919437070881755, 0.5837236151046884, 0.426075148430858, 0.2118508536724991, 0.0064658706685136085, 0.08542851324667998, 0.8532501447003152, 0.4549854259348594, 0.17621896198811846, 0.23345794662007213, 0.1514694636404757, 0.5201349800777174, 0.1778447441548142, 0.3607897187008059, 0.030446011429947666, 0.03369269033046516, 0.16220924985370083, 0.1623574601476242, 0.020711257320576052, 0.04692633748507737, 0.27075258884517484, 0.1225590371473239, 0.740156291853204, 0.5770833304241395, 0.5501248147569389, 0.5017315322108937, 0.2623209146065606, 0.14451064310319384, 0.5801478612833191, 0.4694233171714452, 0.144242929483341, 0.18818178996183935, 0.012077383982476132, 0.7358255751388215, 0.5593038500485519, 0.3159988258216935, 0.3658318363803423, 0.25879101460215603, 0.3297733199254387, 0.1954569283556809, 0.16819275040316298, 0.3397573085922631, 0.5881726186364998, 0.5256823270867581, 0.5550866177150349, 0.67152762802814, 0.8296397927073036, 0.23564934016764044, 0.18364735063311075, 0.3209131992158173, 0.28769119853925684, 0.3926770414581036, 0.18555890084704058, 0.24940849017342098, 0.18374481625118871, 0.23705812535567533, 0.17816398807249195, 0.2924513713060129, 0.25818349293365694, 0.11682588199634378, 0.13323705666158098, 0.11408768344703793, 0.03680867472099887, 0.004465568540033585, 0.031086334412871813, 0.015252019056094388, 0.08370412971305866, 0.11205881492296302, 0.13414088374405145, 0.110838356281829, 0.041481823148033316, 0.041481823148033316, 0.06915319247334725, 0.06871480497671406, 0.08102641741379121], "impact": [5.594676423714171, 2.8395584221190817, 5.594548176662291, 0.29433442449029346, 9.352096669680034, 9.993052912559635, 8.227383980202177, 0.3092939304654063, 9.7314744441309, 6.455378976000153, 5.115448678543, 5.526761865721265, 0.1125279587345851, 1.4100881802018872, 9.105026184707434, 5.0325907949321325, 4.444328508942985, 2.8986995784880887, 5.4443554546244926, 6.020915834819763, 3.84286570105969, 6.276172387794326, 0.3136070577287864, 0.7517540080436569, 2.566811702574463, 2.7269755561727016, 2.246281210426436, 1.8663309351965796, 3.184801499458876, 3.062225237794393, 7.77467649134331, 9.26871024065355, 5.7466862653818485, 5.866093170136486, 4.735533883802789, 2.9312482037244103, 6.409206003198886, 7.495494974280351, 1.8734657882758943, 3.975424845788411, 0.15261298694332015, 8.350818847746588, 6.128033541766522, 5.150681705523197, 5.02931063730033, 6.8218474037509, 4.974923671785866, 2.8880732440879475, 2.4831655261877983, 3.534047253734429, 6.098011793157654, 5.531477845756639, 6.08628607244947, 9.273388506619346, 9.44883961401641, 6.812805414918195, 2.9441948971967067, 4.034338494758329, 9.033364505436756, 8.791204800581138, 8.991777291964528, 4.402299829189151, 2.2552918158610638, 5.7599500647927755, 3.0848544028863945, 5.646443013218311, 5.40704643381218, 4.565827773436003, 2.8593495874192376, 4.54221661126267, 1.3744076109872483, 0.7918343955093587, 0.7123338090969589, 0.29999548031307777, 3.751592665578519, 9.454516630726701, 7.335226440155332, 4.468221905219688, 7.327928721143198, 7.327928721143198, 1.3257615020498514, 9.52982801152666, 8.261267361095095],