{"Total Initial Vulnerabilities": 616, "Initial Vulns Per OS": {"freebsd": {"9": 9, "11": 33, "12": 32, "13": 19, "8": 96, "10": 4}, "windows": {"10": 35, "vista": 36, "8": 27, "8.1": 20, "xp": 63, "7": 22}, "ubuntu": {"16.04": 22, "20.04": 18, "18.04": 15, "12.04": 32, "14.04": 24, "10.04": 20}, "centos": {"5": 17, "7": 25, "8": 24, "6": 23}}, "Average Initial RoA Per OS": {"freebsd": {"9": 0.04575551176375861, "11": 0.06529072646250483, "12": 0.07443381195996374, "13": 0.11673407954608013, "8": 0.040224927280452995, "10": 0.01629704252666356}, "windows": {"10": 0.09717109189599846, "vista": 0.050987696636300144, "8": 0.032712324971433455, "8.1": 0.07721785937535965, "xp": 0.04884186598767219, "7": 0.06599251629061541}, "ubuntu": {"16.04": 0.019182277018694086, "20.04": 0.13094357442315221, "18.04": 0.0409097093989088, "12.04": 0.03464283358570104, "14.04": 0.049146086272202384, "10.04": 0.05175196781096403}, "centos": {"5": 0.07566682301004697, "7": 0.06327047473019823, "8": 0.10965219427695934, "6": 0.05717624439845155}}, "OS Types In Initial Network": {"freebsd 9": 5, "windows 10": 17, "ubuntu 16.04": 9, "freebsd 11": 10, "windows vista": 9, "windows 8.1": 16, "ubuntu 20.04": 15, "freebsd 12": 15, "ubuntu 18.04": 11, "ubuntu 14.04": 8, "centos 5": 8, "centos 7": 11, "ubuntu 12.04": 6, "windows 8": 9, "freebsd 13": 12, "centos 8": 13, "centos 6": 7, "windows xp": 2, "freebsd 10": 4, "ubuntu 10.04": 2, "centos 4": 1, "freebsd 8": 5, "windows 7": 5}, "Initial Hosts Without Vulnerabilities": 36, "Host Compromises": {"record name": "Host Compromises", "x": [3863, 4221, 5436, 9000, 10920, 13007, 22165, 25223, 31563, 31847, 31969, 32782, 32878, 34224, 36172, 36252, 37259, 40654, 42999, 44088, 45200, 47025, 50540, 52381, 56461, 57659, 60093, 62099, 62674, 75009, 134756, 146765, 151083, 199483, 205736, 229217, 232680], "y": ["windows vista", "centos 6", "ubuntu 20.04", "freebsd 12", "freebsd 13", "windows 8.1", "centos 8", "windows 10", "windows 10", "ubuntu 10.04", "windows 10", "windows 8.1", "freebsd 9", "freebsd 13", "freebsd 8", "windows 10", "freebsd 12", "windows 7", "windows 10", "freebsd 13", "centos 8", "windows vista", "freebsd 10", "windows 10", "freebsd 8", "ubuntu 14.04", "centos 8", "freebsd 8", "windows 10", "windows xp", "windows 7", "windows 7", "freebsd 9", "windows 10", "ubuntu 16.04", "centos 5", "freebsd 12"], "cumulative y": [0, 1, 2, 3, 4, 5, 6, 7, 8, 9, 10, 11, 12, 13, 14, 15, 16, 17, 18, 19, 20, 21, 22, 23, 24, 25, 26, 27, 28, 29, 30, 31, 32, 33, 34, 35, 36], "total events": 37}, "Vuln Compromises": {"record name": "Vuln Compromises", "x": [3863, 4221, 5436, 9000, 10920, 13007, 22165, 25223, 31563, 31847, 31969, 32782, 32878, 34224, 36172, 36252, 37259, 40654, 42999, 44088, 45200, 47025, 50540, 52381, 56461, 57659, 60093, 62099, 62674, 75009, 134756, 146765, 151083, 199483, 205736, 229217], "y": ["windows vista", "centos 6", "ubuntu 20.04", "freebsd 12", "freebsd 13", "windows 8.1", "centos 8", "windows 10", "windows 10", "ubuntu 10.04", "windows 10", "windows 8.1", "freebsd 9", "freebsd 13", "freebsd 8", "windows 10", "freebsd 12", "windows 7", "windows 10", "freebsd 13", "centos 8", "windows vista", "freebsd 10", "windows 10", "freebsd 8", "ubuntu 14.04", "centos 8", "freebsd 8", "windows 10", "windows xp", "windows 7", "windows 7", "freebsd 9", "windows 10", "ubuntu 16.04", "centos 5"], "cumulative y": [0, 1, 2, 3, 4, 5, 6, 7, 8, 9, 10, 11, 12, 13, 14, 15, 16, 17, 18, 19, 20, 21, 22, 23, 24, 25, 26, 27, 28, 29, 30, 31, 32, 33, 34, 35], "total events": 36}, "Reuse Password Compromises": {"record name": "Reuse Password Compromises", "x": [], "y": [], "cumulative y": [], "total events": 0}, "Password Spray Compromises": {"record name": "Password Spray Compromises", "x": [232680], "y": ["freebsd 12"], "cumulative y": [0], "total events": 1}, "User Account Leaks": {"record name": "User Account Has Been Leaked By Compromise", "x": [3863, 3863, 3863, 4221, 4221, 4221, 5436, 5436, 5436, 9000, 9000, 9000, 10920, 10920, 13007, 13007, 13007, 22165, 22165, 22165, 25223, 25223, 31563, 31563, 31563, 31847, 31847, 31969, 31969, 31969, 32782, 32782, 32878, 32878, 32878, 34224, 36252, 36252, 37259, 37259, 37259, 40654, 42999, 44088, 45200, 45200, 47025, 52381, 52381, 56461, 57659, 57659, 57659, 62099, 75009, 199483, 205736, 229217], "y": ["Sharron", "Modesta", "Eddi", "Rochella", "Norean", "Josepha", "Merl", "Crin", "Eydie", "Demeter", "Milena", "Laryssa", "Agace", "Paulette", "Fran", "Annecorinne", "Nora", "Aarika", "Betti", "Ophelia", "Wallis", "Stefania", "Tressa", "Carlyn", "Morena", "Leonelle", "Jemimah", "Ronny", "Ange", "Tabbi", "Rubi", "Candide", "Daryn", "Rosalia", "Shalne", "Junia", "Ketty", "Ellynn", "Cynde", "Lelia", "Morganica", "Hildagarde", "Raquel", "Peta", "Starlin", "Adelaida", "Ofilia", "Essy", "Merrie", "Tessie", "Carin", "Matty", "Laureen", "Riki", "Atlanta", "Elsi", "Roxi", "Loralie"], "cumulative y": [0, 1, 2, 3, 4, 5, 6, 7, 8, 9, 10, 11, 12, 13, 14, 15, 16, 17, 18, 19, 20, 21, 22, 23, 24, 25, 26, 27, 28, 29, 30, 31, 32, 33, 34, 35, 36, 37, 38, 39, 40, 41, 42, 43, 44, 45, 46, 47, 48, 49, 50, 51, 52, 53, 54, 55, 56, 57], "total events": 58}, "Vulnerabilities Exploited": {"record name": "Vulnerabilities Exploited", "x": [706, 1233, 1233, 1494, 1726, 2207, 2539, 2612, 2612, 2674, 3107, 3863, 3863, 3863, 3863, 3863, 4221, 4221, 4221, 4221, 4221, 4221, 4574, 5362, 5362, 5436, 5663, 5900, 6565, 6798, 7171, 7171, 7291, 7291, 7487, 8043, 8245, 8605, 9596, 10205, 10356, 10356, 10920, 11243, 13685, 15035, 15170, 17832, 18412, 18669, 18881, 19357, 19524, 20801, 22165, 22165, 26673, 28315, 28825, 31847, 31847, 31847, 31969, 31969, 32452, 32452, 32452, 32452, 32452, 32452, 32782, 32878, 33236, 36172, 36172, 36172, 36172, 36172, 36172, 36172, 36172, 36712, 38928, 39245, 39766, 39766, 40654, 42700, 44899, 44899, 47025, 50540, 51688, 53330, 54586, 56461, 56461, 56461, 56461, 56461, 56461, 56461, 56461, 56461, 58648, 58648, 58648, 58648, 62099, 62099, 62099, 62099, 62099, 63679, 75009, 75009, 75009, 75009, 75009, 75009, 75009, 75009, 75009, 75009, 75009, 83089, 85756, 85756, 85756, 95458, 96228, 104238, 134756, 146765, 151083, 154598, 156968, 166016, 168278, 170881, 199605, 205736, 216393, 216393, 216393, 216393, 216393, 229217], "cumulative exploited vulns": [0, 1, 2, 3, 4, 5, 6, 7, 8, 9, 10, 11, 12, 13, 14, 15, 16, 17, 18, 19, 20, 21, 22, 23, 24, 25, 26, 27, 28, 29, 30, 31, 32, 33, 34, 35, 36, 37, 38, 39, 40, 41, 42, 43, 44, 45, 46, 47, 48, 49, 50, 51, 52, 53, 54, 55, 56, 57, 58, 59, 60, 61, 62, 63, 64, 65, 66, 67, 68, 69, 70, 71, 72, 73, 74, 75, 76, 77, 78, 79, 80, 81, 82, 83, 84, 85, 86, 87, 88, 89, 90, 91, 92, 93, 94, 95, 96, 97, 98, 99, 100, 101, 102, 103, 104, 105, 106, 107, 108, 109, 110, 111, 112, 113, 114, 115, 116, 117, 118, 119, 120, 121, 122, 123, 124, 125, 126, 127, 128, 129, 130, 131, 132, 133, 134, 135, 136, 137, 138, 139, 140, 141, 142, 143, 144, 145, 146, 147],