{"Total Initial Vulnerabilities": 793, "Initial Vulns Per OS": {"windows": {"7": 21, "8.1": 29, "8": 28, "10": 9, "vista": 35}, "centos": {"6": 29, "8": 8, "3": 86, "5": 30, "7": 15, "4": 40}, "freebsd": {"9": 19, "12": 16, "10": 50, "8": 127, "11": 21, "13": 31}, "ubuntu": {"14.04": 41, "20.04": 8, "12.04": 49, "18.04": 22, "16.04": 29, "10.04": 50}}, "Average Initial RoA Per OS": {"windows": {"7": 0.026815892075277258, "8.1": 0.055071978008114954, "8": 0.03853470776707697, "10": 0.07260978816691004, "vista": 0.06992065010889521}, "centos": {"6": 0.0691190263304853, "8": 0.15715790548348513, "3": 0.043199859852208276, "5": 0.053344022136604045, "7": 0.11496643957033063, "4": 0.03447930198278993}, "freebsd": {"9": 0.04696206873935013, "12": 0.10660761418814962, "10": 0.06121362807664964, "8": 0.05497241999334743, "11": 0.11559961363224995, "13": 0.02275021729901464}, "ubuntu": {"14.04": 0.04722687217483258, "20.04": 0.030698068736258376, "12.04": 0.0725855352080898, "18.04": 0.060005932082604116, "16.04": 0.04868445376979005, "10.04": 0.04195857107185242}}, "OS Types In Initial Network": {"windows 7": 7, "windows 8.1": 11, "centos 6": 12, "windows 8": 10, "freebsd 9": 4, "ubuntu 14.04": 10, "freebsd 12": 7, "ubuntu 20.04": 7, "freebsd 10": 10, "windows 10": 13, "centos 8": 13, "freebsd 8": 5, "centos 3": 4, "freebsd 11": 9, "centos 5": 7, "freebsd 13": 18, "ubuntu 12.04": 8, "ubuntu 18.04": 12, "ubuntu 16.04": 10, "centos 7": 11, "centos 4": 5, "ubuntu 10.04": 3, "windows vista": 4}, "Initial Hosts Without Vulnerabilities": 33, "Host Compromises": {"record name": "Host Compromises", "x": [265, 3116, 5231, 5293, 5752, 5878, 6440, 7692, 10182, 10505, 10963, 14159, 15347, 15393, 15652, 15950, 17197, 19353, 22396, 23607, 27311, 27388, 31365, 39162, 40895, 40965, 42006, 50281, 73903, 182939, 199911, 216094, 216811, 217943, 218055, 220734, 230118, 246246], "y": ["centos 6", "freebsd 8", "windows 8", "centos 8", "freebsd 10", "centos 6", "centos 8", "centos 7", "ubuntu 16.04", "freebsd 13", "freebsd 8", "centos 3", "centos 4", "centos 6", "centos 7", "windows 10", "centos 6", "freebsd 10", "windows 7", "ubuntu 14.04", "centos 3", "freebsd 12", "ubuntu 12.04", "ubuntu 18.04", "ubuntu 14.04", "freebsd 8", "centos 6", "freebsd 12", "freebsd 9", "centos 6", "ubuntu 20.04", "freebsd 9", "freebsd 12", "freebsd 10", "freebsd 13", "windows vista", "ubuntu 14.04", "freebsd 13"], "cumulative y": [0, 1, 2, 3, 4, 5, 6, 7, 8, 9, 10, 11, 12, 13, 14, 15, 16, 17, 18, 19, 20, 21, 22, 23, 24, 25, 26, 27, 28, 29, 30, 31, 32, 33, 34, 35, 36, 37], "total events": 38}, "Vuln Compromises": {"record name": "Vuln Compromises", "x": [265, 3116, 5752, 5878, 10182, 10505, 14159, 15347, 17197, 23607, 27311, 31365, 39162, 40895, 50281, 216094, 217943, 218055, 220734, 230118], "y": ["centos 6", "freebsd 8", "freebsd 10", "centos 6", "ubuntu 16.04", "freebsd 13", "centos 3", "centos 4", "centos 6", "ubuntu 14.04", "centos 3", "ubuntu 12.04", "ubuntu 18.04", "ubuntu 14.04", "freebsd 12", "freebsd 9", "freebsd 10", "freebsd 13", "windows vista", "ubuntu 14.04"], "cumulative y": [0, 1, 2, 3, 4, 5, 6, 7, 8, 9, 10, 11, 12, 13, 14, 15, 16, 17, 18, 19], "total events": 20}, "Reuse Password Compromises": {"record name": "Reuse Password Compromises", "x": [5231, 5293, 6440, 7692, 10963, 15393, 15652, 15950, 22396, 27388, 40965, 42006, 216811, 246246], "y": ["windows 8", "centos 8", "centos 8", "centos 7", "freebsd 8", "centos 6", "centos 7", "windows 10", "windows 7", "freebsd 12", "freebsd 8", "centos 6", "freebsd 12", "freebsd 13"], "cumulative y": [0, 1, 2, 3, 4, 5, 6, 7, 8, 9, 10, 11, 12, 13], "total events": 14}, "Password Spray Compromises": {"record name": "Password Spray Compromises", "x": [19353, 73903, 182939, 199911], "y": ["freebsd 10", "freebsd 9", "centos 6", "ubuntu 20.04"], "cumulative y": [0, 1, 2, 3], "total events": 4}, "User Account Leaks": {"record name": "User Account Has Been Leaked By Compromise", "x": [265, 265, 265, 3116, 3116, 3116, 5231, 5293, 5293, 5752, 5752, 5752, 5878, 6440, 6440, 7692, 10182, 10182, 10505, 10505, 14159, 14159, 15347, 15347, 15347, 15652, 15652, 15950, 17197, 22396, 22396, 23607, 27311, 27311, 27388, 27388, 31365, 39162, 39162, 40895, 40895, 40965, 42006, 182939, 216094, 217943, 218055, 220734], "y": ["Karia", "Candy", "Adda", "Kathye", "Nonie", "Erica", "Berry", "Kynthia", "Jobie", "Jo-Anne", "Susana", "Christie", "Evvy", "Barbara", "Aurelie", "Ricca", "Cathi", "Asia", "Wendy", "Cacilia", "Naomi", "Anabelle", "Amalea", "Twila", "Mandy", "Georgetta", "Shayna", "Brynna", "Milicent", "Kellia", "Nicole", "Sam", "Talyah", "Annemarie", "Wandis", "Alexandra", "Minnaminnie", "Leoline", "Sapphire", "Terrie", "Lotte", "Agnella", "Candice", "Cheryl", "Lilla", "Correy", "Coraline", "Caresse"], "cumulative y": [0, 1, 2, 3, 4, 5, 6, 7, 8, 9, 10, 11, 12, 13, 14, 15, 16, 17, 18, 19, 20, 21, 22, 23, 24, 25, 26, 27, 28, 29, 30, 31, 32, 33, 34, 35, 36, 37, 38, 39, 40, 41, 42, 43, 44, 45, 46, 47], "total events": 48}, "Vulnerabilities Exploited": {"record name": "Vulnerabilities Exploited", "x": [194, 265, 265, 322, 516, 516, 516, 606, 1675, 2134, 3116, 3116, 3116, 3116, 4488, 4488, 4488, 4488, 4488, 4488, 4488, 4488, 4488, 4488, 4765, 4765, 5443, 5626, 5752, 5752, 6704, 7574, 8599, 8599, 8818, 8818, 9062, 9668, 9668, 9668, 9668, 9668, 9668, 10182, 10588, 12199, 12199, 12199, 14159, 14159, 14159, 14159, 14159, 14159, 14159, 14159, 14159, 14159, 14159, 14159, 14699, 14699, 14699, 14699, 15347, 15347, 15347, 15347, 15457, 16847, 16847, 16847, 16847, 16847, 17197, 17197, 17747, 19208, 19564, 19892, 21909, 21909, 22949, 23828, 27311, 27311, 27311, 27311, 27311, 28244, 28244, 28244, 28244, 28521, 28853, 29410, 31365, 31365, 31365, 32861, 35380, 35380, 37115, 37115, 39483, 39483, 40110, 40895, 41419, 42146, 42146, 42479, 43236, 43236, 46056, 46056, 47622, 48270, 50822, 50822, 50822, 52621, 55495, 59694, 59694, 62956, 63289, 64589, 64589, 67323, 67738, 68069, 73688, 76699, 79138, 81765, 103000, 103000, 121790, 121790, 122708, 123996, 144968, 148418, 165766, 165766, 192702, 194642, 195566, 217314, 217943, 217943, 220734, 221025, 221025, 223856, 224423, 236297, 237585, 243615, 249889], "cumulative exploited vulns": [0, 1, 2, 3, 4, 5, 6, 7, 8, 9, 10, 11, 12, 13, 14, 15, 16, 17, 18, 19, 20, 21, 22, 23, 24, 25, 26, 27, 28, 29, 30, 31, 32, 33, 34, 35, 36, 37, 38, 39, 40, 41, 42, 43, 44, 45, 46, 47, 48, 49, 50, 51, 52, 53, 54, 55, 56, 57, 58, 59, 60, 61, 62, 63, 64, 65, 66, 67, 68, 69, 70, 71, 72, 73, 74, 75, 76, 77, 78, 79, 80, 81, 82, 83, 84, 85, 86, 87, 88, 89, 90, 91, 92, 93, 94, 95, 96, 97, 98, 99, 100, 101, 102, 103, 104, 105, 106, 107, 108, 109, 110, 111, 112, 113, 114, 115, 116, 117, 118, 119, 120, 121, 122, 123, 124, 125, 126, 127, 128, 129, 130, 131, 132, 133, 134, 135, 136, 137, 138, 139, 140, 141, 142, 143, 144, 145, 146, 147, 148, 149, 150, 151, 152, 153, 154, 155, 156, 157, 158, 159, 160],