{"Total Initial Vulnerabilities": 697, "Initial Vulns Per OS": {"freebsd": {"12": 28, "10": 66, "13": 12, "11": 35, "9": 16, "8": 52}, "ubuntu": {"16.04": 20, "18.04": 18, "14.04": 28, "12.04": 15, "20.04": 4, "10.04": 58}, "windows": {"10": 12, "vista": 32, "8.1": 22, "7": 32, "8": 25, "xp": 41}, "centos": {"6": 24, "7": 34, "8": 12, "4": 20, "3": 72, "5": 19}}, "Average Initial RoA Per OS": {"freebsd": {"12": 0.06519684654734713, "10": 0.058180605765481126, "13": 0.0884999271195589, "11": 0.030637910363024323, "9": 0.1281697874861788, "8": 0.07827308240837517}, "ubuntu": {"16.04": 0.04722396218585155, "18.04": 0.04250751492975764, "14.04": 0.03914287660309841, "12.04": 0.07190324343096267, "20.04": 0.02913861357383205, "10.04": 0.07760052800768422}, "windows": {"10": 0.026766047463996624, "vista": 0.07476772843253547, "8.1": 0.03208283843571153, "7": 0.05860040843370886, "8": 0.030970927714296867, "xp": 0.04292944103506855}, "centos": {"6": 0.025489562442345595, "7": 0.043457793108627525, "8": 0.019537722107791623, "4": 0.07669511606884996, "3": 0.0635443637230275, "5": 0.06417471411229908}}, "OS Types In Initial Network": {"freebsd 12": 10, "freebsd 10": 12, "ubuntu 16.04": 5, "freebsd 13": 13, "freebsd 11": 11, "centos 8": 13, "windows 10": 18, "windows 8": 10, "ubuntu 18.04": 8, "ubuntu 14.04": 8, "ubuntu 20.04": 14, "windows 8.1": 11, "ubuntu 12.04": 4, "windows vista": 7, "centos 6": 9, "centos 7": 19, "windows 7": 8, "windows xp": 3, "centos 4": 3, "freebsd 9": 4, "freebsd 8": 2, "centos 3": 2, "centos 5": 3, "ubuntu 10.04": 3}, "Initial Hosts Without Vulnerabilities": 42, "Host Compromises": {"record name": "Host Compromises", "x": [2458, 2982, 3448, 3917, 5107, 6700, 10876, 11154, 23845, 28812, 29469, 31927, 36394, 38958, 47308, 70413, 70644, 115974, 144993, 152439, 155962, 161522, 163368, 168215, 174010, 181484, 182833, 195343, 195567, 205967, 214375, 223411, 223569, 225185, 230274], "y": [20, 24, 26, 28, 32, 38, 4, 6, 85, 17, 19, 33, 48, 90, 2, 7, 87, 121, 83, 80, 58, 64, 70, 81, 77, 62, 104, 75, 78, 68, 60, 71, 183, 171, 108], "cumulative y": [1, 2, 3, 4, 5, 6, 7, 8, 9, 10, 11, 12, 13, 14, 15, 16, 17, 18, 19, 20, 21, 22, 23, 24, 25, 26, 27, 28, 29, 30, 31, 32, 33, 34, 35], "total events": 35, "not exposed x": [23845, 38958, 70644, 115974, 144993, 152439, 155962, 161522, 163368, 168215, 174010, 181484, 182833, 195343, 195567, 205967, 214375, 223411, 223569, 225185, 230274], "not exposed y": [85, 90, 87, 121, 83, 80, 58, 64, 70, 81, 77, 62, 104, 75, 78, 68, 60, 71, 183, 171, 108], "cumulative not exposed y": [1, 2, 3, 4, 5, 6, 7, 8, 9, 10, 11, 12, 13, 14, 15, 16, 17, 18, 19, 20, 21], "total not exposed events": 21}, "Vuln Compromises": {"record name": "Vuln Compromises", "x": [2458, 2982, 3448, 3917, 5107, 6700, 10876, 11154, 28812, 31927, 47308, 70413, 70644, 152439, 155962, 161522, 163368, 168215, 181484, 195343, 195567, 223569, 230274], "y": [20, 24, 26, 28, 32, 38, 4, 6, 17, 33, 2, 7, 87, 80, 58, 64, 70, 81, 62, 75, 78, 183, 108], "cumulative y": [1, 2, 3, 4, 5, 6, 7, 8, 9, 10, 11, 12, 13, 14, 15, 16, 17, 18, 19, 20, 21, 22, 23], "total events": 23, "not exposed x": [70644, 152439, 155962, 161522, 163368, 168215, 181484, 195343, 195567, 223569, 230274], "not exposed y": [87, 80, 58, 64, 70, 81, 62, 75, 78, 183, 108], "cumulative not exposed y": [1, 2, 3, 4, 5, 6, 7, 8, 9, 10, 11], "total not exposed events": 11}, "Reuse Password Compromises": {"record name": "Reuse Password Compromises", "x": [23845, 29469, 36394, 38958, 115974, 144993, 174010, 182833, 205967, 214375, 223411, 225185], "y": [85, 19, 48, 90, 121, 83, 77, 104, 68, 60, 71, 171], "cumulative y": [1, 2, 3, 4, 5, 6, 7, 8, 9, 10, 11, 12], "total events": 12, "not exposed x": [23845, 38958, 115974, 144993, 174010, 182833, 205967, 214375, 223411, 225185], "not exposed y": [85, 90, 121, 83, 77, 104, 68, 60, 71, 171], "cumulative not exposed y": [1, 2, 3, 4, 5, 6, 7, 8, 9, 10], "total not exposed events": 10}, "Password Spray Compromises": {"record name": "Password Spray Compromises", "x": [], "y": [], "cumulative y": [], "total events": 0, "not exposed x": [], "not exposed y": [], "cumulative not exposed y": [], "total not exposed events": 0}, "User Account Leaks": {"record name": "User Account Has Been Leaked By Compromise", "x": [2458, 2458, 2458, 2458, 2458, 2982, 2982, 2982, 2982, 2982, 3448, 3448, 3448, 3448, 3448, 3917, 3917, 3917, 3917, 3917, 5107, 5107, 5107, 5107, 6700, 6700, 6700, 10876, 10876, 10876, 10876, 10876, 11154, 11154, 11154, 11154, 23845, 23845, 28812, 28812, 28812, 29469, 29469, 29469, 31927, 31927, 31927, 36394, 36394, 36394, 38958, 38958, 38958, 47308, 47308, 47308, 47308, 70413, 70413, 70413, 70413, 70413, 70644, 70644, 70644, 70644, 70644, 115974, 115974, 115974, 144993, 144993, 152439, 152439, 155962, 155962, 155962, 155962, 155962, 161522, 161522, 161522, 163368, 163368, 163368, 163368, 163368, 168215, 168215, 168215, 174010, 174010, 174010, 181484, 181484, 182833, 182833, 182833, 195343, 195567, 195567, 195567, 195567, 205967, 205967, 214375, 214375, 214375, 223411, 223411, 223569, 223569, 223569, 225185, 225185, 225185, 230274, 230274, 230274], "y": ["Rosamond", "Morgen", "Alyss", "Bethina", "Fredi", "Joellen", "Yalonda", "Claudetta", "Minne", "Shandy", "Penny", "Rianon", "Liesa", "Sydney", "Gabriell", "Merle", "Albina", "Kym", "Fiann", "Emeline", "Cordi", "Shaylah", "Engracia", "Madeline", "Roselle", "Lishe", "Wini", "Hermia", "Val", "Ketty", "Lurlene", "Rae", "Sonni", "Sallie", "Dasya", "Norry", "Kettie", "Renell", "Bab", "Caprice", "Ronalda", "Ilysa", "Dorita", "Merrielle", "Katharina", "Evelina", "Rubina", "Libbi", "Beret", "Coretta", "Bee", "Darby", "Estrella", "Bonny", "Suzie", "Lorinda", "Leticia", "Corliss", "Bettine", "Ashleigh", "Selene", "Dorette", "Bili", "Calley", "Karlotte", "Albertina", "Gretna", "Cordula", "Karia", "Celina", "Vale", "Marcile", "Vivien", "Karin", "Heddie", "Danika", "Dawna", "Mandie", "Erma", "Sib", "Jaime", "Lexine", "Annette", "Isa", "Rhianna", "Brit", "Jacquette", "Betta", "Loni", "Janeva", "Jori", "Malia", "Madlin", "Cicily", "Lenore", "Lizabeth", "Colly", "Bunny", "Jana", "Veronica", "Pat", "Trix", "Valeria", "Marys", "Jemimah", "Violet", "Elisha", "Kristin", "Jemima", "Danella", "Cherilynn", "Anny", "Anne-Corinne", "Caresa", "Gussi", "Kaitlin", "Josie", "Candi", "Nesta"], "cumulative y": [1, 2, 3, 4, 5, 6, 7, 8, 9, 10, 11, 12, 13, 14, 15, 16, 17, 18, 19, 20, 21, 22, 23, 24, 25, 26, 27, 28, 29, 30, 31, 32, 33, 34, 35, 36, 37, 38, 39, 40, 41, 42, 43, 44, 45, 46, 47, 48, 49, 50, 51, 52, 53, 54, 55, 56, 57, 58, 59, 60, 61, 62, 63, 64, 65, 66, 67, 68, 69, 70, 71, 72, 73, 74, 75, 76, 77, 78, 79, 80, 81, 82, 83, 84, 85, 86, 87, 88, 89, 90, 91, 92, 93, 94, 95, 96, 97, 98, 99, 100, 101, 102, 103, 104, 105, 106, 107, 108, 109, 110, 111, 112, 113, 114, 115, 116, 117, 118, 119], "total events": 119}, "Vulnerabilities Exploited": {"record name": "Vulnerabilities Exploited", "x": [147, 147, 147, 236, 480, 526, 739, 739, 739, 739, 1029, 1122, 1613, 1613, 1613, 1707, 1809, 2139, 2139, 2139, 2139, 2226, 2226, 2458, 2500, 2649, 2649, 2982, 3448, 3448, 3917, 3917, 3917, 4100, 4316, 4316, 4480, 4753, 4753, 4753, 4753, 5107, 5286, 5286, 5286, 5286, 6414, 6414, 7039, 8347, 8952, 10876, 10876, 10876, 12386, 14552, 14552, 14552, 17454, 18053, 18436, 19191, 20295, 20295, 22678, 22678, 23579, 24237, 27213, 28812, 28921, 31927, 32339, 32726, 37409, 37409, 48220, 63222, 70413, 70413, 80484, 92386, 92386, 92386, 113801, 119316, 145762, 145762, 152439, 152439, 152439, 152439, 153195, 155479, 156742, 161522, 161522, 161522, 170812, 178982, 181484, 181625, 184279, 186013, 195567, 195567, 205327, 205327, 205327, 205327, 205327, 230274, 230274, 230274, 230274, 230274, 230274],