{"Total Initial Vulnerabilities": 668, "Initial Vulns Per OS": {"ubuntu": {"12.04": 50, "14.04": 26, "20.04": 13, "16.04": 13, "10.04": 89, "18.04": 8}, "centos": {"8": 19, "7": 15, "3": 55, "6": 14, "5": 20, "4": 18}, "windows": {"vista": 22, "8": 17, "8.1": 18, "7": 17, "10": 16, "xp": 66}, "freebsd": {"13": 10, "12": 43, "9": 20, "11": 26, "10": 15, "8": 58}}, "Average Initial RoA Per OS": {"ubuntu": {"12.04": 0.04535184219517104, "14.04": 0.055137326849190885, "20.04": 0.033843509846611344, "16.04": 0.031393835762595135, "10.04": 0.05080322747164028, "18.04": 0.05123027292023491}, "centos": {"8": 0.01569331830557408, "7": 0.01837990651078076, "3": 0.06258159135619412, "6": 0.08693441284184429, "5": 0.020100151245144082, "4": 0.05429519090057941}, "windows": {"vista": 0.024334062155294368, "8": 0.05054055925166408, "8.1": 0.0377421154007076, "7": 0.06441804906254023, "10": 0.02748995570618546, "xp": 0.05966678135220829}, "freebsd": {"13": 0.022462693160136372, "12": 0.03825768265294458, "9": 0.0494708307673401, "11": 0.044480964679837705, "10": 0.044692570112229255, "8": 0.05407514409080867}}, "OS Types In Initial Network": {"ubuntu 12.04": 9, "centos 8": 19, "ubuntu 16.04": 7, "windows vista": 4, "ubuntu 14.04": 7, "freebsd 13": 12, "centos 7": 13, "ubuntu 20.04": 16, "windows 8": 8, "freebsd 12": 19, "freebsd 9": 3, "centos 3": 3, "centos 6": 7, "centos 5": 7, "freebsd 11": 15, "freebsd 10": 7, "windows 8.1": 9, "ubuntu 10.04": 3, "windows 10": 12, "centos 4": 4, "windows 7": 5, "windows xp": 3, "ubuntu 18.04": 4, "freebsd 8": 4}, "Initial Hosts Without Vulnerabilities": 51, "Host Compromises": {"record name": "Host Compromises", "x": [1742, 5025, 11949, 15000, 18576, 19287, 19952, 20273, 20649, 20737, 20833, 27749, 35586, 38548, 42307, 72712, 82160, 90389, 90517, 91687, 95646, 96540, 112598, 116687, 117494, 117795, 122750, 127702, 130653, 137584, 141441, 154585, 161037, 170844, 171024, 176748, 179688, 183084, 191207, 194590, 211020, 237379], "y": [10, 31, 16, 33, 46, 121, 125, 120, 197, 193, 122, 65, 54, 50, 64, 52, 196, 96, 102, 80, 103, 101, 58, 61, 110, 114, 111, 60, 86, 73, 159, 82, 157, 104, 74, 84, 72, 97, 106, 154, 123, 70], "cumulative y": [1, 2, 3, 4, 5, 6, 7, 8, 9, 10, 11, 12, 13, 14, 15, 16, 17, 18, 19, 20, 21, 22, 23, 24, 25, 26, 27, 28, 29, 30, 31, 32, 33, 34, 35, 36, 37, 38, 39, 40, 41, 42], "total events": 42, "not exposed x": [19287, 19952, 20273, 20649, 20737, 20833, 27749, 35586, 38548, 42307, 72712, 82160, 90389, 90517, 91687, 95646, 96540, 112598, 116687, 117494, 117795, 122750, 127702, 130653, 137584, 141441, 154585, 161037, 170844, 171024, 176748, 179688, 183084, 191207, 194590, 211020, 237379], "not exposed y": [121, 125, 120, 197, 193, 122, 65, 54, 50, 64, 52, 196, 96, 102, 80, 103, 101, 58, 61, 110, 114, 111, 60, 86, 73, 159, 82, 157, 104, 74, 84, 72, 97, 106, 154, 123, 70], "cumulative not exposed y": [1, 2, 3, 4, 5, 6, 7, 8, 9, 10, 11, 12, 13, 14, 15, 16, 17, 18, 19, 20, 21, 22, 23, 24, 25, 26, 27, 28, 29, 30, 31, 32, 33, 34, 35, 36, 37], "total not exposed events": 37}, "Vuln Compromises": {"record name": "Vuln Compromises", "x": [1742, 5025, 15000, 18576, 19287, 19952, 20273, 20737, 20833, 35586, 38548, 42307, 72712, 82160, 90389, 91687, 96540, 112598, 117494, 117795, 122750, 127702, 130653, 137584, 141441, 154585, 171024, 179688, 211020, 237379], "y": [10, 31, 33, 46, 121, 125, 120, 193, 122, 54, 50, 64, 52, 196, 96, 80, 101, 58, 110, 114, 111, 60, 86, 73, 159, 82, 74, 72, 123, 70], "cumulative y": [1, 2, 3, 4, 5, 6, 7, 8, 9, 10, 11, 12, 13, 14, 15, 16, 17, 18, 19, 20, 21, 22, 23, 24, 25, 26, 27, 28, 29, 30], "total events": 30, "not exposed x": [19287, 19952, 20273, 20737, 20833, 35586, 38548, 42307, 72712, 82160, 90389, 91687, 96540, 112598, 117494, 117795, 122750, 127702, 130653, 137584, 141441, 154585, 171024, 179688, 211020, 237379], "not exposed y": [121, 125, 120, 193, 122, 54, 50, 64, 52, 196, 96, 80, 101, 58, 110, 114, 111, 60, 86, 73, 159, 82, 74, 72, 123, 70], "cumulative not exposed y": [1, 2, 3, 4, 5, 6, 7, 8, 9, 10, 11, 12, 13, 14, 15, 16, 17, 18, 19, 20, 21, 22, 23, 24, 25, 26], "total not exposed events": 26}, "Reuse Password Compromises": {"record name": "Reuse Password Compromises", "x": [11949, 20649, 27749, 90517, 95646, 116687, 161037, 170844, 176748, 183084, 191207, 194590], "y": [16, 197, 65, 102, 103, 61, 157, 104, 84, 97, 106, 154], "cumulative y": [1, 2, 3, 4, 5, 6, 7, 8, 9, 10, 11, 12], "total events": 12, "not exposed x": [20649, 27749, 90517, 95646, 116687, 161037, 170844, 176748, 183084, 191207, 194590], "not exposed y": [197, 65, 102, 103, 61, 157, 104, 84, 97, 106, 154], "cumulative not exposed y": [1, 2, 3, 4, 5, 6, 7, 8, 9, 10, 11], "total not exposed events": 11}, "Password Spray Compromises": {"record name": "Password Spray Compromises", "x": [], "y": [], "cumulative y": [], "total events": 0, "not exposed x": [], "not exposed y": [], "cumulative not exposed y": [], "total not exposed events": 0}, "User Account Leaks": {"record name": "User Account Has Been Leaked By Compromise", "x": [1742, 1742, 1742, 1742, 1742, 5025, 5025, 5025, 5025, 5025, 11949, 11949, 11949, 11949, 15000, 15000, 15000, 15000, 15000, 18576, 18576, 18576, 18576, 19287, 19287, 19287, 19287, 19287, 19952, 19952, 19952, 19952, 19952, 20273, 20273, 20273, 20273, 20273, 20649, 20649, 20649, 20737, 20737, 20737, 20737, 20737, 20833, 20833, 20833, 20833, 27749, 27749, 35586, 35586, 35586, 38548, 38548, 38548, 38548, 42307, 42307, 42307, 72712, 72712, 72712, 72712, 72712, 82160, 82160, 82160, 82160, 90389, 90389, 90389, 90389, 90517, 90517, 90517, 91687, 91687, 91687, 91687, 95646, 96540, 96540, 96540, 96540, 112598, 112598, 112598, 112598, 112598, 116687, 116687, 117494, 117494, 117795, 117795, 117795, 117795, 122750, 122750, 127702, 127702, 127702, 127702, 130653, 130653, 130653, 137584, 137584, 137584, 141441, 141441, 154585, 154585, 154585, 161037, 170844, 171024, 176748, 179688, 179688, 191207, 191207, 211020, 211020, 237379], "y": ["Sonny", "Phyllys", "Nicoli", "Demetra", "Remy", "Nissa", "Juliann", "Tori", "Gussi", "Bonnee", "Oralie", "Filippa", "Marj", "Marianne", "Natalie", "Marieann", "Clari", "Eadith", "Nikkie", "Emmye", "Lorena", "Orsola", "Katina", "Judie", "Melisse", "Caro", "Fanchon", "Sharla", "Danice", "Adrian", "Dela", "Adora", "Bel", "Dynah", "Emalia", "Marnia", "Allsun", "Matti", "Bernete", "Dodi", "Bessie", "Karla", "Eryn", "Rita", "Blondy", "Giacinta", "Sheila-Kathryn", "Sarette", "Letti", "Amelina", "Livvyy", "Leila", "Rianon", "Almeda", "Sandye", "Fayre", "Devin", "Jaquelyn", "Mariska", "Cass", "Alidia", "Waly", "Janel", "Ferdinande", "Matelda", "Gael", "Jena", "Ruthann", "Rafaelia", "Carlynn", "Martita", "Auroora", "Leone", "Blanca", "Jacky", "Hali", "Inessa", "Aleece", "Natty", "Karel", "Lisha", "Dotty", "Lebbie", "Nettle", "Sibley", "Celina", "Terri", "Celia", "Dyanne", "Cherilynn", "Martina", "Fayina", "Evonne", "Heidie", "Jeannine", "Vi", "Jennie", "Daveen", "Sophi", "Fifine", "Yolanda", "Celestina", "Indira", "Lissy", "Mei", "Odelle", "Ibbie", "Lana", "Shannen", "Aubrie", "Marthena", "Gwyn", "Dana", "Janina", "Kandy", "Dyann", "Konstance", "Katharyn", "Fallon", "Janella", "Barbette", "Johna", "Leonelle", "Vevay", "Yalonda", "Eleni", "Ame", "Irina"], "cumulative y": [1, 2, 3, 4, 5, 6, 7, 8, 9, 10, 11, 12, 13, 14, 15, 16, 17, 18, 19, 20, 21, 22, 23, 24, 25, 26, 27, 28, 29, 30, 31, 32, 33, 34, 35, 36, 37, 38, 39, 40, 41, 42, 43, 44, 45, 46, 47, 48, 49, 50, 51, 52, 53, 54, 55, 56, 57, 58, 59, 60, 61, 62, 63, 64, 65, 66, 67, 68, 69, 70, 71, 72, 73, 74, 75, 76, 77, 78, 79, 80, 81, 82, 83, 84, 85, 86, 87, 88, 89, 90, 91, 92, 93, 94, 95, 96, 97, 98, 99, 100, 101, 102, 103, 104, 105, 106, 107, 108, 109, 110, 111, 112, 113, 114, 115, 116, 117, 118, 119, 120, 121, 122, 123, 124, 125, 126, 127, 128], "total events": 128}, "Vulnerabilities Exploited": {"record name": "Vulnerabilities Exploited",