{"Total Initial Vulnerabilities": 875, "Initial Vulns Per OS": {"centos": {"4": 20, "8": 8, "7": 19, "5": 35, "6": 25, "3": 128}, "ubuntu": {"20.04": 17, "12.04": 33, "10.04": 52, "14.04": 8, "16.04": 43, "18.04": 21}, "windows": {"vista": 24, "8.1": 11, "8": 20, "xp": 192, "10": 12, "7": 13}, "freebsd": {"12": 22, "9": 27, "11": 27, "13": 8, "10": 71, "8": 39}}, "Average Initial RoA Per OS": {"centos": {"4": 0.08126931144411084, "8": 0.032995764924035074, "7": 0.03598173276458541, "5": 0.06428585736155155, "6": 0.05927052155478206, "3": 0.05618638781138531}, "ubuntu": {"20.04": 0.05633381749773368, "12.04": 0.0843773174078619, "10.04": 0.06833688853083192, "14.04": 0.03697277193673262, "16.04": 0.06455232774438993, "18.04": 0.05378020565578282}, "windows": {"vista": 0.04509426087226201, "8.1": 0.027542893206065414, "8": 0.05686838451890709, "xp": 0.0731469971511662, "10": 0.022001107564373453, "7": 0.04330555357222094}, "freebsd": {"12": 0.05043919416756486, "9": 0.05460643920795472, "11": 0.071933115288513, "13": 0.026955339723080594, "10": 0.06918517740507191, "8": 0.06682413903149612}}, "OS Types In Initial Network": {"centos 6": 11, "centos 4": 4, "ubuntu 20.04": 16, "ubuntu 12.04": 6, "windows vista": 4, "ubuntu 10.04": 2, "freebsd 12": 12, "centos 8": 11, "freebsd 9": 8, "ubuntu 18.04": 9, "centos 7": 15, "ubuntu 14.04": 2, "freebsd 10": 18, "ubuntu 16.04": 11, "centos 5": 9, "freebsd 11": 10, "windows 8.1": 7, "windows 8": 7, "freebsd 13": 14, "centos 3": 4, "freebsd 8": 2, "windows xp": 5, "windows 10": 10, "windows 7": 3}, "Initial Hosts Without Vulnerabilities": 45, "Host Compromises": {"record name": "Host Compromises", "x": [2950, 3551, 4429, 6502, 6620, 7598, 8538, 8632, 8728, 10977, 11914, 14049, 19319, 19427, 33577, 37131, 38121, 41311, 41536, 55618, 56443, 61554, 65801, 71053, 72527, 97291, 101354, 108853, 118496, 118646, 119821, 126435, 137376, 144698, 155503, 184328, 187667, 196552, 219836, 226831], "y": [12, 14, 16, 67, 68, 120, 124, 60, 128, 192, 126, 82, 54, 177, 107, 51, 113, 106, 110, 103, 112, 85, 105, 115, 80, 74, 84, 76, 90, 93, 116, 72, 108, 71, 94, 99, 97, 86, 135, 125], "cumulative y": [1, 2, 3, 4, 5, 6, 7, 8, 9, 10, 11, 12, 13, 14, 15, 16, 17, 18, 19, 20, 21, 22, 23, 24, 25, 26, 27, 28, 29, 30, 31, 32, 33, 34, 35, 36, 37, 38, 39, 40], "total events": 40, "not exposed x": [6502, 6620, 7598, 8538, 8632, 8728, 10977, 11914, 14049, 19319, 19427, 33577, 37131, 38121, 41311, 41536, 55618, 56443, 61554, 65801, 71053, 72527, 97291, 101354, 108853, 118496, 118646, 119821, 126435, 137376, 144698, 155503, 184328, 187667, 196552, 219836, 226831], "not exposed y": [67, 68, 120, 124, 60, 128, 192, 126, 82, 54, 177, 107, 51, 113, 106, 110, 103, 112, 85, 105, 115, 80, 74, 84, 76, 90, 93, 116, 72, 108, 71, 94, 99, 97, 86, 135, 125], "cumulative not exposed y": [1, 2, 3, 4, 5, 6, 7, 8, 9, 10, 11, 12, 13, 14, 15, 16, 17, 18, 19, 20, 21, 22, 23, 24, 25, 26, 27, 28, 29, 30, 31, 32, 33, 34, 35, 36, 37], "total not exposed events": 37}, "Vuln Compromises": {"record name": "Vuln Compromises", "x": [2950, 3551, 4429, 6502, 6620, 8538, 8632, 8728, 10977, 14049, 33577, 41311, 41536, 55618, 56443, 61554, 97291, 108853, 118646, 119821, 137376, 155503], "y": [12, 14, 16, 67, 68, 124, 60, 128, 192, 82, 107, 106, 110, 103, 112, 85, 74, 76, 93, 116, 108, 94], "cumulative y": [1, 2, 3, 4, 5, 6, 7, 8, 9, 10, 11, 12, 13, 14, 15, 16, 17, 18, 19, 20, 21, 22], "total events": 22, "not exposed x": [6502, 6620, 8538, 8632, 8728, 10977, 14049, 33577, 41311, 41536, 55618, 56443, 61554, 97291, 108853, 118646, 119821, 137376, 155503], "not exposed y": [67, 68, 124, 60, 128, 192, 82, 107, 106, 110, 103, 112, 85, 74, 76, 93, 116, 108, 94], "cumulative not exposed y": [1, 2, 3, 4, 5, 6, 7, 8, 9, 10, 11, 12, 13, 14, 15, 16, 17, 18, 19], "total not exposed events": 19}, "Reuse Password Compromises": {"record name": "Reuse Password Compromises", "x": [7598, 11914, 19319, 19427, 37131, 38121, 71053, 72527, 101354, 118496, 126435, 144698, 184328, 187667, 196552, 219836, 226831], "y": [120, 126, 54, 177, 51, 113, 115, 80, 84, 90, 72, 71, 99, 97, 86, 135, 125], "cumulative y": [1, 2, 3, 4, 5, 6, 7, 8, 9, 10, 11, 12, 13, 14, 15, 16, 17], "total events": 17, "not exposed x": [7598, 11914, 19319, 19427, 37131, 38121, 71053, 72527, 101354, 118496, 126435, 144698, 184328, 187667, 196552, 219836, 226831], "not exposed y": [120, 126, 54, 177, 51, 113, 115, 80, 84, 90, 72, 71, 99, 97, 86, 135, 125], "cumulative not exposed y": [1, 2, 3, 4, 5, 6, 7, 8, 9, 10, 11, 12, 13, 14, 15, 16, 17], "total not exposed events": 17}, "Password Spray Compromises": {"record name": "Password Spray Compromises", "x": [65801], "y": [105], "cumulative y": [1], "total events": 1, "not exposed x": [65801], "not exposed y": [105], "cumulative not exposed y": [1], "total not exposed events": 1}, "User Account Leaks": {"record name": "User Account Has Been Leaked By Compromise", "x": [2950, 2950, 2950, 2950, 2950, 3551, 3551, 3551, 3551, 3551, 4429, 4429, 4429, 4429, 4429, 6502, 6502, 6502, 6502, 6502, 6620, 6620, 6620, 6620, 6620, 7598, 7598, 7598, 7598, 8538, 8538, 8538, 8538, 8538, 8632, 8632, 8632, 8632, 8728, 8728, 8728, 10977, 10977, 10977, 10977, 10977, 11914, 11914, 11914, 14049, 14049, 14049, 14049, 19319, 19319, 19319, 19427, 19427, 33577, 33577, 33577, 33577, 37131, 37131, 37131, 37131, 38121, 38121, 41311, 41311, 41311, 41311, 41536, 41536, 41536, 55618, 55618, 55618, 55618, 56443, 56443, 61554, 61554, 61554, 61554, 61554, 65801, 71053, 71053, 71053, 72527, 97291, 101354, 101354, 101354, 108853, 108853, 118496, 118496, 118646, 119821, 119821, 126435, 137376, 137376, 137376, 144698, 144698, 144698, 155503, 155503, 155503, 184328, 184328, 184328, 187667, 187667, 196552, 196552, 219836, 219836, 226831], "y": ["Georgetta", "Florie", "Karolina", "Vicky", "Koral", "Rebe", "Ayn", "Devonne", "Roxanne", "Nadiya", "Ketty", "Bridget", "Erinn", "Pet", "Davita", "Aurlie", "Bendite", "Rosabella", "Daffie", "Nickie", "Janeta", "Kendre", "Lavina", "Celeste", "Eudora", "Kira", "Amandi", "Nicola", "Zonnya", "Eadith", "Meade", "Faye", "Ruthie", "Clarita", "Estele", "Herminia", "Karilynn", "Sayre", "Suzie", "Junina", "Janot", "Annadiane", "Georgena", "Annora", "Cyndia", "Carlynn", "Cindie", "Avis", "Kissie", "Tamera", "Katie", "Selma", "Del", "Ebony", "Farrah", "Margaretta", "Ciel", "Kiley", "Clarey", "Damara", "Adey", "Sonnie", "Minerva", "Ladonna", "Carolee", "Catlee", "Bellanca", "Rochette", "Lacee", "Edy", "Daveta", "Deana", "Britni", "Feliza", "Christen", "Dell", "Siobhan", "Cheryl", "Trudy", "Lucilia", "Pippa", "Malissia", "Anallise", "Sarah", "Gerti", "Meghan", "Virgina", "Lorilyn", "Marcelline", "Calley", "Kameko", "Deonne", "Ellette", "Gaynor", "Rena", "Myranda", "Kip", "Dasha", "Iona", "Linet", "Eustacia", "Valina", "Teresa", "Leslie", "Heath", "Lynne", "Sheela", "Irene", "Margette", "Saraann", "Faunie", "Deloria", "Ianthe", "Wendye", "Joana", "Addie", "Fanchette", "Gale", "Netti", "Jennette", "Toby", "Corella"], "cumulative y": [1, 2, 3, 4, 5, 6, 7, 8, 9, 10, 11, 12, 13, 14, 15, 16, 17, 18, 19, 20, 21, 22, 23, 24, 25, 26, 27, 28, 29, 30, 31, 32, 33, 34, 35, 36, 37, 38, 39, 40, 41, 42, 43, 44, 45, 46, 47, 48, 49, 50, 51, 52, 53, 54, 55, 56, 57, 58, 59, 60, 61, 62, 63, 64, 65, 66, 67, 68, 69, 70, 71, 72, 73, 74, 75, 76, 77, 78, 79, 80, 81, 82, 83, 84, 85, 86, 87, 88, 89, 90, 91, 92, 93, 94, 95, 96, 97, 98, 99, 100, 101, 102, 103, 104, 105, 106, 107, 108, 109, 110, 111, 112, 113, 114, 115, 116, 117, 118, 119, 120, 121, 122], "total events": 122}, "Vulnerabilities Exploited": {"record name": "Vulnerabilities Exploited",