{"Total Initial Vulnerabilities": 657, "Initial Vulns Per OS": {"freebsd": {"9": 26, "13": 17, "12": 25, "10": 13, "11": 9, "8": 106}, "windows": {"8.1": 17, "8": 23, "vista": 41, "10": 7, "7": 51, "xp": 32}, "ubuntu": {"18.04": 20, "16.04": 16, "20.04": 26, "14.04": 33, "12.04": 2, "10.04": 23}, "centos": {"6": 29, "8": 13, "3": 49, "4": 26, "7": 6, "5": 47}}, "Average Initial RoA Per OS": {"freebsd": {"9": 0.08270409867538499, "13": 0.05668711932329482, "12": 0.060613863751969616, "10": 0.044270783345489055, "11": 0.06037813318842121, "8": 0.05167242157052779}, "windows": {"8.1": 0.13014521510080468, "8": 0.03203707809936688, "vista": 0.08549372480562328, "10": 0.037343035346552436, "7": 0.059461751577855736, "xp": 0.07853769851723884}, "ubuntu": {"18.04": 0.052643795080070555, "16.04": 0.024991348853552316, "20.04": 0.04330582368068992, "14.04": 0.06728019314490867, "12.04": 0.15968960827622067, "10.04": 0.083455210781584}, "centos": {"6": 0.06326511334185776, "8": 0.03967202394515702, "3": 0.03919019382076805, "4": 0.1053323979245227, "7": 0.14796708492541366, "5": 0.04130114426893208}}, "OS Types In Initial Network": {"freebsd 9": 5, "windows 10": 14, "windows 8.1": 14, "freebsd 13": 16, "ubuntu 18.04": 11, "centos 6": 9, "centos 8": 12, "freebsd 12": 12, "centos 3": 3, "windows 8": 8, "centos 4": 6, "freebsd 10": 6, "windows vista": 8, "freebsd 11": 4, "centos 7": 11, "centos 5": 11, "freebsd 8": 4, "ubuntu 16.04": 7, "ubuntu 20.04": 15, "windows 7": 12, "ubuntu 14.04": 8, "ubuntu 12.04": 2, "ubuntu 10.04": 1, "windows xp": 1}, "Initial Hosts Without Vulnerabilities": 41, "Host Compromises": {"record name": "Host Compromises", "x": [810, 1043, 1250, 1328, 2466, 2612, 8512, 9243, 10085, 10727, 11246, 14476, 16586, 17521, 23101, 23190, 34060, 46028, 54294, 60823, 60925, 66559, 85145, 85291, 86031, 89277, 93473, 97756, 97920, 104091, 108005, 110973, 111180, 145704, 152032, 159942, 167754, 201022, 217784], "y": [7, 9, 11, 79, 119, 120, 12, 13, 16, 18, 104, 113, 115, 123, 87, 140, 88, 72, 68, 92, 181, 103, 98, 99, 73, 96, 52, 100, 101, 60, 117, 86, 89, 188, 126, 77, 57, 147, 71], "cumulative y": [1, 2, 3, 4, 5, 6, 7, 8, 9, 10, 11, 12, 13, 14, 15, 16, 17, 18, 19, 20, 21, 22, 23, 24, 25, 26, 27, 28, 29, 30, 31, 32, 33, 34, 35, 36, 37, 38, 39], "total events": 39, "not exposed x": [1328, 2466, 2612, 11246, 14476, 16586, 17521, 23101, 23190, 34060, 46028, 54294, 60823, 60925, 66559, 85145, 85291, 86031, 89277, 93473, 97756, 97920, 104091, 108005, 110973, 111180, 145704, 152032, 159942, 167754, 201022, 217784], "not exposed y": [79, 119, 120, 104, 113, 115, 123, 87, 140, 88, 72, 68, 92, 181, 103, 98, 99, 73, 96, 52, 100, 101, 60, 117, 86, 89, 188, 126, 77, 57, 147, 71], "cumulative not exposed y": [1, 2, 3, 4, 5, 6, 7, 8, 9, 10, 11, 12, 13, 14, 15, 16, 17, 18, 19, 20, 21, 22, 23, 24, 25, 26, 27, 28, 29, 30, 31, 32], "total not exposed events": 32}, "Vuln Compromises": {"record name": "Vuln Compromises", "x": [810, 1043, 1250, 1328, 2466, 2612, 8512, 9243, 10085, 10727, 14476, 16586, 17521, 23101, 23190, 34060, 54294, 60823, 60925, 66559, 85145, 86031, 89277, 93473, 97920, 104091, 108005, 110973, 111180, 145704, 159942, 167754, 217784], "y": [7, 9, 11, 79, 119, 120, 12, 13, 16, 18, 113, 115, 123, 87, 140, 88, 68, 92, 181, 103, 98, 73, 96, 52, 101, 60, 117, 86, 89, 188, 77, 57, 71], "cumulative y": [1, 2, 3, 4, 5, 6, 7, 8, 9, 10, 11, 12, 13, 14, 15, 16, 17, 18, 19, 20, 21, 22, 23, 24, 25, 26, 27, 28, 29, 30, 31, 32, 33], "total events": 33, "not exposed x": [1328, 2466, 2612, 14476, 16586, 17521, 23101, 23190, 34060, 54294, 60823, 60925, 66559, 85145, 86031, 89277, 93473, 97920, 104091, 108005, 110973, 111180, 145704, 159942, 167754, 217784], "not exposed y": [79, 119, 120, 113, 115, 123, 87, 140, 88, 68, 92, 181, 103, 98, 73, 96, 52, 101, 60, 117, 86, 89, 188, 77, 57, 71], "cumulative not exposed y": [1, 2, 3, 4, 5, 6, 7, 8, 9, 10, 11, 12, 13, 14, 15, 16, 17, 18, 19, 20, 21, 22, 23, 24, 25, 26], "total not exposed events": 26}, "Reuse Password Compromises": {"record name": "Reuse Password Compromises", "x": [85291, 97756, 152032, 201022], "y": [99, 100, 126, 147], "cumulative y": [1, 2, 3, 4], "total events": 4, "not exposed x": [85291, 97756, 152032, 201022], "not exposed y": [99, 100, 126, 147], "cumulative not exposed y": [1, 2, 3, 4], "total not exposed events": 4}, "Password Spray Compromises": {"record name": "Password Spray Compromises", "x": [11246, 46028], "y": [104, 72], "cumulative y": [1, 2], "total events": 2, "not exposed x": [11246, 46028], "not exposed y": [104, 72], "cumulative not exposed y": [1, 2], "total not exposed events": 2}, "User Account Leaks": {"record name": "User Account Has Been Leaked By Compromise", "x": [810, 810, 810, 810, 810, 1043, 1043, 1043, 1043, 1250, 1250, 1250, 1250, 1250, 1328, 1328, 1328, 1328, 1328, 2466, 2466, 2466, 2466, 2466, 2612, 2612, 2612, 2612, 2612, 8512, 8512, 8512, 8512, 9243, 9243, 10085, 10085, 10085, 10085, 10727, 10727, 11246, 11246, 11246, 14476, 14476, 14476, 14476, 16586, 16586, 16586, 17521, 17521, 17521, 17521, 23101, 23101, 23101, 23101, 23101, 23190, 23190, 34060, 34060, 34060, 46028, 46028, 54294, 54294, 54294, 60823, 60823, 60823, 60925, 60925, 60925, 60925, 66559, 66559, 66559, 66559, 85145, 85291, 86031, 86031, 89277, 93473, 93473, 93473, 93473, 97756, 97756, 97920, 104091, 104091, 108005, 108005, 108005, 110973, 110973, 110973, 110973, 111180, 111180, 145704, 152032, 152032, 201022, 201022, 201022, 201022, 217784, 217784], "y": ["Darsie", "Shane", "Gloriane", "Colline", "Tonye", "Ethelda", "Demetria", "Di", "Colene", "Pansie", "Joceline", "Karel", "Blondell", "Zoe", "Holly-Anne", "Bernetta", "Shirley", "Orel", "Abbi", "Jany", "Nert", "Vivyan", "Jodee", "Easter", "Birgit", "Lanny", "Giana", "Daria", "Marne", "Alanna", "Caro", "Maribeth", "Mellisent", "Jessie", "Yolande", "Lina", "Rene", "Bonnee", "Dalenna", "Constancia", "Aviva", "Sara", "Corilla", "Serena", "Carlen", "Daphene", "Ginger", "Auberta", "Eartha", "Halette", "Garland", "Grier", "Stella", "Antoinette", "Desiri", "Coleen", "Harlene", "Maurizia", "Irma", "Trish", "Sidonnie", "Modesta", "Charline", "Birgitta", "Sondra", "Phil", "Nessi", "Merilyn", "Madelyn", "Aileen", "Maris", "Dale", "Lucine", "Theresina", "Kassandra", "Dorothea", "Kaleena", "Milena", "Veronika", "Stephenie", "Damaris", "Maude", "Inga", "Mehetabel", "Pia", "Krista", "Anya", "Tiphani", "Ingunna", "Engracia", "Garnet", "Arleta", "Adore", "Sadie", "Jillana", "Mame", "Helge", "Charmian", "Charlena", "Arabelle", "Janot", "Beverly", "Shirl", "Toby", "Kamillah", "Hilda", "Mimi", "Merridie", "Corri", "Sybilla", "Ted", "Nan", "Kat"], "cumulative y": [1, 2, 3, 4, 5, 6, 7, 8, 9, 10, 11, 12, 13, 14, 15, 16, 17, 18, 19, 20, 21, 22, 23, 24, 25, 26, 27, 28, 29, 30, 31, 32, 33, 34, 35, 36, 37, 38, 39, 40, 41, 42, 43, 44, 45, 46, 47, 48, 49, 50, 51, 52, 53, 54, 55, 56, 57, 58, 59, 60, 61, 62, 63, 64, 65, 66, 67, 68, 69, 70, 71, 72, 73, 74, 75, 76, 77, 78, 79, 80, 81, 82, 83, 84, 85, 86, 87, 88, 89, 90, 91, 92, 93, 94, 95, 96, 97, 98, 99, 100, 101, 102, 103, 104, 105, 106, 107, 108, 109, 110, 111, 112, 113], "total events": 113}, "Vulnerabilities Exploited": {"record name": "Vulnerabilities Exploited", "x": [303, 303, 303, 303, 397, 593, 715, 957, 1043, 1043, 1847, 1847, 1847, 2612, 2612, 2612, 5138, 6098, 6098, 8512, 8512, 8512, 8512, 8512, 8723, 9617, 10444, 10727, 14140, 14476, 16709, 19363, 23101, 34060, 34060, 34287, 35916, 38890, 38890, 39509, 39509, 40367, 40813, 42622, 42622, 43260, 43260, 49247, 49247, 51458, 51458, 54294, 54294, 54955, 57230, 61675, 66559, 71535, 77642, 77642, 77642, 77642, 77642, 77642, 77642, 77642, 80445, 81633, 82328, 82328, 83048, 85474, 89277, 89277, 89277, 93473, 93473, 93473, 94096, 94096, 94096, 94096, 97920, 104091, 112021, 129650, 138593, 146247, 146247, 146247, 159942, 160137, 166206, 167754, 168779, 204618],