{"Total Initial Vulnerabilities": 687, "Initial Vulns Per OS": {"freebsd": {"13": 16, "9": 6, "10": 41, "12": 33, "11": 44, "8": 51}, "centos": {"5": 43, "8": 13, "7": 37, "4": 28, "6": 23, "3": 66}, "windows": {"7": 23, "8": 10, "8.1": 35, "xp": 42, "10": 13, "vista": 5}, "ubuntu": {"10.04": 37, "20.04": 17, "18.04": 12, "12.04": 18, "16.04": 58, "14.04": 16}}, "Average Initial RoA Per OS": {"freebsd": {"13": 0.08220310090997773, "9": 0.052250395008039525, "10": 0.047897607698954764, "12": 0.06665044563752219, "11": 0.044754723606174045, "8": 0.05343343764749964}, "centos": {"5": 0.06617240462282607, "8": 0.02119838376489186, "7": 0.04084606847466973, "4": 0.0617238493784651, "6": 0.029460372263726154, "3": 0.052759955446806575}, "windows": {"7": 0.10968333660282258, "8": 0.023477407297034392, "8.1": 0.046066203915205065, "xp": 0.044758785179050596, "10": 0.025370469226787432, "vista": 0.07410608633210629}, "ubuntu": {"10.04": 0.058163624264397557, "20.04": 0.1014585497710286, "18.04": 0.05015712148908566, "12.04": 0.09647443021171391, "16.04": 0.048882715352964595, "14.04": 0.0818618321751339}}, "OS Types In Initial Network": {"freebsd 13": 14, "centos 5": 12, "windows 7": 7, "windows 10": 14, "freebsd 11": 11, "centos 8": 13, "freebsd 9": 2, "freebsd 10": 8, "centos 7": 15, "windows 8": 8, "freebsd 12": 15, "ubuntu 10.04": 2, "ubuntu 20.04": 13, "windows 8.1": 11, "centos 4": 5, "windows vista": 3, "ubuntu 18.04": 8, "ubuntu 14.04": 5, "ubuntu 12.04": 6, "ubuntu 16.04": 13, "freebsd 8": 1, "centos 6": 9, "windows xp": 2, "centos 3": 3}, "Initial Hosts Without Vulnerabilities": 41, "Host Compromises": {"record name": "Host Compromises", "x": [714, 5054, 6164, 8274, 8702, 9713, 10731, 12058, 13394, 18160, 18276, 21792, 24437, 27729, 27813, 28521, 31744, 38606, 44400, 60311, 71438, 71575, 85660, 91472, 111040, 125249, 125909, 126049, 128599, 135326, 149503, 156615, 165453, 174949, 178479, 180008, 199111, 209526, 209819, 209983, 215431, 222964, 223963, 230161, 237504, 240662], "y": [4, 15, 19, 31, 33, 38, 42, 46, 0, 17, 89, 28, 37, 44, 117, 118, 55, 175, 85, 67, 166, 167, 66, 183, 78, 83, 89, 82, 70, 50, 86, 78, 54, 100, 92, 66, 54, 67, 83, 92, 110, 94, 66, 113, 117, 100], "cumulative y": [1, 2, 3, 4, 5, 6, 7, 8, 9, 10, 11, 12, 13, 14, 15, 16, 17, 18, 19, 20, 21, 22, 23, 24, 25, 26, 27, 28, 29, 30, 31, 32, 33, 34, 35, 36, 37, 38, 39, 40, 41, 42, 43, 44, 45, 46], "total events": 46, "not exposed x": [18276, 27813, 28521, 31744, 38606, 44400, 60311, 71438, 71575, 85660, 91472, 111040, 125249, 125909, 126049, 128599, 135326, 149503, 156615, 165453, 174949, 178479, 180008, 199111, 209526, 209819, 209983, 215431, 222964, 223963, 230161, 237504, 240662], "not exposed y": [89, 117, 118, 55, 175, 85, 67, 166, 167, 66, 183, 78, 83, 89, 82, 70, 50, 86, 78, 54, 100, 92, 66, 54, 67, 83, 92, 110, 94, 66, 113, 117, 100], "cumulative not exposed y": [1, 2, 3, 4, 5, 6, 7, 8, 9, 10, 11, 12, 13, 14, 15, 16, 17, 18, 19, 20, 21, 22, 23, 24, 25, 26, 27, 28, 29, 30, 31, 32, 33], "total not exposed events": 33}, "Vuln Compromises": {"record name": "Vuln Compromises", "x": [714, 5054, 6164, 8274, 8702, 9713, 10731, 13394, 18276, 21792, 28521, 38606, 44400, 60311, 71575, 111040, 125909, 126049, 135326, 149503, 156615, 174949, 178479, 199111, 209526, 209819, 215431, 237504, 240662], "y": [4, 15, 19, 31, 33, 38, 42, 0, 89, 28, 118, 175, 85, 67, 167, 78, 89, 82, 50, 86, 78, 100, 92, 54, 67, 83, 110, 117, 100], "cumulative y": [1, 2, 3, 4, 5, 6, 7, 8, 9, 10, 11, 12, 13, 14, 15, 16, 17, 18, 19, 20, 21, 22, 23, 24, 25, 26, 27, 28, 29], "total events": 29, "not exposed x": [18276, 28521, 38606, 44400, 60311, 71575, 111040, 125909, 126049, 135326, 149503, 156615, 174949, 178479, 199111, 209526, 209819, 215431, 237504, 240662], "not exposed y": [89, 118, 175, 85, 67, 167, 78, 89, 82, 50, 86, 78, 100, 92, 54, 67, 83, 110, 117, 100], "cumulative not exposed y": [1, 2, 3, 4, 5, 6, 7, 8, 9, 10, 11, 12, 13, 14, 15, 16, 17, 18, 19, 20], "total not exposed events": 20}, "Reuse Password Compromises": {"record name": "Reuse Password Compromises", "x": [12058, 18160, 24437, 27729, 27813, 31744, 71438, 85660, 91472, 125249, 128599, 165453, 180008, 209983, 222964, 223963, 230161], "y": [46, 17, 37, 44, 117, 55, 166, 66, 183, 83, 70, 54, 66, 92, 94, 66, 113], "cumulative y": [1, 2, 3, 4, 5, 6, 7, 8, 9, 10, 11, 12, 13, 14, 15, 16, 17], "total events": 17, "not exposed x": [27813, 31744, 71438, 85660, 91472, 125249, 128599, 165453, 180008, 209983, 222964, 223963, 230161], "not exposed y": [117, 55, 166, 66, 183, 83, 70, 54, 66, 92, 94, 66, 113], "cumulative not exposed y": [1, 2, 3, 4, 5, 6, 7, 8, 9, 10, 11, 12, 13], "total not exposed events": 13}, "Password Spray Compromises": {"record name": "Password Spray Compromises", "x": [], "y": [], "cumulative y": [], "total events": 0, "not exposed x": [], "not exposed y": [], "cumulative not exposed y": [], "total not exposed events": 0}, "User Account Leaks": {"record name": "User Account Has Been Leaked By Compromise", "x": [714, 714, 714, 714, 714, 5054, 5054, 5054, 5054, 5054, 6164, 6164, 6164, 6164, 8274, 8274, 8274, 8274, 8274, 8702, 8702, 8702, 9713, 9713, 9713, 9713, 10731, 10731, 10731, 10731, 10731, 12058, 12058, 12058, 13394, 13394, 13394, 18160, 18160, 18276, 18276, 18276, 21792, 21792, 21792, 21792, 24437, 24437, 27729, 27729, 27813, 28521, 28521, 28521, 31744, 31744, 38606, 38606, 38606, 38606, 44400, 44400, 60311, 60311, 60311, 60311, 71438, 71438, 71438, 71438, 71575, 71575, 71575, 71575, 85660, 85660, 91472, 91472, 91472, 111040, 111040, 111040, 111040, 125249, 125249, 125249, 125909, 125909, 126049, 128599, 135326, 135326, 135326, 135326, 149503, 149503, 149503, 156615, 156615, 156615, 156615, 165453, 165453, 165453, 165453, 174949, 178479, 178479, 180008, 180008, 180008, 180008, 199111, 199111, 199111, 199111, 209526, 209526, 209819, 209819, 209983, 209983, 215431, 215431, 215431, 222964, 223963, 230161, 230161, 230161, 230161, 237504, 240662], "y": ["Jaquith", "Robina", "Trudy", "Marney", "Magdaia", "Belicia", "Merrily", "Billie", "Pansie", "Auguste", "Darline", "Maisey", "Selestina", "Lynnea", "Sheree", "Eleni", "Tim", "Catherin", "Anselma", "Sarajane", "Larissa", "Therine", "Anthiathia", "Abagael", "Leila", "Ariela", "Ted", "Shanon", "Betsy", "Fiorenze", "Hyacinth", "Christabella", "Darcee", "Rosaline", "Nicole", "Liz", "Lanita", "Vernice", "Dacy", "Cheslie", "Marillin", "Sascha", "Kaile", "Ulrikaumeko", "Auria", "Dione", "Tildie", "Beatrice", "Vonni", "Nancy", "Peta", "Evey", "Miran", "Gabrielle", "Vivianna", "Calida", "Bebe", "Timi", "Shayla", "Junina", "Dorthy", "Margit", "Kathlin", "Maureen", "Nisse", "Fara", "Clarissa", "Zsa Zsa", "Shandy", "Brooke", "Marybelle", "Winnie", "Hayley", "Fey", "Laney", "Mavis", "Fania", "Ursa", "Melody", "Else", "Adelice", "Leanna", "Chloe", "Jeana", "Nicki", "Dedie", "Bernice", "Shalna", "Suzanne", "Joleen", "Valery", "Jolee", "Floris", "Jobi", "Alta", "Christine", "Doralia", "Tallou", "Brigit", "Gretta", "Cinderella", "Dot", "Keslie", "Konstanze", "Suki", "Nataline", "Lilith", "Milli", "Catherina", "Tricia", "Felicia", "Jessa", "Nikki", "Corly", "Clarine", "Marys", "Kim", "Lucille", "Morgan", "Karissa", "Aida", "Fleurette", "Valma", "Bertha", "Beryl", "Raquel", "Anetta", "Brigitte", "Rita", "Lolita", "Brittan", "Josee", "Ami"], "cumulative y": [1, 2, 3, 4, 5, 6, 7, 8, 9, 10, 11, 12, 13, 14, 15, 16, 17, 18, 19, 20, 21, 22, 23, 24, 25, 26, 27, 28, 29, 30, 31, 32, 33, 34, 35, 36, 37, 38, 39, 40, 41, 42, 43, 44, 45, 46, 47, 48, 49, 50, 51, 52, 53, 54, 55, 56, 57, 58, 59, 60, 61, 62, 63, 64, 65, 66, 67, 68, 69, 70, 71, 72, 73, 74, 75, 76, 77, 78, 79, 80, 81, 82, 83, 84, 85, 86, 87, 88, 89, 90, 91, 92, 93, 94, 95, 96, 97, 98, 99, 100, 101, 102, 103, 104, 105, 106, 107, 108, 109, 110, 111, 112, 113, 114, 115, 116, 117, 118, 119, 120, 121, 122, 123, 124, 125, 126, 127, 128, 129, 130, 131, 132, 133], "total events": 133}, "Vulnerabilities Exploited": {"record name": "Vulnerabilities Exploited",