{"Total Initial Vulnerabilities": 782, "Initial Vulns Per OS": {"centos": {"5": 44, "3": 107, "8": 11, "6": 24, "7": 26, "4": 4}, "ubuntu": {"18.04": 19, "16.04": 44, "20.04": 10, "14.04": 23, "10.04": 36, "12.04": 9}, "freebsd": {"11": 25, "10": 52, "13": 15, "8": 73, "12": 18, "9": 5}, "windows": {"8": 43, "8.1": 10, "7": 44, "xp": 117, "vista": 20, "10": 3}}, "Average Initial RoA Per OS": {"centos": {"5": 0.04471882950616222, "3": 0.06168994413917465, "8": 0.021701644484372576, "6": 0.0821550302018331, "7": 0.07968355715936895, "4": 0.050341245024631616}, "ubuntu": {"18.04": 0.04495338630051426, "16.04": 0.07550041723576606, "20.04": 0.29637888420065006, "14.04": 0.05851904124098456, "10.04": 0.029176638448164698, "12.04": 0.01745756756718556}, "freebsd": {"11": 0.047496037113369916, "10": 0.030919452070434415, "13": 0.030832488064610628, "8": 0.04476220130758836, "12": 0.05106629944685447, "9": 0.02892213109023653}, "windows": {"8": 0.04291149012074622, "8.1": 0.1633194622408209, "7": 0.0329489647179155, "xp": 0.05071833032859631, "vista": 0.02483804176595254, "10": 0.0062495758484078096}}, "OS Types In Initial Network": {"centos 5": 11, "ubuntu 18.04": 8, "ubuntu 16.04": 13, "freebsd 11": 10, "ubuntu 20.04": 19, "windows 8": 13, "centos 8": 22, "freebsd 10": 9, "freebsd 13": 18, "ubuntu 14.04": 7, "centos 3": 4, "windows 8.1": 6, "ubuntu 10.04": 2, "windows 7": 11, "windows 10": 6, "freebsd 8": 4, "centos 6": 8, "windows xp": 5, "centos 7": 7, "ubuntu 12.04": 2, "freebsd 12": 10, "windows vista": 3, "centos 4": 1, "freebsd 9": 1}, "Initial Hosts Without Vulnerabilities": 54, "Host Compromises": {"record name": "Host Compromises", "x": [1517, 2545, 3909, 4199, 6781, 9487, 14361, 15376, 16057, 23990, 29977, 38114, 38774, 40405, 41726, 43520, 44189, 45498, 53734, 53872, 56325, 76796, 77506, 131725, 133612, 141422, 149783, 154987, 163062, 163947, 164822, 165869, 226752, 242503, 246423], "y": [15, 16, 25, 26, 36, 44, 6, 10, 13, 38, 54, 23, 27, 32, 37, 42, 45, 47, 99, 108, 105, 102, 109, 106, 88, 160, 83, 77, 179, 181, 180, 182, 75, 71, 70], "cumulative y": [1, 2, 3, 4, 5, 6, 7, 8, 9, 10, 11, 12, 13, 14, 15, 16, 17, 18, 19, 20, 21, 22, 23, 24, 25, 26, 27, 28, 29, 30, 31, 32, 33, 34, 35], "total events": 35, "not exposed x": [29977, 53734, 53872, 56325, 76796, 77506, 131725, 133612, 141422, 149783, 154987, 163062, 163947, 164822, 165869, 226752, 242503, 246423], "not exposed y": [54, 99, 108, 105, 102, 109, 106, 88, 160, 83, 77, 179, 181, 180, 182, 75, 71, 70], "cumulative not exposed y": [1, 2, 3, 4, 5, 6, 7, 8, 9, 10, 11, 12, 13, 14, 15, 16, 17, 18], "total not exposed events": 18}, "Vuln Compromises": {"record name": "Vuln Compromises", "x": [1517, 2545, 3909, 4199, 6781, 9487, 14361, 16057, 23990, 29977, 38114, 38774, 40405, 41726, 43520, 44189, 53734, 56325, 76796, 77506, 131725, 141422, 149783, 154987, 163947, 164822, 165869, 226752, 246423], "y": [15, 16, 25, 26, 36, 44, 6, 13, 38, 54, 23, 27, 32, 37, 42, 45, 99, 105, 102, 109, 106, 160, 83, 77, 181, 180, 182, 75, 70], "cumulative y": [1, 2, 3, 4, 5, 6, 7, 8, 9, 10, 11, 12, 13, 14, 15, 16, 17, 18, 19, 20, 21, 22, 23, 24, 25, 26, 27, 28, 29], "total events": 29, "not exposed x": [29977, 53734, 56325, 76796, 77506, 131725, 141422, 149783, 154987, 163947, 164822, 165869, 226752, 246423], "not exposed y": [54, 99, 105, 102, 109, 106, 160, 83, 77, 181, 180, 182, 75, 70], "cumulative not exposed y": [1, 2, 3, 4, 5, 6, 7, 8, 9, 10, 11, 12, 13, 14], "total not exposed events": 14}, "Reuse Password Compromises": {"record name": "Reuse Password Compromises", "x": [15376, 53872, 133612, 163062, 242503], "y": [10, 108, 88, 179, 71], "cumulative y": [1, 2, 3, 4, 5], "total events": 5, "not exposed x": [53872, 133612, 163062, 242503], "not exposed y": [108, 88, 179, 71], "cumulative not exposed y": [1, 2, 3, 4], "total not exposed events": 4}, "Password Spray Compromises": {"record name": "Password Spray Compromises", "x": [45498], "y": [47], "cumulative y": [1], "total events": 1, "not exposed x": [], "not exposed y": [], "cumulative not exposed y": [], "total not exposed events": 0}, "User Account Leaks": {"record name": "User Account Has Been Leaked By Compromise", "x": [1517, 1517, 1517, 1517, 1517, 2545, 2545, 2545, 2545, 2545, 3909, 3909, 3909, 3909, 3909, 4199, 4199, 4199, 4199, 4199, 6781, 6781, 6781, 6781, 9487, 9487, 9487, 9487, 9487, 14361, 14361, 14361, 14361, 15376, 15376, 15376, 16057, 16057, 16057, 16057, 23990, 23990, 23990, 29977, 29977, 29977, 29977, 38114, 38114, 38774, 38774, 38774, 38774, 40405, 40405, 41726, 41726, 41726, 41726, 43520, 43520, 43520, 44189, 44189, 44189, 44189, 44189, 45498, 45498, 45498, 45498, 53734, 53734, 53734, 53872, 53872, 53872, 56325, 56325, 56325, 76796, 76796, 77506, 77506, 77506, 131725, 131725, 133612, 133612, 133612, 141422, 141422, 141422, 149783, 149783, 149783, 154987, 163062, 163947, 163947, 163947, 163947, 164822, 164822, 164822, 164822, 164822, 165869, 165869, 226752, 226752, 242503, 242503, 246423], "y": ["Pollyanna", "Verine", "Clemmie", "Kathryn", "Dalila", "Valeda", "Sharla", "Tony", "Izabel", "Rozamond", "Shirlene", "Stevena", "Chloris", "Milly", "Emeline", "Cynthea", "Marji", "Farah", "Marjorie", "Heda", "Clareta", "Lucie", "Ede", "Rori", "Cherish", "Candra", "Katee", "Ekaterina", "Xenia", "Salaidh", "Ailsun", "Katti", "Dedra", "Corinne", "Chelsie", "Adelaida", "Caressa", "Celine", "Guillemette", "Cordey", "Stevana", "Becky", "Melisa", "Addia", "Ynez", "Melisandra", "Nathalia", "Edyth", "Diannne", "Christan", "Elysha", "Adriena", "Kaitlin", "Alia", "Chiarra", "Dinnie", "Carmela", "Opalina", "Tabbi", "Nananne", "Ellynn", "Tiertza", "Susannah", "Karlotta", "Libbey", "Evita", "Grete", "Linell", "Noelyn", "Sondra", "Dido", "Cairistiona", "Lorrin", "Odille", "Alverta", "Beitris", "Amelita", "Dorolice", "Jerrie", "Madlin", "Anne", "Genovera", "Ainsley", "Roxanne", "Nora", "Holli", "Val", "Mame", "Peggy", "Thalia", "Miguelita", "Kessiah", "Brenda", "Rochette", "Annadiana", "Ayn", "Berna", "Blakelee", "Sallie", "Neile", "Manon", "Larisa", "Jean", "Sib", "Lucila", "Aeriel", "Carine", "Angelita", "Arlie", "Babara", "Raquel", "Chere", "Carolyne", "Dalenna"], "cumulative y": [1, 2, 3, 4, 5, 6, 7, 8, 9, 10, 11, 12, 13, 14, 15, 16, 17, 18, 19, 20, 21, 22, 23, 24, 25, 26, 27, 28, 29, 30, 31, 32, 33, 34, 35, 36, 37, 38, 39, 40, 41, 42, 43, 44, 45, 46, 47, 48, 49, 50, 51, 52, 53, 54, 55, 56, 57, 58, 59, 60, 61, 62, 63, 64, 65, 66, 67, 68, 69, 70, 71, 72, 73, 74, 75, 76, 77, 78, 79, 80, 81, 82, 83, 84, 85, 86, 87, 88, 89, 90, 91, 92, 93, 94, 95, 96, 97, 98, 99, 100, 101, 102, 103, 104, 105, 106, 107, 108, 109, 110, 111, 112, 113, 114], "total events": 114}, "Vulnerabilities Exploited": {"record name": "Vulnerabilities Exploited", "x": [254, 303, 344, 908, 908, 908, 1292, 1292, 1517, 1775, 1775, 1775, 1775, 1775, 2545, 2545, 2545, 2545, 2545, 2545, 2545, 2545, 2545, 2545, 2809, 3486, 4199, 4573, 4573, 5826, 6781, 6781, 7265, 7265, 7265, 7801, 7801, 8181, 8181, 10872, 10872, 11936, 11936, 11936, 11936, 12952, 12952, 13689, 15167, 15167, 16057, 17537, 17537, 19116, 19671, 20663, 23497, 23497, 23497, 23990, 25734, 28328, 28328, 28328, 29977, 29977, 29977, 29977, 29977, 31024, 32018, 32018, 32361, 32361, 34715, 38774, 40405, 40405, 41726, 42475, 42475, 43520, 43520, 43520, 43520, 44189, 47462, 55659, 55659, 55659, 55659, 55659, 55659, 56623, 56623, 78017, 135743, 135743, 138862, 141422, 141422, 141422, 142892, 163947, 163947, 164822, 164822, 165174, 165869, 174622, 198860, 226752, 246423, 249022, 249022, 249022, 249022],