{"Total Initial Vulnerabilities": 664, "Initial Vulns Per OS": {"centos": {"4": 16, "6": 42, "7": 28, "5": 32, "3": 63, "8": 12}, "ubuntu": {"18.04": 29, "16.04": 42, "14.04": 20, "20.04": 9, "12.04": 30}, "windows": {"8": 41, "vista": 22, "8.1": 39, "7": 17, "xp": 41, "10": 3}, "freebsd": {"8": 64, "13": 6, "9": 20, "12": 22, "11": 46, "10": 20}}, "Average Initial RoA Per OS": {"centos": {"4": 0.08817310250067852, "6": 0.08772375227847828, "7": 0.019023300618916696, "5": 0.03729088203385648, "3": 0.06914409319600108, "8": 0.045030638860549636}, "ubuntu": {"18.04": 0.0312661331580269, "16.04": 0.1169618983841593, "14.04": 0.07926614482529849, "20.04": 0.022185247173798606, "12.04": 0.053299305610220345}, "windows": {"8": 0.08996338686577018, "vista": 0.040676404459664334, "8.1": 0.03579651969261107, "7": 0.07228609015204278, "xp": 0.07522550535495014, "10": 0.03288432123336965}, "freebsd": {"8": 0.06339652816921047, "13": 0.051273255042841755, "9": 0.05374551346531268, "12": 0.044734267166129674, "11": 0.07500804243063279, "10": 0.0470357606276326}}, "OS Types In Initial Network": {"centos 4": 6, "ubuntu 18.04": 14, "ubuntu 16.04": 12, "windows 7": 8, "ubuntu 14.04": 6, "centos 8": 11, "windows 8": 11, "ubuntu 20.04": 13, "centos 6": 10, "freebsd 8": 2, "centos 7": 16, "ubuntu 12.04": 5, "windows vista": 6, "windows 8.1": 20, "freebsd 13": 13, "centos 5": 7, "freebsd 9": 5, "centos 3": 2, "windows 10": 6, "freebsd 12": 8, "freebsd 10": 8, "freebsd 11": 10, "windows xp": 1}, "Initial Hosts Without Vulnerabilities": 43, "Host Compromises": {"record name": "Host Compromises", "x": [4676, 4855, 8051, 9143, 10874, 18741, 18918, 26782, 29642, 32631, 34893, 57547, 61719, 64157, 77921, 79816, 89411, 95914, 141948, 146664], "y": [20, 23, 36, 38, 41, 9, 10, 35, 99, 103, 6, 21, 34, 44, 26, 31, 1, 15, 7, 19], "cumulative y": [1, 2, 3, 4, 5, 6, 7, 8, 9, 10, 11, 12, 13, 14, 15, 16, 17, 18, 19, 20], "total events": 20, "not exposed x": [29642, 32631], "not exposed y": [99, 103], "cumulative not exposed y": [1, 2], "total not exposed events": 2}, "Vuln Compromises": {"record name": "Vuln Compromises", "x": [4676, 4855, 8051, 9143, 10874, 18741, 18918, 26782, 29642, 32631, 34893, 61719, 77921, 79816], "y": [20, 23, 36, 38, 41, 9, 10, 35, 99, 103, 6, 34, 26, 31], "cumulative y": [1, 2, 3, 4, 5, 6, 7, 8, 9, 10, 11, 12, 13, 14], "total events": 14, "not exposed x": [29642, 32631], "not exposed y": [99, 103], "cumulative not exposed y": [1, 2], "total not exposed events": 2}, "Reuse Password Compromises": {"record name": "Reuse Password Compromises", "x": [57547, 64157, 89411, 95914, 141948, 146664], "y": [21, 44, 1, 15, 7, 19], "cumulative y": [1, 2, 3, 4, 5, 6], "total events": 6, "not exposed x": [], "not exposed y": [], "cumulative not exposed y": [], "total not exposed events": 0}, "Password Spray Compromises": {"record name": "Password Spray Compromises", "x": [], "y": [], "cumulative y": [], "total events": 0, "not exposed x": [], "not exposed y": [], "cumulative not exposed y": [], "total not exposed events": 0}, "User Account Leaks": {"record name": "User Account Has Been Leaked By Compromise", "x": [4676, 4676, 4676, 4676, 4676, 4855, 4855, 4855, 4855, 4855, 8051, 8051, 8051, 8051, 8051, 9143, 9143, 9143, 9143, 9143, 10874, 10874, 10874, 10874, 18741, 18741, 18918, 18918, 18918, 26782, 26782, 26782, 26782, 26782, 29642, 29642, 29642, 29642, 32631, 32631, 32631, 32631, 32631, 34893, 34893, 34893, 34893, 57547, 57547, 57547, 57547, 61719, 61719, 61719, 61719, 61719, 64157, 64157, 77921, 77921, 77921, 79816, 79816, 79816, 79816, 79816, 89411, 89411, 89411, 95914, 95914, 95914, 141948, 141948, 141948, 146664, 146664], "y": ["Denys", "Nathalie", "Kaylyn", "Consuela", "Ann-Marie", "Janine", "Wendye", "Loleta", "Amy", "Devinne", "Veronika", "Bobbette", "Margaretha", "Carlota", "Heather", "Cally", "Winnie", "Dawn", "Adaline", "Shani", "Elinore", "Mary", "Rosetta", "Dorita", "Clarine", "Kiah", "Bessie", "Edna", "Piper", "Aurel", "Teddie", "Cybill", "Ursola", "Othilia", "Aigneis", "Maurizia", "Luise", "Merrie", "Aime", "Lexie", "Moselle", "Mathilde", "Billie", "Olwen", "Nolie", "Willetta", "Morganica", "Noami", "Sheelah", "Isidora", "Tierney", "Petronia", "Agnesse", "Chastity", "Malory", "Catie", "Dorry", "Jessy", "Lelah", "Hesther", "Nisse", "Norrie", "Valene", "Carlina", "Karel", "Sibylle", "Muffin", "Moll", "Karrie", "Kaitlin", "Aretha", "Eartha", "Claribel", "Grethel", "Claudetta", "Eula", "Nelie"], "cumulative y": [1, 2, 3, 4, 5, 6, 7, 8, 9, 10, 11, 12, 13, 14, 15, 16, 17, 18, 19, 20, 21, 22, 23, 24, 25, 26, 27, 28, 29, 30, 31, 32, 33, 34, 35, 36, 37, 38, 39, 40, 41, 42, 43, 44, 45, 46, 47, 48, 49, 50, 51, 52, 53, 54, 55, 56, 57, 58, 59, 60, 61, 62, 63, 64, 65, 66, 67, 68, 69, 70, 71, 72, 73, 74, 75, 76, 77], "total events": 77}, "Vulnerabilities Exploited": {"record name": "Vulnerabilities Exploited", "x": [247, 966, 966, 1509, 2975, 2975, 2975, 2975, 2975, 2975, 2975, 2975, 2975, 2975, 2975, 2975, 2975, 2975, 2975, 2975, 2975, 2975, 2975, 2975, 2975, 3149, 3149, 3336, 3336, 3336, 3416, 3416, 3449, 4614, 4614, 4676, 4855, 4909, 5032, 6427, 6427, 6427, 6427, 6427, 6427, 6427, 6427, 6427, 6427, 6427, 6427, 6427, 6427, 6427, 6887, 6887, 7108, 7487, 9143, 9143, 9143, 9143, 9143, 9143, 9200, 9513, 9513, 10874, 10874, 10874, 10874, 10874, 10874, 10874, 10874, 10874, 10874, 10874, 10874, 10874, 10874, 10874, 12110, 15349, 17392, 18741, 18741, 18741, 18741, 18741, 18741, 18741, 18741, 18741, 18741, 18741, 18741, 18741, 18741, 18918, 20681, 24765, 24765, 24765, 24765, 24765, 24765, 24765, 24765, 26782, 27896, 29642, 31774, 31774, 32331, 32631, 33530, 35534, 35534, 37184, 41490, 43324, 43324, 45160, 52045, 52045, 52045, 53906, 55477, 55969, 55969, 55969, 58645, 59463, 60241, 60241, 61847, 77921, 79816, 83454, 87164, 92470, 95477, 114344, 118956, 124795, 124795], "cumulative exploited vulns": [1, 2, 3, 4, 5, 6, 7, 8, 9, 10, 11, 12, 13, 14, 15, 16, 17, 18, 19, 20, 21, 22, 23, 24, 25, 26, 27, 28, 29, 30, 31, 32, 33, 34, 35, 36, 37, 38, 39, 40, 41, 42, 43, 44, 45, 46, 47, 48, 49, 50, 51, 52, 53, 54, 55, 56, 57, 58, 59, 60, 61, 62, 63, 64, 65, 66, 67, 68, 69, 70, 71, 72, 73, 74, 75, 76, 77, 78, 79, 80, 81, 82, 83, 84, 85, 86, 87, 88, 89, 90, 91, 92, 93, 94, 95, 96, 97, 98, 99, 100, 101, 102, 103, 104, 105, 106, 107, 108, 109, 110, 111, 112, 113, 114, 115, 116, 117, 118, 119, 120, 121, 122, 123, 124, 125, 126, 127, 128, 129, 130, 131, 132, 133, 134, 135, 136, 137, 138, 139, 140, 141, 142, 143, 144, 145, 146, 147],