{"Total Initial Vulnerabilities": 718, "Initial Vulns Per OS": {"windows": {"8.1": 33, "7": 12, "8": 9, "10": 28, "vista": 40, "xp": 38}, "centos": {"8": 29, "7": 24, "6": 24, "3": 39, "4": 22, "5": 37}, "freebsd": {"10": 26, "13": 14, "12": 30, "9": 2, "11": 38, "8": 30}, "ubuntu": {"12.04": 25, "18.04": 65, "20.04": 19, "10.04": 95, "16.04": 14, "14.04": 25}}, "Average Initial RoA Per OS": {"windows": {"8.1": 0.0642273958261962, "7": 0.014726402608090293, "8": 0.07131922834020309, "10": 0.03798766422378624, "vista": 0.04057187043414837, "xp": 0.04227721920141386}, "centos": {"8": 0.03258330491412736, "7": 0.0751899190298463, "6": 0.0551391252238915, "3": 0.03523987714089484, "4": 0.044530683655551045, "5": 0.0568239063172482}, "freebsd": {"10": 0.02123935401303242, "13": 0.045094109755451584, "12": 0.060073297445537056, "9": 0.013154697217428344, "11": 0.06086480267873961, "8": 0.049698090239414586}, "ubuntu": {"12.04": 0.058890380274958735, "18.04": 0.09001557794965366, "20.04": 0.05355606879456074, "10.04": 0.06854512973715268, "16.04": 0.0742519413430399, "14.04": 0.07602741903092079}}, "OS Types In Initial Network": {"windows 8.1": 15, "centos 8": 14, "freebsd 10": 5, "ubuntu 12.04": 6, "centos 7": 11, "ubuntu 18.04": 21, "freebsd 13": 15, "windows 7": 3, "windows 8": 5, "windows 10": 16, "centos 6": 11, "ubuntu 20.04": 12, "centos 3": 2, "windows vista": 7, "ubuntu 10.04": 4, "ubuntu 16.04": 8, "freebsd 12": 11, "centos 4": 4, "ubuntu 14.04": 7, "freebsd 9": 1, "centos 5": 9, "windows xp": 1, "freebsd 11": 10, "freebsd 8": 2}, "Initial Hosts Without Vulnerabilities": 36, "Host Compromises": {"record name": "Host Compromises", "x": [2785, 4980, 8638, 10222, 14845, 16353, 18218, 18296, 19239, 19658, 20775, 28253, 31466, 31897, 53342, 56022, 60702, 62616, 67114, 102389, 103623, 160266, 167820, 172385, 178933, 189319, 218853, 223822, 228724], "y": [20, 33, 45, 5, 27, 29, 37, 38, 42, 43, 108, 46, 78, 74, 164, 111, 75, 149, 175, 146, 141, 110, 145, 162, 107, 106, 158, 104, 157], "cumulative y": [1, 2, 3, 4, 5, 6, 7, 8, 9, 10, 11, 12, 13, 14, 15, 16, 17, 18, 19, 20, 21, 22, 23, 24, 25, 26, 27, 28, 29], "total events": 29, "not exposed x": [20775, 31466, 31897, 53342, 56022, 60702, 62616, 67114, 102389, 103623, 160266, 167820, 172385, 178933, 189319, 218853, 223822, 228724], "not exposed y": [108, 78, 74, 164, 111, 75, 149, 175, 146, 141, 110, 145, 162, 107, 106, 158, 104, 157], "cumulative not exposed y": [1, 2, 3, 4, 5, 6, 7, 8, 9, 10, 11, 12, 13, 14, 15, 16, 17, 18], "total not exposed events": 18}, "Vuln Compromises": {"record name": "Vuln Compromises", "x": [2785, 4980, 8638, 10222, 16353, 18218, 19239, 19658, 28253, 31466, 53342, 56022, 60702, 67114, 102389, 160266, 167820, 172385, 178933, 223822, 228724], "y": [20, 33, 45, 5, 29, 37, 42, 43, 46, 78, 164, 111, 75, 175, 146, 110, 145, 162, 107, 104, 157], "cumulative y": [1, 2, 3, 4, 5, 6, 7, 8, 9, 10, 11, 12, 13, 14, 15, 16, 17, 18, 19, 20, 21], "total events": 21, "not exposed x": [31466, 53342, 56022, 60702, 67114, 102389, 160266, 167820, 172385, 178933, 223822, 228724], "not exposed y": [78, 164, 111, 75, 175, 146, 110, 145, 162, 107, 104, 157], "cumulative not exposed y": [1, 2, 3, 4, 5, 6, 7, 8, 9, 10, 11, 12], "total not exposed events": 12}, "Reuse Password Compromises": {"record name": "Reuse Password Compromises", "x": [18296, 20775, 31897, 62616, 103623, 218853], "y": [38, 108, 74, 149, 141, 158], "cumulative y": [1, 2, 3, 4, 5, 6], "total events": 6, "not exposed x": [20775, 31897, 62616, 103623, 218853], "not exposed y": [108, 74, 149, 141, 158], "cumulative not exposed y": [1, 2, 3, 4, 5], "total not exposed events": 5}, "Password Spray Compromises": {"record name": "Password Spray Compromises", "x": [14845, 189319], "y": [27, 106], "cumulative y": [1, 2], "total events": 2, "not exposed x": [189319], "not exposed y": [106], "cumulative not exposed y": [1], "total not exposed events": 1}, "User Account Leaks": {"record name": "User Account Has Been Leaked By Compromise", "x": [2785, 2785, 2785, 2785, 2785, 4980, 4980, 4980, 4980, 4980, 8638, 8638, 8638, 8638, 8638, 10222, 10222, 10222, 10222, 10222, 14845, 14845, 14845, 14845, 16353, 16353, 16353, 16353, 16353, 18218, 18218, 18218, 18218, 18218, 18296, 18296, 18296, 18296, 19239, 19239, 19658, 19658, 19658, 19658, 20775, 28253, 28253, 28253, 31466, 31466, 31466, 31466, 31466, 31897, 31897, 53342, 53342, 56022, 56022, 56022, 56022, 60702, 60702, 60702, 60702, 62616, 62616, 62616, 67114, 67114, 102389, 102389, 103623, 103623, 103623, 103623, 160266, 160266, 160266, 160266, 167820, 167820, 167820, 167820, 172385, 172385, 172385, 172385, 178933, 178933, 178933, 189319, 218853, 218853, 218853, 223822, 223822, 228724], "y": ["Alverta", "Shana", "Jody", "Doralia", "Ingrid", "Olly", "Blair", "Lyndsie", "Demetris", "Melodee", "Nari", "Rebecka", "Rhianon", "Harmony", "Jacqui", "Jaymee", "Natalina", "Bryn", "Chery", "Mirilla", "Celia", "Lorain", "Beth", "Laurena", "Hayley", "Cassandre", "Ivette", "Rosalinde", "Melisent", "Livvyy", "Patrica", "Lilas", "Franny", "Merrill", "Karita", "Annamaria", "Denise", "Cicely", "Farica", "Marj", "Dyanna", "Harmonia", "Trixie", "Annnora", "Joli", "Fallon", "Stacie", "Kelcey", "Eleonora", "Lib", "Stephana", "Dosi", "Marga", "Venita", "Susana", "Yolanthe", "Dion", "Colette", "Mollee", "Blondelle", "Anastasie", "Essie", "Milicent", "Seana", "Davina", "Ettie", "Giacinta", "Konstance", "Lexine", "Cesya", "Anett", "Norri", "Bobette", "Bab", "Dael", "Ethelyn", "Rosalie", "Daphene", "Nonnah", "Fidelity", "Candice", "Norean", "Denice", "Wanids", "Fanya", "Mable", "Henrieta", "Eddi", "Chloette", "Lesya", "Avril", "Hortense", "Ludovika", "Tiffi", "Adrea", "Chelsey", "Steffane", "Lilith"], "cumulative y": [1, 2, 3, 4, 5, 6, 7, 8, 9, 10, 11, 12, 13, 14, 15, 16, 17, 18, 19, 20, 21, 22, 23, 24, 25, 26, 27, 28, 29, 30, 31, 32, 33, 34, 35, 36, 37, 38, 39, 40, 41, 42, 43, 44, 45, 46, 47, 48, 49, 50, 51, 52, 53, 54, 55, 56, 57, 58, 59, 60, 61, 62, 63, 64, 65, 66, 67, 68, 69, 70, 71, 72, 73, 74, 75, 76, 77, 78, 79, 80, 81, 82, 83, 84, 85, 86, 87, 88, 89, 90, 91, 92, 93, 94, 95, 96, 97, 98], "total events": 98}, "Vulnerabilities Exploited": {"record name": "Vulnerabilities Exploited", "x": [122, 185, 281, 405, 405, 593, 863, 863, 1421, 1956, 2785, 2785, 3002, 3002, 3615, 3615, 3615, 4248, 4248, 4343, 4625, 4625, 4625, 4625, 4896, 4980, 4980, 5872, 6047, 6923, 6923, 6923, 6923, 6923, 6923, 8638, 8638, 8638, 8638, 8638, 8638, 8638, 8638, 8638, 8638, 8638, 8638, 8638, 8638, 8638, 8638, 8638, 8638, 8638, 8638, 8638, 10222, 11035, 11222, 11496, 11496, 11496, 11496, 12410, 12754, 14188, 14188, 14188, 16569, 16569, 18218, 19239, 19658, 23333, 26463, 26463, 28253, 28253, 29746, 40804, 42651, 43434, 49309, 49309, 49309, 57273, 57743, 57743, 57743, 60702, 63209, 67114, 67487, 68696, 71877, 75834, 77281, 82562, 87517, 87517, 102617, 102617, 119795, 122963, 127632, 134669, 134669, 134669, 163604, 214701, 215354, 221919, 221919, 228913], "cumulative exploited vulns": [1, 2, 3, 4, 5, 6, 7, 8, 9, 10, 11, 12, 13, 14, 15, 16, 17, 18, 19, 20, 21, 22, 23, 24, 25, 26, 27, 28, 29, 30, 31, 32, 33, 34, 35, 36, 37, 38, 39, 40, 41, 42, 43, 44, 45, 46, 47, 48, 49, 50, 51, 52, 53, 54, 55, 56, 57, 58, 59, 60, 61, 62, 63, 64, 65, 66, 67, 68, 69, 70, 71, 72, 73, 74, 75, 76, 77, 78, 79, 80, 81, 82, 83, 84, 85, 86, 87, 88, 89, 90, 91, 92, 93, 94, 95, 96, 97, 98, 99, 100, 101, 102, 103, 104, 105, 106, 107, 108, 109, 110, 111, 112, 113, 114],