{"Total Initial Vulnerabilities": 615, "Initial Vulns Per OS": {"windows": {"8.1": 19, "10": 15, "8": 32, "vista": 31, "7": 26, "xp": 50}, "centos": {"8": 24, "6": 10, "5": 21, "7": 34, "4": 29, "3": 4}, "ubuntu": {"20.04": 22, "14.04": 26, "18.04": 9, "12.04": 38, "16.04": 8, "10.04": 33}, "freebsd": {"10": 41, "13": 25, "12": 22, "9": 24, "8": 50, "11": 22}}, "Average Initial RoA Per OS": {"windows": {"8.1": 0.030752092179022434, "10": 0.07130982691171478, "8": 0.09862612164236785, "vista": 0.03242365148737109, "7": 0.048529459418319945, "xp": 0.058529105422754954}, "centos": {"8": 0.032915523209966546, "6": 0.008683619456725706, "5": 0.05257056162121686, "7": 0.06823096307843558, "4": 0.032138718887927145, "3": 0.03648484756442634}, "ubuntu": {"20.04": 0.04197249495650172, "14.04": 0.03369590363427526, "18.04": 0.04485145605660075, "12.04": 0.06743998829888005, "16.04": 0.040658587245977686, "10.04": 0.05674574128757483}, "freebsd": {"10": 0.029502010360856097, "13": 0.03788832500205995, "12": 0.09092782308751769, "9": 0.03253731023627552, "8": 0.05971512132440143, "11": 0.06322900950249892}}, "OS Types In Initial Network": {"windows 8.1": 14, "centos 8": 21, "ubuntu 20.04": 16, "windows 10": 8, "ubuntu 14.04": 6, "centos 6": 6, "freebsd 10": 8, "windows 8": 10, "centos 5": 5, "freebsd 13": 19, "ubuntu 18.04": 8, "freebsd 12": 13, "freebsd 11": 14, "centos 7": 16, "freebsd 9": 5, "freebsd 8": 2, "ubuntu 12.04": 7, "windows vista": 3, "centos 4": 5, "centos 3": 1, "windows 7": 4, "ubuntu 16.04": 6, "windows xp": 2, "ubuntu 10.04": 1}, "Initial Hosts Without Vulnerabilities": 44, "Host Compromises": {"record name": "Host Compromises", "x": [1110, 4603, 5923, 8446, 9261, 9341, 12739, 16377, 18853, 20859, 22370, 26597, 28080, 28728, 49447, 49868, 52185, 55659, 55777, 56336, 56961, 65187, 73935, 77185, 77369, 78546, 78673, 84225, 85014, 89115, 89265, 89423, 89557, 91103, 94663, 104737, 104918, 112012, 129018, 129950, 143565, 151003, 155323, 157279, 170121, 170324, 171384, 171585, 171772, 174873, 176014, 213537], "y": [6, 24, 31, 42, 47, 48, 5, 14, 19, 28, 30, 40, 46, 121, 37, 130, 44, 68, 69, 198, 71, 126, 4, 12, 13, 15, 131, 25, 27, 36, 38, 39, 41, 45, 107, 140, 60, 135, 89, 50, 51, 106, 62, 145, 58, 86, 87, 151, 153, 77, 180, 92], "cumulative y": [1, 2, 3, 4, 5, 6, 7, 8, 9, 10, 11, 12, 13, 14, 15, 16, 17, 18, 19, 20, 21, 22, 23, 24, 25, 26, 27, 28, 29, 30, 31, 32, 33, 34, 35, 36, 37, 38, 39, 40, 41, 42, 43, 44, 45, 46, 47, 48, 49, 50, 51, 52], "total events": 52, "not exposed x": [28728, 49868, 55659, 55777, 56336, 56961, 65187, 78673, 94663, 104737, 104918, 112012, 129018, 129950, 143565, 151003, 155323, 157279, 170121, 170324, 171384, 171585, 171772, 174873, 176014, 213537], "not exposed y": [121, 130, 68, 69, 198, 71, 126, 131, 107, 140, 60, 135, 89, 50, 51, 106, 62, 145, 58, 86, 87, 151, 153, 77, 180, 92], "cumulative not exposed y": [1, 2, 3, 4, 5, 6, 7, 8, 9, 10, 11, 12, 13, 14, 15, 16, 17, 18, 19, 20, 21, 22, 23, 24, 25, 26], "total not exposed events": 26}, "Vuln Compromises": {"record name": "Vuln Compromises", "x": [1110, 4603, 5923, 8446, 9261, 9341, 12739, 16377, 18853, 20859, 22370, 26597, 28080, 28728, 49447, 55659, 56961, 65187, 77369, 85014, 89115, 89265, 91103, 94663, 104737, 104918, 129018, 129950, 143565, 151003, 157279, 170121, 170324, 171585], "y": [6, 24, 31, 42, 47, 48, 5, 14, 19, 28, 30, 40, 46, 121, 37, 68, 71, 126, 13, 27, 36, 38, 45, 107, 140, 60, 89, 50, 51, 106, 145, 58, 86, 151], "cumulative y": [1, 2, 3, 4, 5, 6, 7, 8, 9, 10, 11, 12, 13, 14, 15, 16, 17, 18, 19, 20, 21, 22, 23, 24, 25, 26, 27, 28, 29, 30, 31, 32, 33, 34], "total events": 34, "not exposed x": [28728, 55659, 56961, 65187, 94663, 104737, 104918, 129018, 129950, 143565, 151003, 157279, 170121, 170324, 171585], "not exposed y": [121, 68, 71, 126, 107, 140, 60, 89, 50, 51, 106, 145, 58, 86, 151], "cumulative not exposed y": [1, 2, 3, 4, 5, 6, 7, 8, 9, 10, 11, 12, 13, 14, 15], "total not exposed events": 15}, "Reuse Password Compromises": {"record name": "Reuse Password Compromises", "x": [52185, 55777, 73935, 77185, 78673, 84225, 89423, 89557, 112012, 155323, 171384, 171772, 174873, 176014], "y": [44, 69, 4, 12, 131, 25, 39, 41, 135, 62, 87, 153, 77, 180], "cumulative y": [1, 2, 3, 4, 5, 6, 7, 8, 9, 10, 11, 12, 13, 14], "total events": 14, "not exposed x": [55777, 78673, 112012, 155323, 171384, 171772, 174873, 176014], "not exposed y": [69, 131, 135, 62, 87, 153, 77, 180], "cumulative not exposed y": [1, 2, 3, 4, 5, 6, 7, 8], "total not exposed events": 8}, "Password Spray Compromises": {"record name": "Password Spray Compromises", "x": [49868, 56336, 78546, 213537], "y": [130, 198, 15, 92], "cumulative y": [1, 2, 3, 4], "total events": 4, "not exposed x": [49868, 56336, 213537], "not exposed y": [130, 198, 92], "cumulative not exposed y": [1, 2, 3], "total not exposed events": 3}, "User Account Leaks": {"record name": "User Account Has Been Leaked By Compromise", "x": [1110, 1110, 1110, 1110, 1110, 4603, 4603, 4603, 4603, 4603, 5923, 5923, 5923, 5923, 5923, 8446, 8446, 8446, 8446, 9261, 9261, 9261, 9261, 9261, 9341, 9341, 9341, 12739, 12739, 12739, 12739, 16377, 16377, 16377, 18853, 18853, 18853, 18853, 18853, 20859, 20859, 20859, 20859, 20859, 22370, 22370, 22370, 22370, 26597, 26597, 26597, 26597, 26597, 28080, 28080, 28080, 28728, 28728, 49447, 49447, 49868, 49868, 49868, 52185, 52185, 52185, 52185, 55659, 55659, 55659, 55777, 55777, 55777, 56336, 56336, 56961, 56961, 56961, 65187, 65187, 73935, 77185, 77185, 77369, 77369, 77369, 78546, 78546, 78546, 78673, 78673, 84225, 84225, 84225, 85014, 85014, 85014, 85014, 89115, 89115, 89115, 89115, 89265, 89265, 89265, 89265, 89423, 89557, 89557, 89557, 91103, 91103, 94663, 94663, 94663, 94663, 94663, 104737, 129018, 129018, 129018, 129018, 129950, 129950, 129950, 143565, 143565, 151003, 151003, 151003, 155323, 155323, 157279, 157279, 157279, 170121, 170121, 170324, 170324, 171585, 171585, 174873, 213537], "y": ["Giana", "Ardelia", "Ddene", "Rori", "Clarinda", "Raye", "Miquela", "Cathryn", "Amalee", "Marni", "Maggee", "Breanne", "Inessa", "Gayel", "Kai", "Imelda", "Leontine", "Shaina", "Maryann", "Suzette", "Clara", "Antonietta", "Ingrid", "Maud", "Anthiathia", "Noreen", "Edie", "Michaeline", "Vivianne", "Gretta", "Rosamund", "Katti", "Lita", "Hyacinth", "Marlyn", "Lyndsey", "Sukey", "Justinn", "Gena", "Betty", "Stefanie", "Kaycee", "Tove", "Kimberli", "Orelee", "Karrie", "Minnaminnie", "Julita", "Lorry", "Catharine", "Oona", "Dee Dee", "Jillana", "Gabriella", "Maitilde", "Melisse", "Lindy", "Tiffy", "Vikki", "Claudelle", "Morganne", "Rosette", "Haily", "Minni", "Raynell", "Florri", "Davida", "Marthena", "Elfie", "Sheila", "Danielle", "Ollie", "Andriette", "Oriana", "Giulietta", "Marielle", "Luz", "Nikolia", "Marian", "Cybill", "Willow", "Catie", "Sonny", "Brittani", "Charlene", "Barrie", "Taryn", "Jenni", "Antonie", "Shaylah", "Georgia", "Lonnie", "Madlen", "Cathrin", "Lisabeth", "Birdie", "Kally", "Una", "Meagan", "Inge", "Rora", "Mallorie", "Rosamond", "Randa", "Noelle", "Sonnnie", "Helge", "Karen", "Tamera", "Dareen", "Marika", "Doris", "Brinn", "Prudi", "Olly", "Leola", "Cherish", "Theresina", "Aundrea", "Marilin", "Thea", "Winna", "Drusi", "Kimberley", "Delila", "Rosabelle", "Deloria", "Delcina", "Pearla", "Esther", "Ilise", "Karie", "Raquel", "Nataline", "Marie", "Darlene", "Heida", "Cate", "Saundra", "Robenia", "Dorothea", "Kathlin", "Mathilda"],