{"Total Initial Vulnerabilities": 611, "Initial Vulns Per OS": {"ubuntu": {"16.04": 23, "10.04": 7, "14.04": 35, "20.04": 6, "12.04": 10, "18.04": 18}, "freebsd": {"12": 35, "9": 32, "13": 11, "10": 14, "8": 77, "11": 16}, "centos": {"6": 40, "8": 7, "7": 14, "5": 31, "3": 113, "4": 5}, "windows": {"10": 13, "8": 27, "8.1": 32, "7": 24, "vista": 13, "xp": 8}}, "Average Initial RoA Per OS": {"ubuntu": {"16.04": 0.05201527335152277, "10.04": 0.0657378464125355, "14.04": 0.059606198308058404, "20.04": 0.06149541822064405, "12.04": 0.04061602056131511, "18.04": 0.20176046538221953}, "freebsd": {"12": 0.09701134395668236, "9": 0.027632443864105113, "13": 0.10008248143824337, "10": 0.019552541343279228, "8": 0.06629818816630452, "11": 0.07157581366469871}, "centos": {"6": 0.04661035571048243, "8": 0.05083544030731911, "7": 0.1692356158539594, "5": 0.05929377875779587, "3": 0.0593107633633583, "4": 0.014272976101316}, "windows": {"10": 0.13005448051503582, "8": 0.038718666713873647, "8.1": 0.09672078237896814, "7": 0.060599451496032165, "vista": 0.07695840879468016, "xp": 0.056998743474114925}}, "OS Types In Initial Network": {"ubuntu 16.04": 5, "centos 7": 11, "freebsd 12": 15, "centos 6": 15, "centos 8": 13, "ubuntu 18.04": 11, "freebsd 9": 7, "freebsd 13": 17, "freebsd 10": 5, "windows 10": 16, "windows 8": 8, "windows 8.1": 18, "windows 7": 7, "ubuntu 10.04": 1, "ubuntu 14.04": 9, "ubuntu 20.04": 11, "centos 5": 8, "ubuntu 12.04": 4, "freebsd 8": 4, "windows vista": 4, "centos 3": 3, "freebsd 11": 6, "windows xp": 1, "centos 4": 1}, "Initial Hosts Without Vulnerabilities": 47, "Host Compromises": {"record name": "Host Compromises", "x": [1465, 3231, 4739, 5396, 7872, 14417, 14491, 21159, 29578, 29944, 30252, 42596, 43559, 44904, 45830, 48656, 59462, 59584, 65219, 81909, 82058, 83789, 87539, 92555, 96142, 123396, 133834, 135866, 153619, 153781, 169454, 186225, 187125, 187310, 220312, 245980], "y": [9, 23, 33, 37, 48, 18, 57, 41, 16, 19, 72, 28, 29, 32, 76, 78, 43, 44, 81, 6, 73, 7, 14, 77, 79, 193, 50, 155, 89, 90, 60, 74, 51, 62, 120, 119], "cumulative y": [1, 2, 3, 4, 5, 6, 7, 8, 9, 10, 11, 12, 13, 14, 15, 16, 17, 18, 19, 20, 21, 22, 23, 24, 25, 26, 27, 28, 29, 30, 31, 32, 33, 34, 35, 36], "total events": 36, "not exposed x": [14491, 30252, 45830, 48656, 65219, 82058, 92555, 96142, 123396, 133834, 135866, 153619, 153781, 169454, 186225, 187125, 187310, 220312, 245980], "not exposed y": [57, 72, 76, 78, 81, 73, 77, 79, 193, 50, 155, 89, 90, 60, 74, 51, 62, 120, 119], "cumulative not exposed y": [1, 2, 3, 4, 5, 6, 7, 8, 9, 10, 11, 12, 13, 14, 15, 16, 17, 18, 19], "total not exposed events": 19}, "Vuln Compromises": {"record name": "Vuln Compromises", "x": [1465, 3231, 4739, 5396, 7872, 14417, 14491, 21159, 29578, 29944, 30252, 42596, 43559, 44904, 48656, 59462, 59584, 65219, 81909, 82058, 87539, 92555, 96142, 123396, 133834, 135866, 153619, 153781, 169454, 187310, 220312, 245980], "y": [9, 23, 33, 37, 48, 18, 57, 41, 16, 19, 72, 28, 29, 32, 78, 43, 44, 81, 6, 73, 14, 77, 79, 193, 50, 155, 89, 90, 60, 62, 120, 119], "cumulative y": [1, 2, 3, 4, 5, 6, 7, 8, 9, 10, 11, 12, 13, 14, 15, 16, 17, 18, 19, 20, 21, 22, 23, 24, 25, 26, 27, 28, 29, 30, 31, 32], "total events": 32, "not exposed x": [14491, 30252, 48656, 65219, 82058, 92555, 96142, 123396, 133834, 135866, 153619, 153781, 169454, 187310, 220312, 245980], "not exposed y": [57, 72, 78, 81, 73, 77, 79, 193, 50, 155, 89, 90, 60, 62, 120, 119], "cumulative not exposed y": [1, 2, 3, 4, 5, 6, 7, 8, 9, 10, 11, 12, 13, 14, 15, 16], "total not exposed events": 16}, "Reuse Password Compromises": {"record name": "Reuse Password Compromises", "x": [45830, 83789, 187125], "y": [76, 7, 51], "cumulative y": [1, 2, 3], "total events": 3, "not exposed x": [45830, 187125], "not exposed y": [76, 51], "cumulative not exposed y": [1, 2], "total not exposed events": 2}, "Password Spray Compromises": {"record name": "Password Spray Compromises", "x": [186225], "y": [74], "cumulative y": [1], "total events": 1, "not exposed x": [186225], "not exposed y": [74], "cumulative not exposed y": [1], "total not exposed events": 1}, "User Account Leaks": {"record name": "User Account Has Been Leaked By Compromise", "x": [1465, 1465, 1465, 1465, 1465, 3231, 3231, 3231, 3231, 3231, 4739, 4739, 4739, 4739, 4739, 5396, 5396, 5396, 7872, 7872, 7872, 7872, 7872, 14417, 14417, 14417, 14417, 14417, 14491, 14491, 14491, 14491, 21159, 21159, 21159, 21159, 29578, 29578, 29578, 29578, 29578, 29944, 29944, 30252, 30252, 30252, 30252, 30252, 42596, 42596, 42596, 42596, 42596, 43559, 43559, 43559, 43559, 43559, 44904, 44904, 44904, 44904, 44904, 45830, 48656, 48656, 48656, 59462, 59462, 59584, 59584, 65219, 65219, 65219, 81909, 81909, 81909, 82058, 82058, 82058, 82058, 83789, 83789, 83789, 87539, 87539, 92555, 92555, 92555, 96142, 96142, 123396, 123396, 123396, 123396, 133834, 135866, 135866, 135866, 153619, 153619, 153781, 153781, 169454, 169454, 169454, 169454, 186225, 186225, 186225, 187125, 187125, 187310, 187310, 187310, 187310, 220312, 245980, 245980], "y": ["Jaquenetta", "Carey", "Ranna", "Fanni", "Jaquith", "Dreddy", "Calley", "Laurice", "Erinna", "Elisabet", "Miran", "Bambi", "Corliss", "Marchelle", "Marrissa", "Anna-Diana", "Martie", "Ketti", "Gayel", "Gael", "Millisent", "Dayle", "Laurena", "Bobina", "Reyna", "Ella", "Juline", "Kellia", "Annora", "Ronny", "Joellen", "Viola", "Terrie", "Sindee", "Davita", "Hortense", "Wynny", "Fae", "Kim", "Rahel", "Denny", "Mora", "Melitta", "Cahra", "Maureen", "Andriana", "Shanon", "Stella", "Evania", "Jocelyne", "Cher", "Pierrette", "Kettie", "Nataline", "Meggie", "Fianna", "Stephani", "Estelle", "Henrieta", "Lilllie", "Christiane", "Kathe", "Luise", "Emmalyn", "Jessica", "Nessie", "Tommy", "Noemi", "Ibbie", "Marni", "Shell", "Julieta", "Daphna", "Kippy", "Nichole", "Ulrikaumeko", "Drucill", "Laural", "Marinna", "Betta", "Ariana", "Cyndie", "Pavia", "Hilliary", "Elberta", "Bryana", "Dari", "Remy", "Merlina", "Selestina", "Letty", "Constantine", "Goldi", "Fulvia", "Fania", "Ynez", "Marlee", "Kata", "Ashli", "Janaya", "Jeanine", "Myrna", "Darla", "Cleo", "Joanna", "Barbey", "Jacquenette", "Shirlee", "Cynthia", "Enrica", "Pamela", "Dareen", "Flor", "Dolores", "Corissa", "Gabriellia", "Birdie", "Angelia", "Corella"], "cumulative y": [1, 2, 3, 4, 5, 6, 7, 8, 9, 10, 11, 12, 13, 14, 15, 16, 17, 18, 19, 20, 21, 22, 23, 24, 25, 26, 27, 28, 29, 30, 31, 32, 33, 34, 35, 36, 37, 38, 39, 40, 41, 42, 43, 44, 45, 46, 47, 48, 49, 50, 51, 52, 53, 54, 55, 56, 57, 58, 59, 60, 61, 62, 63, 64, 65, 66, 67, 68, 69, 70, 71, 72, 73, 74, 75, 76, 77, 78, 79, 80, 81, 82, 83, 84, 85, 86, 87, 88, 89, 90, 91, 92, 93, 94, 95, 96, 97, 98, 99, 100, 101, 102, 103, 104, 105, 106, 107, 108, 109, 110, 111, 112, 113, 114, 115, 116, 117, 118, 119], "total events": 119}, "Vulnerabilities Exploited": {"record name": "Vulnerabilities Exploited", "x": [426, 426, 621, 798, 867, 1331, 1465, 1640, 1640, 1860, 1929, 2412, 2412, 2623, 3095, 3231, 3231, 3231, 3231, 4014, 4014, 4131, 4641, 4641, 4919, 5132, 5396, 5396, 5767, 5906, 6086, 6232, 6762, 6762, 6762, 6762, 7081, 7081, 7872, 7872, 7872, 7872, 7872, 7872, 7872, 7872, 8092, 8092, 8772, 10389, 10959, 10959, 10959, 10959, 13647, 15415, 15415, 15666, 17508, 18406, 21964, 21964, 21964, 21964, 23730, 24005, 24338, 25868, 27956, 30252, 32375, 38490, 41301, 42596, 48656, 48656, 55602, 56037, 60621, 85310, 123396, 126501, 127753, 129709, 131797, 132573, 132573, 133834, 152228, 153619, 169639, 180141, 208219], "cumulative exploited vulns": [1, 2, 3, 4, 5, 6, 7, 8, 9, 10, 11, 12, 13, 14, 15, 16, 17, 18, 19, 20, 21, 22, 23, 24, 25, 26, 27, 28, 29, 30, 31, 32, 33, 34, 35, 36, 37, 38, 39, 40, 41, 42, 43, 44, 45, 46, 47, 48, 49, 50, 51, 52, 53, 54, 55, 56, 57, 58, 59, 60, 61, 62, 63, 64, 65, 66, 67, 68, 69, 70, 71, 72, 73, 74, 75, 76, 77, 78, 79, 80, 81, 82, 83, 84, 85, 86, 87, 88, 89, 90, 91, 92, 93],