{"Total Initial Vulnerabilities": 633, "Initial Vulns Per OS": {"centos": {"6": 33, "7": 34, "3": 74, "5": 22, "8": 11, "4": 25}, "windows": {"8.1": 16, "10": 12, "8": 22, "vista": 47, "xp": 29, "7": 12}, "ubuntu": {"16.04": 30, "18.04": 15, "20.04": 10, "10.04": 13, "14.04": 52, "12.04": 12}, "freebsd": {"11": 31, "10": 35, "12": 22, "8": 25, "9": 46, "13": 5}}, "Average Initial RoA Per OS": {"centos": {"6": 0.055115912649596165, "7": 0.027677353372372676, "3": 0.042281986257828835, "5": 0.06117727089947467, "8": 0.0646210936443759, "4": 0.04905427105743367}, "windows": {"8.1": 0.016484978037636436, "10": 0.10236233574116137, "8": 0.033551286824705304, "vista": 0.12046147318562196, "xp": 0.0849162001781085, "7": 0.08387201979335292}, "ubuntu": {"16.04": 0.04336413840171308, "18.04": 0.01215909016266765, "20.04": 0.05226915517172981, "10.04": 0.031743603303696376, "14.04": 0.08517594466565451, "12.04": 0.03150648812954551}, "freebsd": {"11": 0.035989388373003646, "10": 0.07613050323928636, "12": 0.04182628609269189, "8": 0.035573444326682586, "9": 0.0434229610708802, "13": 0.037386002109007076}}, "OS Types In Initial Network": {"centos 6": 7, "windows 8.1": 10, "ubuntu 16.04": 9, "windows 10": 14, "freebsd 11": 6, "ubuntu 20.04": 12, "freebsd 10": 10, "centos 7": 17, "ubuntu 18.04": 11, "freebsd 12": 15, "centos 3": 4, "ubuntu 10.04": 1, "freebsd 8": 1, "freebsd 13": 12, "freebsd 9": 8, "windows 8": 8, "centos 8": 17, "centos 5": 9, "windows vista": 8, "ubuntu 14.04": 10, "windows xp": 2, "ubuntu 12.04": 2, "windows 7": 3, "centos 4": 4}, "Initial Hosts Without Vulnerabilities": 49, "Host Compromises": {"record name": "Host Compromises", "x": [3932, 6321, 8233, 10463, 11153, 16784, 18343, 21557, 22907, 46840, 51806, 59532], "y": [20, 33, 42, 1, 4, 23, 25, 37, 40, 46, 6, 29], "cumulative y": [1, 2, 3, 4, 5, 6, 7, 8, 9, 10, 11, 12], "total events": 12, "not exposed x": [], "not exposed y": [], "cumulative not exposed y": [], "total not exposed events": 0}, "Vuln Compromises": {"record name": "Vuln Compromises", "x": [3932, 6321, 8233, 10463, 11153, 16784, 18343, 21557, 22907, 46840, 51806, 59532], "y": [20, 33, 42, 1, 4, 23, 25, 37, 40, 46, 6, 29], "cumulative y": [1, 2, 3, 4, 5, 6, 7, 8, 9, 10, 11, 12], "total events": 12, "not exposed x": [], "not exposed y": [], "cumulative not exposed y": [], "total not exposed events": 0}, "Reuse Password Compromises": {"record name": "Reuse Password Compromises", "x": [], "y": [], "cumulative y": [], "total events": 0, "not exposed x": [], "not exposed y": [], "cumulative not exposed y": [], "total not exposed events": 0}, "Password Spray Compromises": {"record name": "Password Spray Compromises", "x": [], "y": [], "cumulative y": [], "total events": 0, "not exposed x": [], "not exposed y": [], "cumulative not exposed y": [], "total not exposed events": 0}, "User Account Leaks": {"record name": "User Account Has Been Leaked By Compromise", "x": [3932, 3932, 3932, 3932, 3932, 6321, 6321, 6321, 6321, 6321, 8233, 8233, 8233, 8233, 8233, 10463, 10463, 10463, 10463, 10463, 11153, 11153, 11153, 11153, 11153, 16784, 16784, 16784, 16784, 18343, 18343, 18343, 18343, 18343, 21557, 21557, 21557, 21557, 21557, 22907, 22907, 22907, 22907, 46840, 46840, 46840, 46840, 51806, 51806, 51806, 51806, 59532, 59532, 59532, 59532, 59532], "y": ["Yelena", "Leigha", "Dorris", "Reggi", "Aurel", "Netty", "Sharia", "Velma", "Ola", "Torrie", "Brooke", "Eda", "Kerrill", "Zonda", "Honor", "Dixie", "Dotty", "Hattie", "Ulrike", "Aubine", "Jonis", "Caty", "Susie", "Maryjo", "Rhodia", "Berte", "Farrand", "Kathie", "Michele", "Elvera", "Joyce", "Meaghan", "Cherise", "Eyde", "Phedra", "Junie", "Modesta", "Katleen", "Lindsy", "Jessie", "Dierdre", "Maura", "Tiffanie", "Charissa", "Fawnia", "Sheree", "Sadye", "Elysee", "Delcine", "Seline", "Hestia", "Gwynne", "Malia", "Phillida", "Zea", "Roxie"], "cumulative y": [1, 2, 3, 4, 5, 6, 7, 8, 9, 10, 11, 12, 13, 14, 15, 16, 17, 18, 19, 20, 21, 22, 23, 24, 25, 26, 27, 28, 29, 30, 31, 32, 33, 34, 35, 36, 37, 38, 39, 40, 41, 42, 43, 44, 45, 46, 47, 48, 49, 50, 51, 52, 53, 54, 55, 56], "total events": 56}, "Vulnerabilities Exploited": {"record name": "Vulnerabilities Exploited", "x": [337, 644, 904, 968, 1626, 1626, 1669, 1960, 2049, 2828, 2828, 2828, 2828, 2828, 3019, 3019, 3073, 3251, 3251, 3932, 3932, 3932, 3932, 4076, 4989, 4989, 4989, 4989, 4989, 4989, 4989, 5352, 5352, 5427, 6031, 6031, 6235, 6235, 6235, 6235, 6235, 6235, 6454, 6796, 7206, 7206, 7206, 7206, 8011, 8011, 8011, 8429, 8429, 8429, 9324, 9473, 10212, 10463, 11240, 11741, 11741, 12365, 14132, 14132, 14132, 14132, 14132, 15395, 16784, 16784, 16784, 16784, 16784, 16784, 18343, 18343, 20039, 21189, 21557, 21557, 21557, 22907, 22907, 22907, 22907, 22907, 22907, 22907, 23204, 23204, 34618, 38725, 38725, 39338, 44363, 46840, 46840, 49960, 54563, 54563, 54563, 54563, 58834, 59532, 70306, 73529, 75043, 77251, 127543, 129390, 223299], "cumulative exploited vulns": [1, 2, 3, 4, 5, 6, 7, 8, 9, 10, 11, 12, 13, 14, 15, 16, 17, 18, 19, 20, 21, 22, 23, 24, 25, 26, 27, 28, 29, 30, 31, 32, 33, 34, 35, 36, 37, 38, 39, 40, 41, 42, 43, 44, 45, 46, 47, 48, 49, 50, 51, 52, 53, 54, 55, 56, 57, 58, 59, 60, 61, 62, 63, 64, 65, 66, 67, 68, 69, 70, 71, 72, 73, 74, 75, 76, 77, 78, 79, 80, 81, 82, 83, 84, 85, 86, 87, 88, 89, 90, 91, 92, 93, 94, 95, 96, 97, 98, 99, 100, 101, 102, 103, 104, 105, 106, 107, 108, 109, 110, 111], "roa": [0.2648026077488214, 0.11506274638669065, 0.1930267742411796, 0.45555321881000355, 0.688296044591207, 0.6289795276465187, 0.3879973728922389, 0.29628009546845463, 0.92026341329044, 0.06490459112312348, 0.19109346563434196, 0.472542942384549, 0.059677977444432484, 0.3759244505720456, 0.45006591475339375, 0.28474909587917263, 0.22978120136585747, 0.043546853264143134, 0.035234815623562454, 0.6641052392942962, 0.1420958421936466, 0.031484087443677235, 0.16432539065706592, 0.07678207634886297, 0.22294586370868258, 0.08140046774308247, 0.15977986942216602, 0.12135127483405458, 0.10118987103739, 0.14957305134608792, 0.037716261152335416, 0.2666077950384995, 0.0757497525202637, 0.10815839757912385, 0.7095753313386235, 0.7071002341041351, 0.5352272419196868, 0.547433049218908, 0.24227579719357878, 0.1344166750583008, 0.27602308964113326, 0.08760162533280447, 0.01481459512236911, 0.8627674576528787, 0.3384645513242906, 0.5600638305525996, 0.3790824009618032, 0.10266205953090937, 0.7077200504556547, 0.5149674722994103, 0.37251837636404483, 0.4651783542113924, 0.6491679586560755, 0.3528595038220609, 0.378151349581561, 0.09019234385535993, 0.19410108718050736, 0.2950949453760324, 0.6436332460993337, 0.06050243493959882, 0.08250806356912188, 0.00454256641638137, 0.4031762786126273, 0.03000966798398554, 0.15957806839476643, 0.43180782597630396, 0.13949718965278107, 0.12666358378453754, 0.07669525320070567, 0.34333884470398146, 0.6963988073570632, 0.5872210728066425, 0.44485109587333704, 0.09741393831196117, 0.43151747453282646, 0.0024222950103784816, 0.44165379911112873, 0.5394296130988241, 0.22353824519721543, 0.18395747487819364, 0.22353824519721543, 0.35334710113132206, 0.24936647853619265, 0.15362314650671705, 0.5435415199868188, 0.3994297069080023, 0.07084149891326182, 0.03625025321893245, 0.0024486822093703537, 0.2301444171034294, 0.26307357552275995, 0.11356018065920685, 0.007980072769775706, 0.11499650784807906, 0.25340795250819287, 0.09561694384411269, 0.3581387040626037, 0.30137217392270366, 0.07983769309077379, 0.1102265372623031, 0.03913699688040264, 0.008599754171225032, 0.1484688370403345, 0.38806777076419324, 0.02218154712482461, 0.11708426358656443, 0.010212076385037381, 0.1036623221747454, 0.06187439963601891, 0.0660653222664386, 0.052758709440703974],