{"Total Initial Vulnerabilities": 715, "Initial Vulns Per OS": {"freebsd": {"12": 34, "11": 47, "10": 35, "13": 15, "8": 80, "9": 47}, "ubuntu": {"18.04": 32, "12.04": 65, "20.04": 10, "16.04": 31, "14.04": 16, "10.04": 63}, "windows": {"8.1": 23, "10": 9, "8": 33, "7": 14, "vista": 21, "xp": 21}, "centos": {"4": 33, "7": 24, "8": 7, "6": 18, "5": 23, "3": 14}}, "Average Initial RoA Per OS": {"freebsd": {"12": 0.04196402788364966, "11": 0.10725797946019004, "10": 0.05091282032386952, "13": 0.028253796901005813, "8": 0.053927950317274584, "9": 0.045640426659313005}, "ubuntu": {"18.04": 0.029283360865112396, "12.04": 0.057346519387788016, "20.04": 0.03677639274858334, "16.04": 0.1009393259459573, "14.04": 0.0323224934506881, "10.04": 0.05180848266604107}, "windows": {"8.1": 0.025352112506691993, "10": 0.015321172779378152, "8": 0.06698043911388837, "7": 0.027176795516921322, "vista": 0.04103243996871522, "xp": 0.049399344452302665}, "centos": {"4": 0.031774793794227804, "7": 0.057965765497513734, "8": 0.023604576341743098, "6": 0.07963097243588343, "5": 0.039491566137525275, "3": 0.07333060700788514}}, "OS Types In Initial Network": {"freebsd 12": 14, "ubuntu 18.04": 13, "windows 8.1": 12, "ubuntu 12.04": 10, "freebsd 11": 12, "ubuntu 20.04": 15, "centos 7": 13, "centos 4": 5, "freebsd 10": 6, "windows 10": 10, "centos 8": 9, "centos 6": 8, "centos 5": 5, "ubuntu 14.04": 4, "freebsd 13": 19, "windows 8": 13, "freebsd 8": 4, "centos 3": 1, "ubuntu 16.04": 11, "ubuntu 10.04": 3, "freebsd 9": 5, "windows 7": 5, "windows vista": 2, "windows xp": 1}, "Initial Hosts Without Vulnerabilities": 45, "Host Compromises": {"record name": "Host Compromises", "x": [4948, 5815, 7327, 8171, 8944, 9013, 11066, 16393, 20915, 25641, 27733, 27816, 31126, 32467, 34658, 49915, 51364, 55823, 60981, 80271, 81467, 88974, 102544, 104892, 108259, 108412, 116335, 116800, 118800, 122872, 127774, 128689, 132142, 158180, 165831, 166712, 166877, 175698, 191040, 191240, 201862, 203486, 219099, 239690], "y": [24, 30, 37, 42, 46, 47, 6, 27, 44, 8, 15, 108, 19, 23, 32, 5, 11, 22, 39, 10, 14, 35, 110, 127, 83, 86, 65, 129, 119, 121, 113, 63, 126, 159, 91, 64, 60, 82, 88, 186, 167, 107, 173, 174], "cumulative y": [1, 2, 3, 4, 5, 6, 7, 8, 9, 10, 11, 12, 13, 14, 15, 16, 17, 18, 19, 20, 21, 22, 23, 24, 25, 26, 27, 28, 29, 30, 31, 32, 33, 34, 35, 36, 37, 38, 39, 40, 41, 42, 43, 44], "total events": 44, "not exposed x": [27816, 102544, 104892, 108259, 108412, 116335, 116800, 118800, 122872, 127774, 128689, 132142, 158180, 165831, 166712, 166877, 175698, 191040, 191240, 201862, 203486, 219099, 239690], "not exposed y": [108, 110, 127, 83, 86, 65, 129, 119, 121, 113, 63, 126, 159, 91, 64, 60, 82, 88, 186, 167, 107, 173, 174], "cumulative not exposed y": [1, 2, 3, 4, 5, 6, 7, 8, 9, 10, 11, 12, 13, 14, 15, 16, 17, 18, 19, 20, 21, 22, 23], "total not exposed events": 23}, "Vuln Compromises": {"record name": "Vuln Compromises", "x": [4948, 7327, 8171, 8944, 20915, 25641, 27733, 32467, 49915, 51364, 55823, 60981, 80271, 81467, 88974, 104892, 108412, 116335, 116800, 118800, 127774, 128689, 158180, 165831, 166712, 166877, 175698, 191040, 191240, 201862, 239690], "y": [24, 37, 42, 46, 44, 8, 15, 23, 5, 11, 22, 39, 10, 14, 35, 127, 86, 65, 129, 119, 113, 63, 159, 91, 64, 60, 82, 88, 186, 167, 174], "cumulative y": [1, 2, 3, 4, 5, 6, 7, 8, 9, 10, 11, 12, 13, 14, 15, 16, 17, 18, 19, 20, 21, 22, 23, 24, 25, 26, 27, 28, 29, 30, 31], "total events": 31, "not exposed x": [104892, 108412, 116335, 116800, 118800, 127774, 128689, 158180, 165831, 166712, 166877, 175698, 191040, 191240, 201862, 239690], "not exposed y": [127, 86, 65, 129, 119, 113, 63, 159, 91, 64, 60, 82, 88, 186, 167, 174], "cumulative not exposed y": [1, 2, 3, 4, 5, 6, 7, 8, 9, 10, 11, 12, 13, 14, 15, 16], "total not exposed events": 16}, "Reuse Password Compromises": {"record name": "Reuse Password Compromises", "x": [5815, 9013, 11066, 16393, 27816, 31126, 34658, 108259, 122872, 132142, 219099], "y": [30, 47, 6, 27, 108, 19, 32, 83, 121, 126, 173], "cumulative y": [1, 2, 3, 4, 5, 6, 7, 8, 9, 10, 11], "total events": 11, "not exposed x": [27816, 108259, 122872, 132142, 219099], "not exposed y": [108, 83, 121, 126, 173], "cumulative not exposed y": [1, 2, 3, 4, 5], "total not exposed events": 5}, "Password Spray Compromises": {"record name": "Password Spray Compromises", "x": [102544, 203486], "y": [110, 107], "cumulative y": [1, 2], "total events": 2, "not exposed x": [102544, 203486], "not exposed y": [110, 107], "cumulative not exposed y": [1, 2], "total not exposed events": 2}, "User Account Leaks": {"record name": "User Account Has Been Leaked By Compromise", "x": [4948, 4948, 4948, 4948, 4948, 5815, 5815, 5815, 5815, 7327, 7327, 7327, 7327, 7327, 8171, 8171, 8171, 8171, 8171, 8944, 8944, 8944, 8944, 9013, 9013, 9013, 9013, 11066, 11066, 11066, 16393, 16393, 16393, 16393, 20915, 20915, 20915, 20915, 25641, 25641, 25641, 25641, 27733, 27733, 27733, 27733, 27816, 27816, 27816, 27816, 31126, 31126, 31126, 31126, 32467, 32467, 32467, 32467, 32467, 34658, 34658, 34658, 49915, 49915, 49915, 49915, 51364, 51364, 51364, 51364, 55823, 55823, 55823, 55823, 60981, 60981, 80271, 80271, 80271, 80271, 81467, 81467, 81467, 81467, 81467, 88974, 88974, 88974, 102544, 102544, 102544, 104892, 104892, 104892, 108259, 108259, 108412, 108412, 108412, 116335, 116335, 116800, 116800, 116800, 118800, 122872, 122872, 122872, 127774, 127774, 128689, 128689, 128689, 132142, 165831, 166712, 166877, 166877, 175698, 175698, 175698, 191040, 191040, 191240, 201862, 201862, 219099, 239690, 239690], "y": ["Mariette", "Dorothea", "Karin", "Barbey", "Dorthy", "Mariel", "Adda", "Rachele", "Adelice", "Annalise", "Auguste", "Taryn", "Athene", "Imogen", "Carlita", "Bernadine", "Bessy", "Kara-Lynn", "Rodie", "Mareah", "Amalle", "Heddie", "Aarika", "Ariana", "Lonna", "Mirilla", "Clarice", "Joellyn", "Christel", "Misty", "Greer", "Jean", "Marianne", "Tildy", "Chantal", "Norah", "Misha", "Pippa", "Austin", "Susie", "Valera", "Eba", "Renata", "Cloris", "Mattie", "Morgen", "Federica", "Pavla", "Lisette", "Ysabel", "Isabelle", "Golda", "Harlie", "Manda", "Gleda", "Alexandra", "Sally", "Eugenie", "Lainey", "Tarah", "Margit", "Velvet", "Layne", "Mela", "Kelly", "Demeter", "Teri", "Katee", "Toby", "Shanta", "Fanechka", "Alvira", "Beverley", "Dani", "Norina", "Modesty", "Nerita", "Eleanore", "Anni", "Wenonah", "Zorine", "Lavena", "Harmony", "Drusy", "Kori", "Korrie", "Raphaela", "Alina", "Amber", "Sheena", "Katine", "Susy", "Brana", "Gwen", "Margot", "Aveline", "Delia", "Alexia", "Beryl", "Gloria", "Giustina", "Selinda", "Pammy", "Fawnia", "Inez", "Hyacinthe", "Modestine", "Gretel", "Inesita", "Devi", "Janeen", "Lurlene", "Maurene", "Hesther", "Althea", "Maire", "Rozalin", "Nichole", "Mavis", "Fayette", "Harmonia", "Kaylyn", "Anabal", "Dayna", "Maure", "Penny", "Joelynn", "Jo-Ann", "Lita"], "cumulative y": [1, 2, 3, 4, 5, 6, 7, 8, 9, 10, 11, 12, 13, 14, 15, 16, 17, 18, 19, 20, 21, 22, 23, 24, 25, 26, 27, 28, 29, 30, 31, 32, 33, 34, 35, 36, 37, 38, 39, 40, 41, 42, 43, 44, 45, 46, 47, 48, 49, 50, 51, 52, 53, 54, 55, 56, 57, 58, 59, 60, 61, 62, 63, 64, 65, 66, 67, 68, 69, 70, 71, 72, 73, 74, 75, 76, 77, 78, 79, 80, 81, 82, 83, 84, 85, 86, 87, 88, 89, 90, 91, 92, 93, 94, 95, 96, 97, 98, 99, 100, 101, 102, 103, 104, 105, 106, 107, 108, 109, 110, 111, 112, 113, 114, 115, 116, 117, 118, 119, 120, 121, 122, 123, 124, 125, 126, 127, 128, 129], "total events": 129}, "Vulnerabilities Exploited": {"record name": "Vulnerabilities Exploited",