{"Total Initial Vulnerabilities": 679, "Initial Vulns Per OS": {"windows": {"8.1": 31, "10": 8, "xp": 122, "8": 23, "7": 25, "vista": 24}, "ubuntu": {"16.04": 30, "14.04": 17, "20.04": 11, "10.04": 105, "12.04": 17, "18.04": 16}, "freebsd": {"13": 21, "12": 18, "9": 35, "11": 5, "10": 9}, "centos": {"6": 39, "5": 23, "7": 14, "8": 16, "4": 35, "3": 35}}, "Average Initial RoA Per OS": {"windows": {"8.1": 0.03216708283506206, "10": 0.07442699053220446, "xp": 0.06689824206116009, "8": 0.04158343791320038, "7": 0.06942436902337333, "vista": 0.055792811514649376}, "ubuntu": {"16.04": 0.03854151813134748, "14.04": 0.0371874932657465, "20.04": 0.057437300685645516, "10.04": 0.06881019646611196, "12.04": 0.08157830669198674, "18.04": 0.010085985775693283}, "freebsd": {"13": 0.04632393628765689, "12": 0.06186359678925771, "9": 0.09642763294726499, "11": 0.0354810468243991, "10": 0.0879387702073905}, "centos": {"6": 0.036391763268105747, "5": 0.09213321332806988, "7": 0.013998989688542922, "8": 0.06060801721088656, "4": 0.09722933819325708, "3": 0.07588837919517648}}, "OS Types In Initial Network": {"windows 8.1": 18, "ubuntu 16.04": 13, "freebsd 13": 24, "freebsd 12": 13, "ubuntu 14.04": 5, "centos 6": 12, "centos 5": 7, "freebsd 9": 7, "windows 10": 9, "centos 7": 9, "ubuntu 20.04": 12, "freebsd 11": 4, "windows xp": 4, "centos 8": 14, "centos 4": 8, "ubuntu 18.04": 9, "centos 3": 3, "freebsd 10": 3, "ubuntu 10.04": 4, "ubuntu 12.04": 5, "windows 8": 7, "windows 7": 6, "windows vista": 4}, "Initial Hosts Without Vulnerabilities": 47, "Host Compromises": {"record name": "Host Compromises", "x": [4492, 5362, 6631, 6728, 8126, 8698, 16270, 16344, 17757, 22824, 24420, 31134, 32961, 37287, 86222, 89131, 102585, 103232, 105776, 106661, 106775, 108576, 114557, 115453, 127151, 150247, 172826, 174790, 189834, 192155, 195494, 195635, 220161, 227446, 227592, 227802], "y": [40, 47, 7, 8, 15, 18, 3, 4, 11, 31, 37, 14, 22, 35, 1, 9, 86, 82, 88, 83, 85, 81, 162, 100, 60, 62, 84, 145, 157, 90, 99, 97, 57, 160, 166, 150], "cumulative y": [1, 2, 3, 4, 5, 6, 7, 8, 9, 10, 11, 12, 13, 14, 15, 16, 17, 18, 19, 20, 21, 22, 23, 24, 25, 26, 27, 28, 29, 30, 31, 32, 33, 34, 35, 36], "total events": 36, "not exposed x": [102585, 103232, 105776, 106661, 106775, 108576, 114557, 115453, 127151, 150247, 172826, 174790, 189834, 192155, 195494, 195635, 220161, 227446, 227592, 227802], "not exposed y": [86, 82, 88, 83, 85, 81, 162, 100, 60, 62, 84, 145, 157, 90, 99, 97, 57, 160, 166, 150], "cumulative not exposed y": [1, 2, 3, 4, 5, 6, 7, 8, 9, 10, 11, 12, 13, 14, 15, 16, 17, 18, 19, 20], "total not exposed events": 20}, "Vuln Compromises": {"record name": "Vuln Compromises", "x": [4492, 5362, 6631, 6728, 8126, 16344, 22824, 31134, 32961, 37287, 86222, 89131, 102585, 106661, 108576, 114557, 115453, 127151, 150247, 172826, 174790, 195494, 220161, 227802], "y": [40, 47, 7, 8, 15, 4, 31, 14, 22, 35, 1, 9, 86, 83, 81, 162, 100, 60, 62, 84, 145, 99, 57, 150], "cumulative y": [1, 2, 3, 4, 5, 6, 7, 8, 9, 10, 11, 12, 13, 14, 15, 16, 17, 18, 19, 20, 21, 22, 23, 24], "total events": 24, "not exposed x": [102585, 106661, 108576, 114557, 115453, 127151, 150247, 172826, 174790, 195494, 220161, 227802], "not exposed y": [86, 83, 81, 162, 100, 60, 62, 84, 145, 99, 57, 150], "cumulative not exposed y": [1, 2, 3, 4, 5, 6, 7, 8, 9, 10, 11, 12], "total not exposed events": 12}, "Reuse Password Compromises": {"record name": "Reuse Password Compromises", "x": [8698, 16270, 17757, 24420, 103232, 105776, 106775, 192155, 195635, 227446, 227592], "y": [18, 3, 11, 37, 82, 88, 85, 90, 97, 160, 166], "cumulative y": [1, 2, 3, 4, 5, 6, 7, 8, 9, 10, 11], "total events": 11, "not exposed x": [103232, 105776, 106775, 192155, 195635, 227446, 227592], "not exposed y": [82, 88, 85, 90, 97, 160, 166], "cumulative not exposed y": [1, 2, 3, 4, 5, 6, 7], "total not exposed events": 7}, "Password Spray Compromises": {"record name": "Password Spray Compromises", "x": [189834], "y": [157], "cumulative y": [1], "total events": 1, "not exposed x": [189834], "not exposed y": [157], "cumulative not exposed y": [1], "total not exposed events": 1}, "User Account Leaks": {"record name": "User Account Has Been Leaked By Compromise", "x": [4492, 4492, 4492, 4492, 4492, 5362, 5362, 5362, 5362, 5362, 6631, 6631, 6631, 6631, 6728, 6728, 6728, 6728, 6728, 8126, 8126, 8126, 8126, 8126, 8698, 8698, 8698, 16270, 16270, 16270, 16344, 16344, 16344, 16344, 16344, 17757, 17757, 22824, 22824, 22824, 22824, 22824, 24420, 24420, 24420, 31134, 31134, 31134, 31134, 31134, 32961, 32961, 32961, 37287, 37287, 86222, 86222, 86222, 86222, 89131, 89131, 89131, 89131, 89131, 102585, 102585, 102585, 102585, 103232, 103232, 105776, 105776, 105776, 106661, 106775, 106775, 108576, 108576, 108576, 114557, 114557, 114557, 114557, 115453, 127151, 127151, 150247, 150247, 150247, 172826, 172826, 172826, 172826, 174790, 174790, 189834, 192155, 192155, 195494, 195494, 195494, 195494, 195635, 195635, 227446, 227446, 227592, 227802, 227802], "y": ["Nalani", "Nani", "Gerda", "Heida", "Bell", "Shirline", "Melva", "Deirdre", "Meaghan", "Jacquenette", "Storm", "Holli", "Dedra", "Sindee", "Bride", "Corella", "Kip", "Beth", "Sammy", "Robby", "Nannie", "Mireielle", "Alanna", "Vonny", "Margaret", "Angelita", "Maurizia", "Jackelyn", "Polly", "Melisenda", "Sheena", "Natty", "Alys", "Ferdinande", "Gwendolen", "Cordy", "Nanci", "Natala", "Keri", "Ethelind", "Lorenza", "Pooh", "Emylee", "Bonny", "Imelda", "Gabrielle", "Juliet", "Cheri", "Jocelin", "Helyn", "Nicholle", "Randene", "Othelia", "Ofilia", "Marieann", "Paola", "Valencia", "Alicea", "Karalynn", "Rochelle", "Tybi", "Rebecca", "Lynne", "Jacquette", "Fleur", "Genia", "Marysa", "Barbey", "Camilla", "Kimberlyn", "Babita", "Jodee", "Casandra", "Brinn", "Claudine", "Lilly", "Saundra", "Arlina", "Delora", "Ardelia", "Goldy", "Teddi", "Constantia", "Zenia", "Amalee", "Karly", "Kira", "Kristien", "Inger", "Evangelia", "Chandal", "Eda", "Violante", "Junia", "Codee", "Dorry", "Jaquith", "Cilka", "Donnamarie", "Lezlie", "Harrie", "Wynny", "Doria", "Delcine", "Fey", "Natassia", "Crin", "De", "Margeaux"], "cumulative y": [1, 2, 3, 4, 5, 6, 7, 8, 9, 10, 11, 12, 13, 14, 15, 16, 17, 18, 19, 20, 21, 22, 23, 24, 25, 26, 27, 28, 29, 30, 31, 32, 33, 34, 35, 36, 37, 38, 39, 40, 41, 42, 43, 44, 45, 46, 47, 48, 49, 50, 51, 52, 53, 54, 55, 56, 57, 58, 59, 60, 61, 62, 63, 64, 65, 66, 67, 68, 69, 70, 71, 72, 73, 74, 75, 76, 77, 78, 79, 80, 81, 82, 83, 84, 85, 86, 87, 88, 89, 90, 91, 92, 93, 94, 95, 96, 97, 98, 99, 100, 101, 102, 103, 104, 105, 106, 107, 108, 109], "total events": 109}, "Vulnerabilities Exploited": {"record name": "Vulnerabilities Exploited", "x": [84, 234, 293, 363, 801, 801, 1110, 1501, 1792, 1848, 2056, 2056, 2056, 2471, 2835, 3136, 3199, 3346, 3683, 4492, 4492, 4492, 4492, 4781, 4781, 4781, 4781, 4781, 5014, 5139, 5139, 5362, 5362, 5729, 6631, 6728, 7251, 7463, 8126, 14574, 16344, 22824, 31134, 32961, 34926, 35468, 72127, 72127, 86222, 90605, 102778, 102778, 103459, 106661, 106661, 106661, 106661, 106661, 106661, 106661, 106661, 107007, 114557, 114557, 115453, 124882, 136765, 146142, 150247, 150247, 150247, 150247, 150247, 150247, 150247, 150247, 150247, 150247, 150247, 150247, 161359, 170656, 172826, 172826, 180579, 201818, 216393, 226116, 226116, 242978], "cumulative exploited vulns": [1, 2, 3, 4, 5, 6, 7, 8, 9, 10, 11, 12, 13, 14, 15, 16, 17, 18, 19, 20, 21, 22, 23, 24, 25, 26, 27, 28, 29, 30, 31, 32, 33, 34, 35, 36, 37, 38, 39, 40, 41, 42, 43, 44, 45, 46, 47, 48, 49, 50, 51, 52, 53, 54, 55, 56, 57, 58, 59, 60, 61, 62, 63, 64, 65, 66, 67, 68, 69, 70, 71, 72, 73, 74, 75, 76, 77, 78, 79, 80, 81, 82, 83, 84, 85, 86, 87, 88, 89, 90],