{"Total Initial Vulnerabilities": 723, "Initial Vulns Per OS": {"centos": {"8": 15, "5": 31, "6": 29, "7": 16, "3": 45}, "windows": {"xp": 133, "10": 6, "8.1": 32, "vista": 22, "8": 18, "7": 9}, "ubuntu": {"20.04": 18, "16.04": 15, "12.04": 22, "14.04": 22, "18.04": 19, "10.04": 90}, "freebsd": {"12": 57, "10": 55, "11": 15, "13": 6, "9": 14, "8": 34}}, "Average Initial RoA Per OS": {"centos": {"8": 0.02857981891796618, "5": 0.038964930811558454, "6": 0.03723099744136443, "7": 0.07383538799403089, "3": 0.060992179880970526}, "windows": {"xp": 0.06045920684321277, "10": 0.01772205045128958, "8.1": 0.02716399490059823, "vista": 0.03706674327490479, "8": 0.03633438196863053, "7": 0.015523175680628174}, "ubuntu": {"20.04": 0.03784992632887436, "16.04": 0.02705326022775733, "12.04": 0.04567372956400499, "14.04": 0.06612814885321318, "18.04": 0.03278622336489386, "10.04": 0.05850992067562291}, "freebsd": {"12": 0.08681153476224795, "10": 0.06733778185755135, "11": 0.05827953739107029, "13": 0.030801092646295453, "9": 0.0547007352217561, "8": 0.0346280164908273}}, "OS Types In Initial Network": {"centos 8": 15, "windows xp": 7, "ubuntu 18.04": 10, "windows 10": 14, "ubuntu 20.04": 17, "freebsd 12": 19, "ubuntu 16.04": 10, "centos 5": 7, "centos 6": 14, "windows 8.1": 15, "centos 7": 6, "freebsd 13": 11, "freebsd 10": 12, "windows vista": 4, "freebsd 11": 7, "ubuntu 12.04": 3, "ubuntu 14.04": 7, "windows 8": 8, "ubuntu 10.04": 4, "windows 7": 5, "centos 3": 2, "freebsd 9": 2, "freebsd 8": 1}, "Initial Hosts Without Vulnerabilities": 46, "Host Compromises": {"record name": "Host Compromises", "x": [3838, 7668, 9755, 11239, 12615, 18589, 19890, 22009, 23840, 27404, 28099, 28883, 30176, 30269, 35070, 36604, 40700, 41292, 43579, 44227, 45912, 46040, 48293, 48428, 73766, 76079, 113353, 113823, 132817, 162094, 162386, 163423, 189952, 190118, 203703, 243088], "y": [19, 48, 12, 20, 52, 56, 55, 59, 115, 3, 6, 8, 13, 65, 25, 29, 39, 41, 47, 102, 98, 54, 146, 105, 67, 68, 75, 72, 101, 104, 99, 106, 90, 91, 96, 53], "cumulative y": [1, 2, 3, 4, 5, 6, 7, 8, 9, 10, 11, 12, 13, 14, 15, 16, 17, 18, 19, 20, 21, 22, 23, 24, 25, 26, 27, 28, 29, 30, 31, 32, 33, 34, 35, 36], "total events": 36, "not exposed x": [12615, 18589, 19890, 22009, 23840, 30269, 44227, 45912, 46040, 48293, 48428, 73766, 76079, 113353, 113823, 132817, 162094, 162386, 163423, 189952, 190118, 203703, 243088], "not exposed y": [52, 56, 55, 59, 115, 65, 102, 98, 54, 146, 105, 67, 68, 75, 72, 101, 104, 99, 106, 90, 91, 96, 53], "cumulative not exposed y": [1, 2, 3, 4, 5, 6, 7, 8, 9, 10, 11, 12, 13, 14, 15, 16, 17, 18, 19, 20, 21, 22, 23], "total not exposed events": 23}, "Vuln Compromises": {"record name": "Vuln Compromises", "x": [3838, 7668, 9755, 11239, 12615, 18589, 19890, 22009, 23840, 28883, 30176, 35070, 40700, 41292, 45912, 48293, 48428, 73766, 113353, 113823, 132817, 162094, 162386, 243088], "y": [19, 48, 12, 20, 52, 56, 55, 59, 115, 8, 13, 25, 39, 41, 98, 146, 105, 67, 75, 72, 101, 104, 99, 53], "cumulative y": [1, 2, 3, 4, 5, 6, 7, 8, 9, 10, 11, 12, 13, 14, 15, 16, 17, 18, 19, 20, 21, 22, 23, 24], "total events": 24, "not exposed x": [12615, 18589, 19890, 22009, 23840, 45912, 48293, 48428, 73766, 113353, 113823, 132817, 162094, 162386, 243088], "not exposed y": [52, 56, 55, 59, 115, 98, 146, 105, 67, 75, 72, 101, 104, 99, 53], "cumulative not exposed y": [1, 2, 3, 4, 5, 6, 7, 8, 9, 10, 11, 12, 13, 14, 15], "total not exposed events": 15}, "Reuse Password Compromises": {"record name": "Reuse Password Compromises", "x": [27404, 28099, 30269, 36604, 43579, 44227, 46040, 76079, 163423, 190118, 203703], "y": [3, 6, 65, 29, 47, 102, 54, 68, 106, 91, 96], "cumulative y": [1, 2, 3, 4, 5, 6, 7, 8, 9, 10, 11], "total events": 11, "not exposed x": [30269, 44227, 46040, 76079, 163423, 190118, 203703], "not exposed y": [65, 102, 54, 68, 106, 91, 96], "cumulative not exposed y": [1, 2, 3, 4, 5, 6, 7], "total not exposed events": 7}, "Password Spray Compromises": {"record name": "Password Spray Compromises", "x": [189952], "y": [90], "cumulative y": [1], "total events": 1, "not exposed x": [189952], "not exposed y": [90], "cumulative not exposed y": [1], "total not exposed events": 1}, "User Account Leaks": {"record name": "User Account Has Been Leaked By Compromise", "x": [3838, 3838, 3838, 3838, 7668, 7668, 7668, 7668, 7668, 9755, 9755, 9755, 9755, 11239, 11239, 11239, 11239, 12615, 12615, 12615, 12615, 12615, 18589, 18589, 18589, 18589, 19890, 19890, 19890, 19890, 19890, 22009, 22009, 22009, 22009, 22009, 23840, 23840, 23840, 23840, 23840, 27404, 27404, 27404, 27404, 28099, 28099, 28883, 28883, 28883, 30176, 30176, 30176, 30269, 30269, 30269, 30269, 35070, 35070, 35070, 36604, 36604, 36604, 40700, 40700, 40700, 41292, 41292, 41292, 43579, 43579, 43579, 44227, 44227, 45912, 45912, 45912, 45912, 46040, 46040, 48293, 48293, 48428, 48428, 48428, 48428, 73766, 73766, 76079, 76079, 76079, 113353, 113353, 113823, 113823, 132817, 162094, 162094, 162386, 162386, 162386, 190118, 190118, 203703, 203703, 243088, 243088], "y": ["Fredia", "Moyna", "Othella", "Merry", "Sophi", "Hynda", "Harriott", "Vinny", "Ardith", "Vinita", "Xylina", "Jerry", "Rhodia", "Ericka", "Gwenni", "Cari", "Morna", "Maddy", "Stephie", "Margit", "Gabbi", "Roselle", "Nance", "Josephine", "Charis", "Bellanca", "Bab", "Mikaela", "Rachelle", "Marlee", "Konstanze", "Zorine", "Audrie", "Lucilia", "Thalia", "Concettina", "Tiphany", "Lindy", "Eddie", "Arline", "Steffie", "Alvira", "Isobel", "Marcile", "Faith", "Avivah", "Marlena", "Elsey", "Timothea", "Gilda", "Jacquie", "Maiga", "Kirsten", "Rois", "Dena", "Maudie", "Maggie", "Betty", "Mickie", "Moria", "Eden", "Charin", "Cher", "Ronni", "Heath", "Belva", "Katherine", "Collete", "Pat", "Norina", "Cindie", "Shara", "Kerstin", "Ruby", "Floris", "Karoline", "Silvia", "Susi", "Therine", "Georgeta", "Roseline", "Cissiee", "Denise", "Mariel", "Karia", "Liliane", "Maridel", "Crissy", "Deanne", "Eugenie", "Bette", "Kali", "Annabel", "Agneta", "Natalie", "Sibyl", "Janina", "Samaria", "Siouxie", "Keri", "Ibby", "Marci", "Adi", "Dodie", "Kylynn", "Bianka", "Frannie"], "cumulative y": [1, 2, 3, 4, 5, 6, 7, 8, 9, 10, 11, 12, 13, 14, 15, 16, 17, 18, 19, 20, 21, 22, 23, 24, 25, 26, 27, 28, 29, 30, 31, 32, 33, 34, 35, 36, 37, 38, 39, 40, 41, 42, 43, 44, 45, 46, 47, 48, 49, 50, 51, 52, 53, 54, 55, 56, 57, 58, 59, 60, 61, 62, 63, 64, 65, 66, 67, 68, 69, 70, 71, 72, 73, 74, 75, 76, 77, 78, 79, 80, 81, 82, 83, 84, 85, 86, 87, 88, 89, 90, 91, 92, 93, 94, 95, 96, 97, 98, 99, 100, 101, 102, 103, 104, 105, 106, 107], "total events": 107}, "Vulnerabilities Exploited": {"record name": "Vulnerabilities Exploited", "x": [206, 1491, 1491, 1491, 1491, 1491, 1491, 1491, 1491, 1491, 1491, 1491, 1491, 1491, 1491, 1491, 1491, 1491, 1491, 1491, 1807, 2052, 2340, 2340, 2855, 2855, 2855, 3001, 3238, 3339, 3339, 3838, 3838, 3838, 3838, 3838, 3838, 3838, 3838, 4233, 4233, 4686, 4686, 4686, 5565, 5565, 5565, 5792, 6076, 6076, 6561, 6863, 6863, 6863, 6863, 7326, 8111, 8111, 8111, 8696, 8696, 9443, 9755, 9859, 9859, 11239, 11239, 12615, 12615, 12615, 12615, 12615, 12615, 12615, 12615, 12615, 12615, 14927, 14927, 17057, 18589, 18589, 18589, 18589, 19890, 19890, 21498, 22009, 22009, 22009, 24535, 26280, 28883, 34231, 34231, 34231, 35070, 36217, 38483, 40156, 40156, 55874, 55874, 55874, 69677, 73193, 86570, 86570, 105010, 113823, 113823, 113823, 113823, 113823, 113823, 114049, 115495, 118656, 122955, 122955, 163784, 203045, 205143, 205143, 205143, 205143, 205143, 207064, 207064, 207064, 208491, 214815, 230744, 231821],