{"Total Initial Vulnerabilities": 573, "Initial Vulns Per OS": {"ubuntu": {"20.04": 19, "16.04": 58, "14.04": 18, "18.04": 7, "10.04": 58, "12.04": 28}, "centos": {"8": 19, "7": 6, "6": 28, "5": 25, "4": 4}, "windows": {"7": 43, "vista": 47, "8.1": 13, "xp": 32, "10": 5, "8": 28}, "freebsd": {"11": 22, "13": 28, "10": 11, "8": 51, "12": 19, "9": 4}}, "Average Initial RoA Per OS": {"ubuntu": {"20.04": 0.06821371802827676, "16.04": 0.047671283447185936, "14.04": 0.03379821690025632, "18.04": 0.07150973180282329, "10.04": 0.03798689764286061, "12.04": 0.061041382134533924}, "centos": {"8": 0.07281911905781203, "7": 0.15375366181269526, "6": 0.026705085608564834, "5": 0.05902526894028513, "4": 0.18660298016254231}, "windows": {"7": 0.10210088260824789, "vista": 0.0665027910218136, "8.1": 0.053150943727225994, "xp": 0.03883409996173706, "10": 0.044710553508008205, "8": 0.06465472887131464}, "freebsd": {"11": 0.023459877373927216, "13": 0.06234139989938074, "10": 0.07347148851536657, "8": 0.07296869642508699, "12": 0.06458031641277165, "9": 0.08722730572708907}}, "OS Types In Initial Network": {"ubuntu 20.04": 12, "ubuntu 16.04": 17, "centos 4": 3, "centos 8": 14, "centos 7": 10, "windows 7": 10, "freebsd 11": 10, "windows vista": 10, "windows 10": 9, "centos 6": 11, "freebsd 13": 18, "freebsd 10": 5, "centos 5": 7, "windows 8.1": 12, "windows xp": 2, "ubuntu 18.04": 8, "freebsd 12": 18, "freebsd 8": 3, "ubuntu 14.04": 6, "ubuntu 10.04": 2, "windows 8": 6, "ubuntu 12.04": 5, "freebsd 9": 2}, "Initial Hosts Without Vulnerabilities": 51, "Host Compromises": {"record name": "Host Compromises", "x": [540, 910, 2036, 2106, 2620, 4374, 6849, 7433, 7768, 7844, 9411, 9478, 12078, 27090, 43507, 60898, 66556, 73970, 75922, 87484, 88546, 97523, 98766, 103187, 122262, 123088, 125834, 131433, 132206, 132547, 138875, 139014, 143572, 167340, 169542, 172162, 172375, 185294, 190450, 190651, 194600, 208834, 210837, 219675, 223120, 223342, 228615, 231236, 241828], "y": [6, 8, 11, 68, 74, 15, 24, 25, 26, 27, 32, 50, 51, 67, 69, 110, 124, 187, 83, 73, 136, 181, 58, 85, 119, 168, 134, 86, 118, 117, 88, 84, 158, 55, 132, 66, 157, 54, 99, 143, 101, 56, 72, 108, 76, 80, 193, 89, 113], "cumulative y": [1, 2, 3, 4, 5, 6, 7, 8, 9, 10, 11, 12, 13, 14, 15, 16, 17, 18, 19, 20, 21, 22, 23, 24, 25, 26, 27, 28, 29, 30, 31, 32, 33, 34, 35, 36, 37, 38, 39, 40, 41, 42, 43, 44, 45, 46, 47, 48, 49], "total events": 49, "not exposed x": [2106, 2620, 9478, 12078, 27090, 43507, 60898, 66556, 73970, 75922, 87484, 88546, 97523, 98766, 103187, 122262, 123088, 125834, 131433, 132206, 132547, 138875, 139014, 143572, 167340, 169542, 172162, 172375, 185294, 190450, 190651, 194600, 208834, 210837, 219675, 223120, 223342, 228615, 231236, 241828], "not exposed y": [68, 74, 50, 51, 67, 69, 110, 124, 187, 83, 73, 136, 181, 58, 85, 119, 168, 134, 86, 118, 117, 88, 84, 158, 55, 132, 66, 157, 54, 99, 143, 101, 56, 72, 108, 76, 80, 193, 89, 113], "cumulative not exposed y": [1, 2, 3, 4, 5, 6, 7, 8, 9, 10, 11, 12, 13, 14, 15, 16, 17, 18, 19, 20, 21, 22, 23, 24, 25, 26, 27, 28, 29, 30, 31, 32, 33, 34, 35, 36, 37, 38, 39, 40], "total not exposed events": 40}, "Vuln Compromises": {"record name": "Vuln Compromises", "x": [540, 910, 2036, 2106, 2620, 7433, 7844, 9411, 12078, 43507, 60898, 73970, 75922, 87484, 88546, 97523, 98766, 103187, 122262, 123088, 125834, 132206, 132547, 138875, 167340, 169542, 172162, 172375, 185294, 190450, 190651, 194600, 208834, 210837, 219675, 223120, 223342, 228615, 231236, 241828], "y": [6, 8, 11, 68, 74, 25, 27, 32, 51, 69, 110, 187, 83, 73, 136, 181, 58, 85, 119, 168, 134, 118, 117, 88, 55, 132, 66, 157, 54, 99, 143, 101, 56, 72, 108, 76, 80, 193, 89, 113], "cumulative y": [1, 2, 3, 4, 5, 6, 7, 8, 9, 10, 11, 12, 13, 14, 15, 16, 17, 18, 19, 20, 21, 22, 23, 24, 25, 26, 27, 28, 29, 30, 31, 32, 33, 34, 35, 36, 37, 38, 39, 40], "total events": 40, "not exposed x": [2106, 2620, 12078, 43507, 60898, 73970, 75922, 87484, 88546, 97523, 98766, 103187, 122262, 123088, 125834, 132206, 132547, 138875, 167340, 169542, 172162, 172375, 185294, 190450, 190651, 194600, 208834, 210837, 219675, 223120, 223342, 228615, 231236, 241828], "not exposed y": [68, 74, 51, 69, 110, 187, 83, 73, 136, 181, 58, 85, 119, 168, 134, 118, 117, 88, 55, 132, 66, 157, 54, 99, 143, 101, 56, 72, 108, 76, 80, 193, 89, 113], "cumulative not exposed y": [1, 2, 3, 4, 5, 6, 7, 8, 9, 10, 11, 12, 13, 14, 15, 16, 17, 18, 19, 20, 21, 22, 23, 24, 25, 26, 27, 28, 29, 30, 31, 32, 33, 34], "total not exposed events": 34}, "Reuse Password Compromises": {"record name": "Reuse Password Compromises", "x": [4374, 6849, 7768, 9478, 27090, 131433, 139014, 143572], "y": [15, 24, 26, 50, 67, 86, 84, 158], "cumulative y": [1, 2, 3, 4, 5, 6, 7, 8], "total events": 8, "not exposed x": [9478, 27090, 131433, 139014, 143572], "not exposed y": [50, 67, 86, 84, 158], "cumulative not exposed y": [1, 2, 3, 4, 5], "total not exposed events": 5}, "Password Spray Compromises": {"record name": "Password Spray Compromises", "x": [66556], "y": [124], "cumulative y": [1], "total events": 1, "not exposed x": [66556], "not exposed y": [124], "cumulative not exposed y": [1], "total not exposed events": 1}, "User Account Leaks": {"record name": "User Account Has Been Leaked By Compromise", "x": [540, 540, 540, 540, 540, 910, 910, 910, 910, 910, 2036, 2036, 2036, 2036, 2036, 2106, 2106, 2106, 2106, 2620, 2620, 2620, 2620, 4374, 4374, 4374, 6849, 6849, 6849, 6849, 7433, 7433, 7433, 7433, 7433, 7768, 7768, 7844, 7844, 7844, 7844, 9411, 9411, 9411, 9411, 9478, 9478, 9478, 12078, 27090, 27090, 27090, 27090, 43507, 43507, 43507, 43507, 43507, 60898, 60898, 60898, 60898, 66556, 73970, 73970, 73970, 75922, 75922, 75922, 87484, 87484, 87484, 88546, 88546, 88546, 88546, 88546, 97523, 97523, 97523, 97523, 98766, 98766, 103187, 103187, 103187, 103187, 122262, 122262, 123088, 123088, 123088, 125834, 125834, 131433, 131433, 132206, 132206, 132547, 138875, 138875, 138875, 139014, 139014, 139014, 143572, 143572, 143572, 167340, 167340, 169542, 172162, 172162, 172162, 172375, 185294, 185294, 185294, 190450, 190450, 190450, 190651, 190651, 194600, 194600, 194600, 208834, 208834, 208834, 210837, 210837, 210837, 219675, 219675, 219675, 223120, 223120, 223342, 228615, 228615, 228615, 228615, 228615, 231236, 231236, 241828, 241828], "y": ["Annie", "Roanna", "Gabriellia", "Ralina", "Devina", "Emelita", "Lissie", "Pepi", "Essa", "Brigitte", "Dannye", "Constancy", "Angil", "Myrah", "Jerrie", "Katha", "Sherline", "Ros", "Zonnya", "Lynnelle", "Adriena", "Modestia", "Rosie", "Tybie", "Gwyneth", "Dorelia", "Bibbye", "Silvia", "Laurice", "Evangelia", "Colleen", "Karon", "Berti", "Shani", "Madalena", "Marney", "Jolyn", "Phaidra", "Jesse", "Mirella", "Goldie", "Demetris", "Audra", "Lorain", "Farica", "Virgie", "Bobinette", "Fannie", "Tildi", "Lavina", "Georgeanne", "Ginny", "Kirsten", "Tracey", "Halli", "Trista", "Betteann", "Gaylene", "Cinda", "Tara", "Allis", "Esta", "Odilia", "Debbi", "Tamiko", "Sunny", "Rhonda", "Sherye", "Letta", "Marrissa", "Alli", "Jolie", "Lotta", "Margette", "Jeane", "Jaynell", "Darci", "Jyoti", "Tildie", "Krista", "Kellina", "Fredi", "Carola", "Belia", "Maggy", "Tabina", "Doloritas", "Karlotta", "Amil", "Candace", "Dode", "Ania", "Sidonia", "Winnifred", "Romonda", "Antoinette", "Carine", "Marie-Jeanne", "Faunie", "Chandra", "Alejandrina", "Kettie", "Carlotta", "Marin", "Julina", "Tressa", "Hermine", "Ellissa", "Margalit", "Jacqueline", "Coletta", "Kellen", "Andra", "Pennie", "Claudette", "Fawn", "Evanne", "Jacinthe", "Basia", "Leoine", "Patty", "Ninette", "Nola", "Livy", "Madlin", "Lesli", "Fayina", "Mira", "Karalee", "Dorie", "Marianna", "Annis", "Idalia", "Kala", "Ariadne", "Cami", "Salomi", "Carolynn", "Lucine", "Shaine", "Wenda", "Dotti", "Christy", "Karna", "Lina", "Ysabel", "Marquita"],