{"Total Initial Vulnerabilities": 759, "Initial Vulns Per OS": {"windows": {"10": 19, "8": 51, "8.1": 33, "7": 20, "xp": 59}, "ubuntu": {"18.04": 36, "20.04": 23, "14.04": 16, "16.04": 48, "12.04": 13, "10.04": 57}, "freebsd": {"12": 26, "11": 58, "13": 14, "10": 31, "9": 27}, "centos": {"6": 26, "8": 19, "5": 27, "7": 18, "4": 28, "3": 110}}, "Average Initial RoA Per OS": {"windows": {"10": 0.04248092040692117, "8": 0.03753397459957147, "8.1": 0.030511138556699114, "7": 0.02129169000923626, "xp": 0.06252874546814387}, "ubuntu": {"18.04": 0.09196577601166822, "20.04": 0.04106162429552223, "14.04": 0.025297945462984753, "16.04": 0.052644541615057154, "12.04": 0.02118459860459314, "10.04": 0.059973954850797144}, "freebsd": {"12": 0.015972596898126575, "11": 0.027887064550154186, "13": 0.025072381111173884, "10": 0.04308898218357719, "9": 0.06981287981345864}, "centos": {"6": 0.041868687619104866, "8": 0.050441754124064146, "5": 0.018347584772694783, "7": 0.049931633606737656, "4": 0.054485133677282103, "3": 0.04651298580208578}}, "OS Types In Initial Network": {"windows 10": 13, "windows 8": 13, "ubuntu 18.04": 19, "freebsd 12": 15, "freebsd 11": 12, "freebsd 13": 11, "ubuntu 20.04": 15, "ubuntu 14.04": 5, "freebsd 10": 9, "ubuntu 16.04": 12, "centos 6": 7, "centos 8": 12, "windows 8.1": 15, "centos 5": 6, "windows vista": 2, "centos 7": 11, "windows 7": 4, "ubuntu 12.04": 3, "centos 4": 2, "windows xp": 2, "ubuntu 10.04": 3, "centos 3": 3, "freebsd 9": 6}, "Initial Hosts Without Vulnerabilities": 30, "Host Compromises": {"record name": "Host Compromises", "x": [382, 698, 3466, 6190, 7374, 8681, 12382, 16815, 20827, 24903, 27103, 30441, 31570, 31825, 31917, 32002, 35588, 35958, 43259, 49203, 50265, 55217, 55394, 58564, 77714, 79514, 80276, 80411, 88703, 89522, 91382, 92994, 93814, 112058, 112232, 112365, 118253, 127697, 128127, 128281, 129199, 135219, 137593, 161807, 170544, 177707, 217508, 229917, 233940, 240693, 242430, 243475, 247526], "y": [1, 3, 16, 23, 30, 37, 4, 14, 32, 47, 2, 13, 19, 94, 114, 199, 97, 102, 34, 124, 113, 120, 118, 122, 92, 117, 87, 82, 86, 89, 90, 74, 119, 116, 68, 70, 165, 126, 125, 129, 69, 58, 85, 121, 77, 151, 187, 75, 81, 123, 138, 139, 91], "cumulative y": [1, 2, 3, 4, 5, 6, 7, 8, 9, 10, 11, 12, 13, 14, 15, 16, 17, 18, 19, 20, 21, 22, 23, 24, 25, 26, 27, 28, 29, 30, 31, 32, 33, 34, 35, 36, 37, 38, 39, 40, 41, 42, 43, 44, 45, 46, 47, 48, 49, 50, 51, 52, 53], "total events": 53, "not exposed x": [31825, 31917, 32002, 35588, 35958, 49203, 50265, 55217, 55394, 58564, 77714, 79514, 80276, 80411, 88703, 89522, 91382, 92994, 93814, 112058, 112232, 112365, 118253, 127697, 128127, 128281, 129199, 135219, 137593, 161807, 170544, 177707, 217508, 229917, 233940, 240693, 242430, 243475, 247526], "not exposed y": [94, 114, 199, 97, 102, 124, 113, 120, 118, 122, 92, 117, 87, 82, 86, 89, 90, 74, 119, 116, 68, 70, 165, 126, 125, 129, 69, 58, 85, 121, 77, 151, 187, 75, 81, 123, 138, 139, 91], "cumulative not exposed y": [1, 2, 3, 4, 5, 6, 7, 8, 9, 10, 11, 12, 13, 14, 15, 16, 17, 18, 19, 20, 21, 22, 23, 24, 25, 26, 27, 28, 29, 30, 31, 32, 33, 34, 35, 36, 37, 38, 39], "total not exposed events": 39}, "Vuln Compromises": {"record name": "Vuln Compromises", "x": [382, 698, 3466, 6190, 8681, 12382, 16815, 20827, 27103, 30441, 31825, 35588, 35958, 50265, 55217, 55394, 58564, 79514, 88703, 91382, 112058, 127697, 128127, 128281, 137593, 170544, 177707, 217508, 240693, 242430, 247526], "y": [1, 3, 16, 23, 37, 4, 14, 32, 2, 13, 94, 97, 102, 113, 120, 118, 122, 117, 86, 90, 116, 126, 125, 129, 85, 77, 151, 187, 123, 138, 91], "cumulative y": [1, 2, 3, 4, 5, 6, 7, 8, 9, 10, 11, 12, 13, 14, 15, 16, 17, 18, 19, 20, 21, 22, 23, 24, 25, 26, 27, 28, 29, 30, 31], "total events": 31, "not exposed x": [31825, 35588, 35958, 50265, 55217, 55394, 58564, 79514, 88703, 91382, 112058, 127697, 128127, 128281, 137593, 170544, 177707, 217508, 240693, 242430, 247526], "not exposed y": [94, 97, 102, 113, 120, 118, 122, 117, 86, 90, 116, 126, 125, 129, 85, 77, 151, 187, 123, 138, 91], "cumulative not exposed y": [1, 2, 3, 4, 5, 6, 7, 8, 9, 10, 11, 12, 13, 14, 15, 16, 17, 18, 19, 20, 21], "total not exposed events": 21}, "Reuse Password Compromises": {"record name": "Reuse Password Compromises", "x": [7374, 24903, 31570, 31917, 32002, 43259, 49203, 77714, 80276, 80411, 89522, 92994, 93814, 112232, 112365, 118253, 129199, 135219, 233940, 243475], "y": [30, 47, 19, 114, 199, 34, 124, 92, 87, 82, 89, 74, 119, 68, 70, 165, 69, 58, 81, 139], "cumulative y": [1, 2, 3, 4, 5, 6, 7, 8, 9, 10, 11, 12, 13, 14, 15, 16, 17, 18, 19, 20], "total events": 20, "not exposed x": [31917, 32002, 49203, 77714, 80276, 80411, 89522, 92994, 93814, 112232, 112365, 118253, 129199, 135219, 233940, 243475], "not exposed y": [114, 199, 124, 92, 87, 82, 89, 74, 119, 68, 70, 165, 69, 58, 81, 139], "cumulative not exposed y": [1, 2, 3, 4, 5, 6, 7, 8, 9, 10, 11, 12, 13, 14, 15, 16], "total not exposed events": 16}, "Password Spray Compromises": {"record name": "Password Spray Compromises", "x": [161807, 229917], "y": [121, 75], "cumulative y": [1, 2], "total events": 2, "not exposed x": [161807, 229917], "not exposed y": [121, 75], "cumulative not exposed y": [1, 2], "total not exposed events": 2}, "User Account Leaks": {"record name": "User Account Has Been Leaked By Compromise", "x": [382, 382, 382, 382, 382, 698, 698, 698, 698, 698, 3466, 3466, 3466, 3466, 3466, 6190, 6190, 6190, 7374, 7374, 7374, 8681, 8681, 8681, 8681, 8681, 12382, 12382, 12382, 12382, 16815, 16815, 16815, 20827, 20827, 20827, 20827, 24903, 24903, 24903, 24903, 27103, 27103, 27103, 27103, 30441, 30441, 30441, 31570, 31570, 31570, 31825, 31825, 31825, 31825, 31917, 31917, 32002, 32002, 32002, 32002, 35588, 35588, 35958, 43259, 43259, 49203, 49203, 49203, 50265, 50265, 50265, 50265, 55217, 55217, 55217, 55394, 55394, 55394, 58564, 58564, 77714, 77714, 77714, 77714, 79514, 79514, 79514, 80276, 80411, 80411, 80411, 88703, 88703, 88703, 89522, 89522, 91382, 91382, 91382, 92994, 92994, 93814, 112058, 112058, 112232, 112232, 112365, 112365, 112365, 118253, 127697, 127697, 127697, 127697, 127697, 128127, 128127, 128127, 128281, 128281, 128281, 129199, 129199, 135219, 137593, 137593, 137593, 170544, 177707, 177707, 217508, 233940, 242430, 243475, 247526], "y": ["Ray", "Valaree", "Jenni", "Roselia", "Fredra", "Bridget", "Hatty", "Bernette", "Cristine", "Sibeal", "Veda", "Kym", "Holly", "Beth", "Valerie", "Janeczka", "Michal", "Alyse", "Melli", "Micaela", "Paloma", "Pippa", "Corene", "Tabina", "Kathye", "Janine", "Darla", "Rita", "Franciska", "Renate", "Deena", "Jacqueline", "Uta", "Janean", "Joice", "Lynnett", "Thomasin", "Daffi", "Aili", "Mikaela", "Frederica", "Elle", "Ardene", "Bettina", "Dorolisa", "Malvina", "Deina", "Lia", "Edna", "Lorna", "Sephira", "Riannon", "Erda", "Adelice", "Domeniga", "Myrlene", "Belvia", "Ealasaid", "Averil", "Cristina", "Lynett", "Bert", "Carissa", "Tilly", "Breanne", "Delly", "Rhetta", "Beryle", "Aggie", "Neile", "Barbe", "Eadie", "Bevvy", "Sophronia", "Henryetta", "Aleece", "Amber", "Guendolen", "Gusella", "Loella", "Aime", "Sara", "Josepha", "La Verne", "Elisabet", "Louisette", "Mattie", "Chryste", "Lottie", "Shoshana", "Alexandra", "Pru", "Pattie", "Addia", "Elfrida", "Jaime", "Lola", "Layla", "Lib", "George", "Loleta", "Brooke", "Dona", "Alyda", "Mercy", "Malissia", "Annamaria", "Cherice", "Christine", "Arleen", "Penelope", "Angie", "Lilia", "Gillan", "Eileen", "Celle", "Amity", "Annice", "Danyette", "Francisca", "Cordelia", "Jaimie", "Susana", "Hildegarde", "Joannes", "Vicky", "Inger", "Ericka", "Wanda", "Marcela", "Odetta", "Lexine", "Poppy", "Tabitha", "Rachel", "Elana"],