{"Total Initial Vulnerabilities": 722, "Initial Vulns Per OS": {"ubuntu": {"20.04": 11, "18.04": 23, "16.04": 19, "12.04": 32, "10.04": 82, "14.04": 31}, "windows": {"8.1": 25, "8": 21, "10": 11, "xp": 123, "7": 26, "vista": 10}, "centos": {"6": 11, "3": 40, "7": 18, "8": 14, "4": 43, "5": 26}, "freebsd": {"12": 25, "13": 20, "10": 36, "11": 23, "8": 44, "9": 8}}, "Average Initial RoA Per OS": {"ubuntu": {"20.04": 0.030493773789091218, "18.04": 0.02078808698767707, "16.04": 0.06925635823887615, "12.04": 0.05946849761768135, "10.04": 0.06839430096848573, "14.04": 0.026077500455598444}, "windows": {"8.1": 0.01757461447060637, "8": 0.045178990711639166, "10": 0.016761461356672103, "xp": 0.06147869187047605, "7": 0.044621759219845285, "vista": 0.031654965423951506}, "centos": {"6": 0.017060169067063532, "3": 0.07013680546553401, "7": 0.02299629566704759, "8": 0.03443220997708369, "4": 0.043836291030497555, "5": 0.02703523796912927}, "freebsd": {"12": 0.016143230546666186, "13": 0.015588074874266727, "10": 0.06058428460243596, "11": 0.033603837111187605, "8": 0.05767561568253122, "9": 0.04749983373025175}}, "OS Types In Initial Network": {"ubuntu 20.04": 12, "ubuntu 18.04": 12, "windows 8.1": 12, "centos 6": 8, "ubuntu 16.04": 6, "ubuntu 12.04": 5, "freebsd 12": 12, "freebsd 13": 19, "centos 3": 1, "windows 8": 11, "ubuntu 10.04": 4, "centos 7": 13, "centos 8": 14, "centos 4": 7, "ubuntu 14.04": 7, "windows 10": 13, "windows xp": 3, "windows 7": 6, "freebsd 10": 11, "freebsd 11": 8, "centos 5": 7, "freebsd 9": 5, "freebsd 8": 2, "windows vista": 2}, "Initial Hosts Without Vulnerabilities": 42, "Host Compromises": {"record name": "Host Compromises", "x": [6343, 7140, 7383, 8042, 8157, 10893, 12221, 17189, 22214, 23853, 25393, 34096, 36466, 38146, 39317, 43517, 49980, 54400, 58691, 60574, 60714, 63844, 87446, 118477, 135371, 151656, 192906, 194261, 197459, 199039, 206246, 209230, 209481, 223558], "y": [18, 24, 26, 27, 28, 33, 37, 108, 6, 10, 15, 20, 31, 35, 38, 49, 4, 17, 36, 42, 43, 65, 64, 172, 169, 111, 8, 12, 22, 29, 46, 94, 99, 162], "cumulative y": [1, 2, 3, 4, 5, 6, 7, 8, 9, 10, 11, 12, 13, 14, 15, 16, 17, 18, 19, 20, 21, 22, 23, 24, 25, 26, 27, 28, 29, 30, 31, 32, 33, 34], "total events": 34, "not exposed x": [17189, 63844, 87446, 118477, 135371, 151656, 209230, 209481, 223558], "not exposed y": [108, 65, 64, 172, 169, 111, 94, 99, 162], "cumulative not exposed y": [1, 2, 3, 4, 5, 6, 7, 8, 9], "total not exposed events": 9}, "Vuln Compromises": {"record name": "Vuln Compromises", "x": [6343, 7383, 8042, 8157, 10893, 23853, 25393, 34096, 36466, 38146, 39317, 43517, 49980, 58691, 60714, 87446, 118477, 135371, 151656, 192906, 194261, 197459, 199039, 206246, 209230, 209481, 223558], "y": [18, 26, 27, 28, 33, 10, 15, 20, 31, 35, 38, 49, 4, 36, 43, 64, 172, 169, 111, 8, 12, 22, 29, 46, 94, 99, 162], "cumulative y": [1, 2, 3, 4, 5, 6, 7, 8, 9, 10, 11, 12, 13, 14, 15, 16, 17, 18, 19, 20, 21, 22, 23, 24, 25, 26, 27], "total events": 27, "not exposed x": [87446, 118477, 135371, 151656, 209230, 209481, 223558], "not exposed y": [64, 172, 169, 111, 94, 99, 162], "cumulative not exposed y": [1, 2, 3, 4, 5, 6, 7], "total not exposed events": 7}, "Reuse Password Compromises": {"record name": "Reuse Password Compromises", "x": [7140, 12221, 17189, 22214, 54400, 63844], "y": [24, 37, 108, 6, 17, 65], "cumulative y": [1, 2, 3, 4, 5, 6], "total events": 6, "not exposed x": [17189, 63844], "not exposed y": [108, 65], "cumulative not exposed y": [1, 2], "total not exposed events": 2}, "Password Spray Compromises": {"record name": "Password Spray Compromises", "x": [60574], "y": [42], "cumulative y": [1], "total events": 1, "not exposed x": [], "not exposed y": [], "cumulative not exposed y": [], "total not exposed events": 0}, "User Account Leaks": {"record name": "User Account Has Been Leaked By Compromise", "x": [6343, 6343, 6343, 6343, 6343, 7140, 7140, 7140, 7140, 7383, 7383, 7383, 7383, 7383, 8042, 8042, 8042, 8042, 8042, 8157, 8157, 8157, 8157, 8157, 10893, 10893, 10893, 10893, 12221, 12221, 12221, 17189, 17189, 17189, 22214, 22214, 22214, 22214, 23853, 23853, 23853, 23853, 25393, 25393, 25393, 34096, 34096, 34096, 34096, 34096, 36466, 36466, 38146, 38146, 39317, 39317, 39317, 43517, 43517, 43517, 43517, 43517, 49980, 49980, 49980, 54400, 54400, 58691, 58691, 58691, 60574, 60574, 60574, 60714, 60714, 60714, 60714, 60714, 63844, 87446, 87446, 87446, 87446, 118477, 118477, 135371, 151656, 151656, 151656, 192906, 192906, 192906, 194261, 194261, 194261, 194261, 197459, 197459, 199039, 199039, 199039, 206246, 206246, 206246, 209230, 209230, 209481, 223558, 223558], "y": ["Astrix", "Tildy", "Lishe", "Anneliese", "Elinor", "Ashia", "Lori", "Luisa", "Danika", "Lindy", "Kittie", "Adelaida", "Kerstin", "Rois", "Elyn", "Katheryn", "Chloe", "Halette", "Etti", "Rubetta", "Kimberli", "Corella", "Noella", "Tallia", "Ricky", "Allyce", "Con", "Selma", "Adina", "Zenia", "Susanetta", "Othelia", "Bliss", "Kaylyn", "Rhona", "Verena", "Margarita", "Katherina", "Rachel", "Sybille", "Brinn", "Ranna", "Fiona", "Marcella", "Felice", "Amata", "Aveline", "Gilbertina", "Liane", "Claude", "Natassia", "Clem", "Chris", "Dido", "Leela", "Margot", "Ardelia", "Caroljean", "Daniele", "Bria", "Marlyn", "Carley", "Ursulina", "Lucila", "Sadye", "Ofelia", "Cyndia", "Allis", "Francene", "Marji", "Kimbra", "Ginni", "Robinet", "Helge", "Pavia", "Jolie", "Melisent", "Phillie", "Carma", "Elyssa", "Glori", "Morganica", "Jillane", "Eve", "Ashly", "Kassi", "Catherina", "Chad", "Ray", "Shalna", "Cherice", "Maxie", "Daisey", "Carole", "Marina", "Ame", "Essy", "Ursala", "Tracey", "Mufinella", "Gypsy", "Emmeline", "Gloriane", "Celia", "Giulietta", "Cris", "Marguerite", "Minnnie", "Penelope"], "cumulative y": [1, 2, 3, 4, 5, 6, 7, 8, 9, 10, 11, 12, 13, 14, 15, 16, 17, 18, 19, 20, 21, 22, 23, 24, 25, 26, 27, 28, 29, 30, 31, 32, 33, 34, 35, 36, 37, 38, 39, 40, 41, 42, 43, 44, 45, 46, 47, 48, 49, 50, 51, 52, 53, 54, 55, 56, 57, 58, 59, 60, 61, 62, 63, 64, 65, 66, 67, 68, 69, 70, 71, 72, 73, 74, 75, 76, 77, 78, 79, 80, 81, 82, 83, 84, 85, 86, 87, 88, 89, 90, 91, 92, 93, 94, 95, 96, 97, 98, 99, 100, 101, 102, 103, 104, 105, 106, 107, 108, 109], "total events": 109}, "Vulnerabilities Exploited": {"record name": "Vulnerabilities Exploited", "x": [400, 928, 928, 1171, 1171, 1171, 1171, 1206, 3708, 3708, 3708, 3708, 3708, 3817, 4121, 6343, 6343, 6343, 6343, 6343, 6343, 6343, 6343, 6343, 6343, 7383, 8042, 8042, 8157, 8157, 10893, 10893, 10893, 10893, 10893, 10893, 10893, 10893, 10893, 10893, 10893, 10893, 10893, 10893, 10893, 10893, 10893, 10893, 10893, 10893, 11508, 12038, 12038, 12038, 14964, 14964, 14964, 16196, 16533, 16533, 16904, 16904, 19643, 21963, 23853, 23853, 23853, 23853, 23853, 23853, 23960, 25393, 25393, 25393, 27212, 27212, 27872, 30509, 34201, 34578, 34578, 34909, 38146, 38146, 38146, 38146, 38146, 38146, 38146, 42085, 42525, 43031, 43031, 43031, 43031, 43517, 43517, 46577, 50546, 50546, 57720, 57720, 58691, 58691, 59291, 60714, 60714, 62126, 62126, 62126, 62126, 62785, 86865, 86865, 87446, 87446, 87446, 94748, 102426, 110267, 110839, 114727, 120583, 131433, 133667, 136933, 136933, 136933, 163120, 172511, 172511, 199194, 217618, 224469], "cumulative exploited vulns": [1, 2, 3, 4, 5, 6, 7, 8, 9, 10, 11, 12, 13, 14, 15, 16, 17, 18, 19, 20, 21, 22, 23, 24, 25, 26, 27, 28, 29, 30, 31, 32, 33, 34, 35, 36, 37, 38, 39, 40, 41, 42, 43, 44, 45, 46, 47, 48, 49, 50, 51, 52, 53, 54, 55, 56, 57, 58, 59, 60, 61, 62, 63, 64, 65, 66, 67, 68, 69, 70, 71, 72, 73, 74, 75, 76, 77, 78, 79, 80, 81, 82, 83, 84, 85, 86, 87, 88, 89, 90, 91, 92, 93, 94, 95, 96, 97, 98, 99, 100, 101, 102, 103, 104, 105, 106, 107, 108, 109, 110, 111, 112, 113, 114, 115, 116, 117, 118, 119, 120, 121, 122, 123, 124, 125, 126, 127, 128, 129, 130, 131, 132, 133, 134],