{"Total Initial Vulnerabilities": 690, "Initial Vulns Per OS": {"centos": {"7": 19, "4": 9, "8": 19, "6": 13, "5": 19, "3": 49}, "ubuntu": {"20.04": 16, "14.04": 52, "12.04": 11, "16.04": 15, "18.04": 37, "10.04": 113}, "windows": {"7": 33, "8": 34, "10": 31, "8.1": 17, "xp": 7, "vista": 27}, "freebsd": {"11": 16, "8": 45, "10": 46, "12": 8, "13": 20, "9": 34}}, "Average Initial RoA Per OS": {"centos": {"7": 0.02697420636473069, "4": 0.07668858053243427, "8": 0.04063691389800969, "6": 0.06218705824801993, "5": 0.04301596661836177, "3": 0.04387474006578031}, "ubuntu": {"20.04": 0.05109921124242662, "14.04": 0.059613972156119736, "12.04": 0.035284528681149174, "16.04": 0.03160255709986244, "18.04": 0.028136486482375777, "10.04": 0.05120312181062501}, "windows": {"7": 0.05654754951950216, "8": 0.04837705964616125, "10": 0.058106015890221366, "8.1": 0.022068947999797958, "xp": 0.055025091085249764, "vista": 0.06127908029998668}, "freebsd": {"11": 0.05226172797236682, "8": 0.044769934329655696, "10": 0.06409828970311773, "12": 0.004265659810627358, "13": 0.07253745523089802, "9": 0.03424787518581264}}, "OS Types In Initial Network": {"centos 7": 14, "ubuntu 20.04": 11, "windows 7": 11, "freebsd 11": 7, "centos 6": 11, "freebsd 8": 4, "windows 8": 11, "freebsd 10": 8, "windows 10": 17, "freebsd 12": 5, "windows 8.1": 10, "freebsd 13": 14, "centos 4": 4, "ubuntu 14.04": 9, "ubuntu 12.04": 3, "ubuntu 16.04": 8, "centos 8": 15, "freebsd 9": 4, "windows xp": 1, "ubuntu 18.04": 16, "centos 5": 6, "windows vista": 5, "centos 3": 1, "ubuntu 10.04": 5}, "Initial Hosts Without Vulnerabilities": 41, "Host Compromises": {"record name": "Host Compromises", "x": [642, 995, 1255, 6522, 7397, 9963, 10662, 11963, 23537, 24467, 27936, 52593, 53567, 57410, 59144, 71257, 82379, 82518, 86143, 86471, 100892, 115687, 116505, 129523, 137167, 137926, 164738, 174492, 195415, 197599, 197787, 217730], "y": [3, 5, 6, 32, 36, 48, 49, 1, 100, 98, 97, 104, 105, 153, 116, 99, 90, 106, 190, 91, 92, 102, 189, 114, 183, 187, 181, 123, 101, 50, 56, 111], "cumulative y": [1, 2, 3, 4, 5, 6, 7, 8, 9, 10, 11, 12, 13, 14, 15, 16, 17, 18, 19, 20, 21, 22, 23, 24, 25, 26, 27, 28, 29, 30, 31, 32], "total events": 32, "not exposed x": [23537, 24467, 27936, 52593, 53567, 57410, 59144, 71257, 82379, 82518, 86143, 86471, 100892, 115687, 116505, 129523, 137167, 137926, 164738, 174492, 195415, 197599, 197787, 217730], "not exposed y": [100, 98, 97, 104, 105, 153, 116, 99, 90, 106, 190, 91, 92, 102, 189, 114, 183, 187, 181, 123, 101, 50, 56, 111], "cumulative not exposed y": [1, 2, 3, 4, 5, 6, 7, 8, 9, 10, 11, 12, 13, 14, 15, 16, 17, 18, 19, 20, 21, 22, 23, 24], "total not exposed events": 24}, "Vuln Compromises": {"record name": "Vuln Compromises", "x": [642, 995, 1255, 6522, 7397, 9963, 10662, 11963, 23537, 24467, 27936, 52593, 53567, 57410, 71257, 82379, 82518, 86143, 86471, 100892, 115687, 116505, 129523, 137167, 174492, 195415, 197599, 197787, 217730], "y": [3, 5, 6, 32, 36, 48, 49, 1, 100, 98, 97, 104, 105, 153, 99, 90, 106, 190, 91, 92, 102, 189, 114, 183, 123, 101, 50, 56, 111], "cumulative y": [1, 2, 3, 4, 5, 6, 7, 8, 9, 10, 11, 12, 13, 14, 15, 16, 17, 18, 19, 20, 21, 22, 23, 24, 25, 26, 27, 28, 29], "total events": 29, "not exposed x": [23537, 24467, 27936, 52593, 53567, 57410, 71257, 82379, 82518, 86143, 86471, 100892, 115687, 116505, 129523, 137167, 174492, 195415, 197599, 197787, 217730], "not exposed y": [100, 98, 97, 104, 105, 153, 99, 90, 106, 190, 91, 92, 102, 189, 114, 183, 123, 101, 50, 56, 111], "cumulative not exposed y": [1, 2, 3, 4, 5, 6, 7, 8, 9, 10, 11, 12, 13, 14, 15, 16, 17, 18, 19, 20, 21], "total not exposed events": 21}, "Reuse Password Compromises": {"record name": "Reuse Password Compromises", "x": [59144, 137926, 164738], "y": [116, 187, 181], "cumulative y": [1, 2, 3], "total events": 3, "not exposed x": [59144, 137926, 164738], "not exposed y": [116, 187, 181], "cumulative not exposed y": [1, 2, 3], "total not exposed events": 3}, "Password Spray Compromises": {"record name": "Password Spray Compromises", "x": [], "y": [], "cumulative y": [], "total events": 0, "not exposed x": [], "not exposed y": [], "cumulative not exposed y": [], "total not exposed events": 0}, "User Account Leaks": {"record name": "User Account Has Been Leaked By Compromise", "x": [642, 642, 642, 642, 642, 995, 995, 995, 995, 1255, 1255, 1255, 1255, 1255, 6522, 6522, 6522, 6522, 6522, 7397, 7397, 7397, 7397, 7397, 9963, 9963, 9963, 10662, 10662, 10662, 10662, 10662, 11963, 11963, 11963, 23537, 23537, 23537, 23537, 24467, 24467, 24467, 24467, 27936, 27936, 27936, 52593, 52593, 52593, 53567, 53567, 53567, 53567, 53567, 57410, 57410, 57410, 57410, 59144, 59144, 59144, 71257, 71257, 71257, 71257, 82379, 82379, 82379, 82518, 82518, 82518, 82518, 86143, 86143, 86143, 86471, 86471, 86471, 86471, 86471, 100892, 100892, 100892, 115687, 115687, 116505, 116505, 116505, 129523, 129523, 137167, 137167, 137926, 137926, 164738, 164738, 174492, 174492, 174492, 195415, 195415, 195415, 195415, 197599, 197599, 197787, 217730, 217730, 217730, 217730, 217730], "y": ["Pet", "Cindie", "Kassia", "Ingeborg", "Patty", "Petronia", "Melisse", "Bianka", "Maryrose", "Aileen", "Gwynne", "Lorianne", "Lorette", "Korella", "Giuditta", "Valene", "Venus", "Carlynne", "Agretha", "Corliss", "Arabela", "Josy", "Austina", "Anne", "Gustie", "Josefina", "Bunni", "Jeanine", "Electra", "Ardella", "Dotty", "Waly", "Annemarie", "Ashla", "Jacynth", "Monique", "Sande", "Aurelie", "Annnora", "Verina", "Esther", "Erma", "Gianina", "Alanna", "Evaleen", "Eba", "Nessi", "Othelia", "Madelene", "Cindi", "Beryl", "Rayshell", "Eliza", "Teena", "Winnie", "Dedra", "Kelsey", "Alvina", "Gilberta", "Nesta", "Joan", "Aime", "Beverly", "Blair", "Janeen", "Neille", "Kimberlee", "Rhodie", "Darrelle", "Glory", "Quintana", "Adrian", "Elie", "Pavla", "Lexi", "Sharline", "Rita", "Nanete", "Mable", "Daisie", "Tildy", "Cristal", "Gussie", "Enrika", "Gennifer", "Libbi", "Nat", "Petrina", "Cissy", "Dorey", "Estell", "Sallyann", "Talyah", "Millie", "Ianthe", "Auguste", "Kari", "Audrey", "Antonie", "Vania", "Lenna", "Andrea", "Adela", "Donella", "Florenza", "Myrtie", "Daisy", "Bernetta", "Corrina", "Arly", "Selie"], "cumulative y": [1, 2, 3, 4, 5, 6, 7, 8, 9, 10, 11, 12, 13, 14, 15, 16, 17, 18, 19, 20, 21, 22, 23, 24, 25, 26, 27, 28, 29, 30, 31, 32, 33, 34, 35, 36, 37, 38, 39, 40, 41, 42, 43, 44, 45, 46, 47, 48, 49, 50, 51, 52, 53, 54, 55, 56, 57, 58, 59, 60, 61, 62, 63, 64, 65, 66, 67, 68, 69, 70, 71, 72, 73, 74, 75, 76, 77, 78, 79, 80, 81, 82, 83, 84, 85, 86, 87, 88, 89, 90, 91, 92, 93, 94, 95, 96, 97, 98, 99, 100, 101, 102, 103, 104, 105, 106, 107, 108, 109, 110, 111], "total events": 111}, "Vulnerabilities Exploited": {"record name": "Vulnerabilities Exploited", "x": [208, 208, 437, 585, 642, 819, 819, 819, 995, 995, 1255, 1255, 1255, 1324, 1633, 1925, 1925, 2182, 2446, 2446, 2561, 2848, 3747, 3747, 3957, 4866, 5676, 5676, 5676, 5676, 6350, 6780, 6780, 7086, 7397, 7397, 7397, 7782, 9403, 9963, 9963, 9963, 10662, 10662, 11102, 11963, 13190, 17544, 18086, 18799, 18799, 18799, 19538, 30817, 33886, 33886, 35886, 35886, 40565, 41413, 41413, 41413, 43676, 44101, 44759, 44759, 46267, 50268, 52593, 52996, 52996, 52996, 53686, 57410, 61961, 65466, 65466, 65466, 65466, 65466, 71257, 71257, 84402, 86143, 86143, 86143, 99804, 103832, 116683, 121310, 125361, 129523, 137167, 137167, 144002, 167849, 167849, 167849, 167849, 167849, 167849, 167849, 170796, 170796, 172571, 172571, 172571, 172571, 172571, 174492, 181922, 188977, 189818, 189818, 189818, 189818, 189818, 190454, 197787, 197787, 202808, 212686, 217730, 228818, 241824, 241824, 241824, 243566, 243566],