{"Total Initial Vulnerabilities": 791, "Initial Vulns Per OS": {"ubuntu": {"18.04": 15, "20.04": 20, "14.04": 19, "16.04": 27, "12.04": 16, "10.04": 21}, "centos": {"5": 16, "6": 58, "4": 38, "7": 37, "8": 11, "3": 104}, "windows": {"8": 42, "8.1": 14, "7": 58, "10": 19, "xp": 95, "vista": 27}, "freebsd": {"9": 39, "13": 8, "11": 15, "12": 19, "10": 8, "8": 65}}, "Average Initial RoA Per OS": {"ubuntu": {"18.04": 0.1130747782261566, "20.04": 0.06455489570303516, "14.04": 0.02382262691556314, "16.04": 0.09571430072620525, "12.04": 0.08319276697404379, "10.04": 0.07115197800029138}, "centos": {"5": 0.07445200598384875, "6": 0.051885465958500944, "4": 0.038511061464302415, "7": 0.058896112886352825, "8": 0.023115000968932334, "3": 0.038001833221471534}, "windows": {"8": 0.04624806059959687, "8.1": 0.05461911562892241, "7": 0.07435585234367717, "10": 0.05476934854029066, "xp": 0.04608266768466916, "vista": 0.03736689549311419}, "freebsd": {"9": 0.029774981571657734, "13": 0.07294120471127327, "11": 0.04439597149085137, "12": 0.05583584078344663, "10": 0.01863701561475834, "8": 0.05515175353138102}}, "OS Types In Initial Network": {"ubuntu 18.04": 17, "centos 5": 4, "centos 6": 10, "windows 8": 11, "centos 4": 7, "centos 7": 16, "freebsd 9": 6, "centos 8": 14, "freebsd 12": 16, "ubuntu 20.04": 21, "windows 10": 10, "windows 8.1": 7, "windows 7": 11, "ubuntu 14.04": 6, "freebsd 13": 8, "freebsd 11": 6, "ubuntu 16.04": 8, "freebsd 10": 1, "windows xp": 5, "windows vista": 4, "ubuntu 12.04": 4, "freebsd 8": 2, "ubuntu 10.04": 2, "centos 3": 4}, "Initial Hosts Without Vulnerabilities": 34, "Host Compromises": {"record name": "Host Compromises", "x": [923, 1884, 2096, 5880, 7383, 7458, 10833, 12349, 13232, 14588, 18195, 22175, 28634, 35982, 36876, 38739, 38836, 39469, 46871, 53159, 53819, 57989, 61269, 63499, 63653, 65928, 74896, 81021, 85095, 89027, 95904, 107730, 109527, 112647, 139895, 140531, 145401, 152759, 160379, 181972, 190003, 195254, 195437, 202043, 212539, 230662, 233269, 237160, 242710], "y": [2, 6, 7, 24, 29, 30, 38, 41, 44, 48, 3, 14, 34, 107, 75, 111, 127, 108, 99, 134, 109, 114, 65, 112, 63, 66, 60, 70, 98, 115, 73, 119, 62, 64, 179, 182, 59, 178, 61, 104, 157, 153, 160, 197, 69, 72, 103, 77, 106], "cumulative y": [1, 2, 3, 4, 5, 6, 7, 8, 9, 10, 11, 12, 13, 14, 15, 16, 17, 18, 19, 20, 21, 22, 23, 24, 25, 26, 27, 28, 29, 30, 31, 32, 33, 34, 35, 36, 37, 38, 39, 40, 41, 42, 43, 44, 45, 46, 47, 48, 49], "total events": 49, "not exposed x": [35982, 36876, 38739, 38836, 39469, 46871, 53159, 53819, 57989, 61269, 63499, 63653, 65928, 74896, 81021, 85095, 89027, 95904, 107730, 109527, 112647, 139895, 140531, 145401, 152759, 160379, 181972, 190003, 195254, 195437, 202043, 212539, 230662, 233269, 237160, 242710], "not exposed y": [107, 75, 111, 127, 108, 99, 134, 109, 114, 65, 112, 63, 66, 60, 70, 98, 115, 73, 119, 62, 64, 179, 182, 59, 178, 61, 104, 157, 153, 160, 197, 69, 72, 103, 77, 106], "cumulative not exposed y": [1, 2, 3, 4, 5, 6, 7, 8, 9, 10, 11, 12, 13, 14, 15, 16, 17, 18, 19, 20, 21, 22, 23, 24, 25, 26, 27, 28, 29, 30, 31, 32, 33, 34, 35, 36], "total not exposed events": 36}, "Vuln Compromises": {"record name": "Vuln Compromises", "x": [923, 1884, 2096, 5880, 7383, 7458, 10833, 12349, 13232, 14588, 22175, 28634, 35982, 38739, 53159, 57989, 63499, 65928, 140531, 160379], "y": [2, 6, 7, 24, 29, 30, 38, 41, 44, 48, 14, 34, 107, 111, 134, 114, 112, 66, 182, 61], "cumulative y": [1, 2, 3, 4, 5, 6, 7, 8, 9, 10, 11, 12, 13, 14, 15, 16, 17, 18, 19, 20], "total events": 20, "not exposed x": [35982, 38739, 53159, 57989, 63499, 65928, 140531, 160379], "not exposed y": [107, 111, 134, 114, 112, 66, 182, 61], "cumulative not exposed y": [1, 2, 3, 4, 5, 6, 7, 8], "total not exposed events": 8}, "Reuse Password Compromises": {"record name": "Reuse Password Compromises", "x": [18195, 36876, 38836, 39469, 46871, 53819, 61269, 63653, 74896, 81021, 85095, 89027, 107730, 109527, 112647, 139895, 145401, 152759, 181972, 190003, 195254, 195437, 202043, 212539, 230662, 233269, 237160, 242710], "y": [3, 75, 127, 108, 99, 109, 65, 63, 60, 70, 98, 115, 119, 62, 64, 179, 59, 178, 104, 157, 153, 160, 197, 69, 72, 103, 77, 106], "cumulative y": [1, 2, 3, 4, 5, 6, 7, 8, 9, 10, 11, 12, 13, 14, 15, 16, 17, 18, 19, 20, 21, 22, 23, 24, 25, 26, 27, 28], "total events": 28, "not exposed x": [36876, 38836, 39469, 46871, 53819, 61269, 63653, 74896, 81021, 85095, 89027, 107730, 109527, 112647, 139895, 145401, 152759, 181972, 190003, 195254, 195437, 202043, 212539, 230662, 233269, 237160, 242710], "not exposed y": [75, 127, 108, 99, 109, 65, 63, 60, 70, 98, 115, 119, 62, 64, 179, 59, 178, 104, 157, 153, 160, 197, 69, 72, 103, 77, 106], "cumulative not exposed y": [1, 2, 3, 4, 5, 6, 7, 8, 9, 10, 11, 12, 13, 14, 15, 16, 17, 18, 19, 20, 21, 22, 23, 24, 25, 26, 27], "total not exposed events": 27}, "Password Spray Compromises": {"record name": "Password Spray Compromises", "x": [95904], "y": [73], "cumulative y": [1], "total events": 1, "not exposed x": [95904], "not exposed y": [73], "cumulative not exposed y": [1], "total not exposed events": 1}, "User Account Leaks": {"record name": "User Account Has Been Leaked By Compromise", "x": [923, 923, 923, 923, 923, 1884, 1884, 1884, 1884, 2096, 2096, 2096, 2096, 2096, 5880, 5880, 5880, 5880, 5880, 7383, 7383, 7383, 7383, 7383, 7458, 7458, 7458, 7458, 10833, 10833, 10833, 10833, 12349, 12349, 12349, 12349, 13232, 13232, 13232, 13232, 13232, 14588, 14588, 14588, 18195, 18195, 18195, 22175, 22175, 28634, 28634, 28634, 28634, 35982, 35982, 35982, 35982, 35982, 36876, 36876, 36876, 38739, 38739, 38739, 38739, 39469, 39469, 39469, 46871, 46871, 46871, 53159, 53159, 53159, 53159, 53819, 53819, 53819, 57989, 57989, 61269, 61269, 63499, 63499, 63499, 63499, 63653, 63653, 65928, 65928, 65928, 74896, 74896, 81021, 81021, 85095, 85095, 89027, 89027, 89027, 95904, 95904, 95904, 107730, 107730, 109527, 112647, 112647, 139895, 139895, 139895, 139895, 140531, 145401, 152759, 160379, 160379, 160379, 190003, 195254, 195437, 195437, 195437, 202043, 202043, 212539, 233269, 237160, 237160, 237160, 242710, 242710], "y": ["Breanne", "Pippa", "Marcy", "Aurie", "Arabele", "Shelli", "Camila", "Rois", "Callie", "Lynna", "Norrie", "Chris", "Rosaline", "Beverly", "Darcey", "Ddene", "Fancie", "Rici", "Berna", "Brigid", "Heloise", "Zonnya", "Marybeth", "Abbe", "Sidoney", "Reine", "Reyna", "Jacinthe", "Ethelind", "Suzanne", "Jacquelin", "Minetta", "Grissel", "Toma", "Teressa", "Brittney", "Freida", "Johna", "Eirena", "Stafani", "Colette", "Jany", "Wini", "Livvie", "Zora", "Joleen", "Phelia", "Jess", "Angy", "Lois", "Valene", "Nikoletta", "Elly", "Wanda", "Orsola", "Angelique", "Charin", "Evvie", "Rena", "Norah", "Bonnee", "Chrissie", "Joann", "Celia", "Alidia", "Darrelle", "Susanetta", "Irita", "Adella", "Colene", "Maribel", "Nada", "Elora", "Dacie", "Hinda", "Tyne", "Henriette", "Sandi", "Dorree", "Ursulina", "Allyn", "Ezmeralda", "Marris", "Felita", "Kelley", "Gusty", "Karyn", "Marchelle", "Evangelia", "Nady", "Cammi", "Peg", "Roxanne", "Thalia", "Sheela", "Bonni", "Jolynn", "Nickie", "Norene", "Doreen", "Kara", "Tiffany", "Nell", "Meg", "Constancy", "Nalani", "Sarena", "Frieda", "Robena", "Camilla", "Kikelia", "Pru", "Deina", "Tonye", "Bernardine", "Aundrea", "Jojo", "Aila", "Jinny", "Paloma", "Lauren", "Pauline", "Dolorita", "Ruperta", "Nanon", "Celka", "Carmine", "Danice", "Olenka", "Mureil", "Kathy", "Abby"],