{"Total Initial Vulnerabilities": 678, "Initial Vulns Per OS": {"centos": {"4": 40, "5": 28, "7": 8, "6": 30, "3": 88, "8": 5}, "ubuntu": {"14.04": 26, "16.04": 44, "18.04": 14, "12.04": 30, "20.04": 10, "10.04": 33}, "windows": {"8": 12, "7": 11, "10": 8, "8.1": 16, "xp": 65, "vista": 21}, "freebsd": {"10": 36, "13": 10, "12": 21, "11": 45, "9": 38, "8": 39}}, "Average Initial RoA Per OS": {"centos": {"4": 0.03691777115025768, "5": 0.08148036617070811, "7": 0.03286137471392055, "6": 0.11520467244819585, "3": 0.04039361790300042, "8": 0.28157560425559813}, "ubuntu": {"14.04": 0.06963806665609792, "16.04": 0.06978506257681952, "18.04": 0.02385372789927292, "12.04": 0.06163252506065986, "20.04": 0.06918512380761227, "10.04": 0.04045017059206768}, "windows": {"8": 0.05653266511132236, "7": 0.06704749083863834, "10": 0.1187882454423539, "8.1": 0.053063457264449464, "xp": 0.05522747565738485, "vista": 0.05028704085051104}, "freebsd": {"10": 0.08167332470808905, "13": 0.09532452273787573, "12": 0.02348365433844058, "11": 0.07549772741282627, "9": 0.056892843777924654, "8": 0.04802349852590047}}, "OS Types In Initial Network": {"centos 4": 7, "windows 8.1": 12, "ubuntu 14.04": 7, "ubuntu 16.04": 13, "windows 8": 7, "ubuntu 18.04": 9, "freebsd 10": 10, "freebsd 13": 16, "windows 7": 3, "centos 5": 7, "centos 7": 10, "windows 10": 18, "centos 8": 10, "ubuntu 12.04": 5, "ubuntu 20.04": 7, "freebsd 12": 12, "freebsd 11": 14, "freebsd 9": 7, "windows xp": 3, "centos 6": 11, "centos 3": 3, "windows vista": 5, "ubuntu 10.04": 2, "freebsd 8": 2}, "Initial Hosts Without Vulnerabilities": 45, "Host Compromises": {"record name": "Host Compromises", "x": [1361, 3493, 3852, 3952, 6259, 7219, 7445, 18198, 19748, 20128, 22388, 24599, 25563, 30759, 32578, 35431, 43783, 52047, 52809, 68179, 76619, 88116, 94331, 97819, 102085, 118191, 134763, 183358, 194418, 211309, 224719, 228112, 247503], "y": [9, 26, 78, 88, 84, 81, 55, 152, 0, 53, 2, 6, 10, 23, 27, 33, 51, 50, 102, 85, 83, 127, 106, 63, 148, 67, 185, 59, 56, 103, 133, 68, 153], "cumulative y": [1, 2, 3, 4, 5, 6, 7, 8, 9, 10, 11, 12, 13, 14, 15, 16, 17, 18, 19, 20, 21, 22, 23, 24, 25, 26, 27, 28, 29, 30, 31, 32, 33], "total events": 33, "not exposed x": [3852, 3952, 6259, 7219, 7445, 18198, 20128, 43783, 52047, 52809, 68179, 76619, 88116, 94331, 97819, 102085, 118191, 134763, 183358, 194418, 211309, 224719, 228112, 247503], "not exposed y": [78, 88, 84, 81, 55, 152, 53, 51, 50, 102, 85, 83, 127, 106, 63, 148, 67, 185, 59, 56, 103, 133, 68, 153], "cumulative not exposed y": [1, 2, 3, 4, 5, 6, 7, 8, 9, 10, 11, 12, 13, 14, 15, 16, 17, 18, 19, 20, 21, 22, 23, 24], "total not exposed events": 24}, "Vuln Compromises": {"record name": "Vuln Compromises", "x": [1361, 3493, 3852, 3952, 6259, 7219, 7445, 18198, 19748, 20128, 22388, 24599, 25563, 30759, 32578, 35431, 43783, 52047, 52809, 68179, 76619, 88116, 94331, 97819, 102085, 134763, 183358, 194418, 211309, 224719, 228112, 247503], "y": [9, 26, 78, 88, 84, 81, 55, 152, 0, 53, 2, 6, 10, 23, 27, 33, 51, 50, 102, 85, 83, 127, 106, 63, 148, 185, 59, 56, 103, 133, 68, 153], "cumulative y": [1, 2, 3, 4, 5, 6, 7, 8, 9, 10, 11, 12, 13, 14, 15, 16, 17, 18, 19, 20, 21, 22, 23, 24, 25, 26, 27, 28, 29, 30, 31, 32], "total events": 32, "not exposed x": [3852, 3952, 6259, 7219, 7445, 18198, 20128, 43783, 52047, 52809, 68179, 76619, 88116, 94331, 97819, 102085, 134763, 183358, 194418, 211309, 224719, 228112, 247503], "not exposed y": [78, 88, 84, 81, 55, 152, 53, 51, 50, 102, 85, 83, 127, 106, 63, 148, 185, 59, 56, 103, 133, 68, 153], "cumulative not exposed y": [1, 2, 3, 4, 5, 6, 7, 8, 9, 10, 11, 12, 13, 14, 15, 16, 17, 18, 19, 20, 21, 22, 23], "total not exposed events": 23}, "Reuse Password Compromises": {"record name": "Reuse Password Compromises", "x": [118191], "y": [67], "cumulative y": [1], "total events": 1, "not exposed x": [118191], "not exposed y": [67], "cumulative not exposed y": [1], "total not exposed events": 1}, "Password Spray Compromises": {"record name": "Password Spray Compromises", "x": [], "y": [], "cumulative y": [], "total events": 0, "not exposed x": [], "not exposed y": [], "cumulative not exposed y": [], "total not exposed events": 0}, "User Account Leaks": {"record name": "User Account Has Been Leaked By Compromise", "x": [1361, 1361, 1361, 1361, 1361, 3493, 3493, 3493, 3493, 3493, 3852, 3852, 3852, 3852, 3852, 3952, 3952, 3952, 3952, 6259, 6259, 6259, 6259, 6259, 7219, 7219, 7219, 7445, 7445, 7445, 7445, 7445, 18198, 18198, 18198, 18198, 18198, 19748, 19748, 19748, 19748, 19748, 20128, 20128, 20128, 20128, 20128, 22388, 22388, 22388, 22388, 22388, 24599, 24599, 24599, 24599, 24599, 25563, 25563, 25563, 25563, 30759, 30759, 30759, 30759, 32578, 32578, 32578, 32578, 35431, 35431, 35431, 35431, 43783, 52047, 52047, 52047, 52809, 52809, 52809, 68179, 68179, 68179, 76619, 76619, 88116, 88116, 94331, 94331, 94331, 97819, 97819, 102085, 118191, 134763, 134763, 134763, 183358, 183358, 194418, 194418, 194418, 194418, 211309, 228112, 228112, 247503, 247503, 247503, 247503, 247503], "y": ["Sileas", "Carline", "Olivie", "Crystal", "Jeanine", "Lyndel", "Kacie", "Melisande", "Lexine", "Lilly", "Jyoti", "Siouxie", "Helaina", "Rania", "Alena", "Lyndsey", "Camile", "Jacklyn", "Valentina", "Fae", "Darice", "Meris", "Monah", "Elna", "Herminia", "Layla", "Desirae", "Raeann", "Charlotta", "Gleda", "Drucy", "Jazmin", "Illa", "Viola", "Ailis", "Kylen", "Kirstyn", "Darcee", "Briny", "Jess", "Nissa", "Shalne", "Kelsi", "Evanne", "Johnette", "Minta", "Ansley", "Tessa", "Madelina", "Maren", "Shannen", "Rana", "Harmony", "Dorice", "Feodora", "Blondelle", "Candice", "Evy", "Mignon", "Kayley", "Buffy", "Matty", "Ag", "Rorie", "Luelle", "Tallia", "Renate", "Hanni", "Kathie", "Jere", "Donnamarie", "Brenn", "Adelind", "Erminia", "Clareta", "Shawna", "Ivett", "Jacquelynn", "Linda", "Binni", "Jenn", "Beatrice", "Inga", "Gui", "Allie", "Amalea", "Batsheva", "Joann", "Tina", "Margarethe", "Erda", "Inez", "Tatiana", "Lenora", "Janice", "Tiffy", "Elvira", "Averil", "Willetta", "Vanda", "Kelci", "Aurelie", "Lacee", "Tony", "Moyra", "Chanda", "Abigael", "Hester", "Nell", "Bethena", "Carolynn"], "cumulative y": [1, 2, 3, 4, 5, 6, 7, 8, 9, 10, 11, 12, 13, 14, 15, 16, 17, 18, 19, 20, 21, 22, 23, 24, 25, 26, 27, 28, 29, 30, 31, 32, 33, 34, 35, 36, 37, 38, 39, 40, 41, 42, 43, 44, 45, 46, 47, 48, 49, 50, 51, 52, 53, 54, 55, 56, 57, 58, 59, 60, 61, 62, 63, 64, 65, 66, 67, 68, 69, 70, 71, 72, 73, 74, 75, 76, 77, 78, 79, 80, 81, 82, 83, 84, 85, 86, 87, 88, 89, 90, 91, 92, 93, 94, 95, 96, 97, 98, 99, 100, 101, 102, 103, 104, 105, 106, 107, 108, 109, 110, 111], "total events": 111}, "Vulnerabilities Exploited": {"record name": "Vulnerabilities Exploited", "x": [334, 334, 334, 528, 528, 629, 629, 629, 854, 854, 1056, 1203, 1203, 1361, 1610, 1768, 1894, 2328, 2857, 2857, 3089, 3089, 3089, 3493, 3852, 3852, 3952, 6259, 6259, 6332, 7445, 7445, 8414, 8414, 8414, 8414, 8414, 12384, 15464, 17121, 17930, 18198, 18324, 18324, 19344, 19748, 19847, 20793, 22388, 24599, 24710, 32578, 34270, 34270, 39080, 43783, 52047, 52047, 52809, 56085, 66729, 68179, 68179, 75489, 76619, 76619, 81413, 81413, 88116, 88387, 88387, 88387, 88387, 94331, 96378, 96378, 97819, 97819, 102085, 104089, 107357, 121291, 122167, 122167, 134763, 134763, 134763, 139752, 151018, 161581, 167071, 167071, 170155, 170155, 194418, 217207, 224719, 224917], "cumulative exploited vulns": [1, 2, 3, 4, 5, 6, 7, 8, 9, 10, 11, 12, 13, 14, 15, 16, 17, 18, 19, 20, 21, 22, 23, 24, 25, 26, 27, 28, 29, 30, 31, 32, 33, 34, 35, 36, 37, 38, 39, 40, 41, 42, 43, 44, 45, 46, 47, 48, 49, 50, 51, 52, 53, 54, 55, 56, 57, 58, 59, 60, 61, 62, 63, 64, 65, 66, 67, 68, 69, 70, 71, 72, 73, 74, 75, 76, 77, 78, 79, 80, 81, 82, 83, 84, 85, 86, 87, 88, 89, 90, 91, 92, 93, 94, 95, 96, 97, 98],