{"Total Initial Vulnerabilities": 860, "Initial Vulns Per OS": {"ubuntu": {"12.04": 1, "14.04": 26, "16.04": 22, "18.04": 32, "20.04": 20, "10.04": 94}, "freebsd": {"13": 11, "11": 41, "12": 26, "10": 14, "8": 82, "9": 26}, "windows": {"10": 28, "8.1": 48, "xp": 53, "8": 16, "7": 32, "vista": 25}, "centos": {"4": 11, "3": 147, "7": 50, "8": 17, "6": 18, "5": 20}}, "Average Initial RoA Per OS": {"ubuntu": {"12.04": 0.02016618960065433, "14.04": 0.05668110299943222, "16.04": 0.03214096185939082, "18.04": 0.05125404413349809, "20.04": 0.02518074584435494, "10.04": 0.03715290527283688}, "freebsd": {"13": 0.019476692098484946, "11": 0.1010234394173673, "12": 0.023268481309221174, "10": 0.048362408841085544, "8": 0.03930930733191786, "9": 0.03340260607197508}, "windows": {"10": 0.030413571830697577, "8.1": 0.04129702626382669, "xp": 0.05080178622978455, "8": 0.05043494920665501, "7": 0.06564394751595591, "vista": 0.058052926741894106}, "centos": {"4": 0.03894064603356839, "3": 0.044757799941768345, "7": 0.034144055420982464, "8": 0.02380948798071117, "6": 0.0645512874475973, "5": 0.07393606766755718}}, "OS Types In Initial Network": {"windows 10": 17, "ubuntu 12.04": 1, "freebsd 13": 7, "ubuntu 14.04": 6, "ubuntu 16.04": 10, "freebsd 12": 13, "centos 4": 3, "ubuntu 18.04": 12, "centos 3": 6, "windows 8.1": 19, "ubuntu 20.04": 18, "freebsd 11": 10, "centos 7": 13, "centos 8": 12, "windows xp": 2, "freebsd 10": 6, "windows 8": 10, "windows 7": 11, "centos 6": 4, "windows vista": 5, "ubuntu 10.04": 4, "centos 5": 4, "freebsd 8": 3, "freebsd 9": 4}, "Initial Hosts Without Vulnerabilities": 31, "Host Compromises": {"record name": "Host Compromises", "x": [3030, 3801, 3987, 8493, 8952, 12122, 15629, 15771, 16339, 16719, 18073, 18536, 25503, 28451, 29099, 31282, 31882, 32499, 60306, 76248, 82954, 89669, 93417, 107444, 111208, 111387, 112054, 126123, 127256, 147000, 147171, 168260, 168414, 182520, 195996, 222240], "y": [14, 107, 93, 198, 190, 110, 10, 11, 120, 119, 122, 125, 24, 31, 33, 38, 40, 41, 95, 94, 74, 99, 78, 81, 82, 79, 84, 91, 83, 180, 182, 98, 77, 75, 66, 193], "cumulative y": [1, 2, 3, 4, 5, 6, 7, 8, 9, 10, 11, 12, 13, 14, 15, 16, 17, 18, 19, 20, 21, 22, 23, 24, 25, 26, 27, 28, 29, 30, 31, 32, 33, 34, 35, 36], "total events": 36, "not exposed x": [3801, 3987, 8493, 8952, 12122, 16339, 16719, 18073, 18536, 60306, 76248, 82954, 89669, 93417, 107444, 111208, 111387, 112054, 126123, 127256, 147000, 147171, 168260, 168414, 182520, 195996, 222240], "not exposed y": [107, 93, 198, 190, 110, 120, 119, 122, 125, 95, 94, 74, 99, 78, 81, 82, 79, 84, 91, 83, 180, 182, 98, 77, 75, 66, 193], "cumulative not exposed y": [1, 2, 3, 4, 5, 6, 7, 8, 9, 10, 11, 12, 13, 14, 15, 16, 17, 18, 19, 20, 21, 22, 23, 24, 25, 26, 27], "total not exposed events": 27}, "Vuln Compromises": {"record name": "Vuln Compromises", "x": [3030, 3801, 3987, 8493, 8952, 12122, 15629, 15771, 16339, 16719, 18073, 18536, 25503, 28451, 29099, 31282, 31882, 32499, 60306, 76248, 82954, 89669, 93417, 107444, 111387, 126123, 127256, 147000, 147171, 168414, 195996, 222240], "y": [14, 107, 93, 198, 190, 110, 10, 11, 120, 119, 122, 125, 24, 31, 33, 38, 40, 41, 95, 94, 74, 99, 78, 81, 79, 91, 83, 180, 182, 77, 66, 193], "cumulative y": [1, 2, 3, 4, 5, 6, 7, 8, 9, 10, 11, 12, 13, 14, 15, 16, 17, 18, 19, 20, 21, 22, 23, 24, 25, 26, 27, 28, 29, 30, 31, 32], "total events": 32, "not exposed x": [3801, 3987, 8493, 8952, 12122, 16339, 16719, 18073, 18536, 60306, 76248, 82954, 89669, 93417, 107444, 111387, 126123, 127256, 147000, 147171, 168414, 195996, 222240], "not exposed y": [107, 93, 198, 190, 110, 120, 119, 122, 125, 95, 94, 74, 99, 78, 81, 79, 91, 83, 180, 182, 77, 66, 193], "cumulative not exposed y": [1, 2, 3, 4, 5, 6, 7, 8, 9, 10, 11, 12, 13, 14, 15, 16, 17, 18, 19, 20, 21, 22, 23], "total not exposed events": 23}, "Reuse Password Compromises": {"record name": "Reuse Password Compromises", "x": [111208, 168260, 182520], "y": [82, 98, 75], "cumulative y": [1, 2, 3], "total events": 3, "not exposed x": [111208, 168260, 182520], "not exposed y": [82, 98, 75], "cumulative not exposed y": [1, 2, 3], "total not exposed events": 3}, "Password Spray Compromises": {"record name": "Password Spray Compromises", "x": [112054], "y": [84], "cumulative y": [1], "total events": 1, "not exposed x": [112054], "not exposed y": [84], "cumulative not exposed y": [1], "total not exposed events": 1}, "User Account Leaks": {"record name": "User Account Has Been Leaked By Compromise", "x": [3030, 3030, 3030, 3030, 3030, 3801, 3801, 3801, 3801, 3801, 3987, 3987, 3987, 3987, 3987, 8493, 8493, 8493, 8493, 8493, 8952, 8952, 8952, 8952, 12122, 12122, 12122, 15629, 15629, 15629, 15629, 15771, 15771, 15771, 15771, 15771, 16339, 16339, 16339, 16339, 16719, 16719, 16719, 16719, 18073, 18073, 18073, 18073, 18536, 18536, 18536, 18536, 25503, 25503, 25503, 25503, 28451, 28451, 28451, 29099, 29099, 29099, 29099, 31282, 31282, 31282, 31282, 31882, 31882, 31882, 31882, 32499, 32499, 32499, 32499, 32499, 60306, 60306, 76248, 76248, 76248, 76248, 82954, 82954, 82954, 82954, 82954, 89669, 89669, 89669, 93417, 93417, 107444, 107444, 107444, 111208, 111387, 111387, 111387, 112054, 126123, 126123, 126123, 126123, 127256, 147000, 147000, 147000, 147171, 168260, 168414, 182520, 182520, 195996, 195996, 222240, 222240, 222240], "y": ["Sashenka", "Ruthi", "Wandie", "Sharon", "Cristionna", "Chere", "Livy", "Myrtia", "Clarice", "Alaine", "Janna", "Teddy", "Anselma", "Gisella", "Camille", "Jordan", "Malia", "Dusty", "Sindee", "Linzy", "Irina", "Marice", "Stacee", "Eugine", "Dolley", "Danella", "Judi", "Ray", "Francoise", "Leanora", "Tildy", "Heidi", "Cindra", "Doralynne", "Aida", "Myrtice", "Sybila", "Joye", "Aleda", "Perl", "Aimee", "Roselin", "Ruby", "Doris", "Della", "Teriann", "Antonietta", "Jocelyn", "Ashien", "Helaine", "Bill", "Starla", "Adina", "Trix", "Karilynn", "Fredrika", "Mirelle", "Janessa", "Edyth", "Erin", "Taryn", "Gwyn", "Charla", "Georgianna", "Orly", "Allene", "Lind", "Kellen", "Lilith", "Christie", "Verene", "Trixi", "Roslyn", "Kelsy", "Eddy", "Mufi", "Deeann", "Christen", "Thekla", "Tabina", "Masha", "Reggie", "Fina", "Marji", "Rubie", "Sandye", "Glenine", "Lila", "Annemarie", "Marissa", "Carolann", "Pollyanna", "Kissiah", "Clo", "Mimi", "Robinett", "Erminie", "Tonye", "Romonda", "Jacquelyn", "Lula", "Bili", "Bellanca", "Florina", "Dulciana", "Kassi", "Helga", "Terrye", "Justina", "Kiah", "Honor", "Rochette", "Jaquelin", "Korrie", "Barbabra", "Aindrea", "Esmeralda", "Layla"], "cumulative y": [1, 2, 3, 4, 5, 6, 7, 8, 9, 10, 11, 12, 13, 14, 15, 16, 17, 18, 19, 20, 21, 22, 23, 24, 25, 26, 27, 28, 29, 30, 31, 32, 33, 34, 35, 36, 37, 38, 39, 40, 41, 42, 43, 44, 45, 46, 47, 48, 49, 50, 51, 52, 53, 54, 55, 56, 57, 58, 59, 60, 61, 62, 63, 64, 65, 66, 67, 68, 69, 70, 71, 72, 73, 74, 75, 76, 77, 78, 79, 80, 81, 82, 83, 84, 85, 86, 87, 88, 89, 90, 91, 92, 93, 94, 95, 96, 97, 98, 99, 100, 101, 102, 103, 104, 105, 106, 107, 108, 109, 110, 111, 112, 113, 114, 115, 116, 117, 118], "total events": 118}, "Vulnerabilities Exploited": {"record name": "Vulnerabilities Exploited", "x": [742, 742, 970, 1109, 1109, 1869, 1869, 1869, 1869, 2394, 2394, 2394, 2394, 2394, 2394, 2394, 2394, 2720, 2720, 3030, 3172, 3801, 3801, 3801, 3987, 3987, 3987, 5784, 6205, 6373, 7210, 7210, 7210, 7466, 7963, 7963, 7963, 7963, 8493, 8493, 9236, 9433, 10009, 11730, 11730, 11730, 12122, 12201, 14116, 15629, 15629, 15629, 15771, 16339, 16339, 16914, 18073, 18073, 20919, 24265, 25503, 26267, 26267, 26267, 28694, 28694, 31421, 32499, 32499, 36162, 37860, 42914, 48397, 48397, 55366, 56567, 68442, 68442, 68442, 70681, 76248, 76388, 83305, 89102, 89669, 89887, 89887, 119380, 145034, 145034, 184289, 229182, 248479],