{"Total Initial Vulnerabilities": 577, "Initial Vulns Per OS": {"windows": {"10": 16, "vista": 19, "8": 19, "8.1": 28, "7": 17, "xp": 58}, "freebsd": {"11": 23, "10": 21, "12": 23, "9": 18, "8": 52, "13": 4}, "centos": {"6": 29, "7": 24, "8": 22, "4": 32, "5": 55, "3": 21}, "ubuntu": {"16.04": 19, "20.04": 9, "18.04": 17, "10.04": 39, "12.04": 6, "14.04": 6}}, "Average Initial RoA Per OS": {"windows": {"10": 0.04127210527781009, "vista": 0.06302506639244407, "8": 0.06397075959725479, "8.1": 0.03855073494235244, "7": 0.12849681506599353, "xp": 0.055711282396665666}, "freebsd": {"11": 0.09915292726701412, "10": 0.05525333240908196, "12": 0.043567489751779036, "9": 0.07490068352195631, "8": 0.041396635544714094, "13": 0.033102653441328386}, "centos": {"6": 0.06188908701241611, "7": 0.03763445191133582, "8": 0.0275457843033716, "4": 0.06987341536338981, "5": 0.05413314904808425, "3": 0.03863702582760915}, "ubuntu": {"16.04": 0.06571962986114126, "20.04": 0.044267811281299946, "18.04": 0.04050614535537487, "10.04": 0.05034789601077399, "12.04": 0.029431087483229906, "14.04": 0.06383058568924573}}, "OS Types In Initial Network": {"centos 8": 16, "windows 10": 19, "freebsd 11": 6, "ubuntu 20.04": 13, "centos 6": 10, "freebsd 10": 8, "freebsd 12": 13, "windows 8.1": 14, "ubuntu 16.04": 12, "centos 4": 7, "centos 7": 15, "windows vista": 5, "ubuntu 14.04": 2, "ubuntu 18.04": 11, "freebsd 13": 8, "freebsd 9": 7, "centos 5": 9, "windows 8": 9, "freebsd 8": 3, "ubuntu 10.04": 2, "ubuntu 12.04": 2, "windows 7": 7, "windows xp": 1, "centos 3": 1}, "Initial Hosts Without Vulnerabilities": 47, "Host Compromises": {"record name": "Host Compromises", "x": [2166, 3013, 3455, 5394, 6368, 10018, 11274, 37817, 40642, 65882, 71709, 175634, 229779], "y": [17, 25, 29, 41, 46, 11, 18, 44, 5, 19, 43, 49, 8], "cumulative y": [1, 2, 3, 4, 5, 6, 7, 8, 9, 10, 11, 12, 13], "total events": 13, "not exposed x": [], "not exposed y": [], "cumulative not exposed y": [], "total not exposed events": 0}, "Vuln Compromises": {"record name": "Vuln Compromises", "x": [2166, 3013, 3455, 5394, 10018, 11274, 37817, 40642, 65882, 71709, 175634], "y": [17, 25, 29, 41, 11, 18, 44, 5, 19, 43, 49], "cumulative y": [1, 2, 3, 4, 5, 6, 7, 8, 9, 10, 11], "total events": 11, "not exposed x": [], "not exposed y": [], "cumulative not exposed y": [], "total not exposed events": 0}, "Reuse Password Compromises": {"record name": "Reuse Password Compromises", "x": [6368], "y": [46], "cumulative y": [1], "total events": 1, "not exposed x": [], "not exposed y": [], "cumulative not exposed y": [], "total not exposed events": 0}, "Password Spray Compromises": {"record name": "Password Spray Compromises", "x": [229779], "y": [8], "cumulative y": [1], "total events": 1, "not exposed x": [], "not exposed y": [], "cumulative not exposed y": [], "total not exposed events": 0}, "User Account Leaks": {"record name": "User Account Has Been Leaked By Compromise", "x": [2166, 2166, 2166, 2166, 2166, 3013, 3013, 3013, 3013, 3013, 3455, 3455, 3455, 3455, 5394, 5394, 5394, 5394, 6368, 6368, 6368, 10018, 10018, 10018, 10018, 10018, 11274, 11274, 11274, 37817, 37817, 37817, 37817, 40642, 40642, 40642, 40642, 65882, 65882, 65882, 65882, 65882, 71709, 71709, 71709, 175634, 175634, 175634, 229779, 229779, 229779, 229779], "y": ["Keely", "Ailis", "Carolina", "Celestina", "Lucinda", "Peggie", "Megen", "Audi", "Marga", "Quinn", "Mattie", "Delphinia", "Ranee", "Olympie", "Frannie", "Stephi", "Bell", "Dinnie", "Sarine", "Chelsae", "Linnell", "Sybilla", "Jacky", "Anstice", "Bobette", "Ethelin", "Erinna", "George", "Berti", "Marna", "Teodora", "Meriel", "Kari", "Cora", "Yoshi", "Mehetabel", "Eustacia", "Christian", "Elyn", "Miranda", "Marlene", "Savina", "Leia", "Lucky", "Elnora", "Shaylyn", "Tommy", "Goldie", "Glenda", "Rosabel", "Bernardina", "Iolanthe"], "cumulative y": [1, 2, 3, 4, 5, 6, 7, 8, 9, 10, 11, 12, 13, 14, 15, 16, 17, 18, 19, 20, 21, 22, 23, 24, 25, 26, 27, 28, 29, 30, 31, 32, 33, 34, 35, 36, 37, 38, 39, 40, 41, 42, 43, 44, 45, 46, 47, 48, 49, 50, 51, 52], "total events": 52}, "Vulnerabilities Exploited": {"record name": "Vulnerabilities Exploited", "x": [165, 311, 644, 1004, 1004, 1191, 1191, 1491, 2028, 2114, 2166, 2333, 2333, 2333, 2333, 2739, 2739, 3013, 4754, 5127, 5127, 5127, 5127, 5394, 5394, 5394, 6065, 6065, 6065, 6065, 7248, 7248, 7248, 8297, 10018, 10730, 11274, 12043, 12694, 13120, 16799, 18000, 18000, 18000, 18000, 20223, 20861, 26645, 26645, 27512, 28790, 37817, 37817, 40642, 40642, 47457, 50112, 51190, 62878, 65882, 78439, 163306, 175634, 214143], "cumulative exploited vulns": [1, 2, 3, 4, 5, 6, 7, 8, 9, 10, 11, 12, 13, 14, 15, 16, 17, 18, 19, 20, 21, 22, 23, 24, 25, 26, 27, 28, 29, 30, 31, 32, 33, 34, 35, 36, 37, 38, 39, 40, 41, 42, 43, 44, 45, 46, 47, 48, 49, 50, 51, 52, 53, 54, 55, 56, 57, 58, 59, 60, 61, 62, 63, 64], "roa": [0.26219815501916427, 0.28056662909230745, 0.38217889288561585, 0.6943341923396356, 0.4247088173891448, 0.142541756654715, 0.05819505849920244, 0.8761414838919883, 0.05467584998236091, 0.34698665767904974, 0.7453665584854771, 0.4450839761578015, 0.0164230638438444, 0.4450839761578015, 0.37508568003804965, 0.5818269377281046, 0.23055268914263852, 0.47015961115559524, 0.12986171106157002, 0.7172310018439415, 0.7521324672890192, 0.19935559304281253, 0.08813008124859203, 0.3276398277787204, 0.3808270983853942, 0.3646341634400589, 0.5052002833936893, 0.5253427366768997, 0.10914578762396213, 0.22970969479047304, 0.5893278107675837, 0.36459309678780494, 0.0586417416731667, 0.1107783799089646, 0.3060442690277319, 0.2000457947491962, 0.8542752743030283, 0.20006444528831482, 0.2504156738470388, 0.43157056136680777, 0.4954343273989582, 0.45018263287825944, 0.15052655541405954, 0.07549827738345773, 0.1369349556364224, 0.006720415892753784, 0.5689126894531029, 0.13053411447513621, 0.07748130756509855, 0.08028762516158403, 0.01148993362021963, 0.10693373611622856, 0.39695536392185027, 0.30860867048600643, 0.06748390816470982, 0.1282600842993022, 0.0679800406868457, 0.0390040885670571, 0.046973937132445895, 0.0837382917633929, 0.09838925988457796, 0.18650285751922743, 0.10288470995702723, 0.22702952117490444], "impact": [5.525921927711951, 4.228178213654924, 6.191651713920491, 7.331806322359533, 8.112341605301586, 3.4991945842936256, 6.571528606524899, 8.766782999394401, 0.842433194094423, 7.666132895464547, 9.498995611618506, 4.977909006325291, 0.21303869154406851, 4.977909006325291, 4.098656708019105, 9.679029152537792, 3.91758380096054, 7.799353165726232, 3.383319837442227, 7.557283889264852, 9.017757132916795, 2.270903825994189, 9.239310164730142, 3.6982527724907155, 6.5103251748841595, 8.445526146887588, 5.738275237843853, 6.894149656537767, 1.2692497784791634, 5.567528915292057, 6.787574534160436, 6.785590116956211, 0.6831940269993209, 3.4040125214222883, 9.305326961834602, 6.37130254247957, 9.553881788570632, 2.2499282333129154, 5.206492111662659, 9.893052587516083, 7.786584618474446, 6.096484295792691, 2.0344757457689564, 7.0528137677224025, 1.5008024545594778, 0.1481465860177844, 9.618635355574037, 1.9088642882138063, 1.9819455676917608, 1.6839534414218404, 0.2602888533136072, 6.857526442409403, 7.264683703084774, 8.580633164576007, 2.726113629580441, 5.992098283451569, 2.907516707129462, 3.696903150052929, 7.699685747572744, 9.996102752660676, 7.351620358544747, 9.428821942295912, 9.846864853321717, 2.4364632123359566],