{"Total Initial Vulnerabilities": 666, "Initial Vulns Per OS": {"centos": {"7": 40, "4": 25, "8": 16, "6": 42, "5": 22, "3": 58}, "freebsd": {"11": 29, "10": 31, "13": 17, "12": 24, "8": 10, "9": 2}, "ubuntu": {"20.04": 13, "16.04": 17, "10.04": 58, "14.04": 27, "18.04": 22, "12.04": 34}, "windows": {"8.1": 38, "10": 27, "vista": 14, "7": 18, "xp": 60, "8": 22}}, "Average Initial RoA Per OS": {"centos": {"7": 0.027424044401860654, "4": 0.017250562881438686, "8": 0.02222003164086339, "6": 0.049081312068127304, "5": 0.04238520153862706, "3": 0.044957449046323386}, "freebsd": {"11": 0.10047110387859506, "10": 0.057827329570735116, "13": 0.02214091523768801, "12": 0.03778384327827447, "8": 0.03813535536604842, "9": 0.11438657853653512}, "ubuntu": {"20.04": 0.05259734070218484, "16.04": 0.027501182686572433, "10.04": 0.05473706101083544, "14.04": 0.03911634245396808, "18.04": 0.0163640861439918, "12.04": 0.06949893799995627}, "windows": {"8.1": 0.02787761231389275, "10": 0.013070326695092614, "vista": 0.09658916309559461, "7": 0.05341460395338961, "xp": 0.0696812515742437, "8": 0.13266726771545245}}, "OS Types In Initial Network": {"centos 7": 13, "windows 7": 6, "freebsd 11": 7, "ubuntu 20.04": 11, "centos 8": 12, "centos 4": 8, "ubuntu 16.04": 7, "freebsd 13": 15, "freebsd 10": 8, "centos 6": 16, "ubuntu 10.04": 2, "windows 8.1": 16, "ubuntu 14.04": 8, "ubuntu 18.04": 12, "windows 10": 18, "windows vista": 6, "windows xp": 2, "centos 5": 5, "freebsd 12": 9, "windows 8": 9, "ubuntu 12.04": 6, "freebsd 8": 1, "centos 3": 2, "freebsd 9": 1}, "Initial Hosts Without Vulnerabilities": 42, "Host Compromises": {"record name": "Host Compromises", "x": [4163, 4723, 7229, 9708, 10804, 15417, 17116, 18695, 21555, 22541, 26680, 28503, 98105, 131118, 140758, 140865, 153883, 154007, 163103, 172587, 186862, 188037, 188680, 188810, 197380, 237568], "y": [18, 22, 34, 45, 48, 20, 29, 36, 47, 2, 15, 24, 0, 50, 53, 55, 195, 196, 58, 52, 54, 60, 96, 174, 57, 44], "cumulative y": [1, 2, 3, 4, 5, 6, 7, 8, 9, 10, 11, 12, 13, 14, 15, 16, 17, 18, 19, 20, 21, 22, 23, 24, 25, 26], "total events": 26, "not exposed x": [131118, 140758, 140865, 153883, 154007, 163103, 172587, 186862, 188037, 188680, 188810, 197380], "not exposed y": [50, 53, 55, 195, 196, 58, 52, 54, 60, 96, 174, 57], "cumulative not exposed y": [1, 2, 3, 4, 5, 6, 7, 8, 9, 10, 11, 12], "total not exposed events": 12}, "Vuln Compromises": {"record name": "Vuln Compromises", "x": [4163, 4723, 7229, 9708, 15417, 17116, 21555, 22541, 28503, 98105, 131118, 140758, 153883, 172587, 186862, 188037, 188680], "y": [18, 22, 34, 45, 20, 29, 47, 2, 24, 0, 50, 53, 195, 52, 54, 60, 96], "cumulative y": [1, 2, 3, 4, 5, 6, 7, 8, 9, 10, 11, 12, 13, 14, 15, 16, 17], "total events": 17, "not exposed x": [131118, 140758, 153883, 172587, 186862, 188037, 188680], "not exposed y": [50, 53, 195, 52, 54, 60, 96], "cumulative not exposed y": [1, 2, 3, 4, 5, 6, 7], "total not exposed events": 7}, "Reuse Password Compromises": {"record name": "Reuse Password Compromises", "x": [18695, 26680, 140865, 154007, 188810, 197380, 237568], "y": [36, 15, 55, 196, 174, 57, 44], "cumulative y": [1, 2, 3, 4, 5, 6, 7], "total events": 7, "not exposed x": [140865, 154007, 188810, 197380], "not exposed y": [55, 196, 174, 57], "cumulative not exposed y": [1, 2, 3, 4], "total not exposed events": 4}, "Password Spray Compromises": {"record name": "Password Spray Compromises", "x": [10804, 163103], "y": [48, 58], "cumulative y": [1, 2], "total events": 2, "not exposed x": [163103], "not exposed y": [58], "cumulative not exposed y": [1], "total not exposed events": 1}, "User Account Leaks": {"record name": "User Account Has Been Leaked By Compromise", "x": [4163, 4163, 4163, 4163, 4163, 4723, 4723, 4723, 4723, 4723, 7229, 7229, 7229, 7229, 9708, 9708, 9708, 9708, 9708, 10804, 10804, 10804, 15417, 15417, 15417, 15417, 15417, 17116, 17116, 17116, 17116, 18695, 18695, 21555, 21555, 21555, 22541, 22541, 22541, 22541, 26680, 26680, 26680, 26680, 28503, 28503, 28503, 28503, 98105, 98105, 98105, 98105, 98105, 131118, 131118, 131118, 140758, 140758, 140865, 140865, 153883, 153883, 153883, 153883, 153883, 154007, 163103, 163103, 163103, 172587, 186862, 186862, 186862, 188037, 188037, 188037, 188037, 188680, 188680, 188680, 188810, 188810, 188810, 197380, 197380, 197380, 237568, 237568, 237568], "y": ["Marchelle", "Nydia", "Hannie", "Tiffanie", "Ronnie", "Cornela", "Abra", "Corrie", "Farah", "Corina", "Paulette", "Celestine", "Bibby", "Merralee", "Emmaline", "Vina", "Dulcinea", "Josey", "Keri", "Blair", "Nerty", "Lynn", "Margaret", "Viviana", "Marieann", "Miquela", "Francene", "Daisy", "Alexine", "Goldina", "Elly", "Oriana", "Bethena", "Tamara", "Aurel", "Cayla", "Pierrette", "Eleonore", "Koressa", "Gisela", "Dolly", "Consolata", "Bathsheba", "Tory", "Tamera", "Perl", "Wren", "Maryjo", "Birgitta", "Alla", "Dorian", "Magdalene", "Laetitia", "Suellen", "Maggi", "Ema", "Colette", "Inez", "Edy", "Sianna", "Eydie", "June", "Mickie", "Benetta", "Valerye", "Elladine", "Lizette", "Melloney", "Annamarie", "Angelina", "Jan", "Hermina", "Brigid", "Twila", "Ester", "Hope", "Audrye", "Kalli", "Neysa", "Brynna", "Martguerita", "Melosa", "Maye", "Mari", "Kalinda", "Verina", "Heddi", "Lida", "Wynne"], "cumulative y": [1, 2, 3, 4, 5, 6, 7, 8, 9, 10, 11, 12, 13, 14, 15, 16, 17, 18, 19, 20, 21, 22, 23, 24, 25, 26, 27, 28, 29, 30, 31, 32, 33, 34, 35, 36, 37, 38, 39, 40, 41, 42, 43, 44, 45, 46, 47, 48, 49, 50, 51, 52, 53, 54, 55, 56, 57, 58, 59, 60, 61, 62, 63, 64, 65, 66, 67, 68, 69, 70, 71, 72, 73, 74, 75, 76, 77, 78, 79, 80, 81, 82, 83, 84, 85, 86, 87, 88, 89], "total events": 89}, "Vulnerabilities Exploited": {"record name": "Vulnerabilities Exploited", "x": [690, 690, 1335, 1335, 1335, 1335, 1335, 1335, 1471, 2085, 2085, 2301, 2564, 4163, 4163, 4163, 4163, 4163, 4163, 4163, 4163, 4163, 4163, 4163, 4163, 4163, 4163, 4163, 4163, 4163, 4163, 4163, 4163, 4723, 4723, 5077, 5565, 5565, 6502, 7229, 7229, 7229, 7229, 7229, 7668, 7668, 7868, 8234, 9708, 9708, 9992, 9992, 10451, 10451, 10451, 10883, 11649, 11649, 11649, 12184, 13909, 13909, 15024, 19704, 20995, 21555, 22541, 22541, 22541, 22541, 22541, 23087, 23385, 26818, 26818, 28503, 28606, 33826, 35910, 38395, 38395, 68175, 83491, 98105, 131118, 133606, 140365, 141491, 153463, 177392, 179262, 179262, 181913, 185174, 186862, 202173, 211460, 213977, 217737], "cumulative exploited vulns": [1, 2, 3, 4, 5, 6, 7, 8, 9, 10, 11, 12, 13, 14, 15, 16, 17, 18, 19, 20, 21, 22, 23, 24, 25, 26, 27, 28, 29, 30, 31, 32, 33, 34, 35, 36, 37, 38, 39, 40, 41, 42, 43, 44, 45, 46, 47, 48, 49, 50, 51, 52, 53, 54, 55, 56, 57, 58, 59, 60, 61, 62, 63, 64, 65, 66, 67, 68, 69, 70, 71, 72, 73, 74, 75, 76, 77, 78, 79, 80, 81, 82, 83, 84, 85, 86, 87, 88, 89, 90, 91, 92, 93, 94, 95, 96, 97, 98, 99],