{"Total Initial Vulnerabilities": 580, "Initial Vulns Per OS": {"ubuntu": {"18.04": 17, "12.04": 9, "14.04": 14, "20.04": 21, "16.04": 24}, "centos": {"7": 17, "5": 22, "4": 37, "8": 10, "3": 44, "6": 26}, "freebsd": {"11": 35, "10": 35, "13": 8, "12": 24, "9": 20, "8": 92}, "windows": {"8": 10, "10": 21, "vista": 12, "7": 37, "8.1": 24, "xp": 21}}, "Average Initial RoA Per OS": {"ubuntu": {"18.04": 0.05502213499433728, "12.04": 0.040117587731068764, "14.04": 0.026358164115277093, "20.04": 0.03755552248391078, "16.04": 0.03820637492041208}, "centos": {"7": 0.022820500107739835, "5": 0.057277306342876984, "4": 0.09900292344677146, "8": 0.06332364465545688, "3": 0.07877936137615155, "6": 0.03402158287425759}, "freebsd": {"11": 0.043822218007774305, "10": 0.050092696475560514, "13": 0.053741767332075176, "12": 0.032471998021338634, "9": 0.1284971907011944, "8": 0.054861922367767206}, "windows": {"8": 0.03155826119536254, "10": 0.027877336758083734, "vista": 0.04472043877423021, "7": 0.04097349938670954, "8.1": 0.05091951565693293, "xp": 0.07018981150243372}}, "OS Types In Initial Network": {"ubuntu 18.04": 15, "centos 7": 10, "freebsd 11": 11, "windows 8": 6, "windows 10": 19, "freebsd 10": 8, "windows vista": 3, "windows 8.1": 17, "freebsd 13": 11, "ubuntu 12.04": 2, "freebsd 12": 15, "windows 7": 6, "freebsd 9": 6, "ubuntu 14.04": 3, "centos 5": 6, "centos 4": 8, "centos 8": 11, "centos 3": 3, "ubuntu 20.04": 19, "ubuntu 16.04": 6, "freebsd 8": 3, "windows xp": 1, "centos 6": 11}, "Initial Hosts Without Vulnerabilities": 38, "Host Compromises": {"record name": "Host Compromises", "x": [1746, 3637, 5766, 11402, 13306, 14607, 18243, 22561, 24749, 33017, 35449, 37997, 38824, 38909, 57995, 64516, 98683, 102823, 105576, 105706, 139518, 146143, 146366, 148883, 171777, 185007, 202346, 204265, 204379, 206162, 207575, 228783], "y": [11, 22, 32, 12, 20, 24, 40, 3, 13, 39, 48, 4, 6, 7, 10, 34, 29, 41, 49, 100, 9, 31, 63, 67, 52, 66, 36, 43, 92, 50, 72, 93], "cumulative y": [1, 2, 3, 4, 5, 6, 7, 8, 9, 10, 11, 12, 13, 14, 15, 16, 17, 18, 19, 20, 21, 22, 23, 24, 25, 26, 27, 28, 29, 30, 31, 32], "total events": 32, "not exposed x": [105706, 146366, 148883, 171777, 185007, 204379, 206162, 207575, 228783], "not exposed y": [100, 63, 67, 52, 66, 92, 50, 72, 93], "cumulative not exposed y": [1, 2, 3, 4, 5, 6, 7, 8, 9], "total not exposed events": 9}, "Vuln Compromises": {"record name": "Vuln Compromises", "x": [1746, 3637, 5766, 14607, 22561, 24749, 98683, 146143, 146366, 148883, 171777], "y": [11, 22, 32, 24, 3, 13, 29, 31, 63, 67, 52], "cumulative y": [1, 2, 3, 4, 5, 6, 7, 8, 9, 10, 11], "total events": 11, "not exposed x": [146366, 148883, 171777], "not exposed y": [63, 67, 52], "cumulative not exposed y": [1, 2, 3], "total not exposed events": 3}, "Reuse Password Compromises": {"record name": "Reuse Password Compromises", "x": [11402, 13306, 18243, 33017, 35449, 37997, 38824, 38909, 57995, 64516, 102823, 105576, 105706, 139518, 185007, 202346, 204265, 204379, 206162, 207575, 228783], "y": [12, 20, 40, 39, 48, 4, 6, 7, 10, 34, 41, 49, 100, 9, 66, 36, 43, 92, 50, 72, 93], "cumulative y": [1, 2, 3, 4, 5, 6, 7, 8, 9, 10, 11, 12, 13, 14, 15, 16, 17, 18, 19, 20, 21], "total events": 21, "not exposed x": [105706, 185007, 204379, 206162, 207575, 228783], "not exposed y": [100, 66, 92, 50, 72, 93], "cumulative not exposed y": [1, 2, 3, 4, 5, 6], "total not exposed events": 6}, "Password Spray Compromises": {"record name": "Password Spray Compromises", "x": [], "y": [], "cumulative y": [], "total events": 0, "not exposed x": [], "not exposed y": [], "cumulative not exposed y": [], "total not exposed events": 0}, "User Account Leaks": {"record name": "User Account Has Been Leaked By Compromise", "x": [1746, 1746, 1746, 1746, 1746, 3637, 3637, 3637, 3637, 3637, 5766, 5766, 5766, 5766, 11402, 11402, 11402, 11402, 13306, 13306, 13306, 13306, 14607, 14607, 14607, 14607, 18243, 18243, 18243, 18243, 22561, 22561, 22561, 22561, 24749, 24749, 24749, 24749, 33017, 33017, 33017, 35449, 35449, 35449, 37997, 37997, 38824, 38824, 38824, 38824, 38909, 38909, 38909, 57995, 57995, 57995, 64516, 64516, 98683, 98683, 98683, 98683, 98683, 102823, 102823, 105576, 105576, 105576, 105576, 105706, 105706, 139518, 139518, 139518, 146143, 146366, 146366, 146366, 146366, 146366, 148883, 148883, 148883, 148883, 171777, 171777, 171777, 185007, 185007, 185007, 202346, 202346, 204265, 204379, 204379, 204379, 206162, 206162, 207575, 207575, 207575, 228783, 228783], "y": ["Lilli", "Leigh", "Raine", "Nikoletta", "Luci", "Oralle", "Reine", "Adriena", "Drusie", "Channa", "Gerti", "Nanette", "Aeriell", "Etti", "Jsandye", "Mariam", "Fredelia", "Rochell", "Corilla", "Easter", "Flossie", "Bibby", "Carla", "Karel", "Cherri", "Ava", "Dorothea", "Jolie", "Almeria", "Teena", "Oliy", "Truda", "Cari", "Tamarra", "Cecilla", "Jacintha", "Matilda", "Jana", "Anya", "Jolyn", "Merlina", "Wynny", "Shanna", "Miquela", "Kaitlyn", "Danette", "Cele", "Debee", "Prudy", "Cherida", "Dedra", "Chad", "Joelle", "Clio", "Karine", "Kata", "Trixi", "Aurea", "Madalyn", "Eba", "Gerladina", "Audi", "Loise", "Vikki", "Orel", "Rubia", "Jamima", "Lorena", "Kali", "Madelin", "Godiva", "Leoine", "Lia", "Yetta", "Conchita", "Tracy", "Noelani", "Joly", "Prue", "Darline", "Britni", "Valaree", "Jemimah", "Natasha", "Chrissy", "Kerrill", "Aggi", "Tersina", "Daisie", "Darryl", "Neala", "Loni", "Jacquenette", "Ami", "Annette", "Chanda", "Danica", "Lenna", "Torey", "Giuditta", "Ricki", "Gabrielle", "Sherline"], "cumulative y": [1, 2, 3, 4, 5, 6, 7, 8, 9, 10, 11, 12, 13, 14, 15, 16, 17, 18, 19, 20, 21, 22, 23, 24, 25, 26, 27, 28, 29, 30, 31, 32, 33, 34, 35, 36, 37, 38, 39, 40, 41, 42, 43, 44, 45, 46, 47, 48, 49, 50, 51, 52, 53, 54, 55, 56, 57, 58, 59, 60, 61, 62, 63, 64, 65, 66, 67, 68, 69, 70, 71, 72, 73, 74, 75, 76, 77, 78, 79, 80, 81, 82, 83, 84, 85, 86, 87, 88, 89, 90, 91, 92, 93, 94, 95, 96, 97, 98, 99, 100, 101, 102, 103], "total events": 103}, "Vulnerabilities Exploited": {"record name": "Vulnerabilities Exploited", "x": [335, 335, 476, 476, 724, 1097, 1097, 1174, 1174, 1746, 1746, 1810, 1900, 2035, 2635, 2635, 2814, 3055, 3055, 3055, 3142, 3222, 3637, 3637, 3637, 3637, 4270, 4270, 4270, 4270, 4558, 4558, 4558, 5100, 5100, 5474, 5474, 5766, 5766, 5864, 5864, 6409, 6409, 6409, 6543, 6785, 7220, 7220, 7574, 7574, 8655, 9009, 9009, 9009, 9249, 10026, 12131, 13019, 14607, 14755, 15212, 15430, 15913, 16635, 20446, 21242, 21890, 22561, 24749, 30208, 31957, 35176, 35176, 35543, 38183, 38183, 41154, 50930, 58530, 61329, 66184, 68690, 72717, 85208, 98683, 107393, 128611, 146143, 146797, 148883, 149669, 165142, 171777, 183307, 193050, 240307], "cumulative exploited vulns": [1, 2, 3, 4, 5, 6, 7, 8, 9, 10, 11, 12, 13, 14, 15, 16, 17, 18, 19, 20, 21, 22, 23, 24, 25, 26, 27, 28, 29, 30, 31, 32, 33, 34, 35, 36, 37, 38, 39, 40, 41, 42, 43, 44, 45, 46, 47, 48, 49, 50, 51, 52, 53, 54, 55, 56, 57, 58, 59, 60, 61, 62, 63, 64, 65, 66, 67, 68, 69, 70, 71, 72, 73, 74, 75, 76, 77, 78, 79, 80, 81, 82, 83, 84, 85, 86, 87, 88, 89, 90, 91, 92, 93, 94, 95, 96],