{"Total Initial Vulnerabilities": 693, "Initial Vulns Per OS": {"ubuntu": {"14.04": 47, "18.04": 17, "16.04": 19, "12.04": 47, "20.04": 13, "10.04": 5}, "windows": {"8.1": 23, "10": 17, "8": 28, "7": 23, "vista": 33, "xp": 109}, "centos": {"8": 10, "3": 9, "4": 27, "5": 35, "6": 21, "7": 5}, "freebsd": {"12": 17, "13": 24, "9": 12, "10": 38, "11": 19, "8": 95}}, "Average Initial RoA Per OS": {"ubuntu": {"14.04": 0.04360104236320066, "18.04": 0.0426344561784501, "16.04": 0.06290759993050936, "12.04": 0.03399276007205308, "20.04": 0.08432686777979889, "10.04": 0.025430750420010407}, "windows": {"8.1": 0.05512029934729262, "10": 0.09728763117048886, "8": 0.046159630003643023, "7": 0.0419465916275253, "vista": 0.027508464456110264, "xp": 0.04889743270412387}, "centos": {"8": 0.11079939205049098, "3": 0.12737846106114317, "4": 0.016643098781368867, "5": 0.06885261457071012, "6": 0.04732358520682107, "7": 0.031660714279368556}, "freebsd": {"12": 0.03831559519666199, "13": 0.13311623090340094, "9": 0.04042877852573953, "10": 0.07624897261683869, "11": 0.06511920579471332, "8": 0.04431966362937032}}, "OS Types In Initial Network": {"ubuntu 14.04": 11, "freebsd 12": 13, "windows 8.1": 13, "ubuntu 18.04": 10, "centos 8": 15, "ubuntu 16.04": 9, "windows 10": 19, "centos 3": 1, "ubuntu 20.04": 11, "windows 8": 10, "ubuntu 12.04": 6, "freebsd 13": 18, "freebsd 9": 4, "windows 7": 8, "freebsd 10": 7, "windows vista": 7, "centos 4": 5, "windows xp": 3, "centos 5": 7, "centos 7": 5, "centos 6": 6, "freebsd 11": 8, "ubuntu 10.04": 1, "freebsd 8": 3}, "Initial Hosts Without Vulnerabilities": 44, "Host Compromises": {"record name": "Host Compromises", "x": [1010, 1465, 3431, 3860, 7991, 14123, 16971, 21000, 25625, 33375, 40401, 41588, 47245, 64202, 73677, 74523, 74623, 75285, 75840, 81964, 82581, 85448, 85595, 96982, 97130, 121602, 123474, 127232, 127399, 129306, 142056, 145218, 178084, 178262, 205260, 206913, 211515, 212426, 216715, 222629, 225772, 231062, 231886, 236392, 242397, 243830], "y": [7, 9, 17, 18, 33, 0, 14, 28, 46, 16, 40, 44, 60, 15, 35, 38, 39, 42, 43, 124, 58, 118, 148, 101, 94, 51, 106, 105, 50, 108, 81, 59, 104, 109, 153, 67, 80, 65, 68, 107, 62, 133, 135, 146, 168, 174], "cumulative y": [1, 2, 3, 4, 5, 6, 7, 8, 9, 10, 11, 12, 13, 14, 15, 16, 17, 18, 19, 20, 21, 22, 23, 24, 25, 26, 27, 28, 29, 30, 31, 32, 33, 34, 35, 36, 37, 38, 39, 40, 41, 42, 43, 44, 45, 46], "total events": 46, "not exposed x": [47245, 81964, 82581, 85448, 85595, 96982, 97130, 121602, 123474, 127232, 127399, 129306, 142056, 145218, 178084, 178262, 205260, 206913, 211515, 212426, 216715, 222629, 225772, 231062, 231886, 236392, 242397, 243830], "not exposed y": [60, 124, 58, 118, 148, 101, 94, 51, 106, 105, 50, 108, 81, 59, 104, 109, 153, 67, 80, 65, 68, 107, 62, 133, 135, 146, 168, 174], "cumulative not exposed y": [1, 2, 3, 4, 5, 6, 7, 8, 9, 10, 11, 12, 13, 14, 15, 16, 17, 18, 19, 20, 21, 22, 23, 24, 25, 26, 27, 28], "total not exposed events": 28}, "Vuln Compromises": {"record name": "Vuln Compromises", "x": [1010, 1465, 3431, 3860, 7991, 16971, 33375, 40401, 47245, 64202, 73677, 75285, 81964, 96982, 121602, 123474, 127232, 127399, 129306, 142056, 145218, 178084, 206913, 211515, 222629, 236392, 243830], "y": [7, 9, 17, 18, 33, 14, 16, 40, 60, 15, 35, 42, 124, 101, 51, 106, 105, 50, 108, 81, 59, 104, 67, 80, 107, 146, 174], "cumulative y": [1, 2, 3, 4, 5, 6, 7, 8, 9, 10, 11, 12, 13, 14, 15, 16, 17, 18, 19, 20, 21, 22, 23, 24, 25, 26, 27], "total events": 27, "not exposed x": [47245, 81964, 96982, 121602, 123474, 127232, 127399, 129306, 142056, 145218, 178084, 206913, 211515, 222629, 236392, 243830], "not exposed y": [60, 124, 101, 51, 106, 105, 50, 108, 81, 59, 104, 67, 80, 107, 146, 174], "cumulative not exposed y": [1, 2, 3, 4, 5, 6, 7, 8, 9, 10, 11, 12, 13, 14, 15, 16], "total not exposed events": 16}, "Reuse Password Compromises": {"record name": "Reuse Password Compromises", "x": [14123, 21000, 25625, 41588, 74523, 74623, 75840, 82581, 85448, 85595, 97130, 178262, 212426, 216715, 231062, 242397], "y": [0, 28, 46, 44, 38, 39, 43, 58, 118, 148, 94, 109, 65, 68, 133, 168], "cumulative y": [1, 2, 3, 4, 5, 6, 7, 8, 9, 10, 11, 12, 13, 14, 15, 16], "total events": 16, "not exposed x": [82581, 85448, 85595, 97130, 178262, 212426, 216715, 231062, 242397], "not exposed y": [58, 118, 148, 94, 109, 65, 68, 133, 168], "cumulative not exposed y": [1, 2, 3, 4, 5, 6, 7, 8, 9], "total not exposed events": 9}, "Password Spray Compromises": {"record name": "Password Spray Compromises", "x": [205260, 225772, 231886], "y": [153, 62, 135], "cumulative y": [1, 2, 3], "total events": 3, "not exposed x": [205260, 225772, 231886], "not exposed y": [153, 62, 135], "cumulative not exposed y": [1, 2, 3], "total not exposed events": 3}, "User Account Leaks": {"record name": "User Account Has Been Leaked By Compromise", "x": [1010, 1010, 1010, 1010, 1010, 1465, 1465, 1465, 1465, 1465, 3431, 3431, 3431, 3431, 3860, 3860, 3860, 3860, 7991, 7991, 7991, 7991, 7991, 14123, 14123, 14123, 16971, 16971, 16971, 16971, 16971, 21000, 21000, 25625, 25625, 25625, 33375, 33375, 33375, 33375, 33375, 40401, 40401, 40401, 40401, 41588, 41588, 47245, 47245, 47245, 64202, 64202, 64202, 64202, 73677, 73677, 73677, 73677, 74523, 74523, 74623, 74623, 74623, 74623, 75285, 75285, 75285, 75840, 75840, 81964, 81964, 82581, 82581, 85448, 85448, 85448, 85448, 85595, 85595, 85595, 85595, 96982, 96982, 96982, 97130, 97130, 97130, 121602, 121602, 123474, 123474, 123474, 127232, 127232, 127232, 127399, 127399, 127399, 127399, 129306, 129306, 129306, 142056, 142056, 142056, 145218, 145218, 145218, 145218, 178084, 178084, 178084, 205260, 205260, 206913, 206913, 211515, 211515, 211515, 211515, 212426, 216715, 216715, 216715, 222629, 225772, 225772, 225772, 231062, 231062, 231886, 231886, 231886, 243830, 243830], "y": ["Vinita", "Ezmeralda", "Annabal", "Ange", "Pattie", "Leela", "Fionna", "Enid", "Candi", "Lula", "Abra", "Fawne", "Lonna", "Jacinthe", "Winny", "Jennica", "Babbie", "Agretha", "Darcee", "Lilli", "Mela", "Trenna", "Brittni", "Ann-Marie", "Lolly", "Gilberta", "Dierdre", "Louisette", "Nola", "Caroline", "Tabbatha", "Hedda", "Simonne", "Rois", "Blanch", "Jenn", "Murielle", "Evey", "Margaretha", "Marcy", "Janie", "Shawna", "Roshelle", "Karie", "Carin", "Dana", "Maryann", "Dynah", "Orelee", "Helga", "Susann", "Agathe", "Aida", "Deeann", "Katerina", "Selle", "Kalina", "Phillida", "Kristen", "Cristal", "Alameda", "Francoise", "Dorene", "Mirelle", "Kerrin", "Amelie", "Edi", "Kristi", "Gillie", "Celina", "Pru", "Nathalie", "Justinn", "Tera", "Cristi", "Tammie", "Chantal", "Jammie", "Annissa", "Adaline", "Delphinia", "Bianca", "Sibley", "Rhody", "Ricki", "Zoe", "Rozanne", "TEirtza", "Riva", "Michaela", "Nanon", "Ardyth", "Leena", "Vida", "Bobine", "Anderea", "Marleen", "Marketa", "Wilie", "Merrili", "Quintilla", "Shani", "Daphna", "Daffy", "Colleen", "Brear", "Clarissa", "Phyllis", "Hortensia", "Crista", "Steffane", "Belva", "Zonnya", "Rozella", "Karly", "Krysta", "Benoite", "Amandy", "Jemimah", "Olivette", "Kimmie", "Jodie", "Melitta", "Katrinka", "Lorianna", "Aurelie", "Atalanta", "Lottie", "Barbe", "Ninnette", "Lorenza", "Ailey", "Fionnula", "Donetta", "Cari"], "cumulative y": [1, 2, 3, 4, 5, 6, 7, 8, 9, 10, 11, 12, 13, 14, 15, 16, 17, 18, 19, 20, 21, 22, 23, 24, 25, 26, 27, 28, 29, 30, 31, 32, 33, 34, 35, 36, 37, 38, 39, 40, 41, 42, 43, 44, 45, 46, 47, 48, 49, 50, 51, 52, 53, 54, 55, 56, 57, 58, 59, 60, 61, 62, 63, 64, 65, 66, 67, 68, 69, 70, 71, 72, 73, 74, 75, 76, 77, 78, 79, 80, 81, 82, 83, 84, 85, 86, 87, 88, 89, 90, 91, 92, 93, 94, 95, 96, 97, 98, 99, 100, 101, 102, 103, 104, 105, 106, 107, 108, 109, 110, 111, 112, 113, 114, 115, 116, 117, 118, 119, 120, 121, 122, 123, 124, 125, 126, 127, 128, 129, 130, 131, 132, 133, 134, 135], "total events": 135}, "Vulnerabilities Exploited": {"record name": "Vulnerabilities Exploited",