{"Total Initial Vulnerabilities": 779, "Initial Vulns Per OS": {"centos": {"6": 46, "7": 29, "8": 10, "4": 20, "3": 73, "5": 20}, "ubuntu": {"14.04": 59, "16.04": 32, "12.04": 46, "20.04": 8, "10.04": 27, "18.04": 13}, "windows": {"8": 38, "8.1": 34, "10": 7, "7": 30, "vista": 12, "xp": 60}, "freebsd": {"11": 44, "8": 79, "10": 38, "13": 7, "9": 27, "12": 20}}, "Average Initial RoA Per OS": {"centos": {"6": 0.04273672367328045, "7": 0.045540144433707734, "8": 0.043916953366124487, "4": 0.06877438905692247, "3": 0.03948435218468879, "5": 0.037723079409332665}, "ubuntu": {"14.04": 0.07773627738891019, "16.04": 0.06379903928021274, "12.04": 0.09172167410171082, "20.04": 0.07629412198917476, "10.04": 0.061174690765605624, "18.04": 0.05512373766118}, "windows": {"8": 0.07132178014499801, "8.1": 0.031733656561537184, "10": 0.01904257562794387, "7": 0.08188203318764513, "vista": 0.09055656539260044, "xp": 0.04828322308230346}, "freebsd": {"11": 0.09819251027853043, "8": 0.05264693669415217, "10": 0.09431216306225167, "13": 0.023840011172802416, "9": 0.109592530882429, "12": 0.06424909945641025}}, "OS Types In Initial Network": {"centos 6": 14, "ubuntu 14.04": 12, "windows 8": 14, "freebsd 11": 10, "ubuntu 16.04": 6, "freebsd 8": 3, "freebsd 13": 11, "centos 7": 9, "windows 10": 11, "ubuntu 12.04": 7, "centos 8": 16, "windows 8.1": 17, "centos 4": 5, "ubuntu 20.04": 11, "freebsd 10": 8, "ubuntu 10.04": 3, "centos 3": 2, "windows 7": 10, "windows vista": 3, "freebsd 9": 4, "centos 5": 4, "freebsd 12": 11, "ubuntu 18.04": 6, "windows xp": 3}, "Initial Hosts Without Vulnerabilities": 35, "Host Compromises": {"record name": "Host Compromises", "x": [527, 2075, 3042, 5357, 12955, 13203, 13521, 13684, 16015, 16351, 21510, 24925, 25345, 27956, 31904, 43245, 45603, 46219, 55502, 62460, 63089, 63724, 63847, 64606, 67384, 72585, 72771, 73298, 85435, 86211, 148893, 149100, 150646, 151563, 155675, 155955, 165548, 176899, 179961, 180918, 191476, 198897, 208476], "y": [0, 5, 11, 17, 43, 45, 47, 48, 3, 4, 19, 28, 30, 37, 75, 14, 20, 22, 49, 91, 171, 51, 52, 67, 107, 50, 106, 109, 122, 53, 76, 135, 55, 175, 168, 95, 110, 77, 102, 138, 136, 70, 140], "cumulative y": [1, 2, 3, 4, 5, 6, 7, 8, 9, 10, 11, 12, 13, 14, 15, 16, 17, 18, 19, 20, 21, 22, 23, 24, 25, 26, 27, 28, 29, 30, 31, 32, 33, 34, 35, 36, 37, 38, 39, 40, 41, 42, 43], "total events": 43, "not exposed x": [31904, 62460, 63089, 63724, 63847, 64606, 67384, 72585, 72771, 73298, 85435, 86211, 148893, 149100, 150646, 151563, 155675, 155955, 165548, 176899, 179961, 180918, 191476, 198897, 208476], "not exposed y": [75, 91, 171, 51, 52, 67, 107, 50, 106, 109, 122, 53, 76, 135, 55, 175, 168, 95, 110, 77, 102, 138, 136, 70, 140], "cumulative not exposed y": [1, 2, 3, 4, 5, 6, 7, 8, 9, 10, 11, 12, 13, 14, 15, 16, 17, 18, 19, 20, 21, 22, 23, 24, 25], "total not exposed events": 25}, "Vuln Compromises": {"record name": "Vuln Compromises", "x": [527, 2075, 3042, 5357, 12955, 13203, 13521, 13684, 16015, 16351, 21510, 27956, 31904, 43245, 45603, 55502, 62460, 64606, 67384, 72585, 72771, 73298, 85435, 86211, 149100, 150646, 155675, 155955, 165548, 179961, 198897, 208476], "y": [0, 5, 11, 17, 43, 45, 47, 48, 3, 4, 19, 37, 75, 14, 20, 49, 91, 67, 107, 50, 106, 109, 122, 53, 135, 55, 168, 95, 110, 102, 70, 140], "cumulative y": [1, 2, 3, 4, 5, 6, 7, 8, 9, 10, 11, 12, 13, 14, 15, 16, 17, 18, 19, 20, 21, 22, 23, 24, 25, 26, 27, 28, 29, 30, 31, 32], "total events": 32, "not exposed x": [31904, 62460, 64606, 67384, 72585, 72771, 73298, 85435, 86211, 149100, 150646, 155675, 155955, 165548, 179961, 198897, 208476], "not exposed y": [75, 91, 67, 107, 50, 106, 109, 122, 53, 135, 55, 168, 95, 110, 102, 70, 140], "cumulative not exposed y": [1, 2, 3, 4, 5, 6, 7, 8, 9, 10, 11, 12, 13, 14, 15, 16, 17], "total not exposed events": 17}, "Reuse Password Compromises": {"record name": "Reuse Password Compromises", "x": [24925, 25345, 46219, 63089, 63724, 63847, 148893, 151563, 176899, 180918, 191476], "y": [28, 30, 22, 171, 51, 52, 76, 175, 77, 138, 136], "cumulative y": [1, 2, 3, 4, 5, 6, 7, 8, 9, 10, 11], "total events": 11, "not exposed x": [63089, 63724, 63847, 148893, 151563, 176899, 180918, 191476], "not exposed y": [171, 51, 52, 76, 175, 77, 138, 136], "cumulative not exposed y": [1, 2, 3, 4, 5, 6, 7, 8], "total not exposed events": 8}, "Password Spray Compromises": {"record name": "Password Spray Compromises", "x": [], "y": [], "cumulative y": [], "total events": 0, "not exposed x": [], "not exposed y": [], "cumulative not exposed y": [], "total not exposed events": 0}, "User Account Leaks": {"record name": "User Account Has Been Leaked By Compromise", "x": [527, 527, 527, 527, 527, 2075, 2075, 2075, 2075, 2075, 3042, 3042, 3042, 3042, 3042, 5357, 5357, 5357, 5357, 12955, 12955, 12955, 12955, 13203, 13203, 13203, 13521, 13521, 13521, 13521, 13521, 13684, 13684, 13684, 13684, 16015, 16015, 16015, 16351, 16351, 16351, 16351, 16351, 21510, 21510, 21510, 21510, 24925, 24925, 24925, 24925, 25345, 25345, 25345, 27956, 27956, 27956, 27956, 31904, 31904, 31904, 43245, 43245, 43245, 43245, 45603, 45603, 45603, 46219, 46219, 55502, 55502, 55502, 62460, 62460, 62460, 63089, 63089, 63089, 63089, 63724, 63847, 63847, 64606, 67384, 67384, 72585, 72585, 72585, 72771, 72771, 73298, 73298, 73298, 85435, 85435, 85435, 86211, 86211, 86211, 86211, 86211, 148893, 148893, 149100, 149100, 150646, 150646, 150646, 150646, 151563, 151563, 155675, 155675, 155675, 155955, 155955, 155955, 165548, 165548, 165548, 176899, 176899, 176899, 179961, 180918, 191476, 198897, 208476, 208476, 208476], "y": ["Evie", "Jennifer", "Clovis", "Elfie", "Estella", "Christine", "Bel", "Mavis", "Maurizia", "Alida", "Rozella", "Britt", "Donetta", "Agneta", "Ethelyn", "Ellissa", "Maryanna", "Breanne", "Gabi", "Alie", "Imelda", "Mollee", "Maridel", "Ernaline", "Papagena", "Margo", "Jelene", "Leonanie", "Charmian", "Ted", "Blanca", "Norina", "Dahlia", "Lucie", "Nanice", "Hillary", "Krystalle", "Maura", "Bernice", "Trina", "Corey", "Shelley", "Mommy", "Zoe", "Ashia", "Karalynn", "Stacia", "Joni", "Gloria", "Jacinthe", "Nora", "Ralina", "Ursula", "Cassi", "Constantine", "Catharina", "Krista", "Marleen", "Grier", "Leah", "Rhonda", "Georgianne", "Babette", "Karole", "Maryanne", "Teri", "Fanny", "Pegeen", "Sallyann", "Rory", "Melisandra", "Emogene", "Clari", "Mariam", "Merissa", "Margarita", "Opaline", "Tiffy", "Anastasie", "Kitti", "Marjorie", "Teresita", "Chiquita", "Delora", "Danyelle", "Brianne", "Caron", "Frances", "Lenka", "Matilde", "Floris", "Nettle", "Dianna", "Truda", "Emlyn", "Crystal", "Anna-Diane", "Tessy", "Vonnie", "Avrit", "Chryste", "Geneva", "Amelita", "Babb", "Bethena", "Hayley", "Letisha", "Lyndy", "Ilsa", "Shayna", "Bernadette", "Clemmy", "Corine", "Germana", "Jeniffer", "Davine", "Else", "Selena", "Giuditta", "Evania", "Lyndsie", "Roxana", "Orelia", "Darsey", "Marylinda", "Merilyn", "Karlee", "Domini", "Annetta", "Mair", "Pam"], "cumulative y": [1, 2, 3, 4, 5, 6, 7, 8, 9, 10, 11, 12, 13, 14, 15, 16, 17, 18, 19, 20, 21, 22, 23, 24, 25, 26, 27, 28, 29, 30, 31, 32, 33, 34, 35, 36, 37, 38, 39, 40, 41, 42, 43, 44, 45, 46, 47, 48, 49, 50, 51, 52, 53, 54, 55, 56, 57, 58, 59, 60, 61, 62, 63, 64, 65, 66, 67, 68, 69, 70, 71, 72, 73, 74, 75, 76, 77, 78, 79, 80, 81, 82, 83, 84, 85, 86, 87, 88, 89, 90, 91, 92, 93, 94, 95, 96, 97, 98, 99, 100, 101, 102, 103, 104, 105, 106, 107, 108, 109, 110, 111, 112, 113, 114, 115, 116, 117, 118, 119, 120, 121, 122, 123, 124, 125, 126, 127, 128, 129, 130, 131], "total events": 131}, "Vulnerabilities Exploited": {"record name": "Vulnerabilities Exploited",