{"Total Initial Vulnerabilities": 642, "Initial Vulns Per OS": {"centos": {"6": 31, "8": 15, "7": 14, "5": 30, "4": 7, "3": 41}, "ubuntu": {"14.04": 42, "20.04": 13, "18.04": 18, "16.04": 18, "12.04": 12, "10.04": 23}, "windows": {"7": 35, "8.1": 23, "10": 18, "xp": 46, "8": 23, "vista": 40}, "freebsd": {"12": 27, "13": 17, "9": 29, "11": 24, "10": 33, "8": 63}}, "Average Initial RoA Per OS": {"centos": {"6": 0.06294469059555535, "8": 0.019708648447229096, "7": 0.06177036493138843, "5": 0.05015614753384672, "4": 0.0530769880011484, "3": 0.07397672994304215}, "ubuntu": {"14.04": 0.04432145814515837, "20.04": 0.02073968867055317, "18.04": 0.032742239830996105, "16.04": 0.06359334271643595, "12.04": 0.0646382669634805, "10.04": 0.030367540473153508}, "windows": {"7": 0.03773512379469907, "8.1": 0.07708387463285794, "10": 0.029359998235953526, "xp": 0.05728337588151675, "8": 0.07054126833668267, "vista": 0.07314309400243812}, "freebsd": {"12": 0.0566248525961618, "13": 0.025275739161632924, "9": 0.030040685004677378, "11": 0.04380577454312873, "10": 0.06257920072867475, "8": 0.0555829423242482}}, "OS Types In Initial Network": {"centos 6": 11, "centos 8": 14, "ubuntu 14.04": 7, "windows 7": 9, "windows 8.1": 11, "freebsd 13": 18, "freebsd 12": 15, "windows 10": 16, "freebsd 10": 10, "freebsd 9": 6, "centos 7": 7, "ubuntu 20.04": 11, "centos 5": 5, "freebsd 11": 13, "freebsd 8": 3, "ubuntu 18.04": 9, "centos 4": 3, "windows xp": 3, "ubuntu 16.04": 6, "windows 8": 11, "windows vista": 6, "ubuntu 12.04": 2, "centos 3": 2, "ubuntu 10.04": 2}, "Initial Hosts Without Vulnerabilities": 43, "Host Compromises": {"record name": "Host Compromises", "x": [2809, 3226, 3353, 6664, 6704, 9987, 12037, 16314, 19405, 20358, 21832, 25104, 31575, 33887, 40966, 49342, 49810, 62047, 62155, 62262, 65709, 86571, 86765, 89108, 89343, 95106, 110278, 118367, 118517, 121068, 126669, 128616, 135966, 164220, 165148, 193201, 195285, 195474, 195848, 227644, 239174], "y": [27, 30, 32, 46, 47, 12, 23, 38, 1, 3, 9, 22, 44, 54, 56, 0, 2, 34, 35, 36, 49, 31, 105, 102, 104, 59, 53, 108, 109, 107, 95, 114, 57, 51, 129, 116, 176, 179, 64, 103, 128], "cumulative y": [1, 2, 3, 4, 5, 6, 7, 8, 9, 10, 11, 12, 13, 14, 15, 16, 17, 18, 19, 20, 21, 22, 23, 24, 25, 26, 27, 28, 29, 30, 31, 32, 33, 34, 35, 36, 37, 38, 39, 40, 41], "total events": 41, "not exposed x": [33887, 40966, 86765, 89108, 89343, 95106, 110278, 118367, 118517, 121068, 126669, 128616, 135966, 164220, 165148, 193201, 195285, 195474, 195848, 227644, 239174], "not exposed y": [54, 56, 105, 102, 104, 59, 53, 108, 109, 107, 95, 114, 57, 51, 129, 116, 176, 179, 64, 103, 128], "cumulative not exposed y": [1, 2, 3, 4, 5, 6, 7, 8, 9, 10, 11, 12, 13, 14, 15, 16, 17, 18, 19, 20, 21], "total not exposed events": 21}, "Vuln Compromises": {"record name": "Vuln Compromises", "x": [2809, 6664, 16314, 20358, 21832, 25104, 40966, 49342, 86765, 89108, 89343, 118367, 126669, 128616, 135966, 165148, 195474, 195848], "y": [27, 46, 38, 3, 9, 22, 56, 0, 105, 102, 104, 108, 95, 114, 57, 129, 179, 64], "cumulative y": [1, 2, 3, 4, 5, 6, 7, 8, 9, 10, 11, 12, 13, 14, 15, 16, 17, 18], "total events": 18, "not exposed x": [40966, 86765, 89108, 89343, 118367, 126669, 128616, 135966, 165148, 195474, 195848], "not exposed y": [56, 105, 102, 104, 108, 95, 114, 57, 129, 179, 64], "cumulative not exposed y": [1, 2, 3, 4, 5, 6, 7, 8, 9, 10, 11], "total not exposed events": 11}, "Reuse Password Compromises": {"record name": "Reuse Password Compromises", "x": [3226, 3353, 6704, 9987, 12037, 31575, 33887, 49810, 62047, 62155, 62262, 65709, 86571, 95106, 110278, 118517, 121068, 164220, 193201, 195285, 227644, 239174], "y": [30, 32, 47, 12, 23, 44, 54, 2, 34, 35, 36, 49, 31, 59, 53, 109, 107, 51, 116, 176, 103, 128], "cumulative y": [1, 2, 3, 4, 5, 6, 7, 8, 9, 10, 11, 12, 13, 14, 15, 16, 17, 18, 19, 20, 21, 22], "total events": 22, "not exposed x": [33887, 95106, 110278, 118517, 121068, 164220, 193201, 195285, 227644, 239174], "not exposed y": [54, 59, 53, 109, 107, 51, 116, 176, 103, 128], "cumulative not exposed y": [1, 2, 3, 4, 5, 6, 7, 8, 9, 10], "total not exposed events": 10}, "Password Spray Compromises": {"record name": "Password Spray Compromises", "x": [19405], "y": [1], "cumulative y": [1], "total events": 1, "not exposed x": [], "not exposed y": [], "cumulative not exposed y": [], "total not exposed events": 0}, "User Account Leaks": {"record name": "User Account Has Been Leaked By Compromise", "x": [2809, 2809, 2809, 2809, 2809, 3226, 3226, 3226, 3226, 3353, 3353, 3353, 3353, 6664, 6664, 6664, 6664, 6664, 6704, 6704, 6704, 6704, 9987, 9987, 9987, 12037, 12037, 12037, 16314, 16314, 16314, 19405, 19405, 19405, 20358, 20358, 20358, 20358, 20358, 21832, 21832, 21832, 21832, 25104, 25104, 25104, 25104, 25104, 31575, 31575, 31575, 31575, 33887, 40966, 40966, 40966, 49342, 49810, 62047, 62047, 62155, 62155, 62155, 62262, 62262, 65709, 65709, 86571, 86571, 86765, 86765, 89108, 89108, 89108, 89108, 89108, 89343, 89343, 89343, 89343, 95106, 95106, 95106, 110278, 110278, 118367, 118367, 118367, 118517, 118517, 118517, 118517, 121068, 128616, 128616, 135966, 135966, 164220, 164220, 164220, 164220, 165148, 165148, 165148, 193201, 193201, 193201, 193201, 195285, 195474, 195474, 195848, 195848, 195848, 227644, 227644, 239174], "y": ["Simonette", "Katina", "Tabina", "Salomi", "Leese", "Lenna", "Traci", "Mellisa", "Gizela", "Georgina", "Mireielle", "Tessy", "Guinevere", "Birgitta", "Costanza", "Nikaniki", "Kellia", "Gabriella", "Alanah", "Riannon", "Elna", "Annamaria", "Barbara-Anne", "Riki", "Vitia", "Berri", "Babbette", "Collie", "Kitti", "Drusy", "Barby", "Donia", "Amandie", "Phebe", "Rosy", "Devonna", "Ethelda", "Miriam", "Camellia", "Lila", "Dacie", "Linnie", "Perry", "Aileen", "Isis", "Annice", "Merrili", "Rosanne", "Friederike", "Gerianne", "Tammie", "Tish", "Melisande", "Ursulina", "Sal", "Clovis", "Elbertina", "Kevina", "Isidora", "Ginger", "Ricky", "Hermine", "Coreen", "Sarine", "Marlena", "Julita", "Janine", "Charlotta", "Joice", "Jackqueline", "Jorey", "Karmen", "Bibbie", "Aloisia", "Harriett", "Shanta", "Gisele", "Janaye", "Dehlia", "Laina", "Kirsten", "Josefa", "Roselle", "Lanette", "Rosina", "Annora", "Viki", "Michele", "Berte", "Anastasia", "Ag", "Inna", "Philippa", "Inge", "Britney", "Maurita", "Bobbi", "Tamar", "Morganica", "Dena", "Winona", "Kathryn", "Ula", "Gloria", "Aleece", "Kaylil", "Randy", "Bonnie", "Jilleen", "Binnie", "Kassie", "Kathryne", "Tobye", "Sandra", "Anna-Diane", "Constantia", "Aundrea"], "cumulative y": [1, 2, 3, 4, 5, 6, 7, 8, 9, 10, 11, 12, 13, 14, 15, 16, 17, 18, 19, 20, 21, 22, 23, 24, 25, 26, 27, 28, 29, 30, 31, 32, 33, 34, 35, 36, 37, 38, 39, 40, 41, 42, 43, 44, 45, 46, 47, 48, 49, 50, 51, 52, 53, 54, 55, 56, 57, 58, 59, 60, 61, 62, 63, 64, 65, 66, 67, 68, 69, 70, 71, 72, 73, 74, 75, 76, 77, 78, 79, 80, 81, 82, 83, 84, 85, 86, 87, 88, 89, 90, 91, 92, 93, 94, 95, 96, 97, 98, 99, 100, 101, 102, 103, 104, 105, 106, 107, 108, 109, 110, 111, 112, 113, 114, 115, 116, 117], "total events": 117}, "Vulnerabilities Exploited": {"record name": "Vulnerabilities Exploited", "x": [740, 838, 838, 985, 1127, 1285, 1285, 1285, 1285, 1555, 1555, 1593, 1694, 1880, 1947, 2000, 2177, 2373, 2373, 2373, 2629, 2852, 3175, 3175, 4173, 5468, 5468, 5468, 5468, 5468, 5468, 5468, 5468, 5468, 5468, 5468, 5468, 5613, 6083, 6083, 6083, 6229, 6545, 6664, 7219, 7592, 8092, 8348, 8913, 12766, 13249, 16314, 16314, 16314, 16314, 16314, 16314, 16314, 16314, 16314, 16314, 17059, 19609, 20358, 20731, 21832, 25104, 27221, 32967, 35932, 38269, 42705, 42705, 45722, 48900, 48900, 48900, 49342, 86765, 86941, 86941, 89108, 89108, 89108, 89343, 98613, 98613, 98613, 98613, 98613, 98613, 98613, 101336, 101336, 106692, 111021, 111668, 118367, 118367, 118367, 118367, 118680, 121629, 124668, 124668, 126669, 135966, 135966, 135966, 137388, 146641, 150798, 150798, 165148, 195474, 195474, 195848, 195848, 195848, 195848, 196173, 196173, 200079, 200079, 200079, 200079],