{"Total Initial Vulnerabilities": 625, "Initial Vulns Per OS": {"freebsd": {"11": 26, "12": 10, "9": 45, "13": 8, "8": 25, "10": 20}, "centos": {"7": 17, "8": 12, "6": 32, "4": 14, "3": 50, "5": 30}, "windows": {"vista": 53, "10": 29, "8.1": 22, "8": 20, "7": 28, "xp": 67}, "ubuntu": {"18.04": 20, "20.04": 11, "10.04": 35, "16.04": 19, "12.04": 19, "14.04": 13}}, "Average Initial RoA Per OS": {"freebsd": {"11": 0.04726412049131106, "12": 0.03123881629814439, "9": 0.0858383367461021, "13": 0.01460288584508181, "8": 0.0750100985095685, "10": 0.048009970114081854}, "centos": {"7": 0.07850933791003673, "8": 0.037576676158087366, "6": 0.041217117384864416, "4": 0.04168501891203203, "3": 0.05350095230458719, "5": 0.04836584449623003}, "windows": {"vista": 0.033741902771365906, "10": 0.054386861627581065, "8.1": 0.05588384346433351, "8": 0.051281654615974635, "7": 0.0272276568443921, "xp": 0.06168605445153358}, "ubuntu": {"18.04": 0.07591291471602894, "20.04": 0.008275088977232538, "10.04": 0.12395365615599442, "16.04": 0.04150695294955834, "12.04": 0.06304430039141758, "14.04": 0.042795221134429455}}, "OS Types In Initial Network": {"freebsd 11": 13, "centos 7": 10, "windows 10": 17, "windows vista": 9, "ubuntu 18.04": 12, "centos 8": 19, "ubuntu 20.04": 23, "windows 8.1": 10, "freebsd 12": 8, "ubuntu 10.04": 2, "centos 6": 5, "freebsd 9": 8, "freebsd 13": 13, "freebsd 10": 5, "windows 8": 8, "freebsd 8": 1, "ubuntu 16.04": 8, "windows 7": 6, "centos 4": 3, "windows xp": 2, "centos 3": 2, "ubuntu 12.04": 5, "centos 5": 8, "ubuntu 14.04": 3}, "Initial Hosts Without Vulnerabilities": 51, "Host Compromises": {"record name": "Host Compromises", "x": [1177, 1745, 3846, 9529, 11063, 11679, 14835, 19952, 22112, 25144, 31745, 34782, 51265, 52434, 68833, 72179, 72295, 86943, 91912, 95513, 96889, 99177, 108286, 120546, 128314, 136104, 146717, 148347, 163156, 165332, 171532, 182666, 218851, 219014, 221440], "y": [11, 14, 19, 46, 108, 1, 9, 32, 37, 48, 7, 20, 12, 59, 127, 123, 169, 75, 129, 130, 145, 77, 81, 54, 72, 85, 167, 190, 76, 159, 80, 131, 74, 69, 163], "cumulative y": [1, 2, 3, 4, 5, 6, 7, 8, 9, 10, 11, 12, 13, 14, 15, 16, 17, 18, 19, 20, 21, 22, 23, 24, 25, 26, 27, 28, 29, 30, 31, 32, 33, 34, 35], "total events": 35, "not exposed x": [11063, 52434, 68833, 72179, 72295, 86943, 91912, 95513, 96889, 99177, 108286, 120546, 128314, 136104, 146717, 148347, 163156, 165332, 171532, 182666, 218851, 219014, 221440], "not exposed y": [108, 59, 127, 123, 169, 75, 129, 130, 145, 77, 81, 54, 72, 85, 167, 190, 76, 159, 80, 131, 74, 69, 163], "cumulative not exposed y": [1, 2, 3, 4, 5, 6, 7, 8, 9, 10, 11, 12, 13, 14, 15, 16, 17, 18, 19, 20, 21, 22, 23], "total not exposed events": 23}, "Vuln Compromises": {"record name": "Vuln Compromises", "x": [1177, 1745, 3846, 9529, 11063, 11679, 14835, 22112, 34782, 52434, 68833, 86943, 91912, 95513, 128314, 148347, 163156, 165332, 171532, 182666, 218851, 219014, 221440], "y": [11, 14, 19, 46, 108, 1, 9, 37, 20, 59, 127, 75, 129, 130, 72, 190, 76, 159, 80, 131, 74, 69, 163], "cumulative y": [1, 2, 3, 4, 5, 6, 7, 8, 9, 10, 11, 12, 13, 14, 15, 16, 17, 18, 19, 20, 21, 22, 23], "total events": 23, "not exposed x": [11063, 52434, 68833, 86943, 91912, 95513, 128314, 148347, 163156, 165332, 171532, 182666, 218851, 219014, 221440], "not exposed y": [108, 59, 127, 75, 129, 130, 72, 190, 76, 159, 80, 131, 74, 69, 163], "cumulative not exposed y": [1, 2, 3, 4, 5, 6, 7, 8, 9, 10, 11, 12, 13, 14, 15], "total not exposed events": 15}, "Reuse Password Compromises": {"record name": "Reuse Password Compromises", "x": [19952, 25144, 31745, 51265, 72179, 72295, 96889, 99177, 108286, 120546, 136104, 146717], "y": [32, 48, 7, 12, 123, 169, 145, 77, 81, 54, 85, 167], "cumulative y": [1, 2, 3, 4, 5, 6, 7, 8, 9, 10, 11, 12], "total events": 12, "not exposed x": [72179, 72295, 96889, 99177, 108286, 120546, 136104, 146717], "not exposed y": [123, 169, 145, 77, 81, 54, 85, 167], "cumulative not exposed y": [1, 2, 3, 4, 5, 6, 7, 8], "total not exposed events": 8}, "Password Spray Compromises": {"record name": "Password Spray Compromises", "x": [], "y": [], "cumulative y": [], "total events": 0, "not exposed x": [], "not exposed y": [], "cumulative not exposed y": [], "total not exposed events": 0}, "User Account Leaks": {"record name": "User Account Has Been Leaked By Compromise", "x": [1177, 1177, 1177, 1177, 1177, 1745, 1745, 1745, 1745, 1745, 3846, 3846, 3846, 3846, 9529, 9529, 9529, 9529, 9529, 11063, 11063, 11063, 11063, 11679, 11679, 11679, 14835, 14835, 14835, 14835, 19952, 19952, 19952, 22112, 22112, 22112, 22112, 25144, 25144, 25144, 25144, 31745, 31745, 31745, 34782, 34782, 34782, 34782, 51265, 51265, 51265, 51265, 52434, 52434, 52434, 52434, 52434, 68833, 68833, 68833, 68833, 72179, 72179, 72179, 72295, 72295, 72295, 72295, 86943, 86943, 86943, 91912, 91912, 91912, 95513, 95513, 95513, 96889, 99177, 99177, 99177, 108286, 108286, 120546, 120546, 128314, 128314, 128314, 136104, 136104, 146717, 146717, 148347, 148347, 148347, 163156, 165332, 165332, 165332, 165332, 171532, 171532, 171532, 182666, 182666, 218851, 218851, 218851, 219014, 219014, 221440, 221440, 221440, 221440], "y": ["Jo-Anne", "Vallie", "Delia", "Rosy", "Lauralee", "Tillie", "Rena", "Rosina", "Noel", "Moira", "Sapphire", "Merrilee", "Marielle", "Olympia", "Marylin", "Karlene", "Dollie", "Theo", "Marisa", "Viviyan", "Matti", "Aubree", "Hinda", "Hyacinthie", "Amii", "Martie", "Lula", "Glynnis", "Kare", "Tonye", "Selestina", "Marget", "Olwen", "Wanids", "Ddene", "Brenda", "Etty", "Cynthy", "Dora", "Veronike", "Isahella", "Tabina", "Eve", "Leigha", "Josephina", "Viviana", "Anabelle", "Kaitlyn", "Doralin", "Ivonne", "Benetta", "Marijo", "Kore", "Joela", "Blanche", "Devina", "Candra", "Shandeigh", "Annamarie", "Agnes", "Jobi", "Lorry", "Dory", "Mabel", "Adaline", "Iolande", "Beryl", "Cordelia", "Samantha", "Bryna", "Maritsa", "Eba", "Arden", "Adrienne", "Maggi", "Aindrea", "Sarena", "Frankie", "Tallie", "Yetta", "Stephanie", "Brietta", "Shaylyn", "Brunhilde", "Chere", "Pauline", "Lenette", "Gwenette", "Gerta", "Brana", "Loren", "Bertine", "Orsa", "Venus", "Lurlene", "Raynell", "Albina", "Lenore", "Kimmi", "Paule", "Morena", "Zaria", "Malory", "Jasmin", "Christalle", "Jasmine", "Sande", "Lucilia", "Carlene", "Carena", "Maryellen", "Maude", "Lynna", "Karleen"], "cumulative y": [1, 2, 3, 4, 5, 6, 7, 8, 9, 10, 11, 12, 13, 14, 15, 16, 17, 18, 19, 20, 21, 22, 23, 24, 25, 26, 27, 28, 29, 30, 31, 32, 33, 34, 35, 36, 37, 38, 39, 40, 41, 42, 43, 44, 45, 46, 47, 48, 49, 50, 51, 52, 53, 54, 55, 56, 57, 58, 59, 60, 61, 62, 63, 64, 65, 66, 67, 68, 69, 70, 71, 72, 73, 74, 75, 76, 77, 78, 79, 80, 81, 82, 83, 84, 85, 86, 87, 88, 89, 90, 91, 92, 93, 94, 95, 96, 97, 98, 99, 100, 101, 102, 103, 104, 105, 106, 107, 108, 109, 110, 111, 112, 113, 114], "total events": 114}, "Vulnerabilities Exploited": {"record name": "Vulnerabilities Exploited", "x": [116, 116, 453, 453, 609, 982, 982, 1314, 1409, 1482, 1745, 2648, 3846, 3846, 3846, 3846, 3846, 3846, 3846, 3846, 3846, 3846, 3846, 3846, 4713, 4713, 4833, 5085, 5728, 5847, 6093, 7802, 7802, 7802, 7802, 7802, 7802, 7802, 8635, 8635, 8635, 8635, 8635, 9529, 9529, 9529, 9964, 9964, 9964, 11063, 11337, 13528, 13948, 14835, 14835, 14835, 14994, 15220, 17123, 17123, 22112, 22112, 22112, 22112, 22112, 22112, 22112, 22112, 22297, 24336, 26430, 26430, 27905, 27905, 34782, 44456, 45459, 49281, 52434, 52434, 52434, 52434, 52434, 52434, 56054, 63513, 68062, 70516, 82314, 86943, 87642, 98684, 98684, 119441, 119995, 122793, 128979, 135551, 136855, 136855, 138680, 138680, 146130, 148347, 165332, 165332, 165332, 170228, 171532, 182666, 183175, 186428, 188547, 192435, 221440, 240211, 241086],