{"Total Initial Vulnerabilities": 424, "Initial Vulns Per OS": {"centos": {"8": 18, "4": 22, "7": 24, "5": 15, "6": 21, "3": 39}, "ubuntu": {"18.04": 23, "14.04": 18, "20.04": 17, "16.04": 11, "10.04": 28, "12.04": 6}, "freebsd": {"11": 31, "13": 24, "10": 27, "9": 13, "8": 6, "12": 15}, "windows": {"vista": 21, "8.1": 11, "10": 13, "7": 17, "8": 4}}, "Average Initial RoA Per OS": {"centos": {"8": 0.10049535207662999, "4": 0.05216045236342218, "7": 0.045694456942733004, "5": 0.05544764261626421, "6": 0.05554811477473657, "3": 0.044093480353294495}, "ubuntu": {"18.04": 0.11101818295183981, "14.04": 0.06372394404560006, "20.04": 0.06806492296959071, "16.04": 0.03236002475903719, "10.04": 0.055362210865791676, "12.04": 0.07026641009352456}, "freebsd": {"11": 0.04782619204456724, "13": 0.05596204448403968, "10": 0.052130509789794784, "9": 0.034029647812732364, "8": 0.09834221090591981, "12": 0.07765099492121373}, "windows": {"vista": 0.05619938105361239, "8.1": 0.0790296809332831, "10": 0.09097967095758507, "7": 0.02548628536725116, "8": 0.02568624486171778}}, "OS Types In Initial Network": {"centos 8": 20, "ubuntu 18.04": 17, "centos 4": 6, "freebsd 11": 9, "windows 8.1": 10, "centos 6": 10, "windows 10": 19, "centos 7": 16, "ubuntu 14.04": 4, "windows vista": 4, "windows 8": 5, "freebsd 13": 20, "freebsd 10": 6, "windows 7": 5, "ubuntu 20.04": 14, "centos 5": 5, "freebsd 12": 16, "ubuntu 16.04": 6, "freebsd 9": 4, "freebsd 8": 1, "centos 3": 1, "ubuntu 10.04": 1, "ubuntu 12.04": 1}, "Initial Hosts Without Vulnerabilities": 68, "Host Compromises": {"record name": "Host Compromises", "x": [93, 6051, 11252, 14489, 16712, 21597, 24515, 25711, 30130, 36677, 36746, 44413, 46268, 46375, 64545, 68406, 73069, 78797, 79409, 84473, 95972, 110839, 113485, 114810, 140097, 155374, 158999, 160405, 171047, 171226, 171368, 175245, 178085, 178237, 195352, 197765, 229251, 245458, 249827], "y": [0, 44, 16, 37, 42, 6, 19, 24, 38, 8, 9, 39, 47, 48, 12, 60, 69, 115, 101, 65, 117, 61, 176, 112, 122, 157, 155, 125, 110, 51, 79, 83, 179, 180, 126, 195, 50, 165, 128], "cumulative y": [1, 2, 3, 4, 5, 6, 7, 8, 9, 10, 11, 12, 13, 14, 15, 16, 17, 18, 19, 20, 21, 22, 23, 24, 25, 26, 27, 28, 29, 30, 31, 32, 33, 34, 35, 36, 37, 38, 39], "total events": 39, "not exposed x": [68406, 73069, 78797, 79409, 84473, 95972, 110839, 113485, 114810, 140097, 155374, 158999, 160405, 171047, 171226, 171368, 175245, 178085, 178237, 195352, 197765, 229251, 245458, 249827], "not exposed y": [60, 69, 115, 101, 65, 117, 61, 176, 112, 122, 157, 155, 125, 110, 51, 79, 83, 179, 180, 126, 195, 50, 165, 128], "cumulative not exposed y": [1, 2, 3, 4, 5, 6, 7, 8, 9, 10, 11, 12, 13, 14, 15, 16, 17, 18, 19, 20, 21, 22, 23, 24], "total not exposed events": 24}, "Vuln Compromises": {"record name": "Vuln Compromises", "x": [93, 6051, 11252, 14489, 16712, 24515, 30130, 36677, 36746, 46268, 46375, 68406, 73069, 78797, 79409, 84473, 95972, 110839, 113485, 114810, 140097, 155374, 171226, 171368, 175245, 178085, 195352, 197765, 229251, 249827], "y": [0, 44, 16, 37, 42, 19, 38, 8, 9, 47, 48, 60, 69, 115, 101, 65, 117, 61, 176, 112, 122, 157, 51, 79, 83, 179, 126, 195, 50, 128], "cumulative y": [1, 2, 3, 4, 5, 6, 7, 8, 9, 10, 11, 12, 13, 14, 15, 16, 17, 18, 19, 20, 21, 22, 23, 24, 25, 26, 27, 28, 29, 30], "total events": 30, "not exposed x": [68406, 73069, 78797, 79409, 84473, 95972, 110839, 113485, 114810, 140097, 155374, 171226, 171368, 175245, 178085, 195352, 197765, 229251, 249827], "not exposed y": [60, 69, 115, 101, 65, 117, 61, 176, 112, 122, 157, 51, 79, 83, 179, 126, 195, 50, 128], "cumulative not exposed y": [1, 2, 3, 4, 5, 6, 7, 8, 9, 10, 11, 12, 13, 14, 15, 16, 17, 18, 19], "total not exposed events": 19}, "Reuse Password Compromises": {"record name": "Reuse Password Compromises", "x": [21597, 25711, 64545, 158999, 160405, 171047, 178237], "y": [6, 24, 12, 155, 125, 110, 180], "cumulative y": [1, 2, 3, 4, 5, 6, 7], "total events": 7, "not exposed x": [158999, 160405, 171047, 178237], "not exposed y": [155, 125, 110, 180], "cumulative not exposed y": [1, 2, 3, 4], "total not exposed events": 4}, "Password Spray Compromises": {"record name": "Password Spray Compromises", "x": [44413, 245458], "y": [39, 165], "cumulative y": [1, 2], "total events": 2, "not exposed x": [245458], "not exposed y": [165], "cumulative not exposed y": [1], "total not exposed events": 1}, "User Account Leaks": {"record name": "User Account Has Been Leaked By Compromise", "x": [93, 93, 93, 93, 93, 6051, 6051, 6051, 6051, 11252, 11252, 11252, 11252, 11252, 14489, 14489, 14489, 14489, 14489, 16712, 16712, 16712, 16712, 16712, 21597, 21597, 21597, 21597, 24515, 24515, 24515, 24515, 25711, 25711, 30130, 30130, 36677, 36677, 36677, 36677, 36677, 36746, 36746, 36746, 36746, 44413, 44413, 44413, 44413, 46268, 46268, 46268, 46268, 46375, 46375, 46375, 46375, 64545, 64545, 64545, 68406, 68406, 68406, 68406, 68406, 73069, 73069, 73069, 73069, 73069, 78797, 78797, 78797, 79409, 79409, 79409, 79409, 84473, 84473, 84473, 84473, 95972, 95972, 95972, 110839, 110839, 110839, 113485, 113485, 114810, 114810, 114810, 114810, 155374, 155374, 155374, 158999, 160405, 160405, 171047, 171047, 171047, 171226, 171226, 171368, 171368, 171368, 175245, 175245, 178085, 178085, 178085, 178237, 178237, 195352, 195352, 197765, 197765, 229251, 229251, 245458, 245458, 245458], "y": ["Friederike", "Suzie", "Juanita", "Brandice", "Ardelis", "Willie", "Ninetta", "Dulcie", "Iolanthe", "Gael", "Tabbi", "Dredi", "Vonny", "Paulita", "Elvira", "Clementia", "Lilyan", "Tillie", "Marne", "Annadiana", "Shelbi", "Lorena", "Grace", "Janifer", "Jess", "Sissie", "Gui", "Joletta", "Ilysa", "Casi", "Leeanne", "Mariel", "Jamie", "Chrissy", "Hedvig", "Cecilla", "Chery", "Lucienne", "Adriena", "Kaile", "Rosalia", "Klarrisa", "Rachel", "Brianne", "Cora", "Gerhardine", "Ange", "Phylys", "Arlena", "Eimile", "Giuditta", "Elane", "Joyan", "Christiane", "Issy", "Jody", "Dominica", "Marcela", "Margarita", "Barbe", "Florry", "Aeriel", "Malorie", "Teressa", "Luz", "Karin", "Florinda", "Dannye", "Camel", "Jordanna", "Toinette", "Odelinda", "Sharon", "Annamaria", "Zoe", "Inga", "Trixy", "Kim", "Selestina", "Cindie", "Flori", "Jennee", "Daffie", "Adah", "Sibel", "Eartha", "Corabel", "Estella", "Karole", "Cary", "Hermina", "Nan", "Geraldine", "Jodee", "Sarajane", "Shaine", "Alfy", "Kristy", "Hephzibah", "Salome", "Eba", "Jorry", "Sayre", "Danila", "Halette", "Diann", "Ibby", "Jillene", "Reiko", "Arden", "Doralia", "Lorri", "Cloe", "Maryl", "Trudie", "Shawn", "Dierdre", "Dinny", "Gavra", "Bobbi", "Carola", "Blanche", "Whitney"], "cumulative y": [1, 2, 3, 4, 5, 6, 7, 8, 9, 10, 11, 12, 13, 14, 15, 16, 17, 18, 19, 20, 21, 22, 23, 24, 25, 26, 27, 28, 29, 30, 31, 32, 33, 34, 35, 36, 37, 38, 39, 40, 41, 42, 43, 44, 45, 46, 47, 48, 49, 50, 51, 52, 53, 54, 55, 56, 57, 58, 59, 60, 61, 62, 63, 64, 65, 66, 67, 68, 69, 70, 71, 72, 73, 74, 75, 76, 77, 78, 79, 80, 81, 82, 83, 84, 85, 86, 87, 88, 89, 90, 91, 92, 93, 94, 95, 96, 97, 98, 99, 100, 101, 102, 103, 104, 105, 106, 107, 108, 109, 110, 111, 112, 113, 114, 115, 116, 117, 118, 119, 120, 121, 122, 123], "total events": 123}, "Vulnerabilities Exploited": {"record name": "Vulnerabilities Exploited", "x": [93, 502, 502, 502, 818, 818, 818, 975, 975, 975, 975, 1400, 2063, 2063, 2063, 2321, 2722, 2916, 3085, 3335, 3603, 3965, 3965, 4338, 4660, 4838, 5302, 5411, 5411, 5411, 5659, 5659, 5843, 5843, 5843, 6051, 7479, 8157, 8779, 8965, 9653, 10011, 10011, 10011, 10275, 10275, 10275, 10467, 10467, 11252, 11252, 12390, 12505, 15337, 16712, 16712, 16808, 17500, 20496, 20496, 20496, 20883, 22467, 22467, 24819, 29099, 35092, 35092, 35092, 35092, 35092, 45569, 62993, 68406, 73069, 76875, 77363, 78797, 78797, 78797, 84473, 108474, 112341, 114810, 140362, 175245, 178085],