{"Total Initial Vulnerabilities": 542, "Initial Vulns Per OS": {"centos": {"5": 15, "8": 14, "6": 43, "7": 28, "4": 13, "3": 32}, "ubuntu": {"14.04": 19, "20.04": 21, "16.04": 21, "18.04": 20, "12.04": 9, "10.04": 15}, "freebsd": {"13": 10, "9": 15, "12": 21, "10": 26, "11": 44, "8": 25}, "windows": {"10": 21, "7": 32, "8.1": 40, "vista": 43, "8": 15}}, "Average Initial RoA Per OS": {"centos": {"5": 0.13118957961147695, "8": 0.03955210003794392, "6": 0.07900051544197526, "7": 0.0807684036213767, "4": 0.03249297378404063, "3": 0.029176492056851005}, "ubuntu": {"14.04": 0.1135899975851139, "20.04": 0.0648321339887227, "16.04": 0.058524693964542907, "18.04": 0.1024056709657106, "12.04": 0.06290824601601498, "10.04": 0.025592019194818842}, "freebsd": {"13": 0.04636261163975848, "9": 0.059497682224203624, "12": 0.09678385508533197, "10": 0.10464681622965329, "11": 0.07215934676324186, "8": 0.07222030388048804}, "windows": {"10": 0.024690392678117717, "7": 0.07375920169385332, "8.1": 0.05438825380400256, "vista": 0.036562238945453636, "8": 0.03380249332862591}}, "OS Types In Initial Network": {"centos 5": 6, "ubuntu 14.04": 5, "freebsd 13": 18, "ubuntu 20.04": 20, "windows 10": 20, "centos 6": 11, "centos 8": 10, "freebsd 12": 9, "windows 7": 10, "freebsd 9": 4, "windows 8.1": 13, "windows vista": 7, "ubuntu 16.04": 7, "centos 7": 14, "freebsd 10": 8, "ubuntu 18.04": 12, "centos 4": 4, "freebsd 11": 11, "centos 3": 1, "windows 8": 5, "ubuntu 12.04": 3, "freebsd 8": 1, "ubuntu 10.04": 1}, "Initial Hosts Without Vulnerabilities": 46, "Host Compromises": {"record name": "Host Compromises", "x": [1758, 1991, 4402, 7583, 9085, 11084, 11470, 24795, 27644, 34480, 34822, 45005, 46040, 48378, 49133, 50984, 64560, 70300, 74252, 100350, 105538, 112668, 115386, 122555, 139198, 153704, 159033, 168379, 172424, 192228, 203630, 205270, 219529, 224412], "y": ["freebsd 13", "windows 7", "centos 7", "centos 3", "ubuntu 14.04", "centos 5", "centos 6", "freebsd 10", "windows 8", "centos 4", "windows vista", "freebsd 10", "windows 8.1", "ubuntu 14.04", "centos 7", "centos 4", "freebsd 10", "centos 5", "freebsd 11", "windows 8.1", "windows 8.1", "centos 7", "centos 4", "centos 6", "ubuntu 12.04", "centos 7", "ubuntu 16.04", "freebsd 11", "freebsd 11", "freebsd 13", "centos 6", "windows 7", "windows vista", "windows 8.1"], "cumulative y": [0, 1, 2, 3, 4, 5, 6, 7, 8, 9, 10, 11, 12, 13, 14, 15, 16, 17, 18, 19, 20, 21, 22, 23, 24, 25, 26, 27, 28, 29, 30, 31, 32, 33], "total events": 34}, "Vuln Compromises": {"record name": "Vuln Compromises", "x": [1758, 1991, 4402, 7583, 9085, 11084, 11470, 24795, 27644, 34480, 34822, 45005, 46040, 48378, 50984, 64560, 70300, 74252, 100350, 105538, 115386, 139198, 153704, 159033, 168379, 172424, 203630, 219529], "y": ["freebsd 13", "windows 7", "centos 7", "centos 3", "ubuntu 14.04", "centos 5", "centos 6", "freebsd 10", "windows 8", "centos 4", "windows vista", "freebsd 10", "windows 8.1", "ubuntu 14.04", "centos 4", "freebsd 10", "centos 5", "freebsd 11", "windows 8.1", "windows 8.1", "centos 4", "ubuntu 12.04", "centos 7", "ubuntu 16.04", "freebsd 11", "freebsd 11", "centos 6", "windows vista"], "cumulative y": [0, 1, 2, 3, 4, 5, 6, 7, 8, 9, 10, 11, 12, 13, 14, 15, 16, 17, 18, 19, 20, 21, 22, 23, 24, 25, 26, 27], "total events": 28}, "Reuse Password Compromises": {"record name": "Reuse Password Compromises", "x": [122555, 205270], "y": ["centos 6", "windows 7"], "cumulative y": [0, 1], "total events": 2}, "Password Spray Compromises": {"record name": "Password Spray Compromises", "x": [49133, 112668, 192228, 224412], "y": ["centos 7", "centos 7", "freebsd 13", "windows 8.1"], "cumulative y": [0, 1, 2, 3], "total events": 4}, "User Account Leaks": {"record name": "User Account Has Been Leaked By Compromise", "x": [1758, 1758, 1758, 1991, 1991, 1991, 4402, 4402, 4402, 7583, 7583, 7583, 9085, 9085, 9085, 11084, 11470, 24795, 24795, 27644, 27644, 34480, 34480, 34822, 45005, 45005, 46040, 46040, 48378, 48378, 49133, 49133, 64560, 64560, 70300, 70300, 74252, 74252, 100350, 100350, 100350, 105538, 105538, 115386, 122555, 139198, 153704, 153704, 159033, 168379, 172424, 172424, 192228, 203630, 224412, 224412], "y": ["Liv", "Laurene", "Nicol", "Anestassia", "Naomi", "Jelene", "Lizette", "Kellyann", "Sarina", "Kiah", "Othilie", "Sibylla", "Katleen", "Candra", "Lissi", "Libby", "Rickie", "Dominique", "Henriette", "Stephannie", "Teddie", "Orelie", "Marci", "Judye", "Lauri", "Marys", "Martelle", "Mignon", "Christel", "Florri", "Carolee", "Joey", "Carri", "Karilynn", "Jenda", "Aarika", "Daria", "Latrina", "Kare", "Karleen", "Christiane", "Cherlyn", "Laraine", "Margarette", "Berry", "Lotte", "Ailyn", "Klarrisa", "Keriann", "Lucina", "Cyndi", "Yevette", "Gae", "Lucky", "Lynnett", "Denys"], "cumulative y": [0, 1, 2, 3, 4, 5, 6, 7, 8, 9, 10, 11, 12, 13, 14, 15, 16, 17, 18, 19, 20, 21, 22, 23, 24, 25, 26, 27, 28, 29, 30, 31, 32, 33, 34, 35, 36, 37, 38, 39, 40, 41, 42, 43, 44, 45, 46, 47, 48, 49, 50, 51, 52, 53, 54, 55], "total events": 56}, "Vulnerabilities Exploited": {"record name": "Vulnerabilities Exploited", "x": [117, 307, 626, 626, 978, 1262, 1262, 1476, 1476, 1476, 1476, 1668, 1991, 1991, 2853, 3761, 3761, 3855, 3855, 4135, 4135, 4333, 4333, 4402, 4576, 4576, 4576, 4686, 4813, 5416, 5783, 6214, 6214, 6214, 7583, 7583, 7583, 7583, 7583, 7583, 7583, 7583, 7583, 8031, 8279, 8872, 8872, 8872, 8872, 8872, 9267, 10703, 11084, 11084, 11084, 11293, 11293, 11470, 11470, 14944, 15935, 24795, 24795, 27644, 30457, 32131, 34480, 39831, 41274, 45127, 45127, 46040, 46465, 47611, 48752, 49453, 49989, 50984, 54731, 58169, 58627, 64038, 68080, 73892, 74732, 74732, 76004, 78870, 81489, 84715, 84994, 95967, 100543, 102978, 102978, 110530, 110530, 115386, 116593, 116593, 116593, 116593, 119519, 119519, 126697, 128235, 139198, 144772, 146124, 147865, 168379, 201173, 203630, 203630, 211431, 217302, 219529, 219529, 219529, 219529, 226133, 238085], "cumulative exploited vulns": [0, 1, 2, 3, 4, 5, 6, 7, 8, 9, 10, 11, 12, 13, 14, 15, 16, 17, 18, 19, 20, 21, 22, 23, 24, 25, 26, 27, 28, 29, 30, 31, 32, 33, 34, 35, 36, 37, 38, 39, 40, 41, 42, 43, 44, 45, 46, 47, 48, 49, 50, 51, 52, 53, 54, 55, 56, 57, 58, 59, 60, 61, 62, 63, 64, 65, 66, 67, 68, 69, 70, 71, 72, 73, 74, 75, 76, 77, 78, 79, 80, 81, 82, 83, 84, 85, 86, 87, 88, 89, 90, 91, 92, 93, 94, 95, 96, 97, 98, 99, 100, 101, 102, 103, 104, 105, 106, 107, 108, 109, 110, 111, 112, 113, 114, 115, 116, 117, 118, 119, 120, 121],