{"Total Initial Vulnerabilities": 661, "Initial Vulns Per OS": {"centos": {"5": 43, "8": 17, "7": 40, "4": 20, "3": 29, "6": 15}, "freebsd": {"10": 41, "11": 45, "9": 30, "12": 34, "13": 9, "8": 37}, "ubuntu": {"20.04": 16, "14.04": 17, "18.04": 35, "16.04": 27, "12.04": 13, "10.04": 79}, "windows": {"8.1": 37, "8": 21, "10": 17, "vista": 18, "7": 21}}, "Average Initial RoA Per OS": {"centos": {"5": 0.043707371656747186, "8": 0.06876436332577766, "7": 0.07560499665622947, "4": 0.02544327734358135, "3": 0.07522422662497909, "6": 0.04341010817017279}, "freebsd": {"10": 0.032044729609432915, "11": 0.08161110974575561, "9": 0.020627306708938694, "12": 0.0625207777397378, "13": 0.12470881288562004, "8": 0.052142639106574636}, "ubuntu": {"20.04": 0.11883551105987263, "14.04": 0.031067888416233678, "18.04": 0.05101910362246487, "16.04": 0.05380381803191572, "12.04": 0.0591027886406174, "10.04": 0.0525770753497675}, "windows": {"8.1": 0.03303533733990496, "8": 0.042923659870472815, "10": 0.12666331659352525, "vista": 0.025945880942818585, "7": 0.06565617481653545}}, "OS Types In Initial Network": {"centos 5": 12, "freebsd 10": 9, "centos 8": 10, "freebsd 11": 16, "ubuntu 20.04": 17, "centos 7": 13, "ubuntu 14.04": 3, "centos 4": 6, "windows 8.1": 14, "ubuntu 18.04": 17, "windows 8": 7, "ubuntu 16.04": 8, "ubuntu 12.04": 3, "centos 6": 7, "freebsd 12": 15, "centos 3": 2, "freebsd 9": 4, "windows 10": 13, "windows vista": 3, "windows 7": 5, "freebsd 13": 12, "ubuntu 10.04": 3, "freebsd 8": 1}, "Initial Hosts Without Vulnerabilities": 38, "Host Compromises": {"record name": "Host Compromises", "x": [1778, 2932, 3935, 4005, 4653, 7681, 8315, 9689, 9867, 9956, 10323, 11568, 11635, 12345, 14938, 19938, 20455, 28452, 29129, 30973, 34401, 34818, 35697, 37126, 37229, 37729, 41875, 42144, 63189, 77609, 77963, 78785, 81685, 95619, 102806, 103998, 104335, 108676, 114646, 119571, 124604, 165795, 168236, 175110, 213535, 231075, 245344, 248735], "y": ["centos 4", "ubuntu 12.04", "centos 3", "windows 8.1", "centos 5", "centos 4", "freebsd 11", "centos 5", "freebsd 11", "ubuntu 20.04", "windows 10", "freebsd 11", "ubuntu 20.04", "windows 10", "centos 3", "windows 10", "freebsd 13", "freebsd 8", "freebsd 9", "centos 8", "ubuntu 20.04", "freebsd 13", "ubuntu 18.04", "freebsd 12", "ubuntu 18.04", "centos 5", "centos 6", "freebsd 10", "windows 10", "windows 7", "freebsd 13", "windows 8.1", "windows 8", "centos 5", "centos 5", "centos 5", "windows vista", "ubuntu 18.04", "centos 6", "centos 7", "freebsd 10", "centos 8", "windows 8.1", "ubuntu 10.04", "freebsd 10", "centos 8", "freebsd 11", "freebsd 12"], "cumulative y": [0, 1, 2, 3, 4, 5, 6, 7, 8, 9, 10, 11, 12, 13, 14, 15, 16, 17, 18, 19, 20, 21, 22, 23, 24, 25, 26, 27, 28, 29, 30, 31, 32, 33, 34, 35, 36, 37, 38, 39, 40, 41, 42, 43, 44, 45, 46, 47], "total events": 48}, "Vuln Compromises": {"record name": "Vuln Compromises", "x": [1778, 2932, 3935, 4005, 7681, 8315, 9867, 9956, 10323, 11568, 12345, 14938, 19938, 20455, 30973, 34818, 35697, 37126, 37229, 37729, 41875, 42144, 77609, 81685, 95619, 102806, 103998, 104335, 108676, 114646, 119571, 124604, 165795, 175110, 213535, 231075], "y": ["centos 4", "ubuntu 12.04", "centos 3", "windows 8.1", "centos 4", "freebsd 11", "freebsd 11", "ubuntu 20.04", "windows 10", "freebsd 11", "windows 10", "centos 3", "windows 10", "freebsd 13", "centos 8", "freebsd 13", "ubuntu 18.04", "freebsd 12", "ubuntu 18.04", "centos 5", "centos 6", "freebsd 10", "windows 7", "windows 8", "centos 5", "centos 5", "centos 5", "windows vista", "ubuntu 18.04", "centos 6", "centos 7", "freebsd 10", "centos 8", "ubuntu 10.04", "freebsd 10", "centos 8"], "cumulative y": [0, 1, 2, 3, 4, 5, 6, 7, 8, 9, 10, 11, 12, 13, 14, 15, 16, 17, 18, 19, 20, 21, 22, 23, 24, 25, 26, 27, 28, 29, 30, 31, 32, 33, 34, 35], "total events": 36}, "Reuse Password Compromises": {"record name": "Reuse Password Compromises", "x": [4653, 9689, 11635, 28452, 29129, 63189, 78785, 168236], "y": ["centos 5", "centos 5", "ubuntu 20.04", "freebsd 8", "freebsd 9", "windows 10", "windows 8.1", "windows 8.1"], "cumulative y": [0, 1, 2, 3, 4, 5, 6, 7], "total events": 8}, "Password Spray Compromises": {"record name": "Password Spray Compromises", "x": [34401, 77963, 245344, 248735], "y": ["ubuntu 20.04", "freebsd 13", "freebsd 11", "freebsd 12"], "cumulative y": [0, 1, 2, 3], "total events": 4}, "User Account Leaks": {"record name": "User Account Has Been Leaked By Compromise", "x": [1778, 1778, 1778, 2932, 2932, 2932, 3935, 3935, 3935, 4005, 4005, 4005, 4653, 4653, 7681, 7681, 7681, 8315, 8315, 8315, 9689, 9689, 9867, 9867, 9956, 10323, 10323, 10323, 11568, 11568, 11568, 11635, 11635, 12345, 12345, 14938, 19938, 19938, 20455, 28452, 28452, 29129, 30973, 35697, 37126, 41875, 42144, 63189, 77609, 77609, 77963, 81685, 102806, 108676, 108676, 119571, 231075, 231075], "y": ["Elva", "Nicholle", "Drucie", "Flo", "Clemence", "Fidela", "Bianca", "Umeko", "Emilia", "Gerhardine", "Annette", "Norean", "Ainslie", "Darcy", "Francesca", "Mora", "Polly", "Kimberly", "Lisha", "Elbertina", "Cornie", "Alexa", "Ira", "Penny", "Celeste", "Manya", "Micaela", "Kata", "Hyacintha", "Birgitta", "Cherry", "Caro", "Melosa", "Nellie", "Alyss", "Teena", "Martelle", "Arline", "Robinett", "Carie", "Davine", "Mab", "Rosina", "Daffie", "Brena", "Francisca", "Fayre", "Anne", "Mira", "Clarine", "Anitra", "Aurilia", "Karyl", "Ophelia", "Christan", "Rozanne", "Darby", "Misti"], "cumulative y": [0, 1, 2, 3, 4, 5, 6, 7, 8, 9, 10, 11, 12, 13, 14, 15, 16, 17, 18, 19, 20, 21, 22, 23, 24, 25, 26, 27, 28, 29, 30, 31, 32, 33, 34, 35, 36, 37, 38, 39, 40, 41, 42, 43, 44, 45, 46, 47, 48, 49, 50, 51, 52, 53, 54, 55, 56, 57], "total events": 58}, "Vulnerabilities Exploited": {"record name": "Vulnerabilities Exploited", "x": [308, 308, 308, 308, 308, 347, 703, 887, 999, 1039, 1165, 1341, 1341, 1427, 1427, 1685, 1778, 1778, 1814, 2010, 2351, 2351, 2572, 2932, 3071, 3315, 3315, 3935, 3935, 3935, 3935, 3935, 3935, 3935, 4005, 5106, 5106, 5677, 5677, 5677, 5677, 5677, 5906, 6621, 7039, 7681, 8315, 8315, 8315, 8315, 8697, 9342, 9867, 9867, 11181, 11181, 11181, 11568, 11568, 12345, 14271, 14938, 14938, 14938, 14938, 14938, 14938, 15047, 15596, 15859, 20171, 20171, 24363, 25332, 26260, 29235, 34818, 34818, 35385, 37126, 37126, 37229, 37729, 38552, 40045, 42144, 42144, 43601, 45358, 65083, 76766, 76766, 77609, 80458, 82078, 82078, 84725, 86204, 89941, 89941, 102806, 102806, 110939, 114646, 114646, 116094, 121333, 124604, 124604, 124604, 153393, 154554, 167851, 175110, 177104, 177104, 213535, 213636, 219768, 224101, 224101, 233332], "cumulative exploited vulns": [0, 1, 2, 3, 4, 5, 6, 7, 8, 9, 10, 11, 12, 13, 14, 15, 16, 17, 18, 19, 20, 21, 22, 23, 24, 25, 26, 27, 28, 29, 30, 31, 32, 33, 34, 35, 36, 37, 38, 39, 40, 41, 42, 43, 44, 45, 46, 47, 48, 49, 50, 51, 52, 53, 54, 55, 56, 57, 58, 59, 60, 61, 62, 63, 64, 65, 66, 67, 68, 69, 70, 71, 72, 73, 74, 75, 76, 77, 78, 79, 80, 81, 82, 83, 84, 85, 86, 87, 88, 89, 90, 91, 92, 93, 94, 95, 96, 97, 98, 99, 100, 101, 102, 103, 104, 105, 106, 107, 108, 109, 110, 111, 112, 113, 114, 115, 116, 117, 118, 119, 120, 121],