{"Total Initial Vulnerabilities": 539, "Initial Vulns Per OS": {"ubuntu": {"18.04": 26, "10.04": 24, "16.04": 36, "12.04": 24, "20.04": 19, "14.04": 13}, "windows": {"10": 23, "8.1": 42, "7": 15, "8": 28, "vista": 8}, "centos": {"5": 34, "3": 52, "6": 18, "4": 17, "7": 19, "8": 11}, "freebsd": {"12": 20, "9": 6, "11": 37, "13": 8, "10": 10, "8": 49}}, "Average Initial RoA Per OS": {"ubuntu": {"18.04": 0.06344361959900316, "10.04": 0.11026964750380462, "16.04": 0.03503478251681766, "12.04": 0.08314173282316759, "20.04": 0.030351496274034447, "14.04": 0.08567396910736512}, "windows": {"10": 0.10621061329425342, "8.1": 0.048610969220880845, "7": 0.05531582255767455, "8": 0.08021178571161262, "vista": 0.04705701639823788}, "centos": {"5": 0.039008886699820826, "3": 0.057739134732979876, "6": 0.03778253490788343, "4": 0.1120741126644595, "7": 0.06840433747061432, "8": 0.0930462541415415}, "freebsd": {"12": 0.05969835709878492, "9": 0.10879285162868806, "11": 0.06664987225639897, "13": 0.07312121643488366, "10": 0.043394257770486715, "8": 0.05183271094176203}}, "OS Types In Initial Network": {"ubuntu 18.04": 12, "windows 10": 17, "ubuntu 10.04": 2, "centos 5": 11, "centos 3": 2, "centos 6": 10, "freebsd 12": 9, "centos 4": 6, "centos 8": 15, "ubuntu 16.04": 13, "windows 8.1": 15, "centos 7": 9, "ubuntu 12.04": 7, "ubuntu 20.04": 13, "windows 7": 5, "freebsd 9": 6, "freebsd 11": 15, "freebsd 13": 8, "windows 8": 11, "windows vista": 3, "ubuntu 14.04": 6, "freebsd 10": 4, "freebsd 8": 1}, "Initial Hosts Without Vulnerabilities": 38, "Host Compromises": {"record name": "Host Compromises", "x": [442, 2276, 4673, 12103, 27656, 40781, 42439, 46733, 54333, 57734, 64310, 65764, 66070, 67069, 75009, 75316, 86025, 110060, 118376, 121430, 122505, 125189, 127381, 127794, 144490, 152033, 157369, 157481, 161119, 172655], "y": ["ubuntu 10.04", "freebsd 12", "ubuntu 12.04", "centos 3", "centos 7", "ubuntu 20.04", "freebsd 10", "centos 5", "ubuntu 20.04", "windows 10", "ubuntu 18.04", "windows 8", "ubuntu 18.04", "ubuntu 10.04", "ubuntu 20.04", "windows 8.1", "centos 4", "ubuntu 16.04", "windows vista", "windows 7", "ubuntu 16.04", "centos 7", "windows 8.1", "centos 8", "freebsd 13", "windows 10", "centos 3", "windows 10", "ubuntu 18.04", "centos 6"], "cumulative y": [0, 1, 2, 3, 4, 5, 6, 7, 8, 9, 10, 11, 12, 13, 14, 15, 16, 17, 18, 19, 20, 21, 22, 23, 24, 25, 26, 27, 28, 29], "total events": 30}, "Vuln Compromises": {"record name": "Vuln Compromises", "x": [442, 2276, 4673, 12103, 27656, 40781, 42439, 46733, 54333, 57734, 64310, 65764, 67069, 75009, 75316, 86025, 118376, 121430, 122505, 125189, 127381, 127794, 144490, 152033, 157369, 157481, 161119, 172655], "y": ["ubuntu 10.04", "freebsd 12", "ubuntu 12.04", "centos 3", "centos 7", "ubuntu 20.04", "freebsd 10", "centos 5", "ubuntu 20.04", "windows 10", "ubuntu 18.04", "windows 8", "ubuntu 10.04", "ubuntu 20.04", "windows 8.1", "centos 4", "windows vista", "windows 7", "ubuntu 16.04", "centos 7", "windows 8.1", "centos 8", "freebsd 13", "windows 10", "centos 3", "windows 10", "ubuntu 18.04", "centos 6"], "cumulative y": [0, 1, 2, 3, 4, 5, 6, 7, 8, 9, 10, 11, 12, 13, 14, 15, 16, 17, 18, 19, 20, 21, 22, 23, 24, 25, 26, 27], "total events": 28}, "Reuse Password Compromises": {"record name": "Reuse Password Compromises", "x": [], "y": [], "cumulative y": [], "total events": 0}, "Password Spray Compromises": {"record name": "Password Spray Compromises", "x": [66070, 110060], "y": ["ubuntu 18.04", "ubuntu 16.04"], "cumulative y": [0, 1], "total events": 2}, "User Account Leaks": {"record name": "User Account Has Been Leaked By Compromise", "x": [442, 442, 442, 2276, 2276, 2276, 4673, 4673, 4673, 12103, 12103, 27656, 27656, 27656, 40781, 40781, 40781, 42439, 42439, 46733, 46733, 54333, 54333, 54333, 57734, 57734, 57734, 64310, 65764, 65764, 66070, 66070, 67069, 75009, 75009, 75316, 75316, 86025, 86025, 110060, 110060, 118376, 121430, 125189, 125189, 125189, 127381, 127794, 127794, 144490, 144490, 157481, 172655], "y": ["Cally", "Michaelina", "Jemima", "Erina", "Susanetta", "Daniele", "Con", "Marchelle", "Naomi", "Clarice", "Daniella", "Aarika", "Florry", "Kimberlyn", "Sande", "Dita", "Carmencita", "Casie", "Marsiella", "Carie", "Eulalie", "Rozanna", "Sandye", "Dotty", "Iona", "Sorcha", "Celestyn", "Robinette", "Oralee", "Cherish", "Evelyn", "Georgia", "Bernadine", "Maribelle", "Lorry", "Austina", "Tallia", "Tamera", "Genny", "Blanche", "Angelita", "Marrissa", "Fae", "Lian", "Rozella", "Laverna", "Ina", "Sharlene", "Didi", "Candie", "Lynnett", "Cornelle", "Lilia"], "cumulative y": [0, 1, 2, 3, 4, 5, 6, 7, 8, 9, 10, 11, 12, 13, 14, 15, 16, 17, 18, 19, 20, 21, 22, 23, 24, 25, 26, 27, 28, 29, 30, 31, 32, 33, 34, 35, 36, 37, 38, 39, 40, 41, 42, 43, 44, 45, 46, 47, 48, 49, 50, 51, 52], "total events": 53}, "Vulnerabilities Exploited": {"record name": "Vulnerabilities Exploited", "x": [84, 442, 442, 442, 442, 442, 583, 1957, 1957, 1957, 1957, 1957, 1957, 1957, 1957, 1957, 1957, 1957, 2276, 3184, 3452, 3729, 4011, 4673, 4835, 5045, 5045, 6253, 6374, 6832, 6832, 7092, 7201, 7408, 8013, 8589, 12103, 12103, 12103, 12103, 12103, 12103, 12103, 12103, 12103, 12103, 12103, 12649, 15653, 17382, 17720, 17854, 19486, 19968, 20853, 20996, 20996, 22405, 23044, 23236, 24959, 26163, 26434, 27656, 32062, 36059, 39879, 40781, 41257, 41435, 42089, 42439, 42738, 46733, 54165, 54591, 61514, 61755, 62597, 62963, 62963, 62963, 62963, 62963, 62963, 63191, 63976, 65164, 67069, 67069, 68501, 70461, 70461, 75316, 86025, 87301, 87583, 99750, 118376, 118376, 121430, 121430, 122505, 124568, 127381, 127904, 136817, 136817, 138857, 138857, 139847, 140336, 150621, 157369, 157369, 157369, 157369, 159315, 160418, 163577, 166616, 166616, 172655, 175040, 175826, 180459, 195390, 226030, 230494, 242197], "cumulative exploited vulns": [0, 1, 2, 3, 4, 5, 6, 7, 8, 9, 10, 11, 12, 13, 14, 15, 16, 17, 18, 19, 20, 21, 22, 23, 24, 25, 26, 27, 28, 29, 30, 31, 32, 33, 34, 35, 36, 37, 38, 39, 40, 41, 42, 43, 44, 45, 46, 47, 48, 49, 50, 51, 52, 53, 54, 55, 56, 57, 58, 59, 60, 61, 62, 63, 64, 65, 66, 67, 68, 69, 70, 71, 72, 73, 74, 75, 76, 77, 78, 79, 80, 81, 82, 83, 84, 85, 86, 87, 88, 89, 90, 91, 92, 93, 94, 95, 96, 97, 98, 99, 100, 101, 102, 103, 104, 105, 106, 107, 108, 109, 110, 111, 112, 113, 114, 115, 116, 117, 118, 119, 120, 121, 122, 123, 124, 125, 126, 127, 128, 129],