{"Total Initial Vulnerabilities": 560, "Initial Vulns Per OS": {"ubuntu": {"20.04": 17, "18.04": 20, "14.04": 31, "16.04": 6, "12.04": 6}, "freebsd": {"13": 19, "12": 27, "11": 14, "9": 57, "10": 27, "8": 69}, "centos": {"7": 23, "6": 37, "5": 31, "8": 9, "4": 20, "3": 43}, "windows": {"10": 7, "8": 25, "vista": 13, "xp": 31, "8.1": 18, "7": 10}}, "Average Initial RoA Per OS": {"ubuntu": {"20.04": 0.022362434099781007, "18.04": 0.07511281812741154, "14.04": 0.05668022629474321, "16.04": 0.01628585998425384, "12.04": 0.04642998056571677}, "freebsd": {"13": 0.025071304172471165, "12": 0.10680465426363119, "11": 0.08650449327252097, "9": 0.04089658558250247, "10": 0.06539787917705854, "8": 0.06031419118633452}, "centos": {"7": 0.015264483873936821, "6": 0.03748073441311274, "5": 0.04958027123491866, "8": 0.055362073618676275, "4": 0.05827222788949373, "3": 0.06844414415441152}, "windows": {"10": 0.044512350477757055, "8": 0.0341298935171209, "vista": 0.04923159377221776, "xp": 0.0666527372479829, "8.1": 0.13491515846603594, "7": 0.07193652011132075}}, "OS Types In Initial Network": {"freebsd 12": 17, "ubuntu 20.04": 13, "freebsd 13": 21, "centos 7": 14, "windows 10": 17, "freebsd 11": 8, "windows 8": 10, "centos 6": 11, "ubuntu 18.04": 15, "windows vista": 4, "windows xp": 2, "freebsd 9": 8, "freebsd 10": 7, "freebsd 8": 3, "centos 8": 14, "ubuntu 14.04": 8, "windows 8.1": 9, "ubuntu 16.04": 4, "windows 7": 2, "centos 5": 7, "centos 4": 3, "centos 3": 2, "ubuntu 12.04": 1}, "Initial Hosts Without Vulnerabilities": 57, "Host Compromises": {"record name": "Host Compromises", "x": [524, 1285, 1464, 2434, 3675, 5499, 18043, 18479, 22016, 23632, 24013, 24567, 26784, 27257, 28374, 35237, 36859, 39945, 47259, 49127, 50886, 55824, 63585, 67401, 83047, 89349, 92550, 105798, 114898, 118064, 118188, 124185, 125220, 125677, 129574, 133407, 134515, 135032, 154590, 167397, 177334, 195349, 200660, 210112, 238842], "y": ["centos 7", "freebsd 11", "centos 7", "centos 6", "windows xp", "centos 6", "freebsd 8", "windows 8.1", "centos 5", "windows 8", "centos 5", "freebsd 9", "windows 8", "centos 7", "windows 7", "windows vista", "windows 8", "freebsd 11", "centos 3", "windows xp", "centos 5", "ubuntu 14.04", "centos 3", "freebsd 9", "freebsd 10", "centos 6", "freebsd 9", "windows 8", "freebsd 10", "freebsd 10", "centos 7", "freebsd 11", "freebsd 12", "freebsd 12", "windows 8", "ubuntu 12.04", "centos 5", "freebsd 10", "centos 7", "centos 6", "centos 8", "ubuntu 20.04", "freebsd 8", "freebsd 13", "freebsd 9"], "cumulative y": [0, 1, 2, 3, 4, 5, 6, 7, 8, 9, 10, 11, 12, 13, 14, 15, 16, 17, 18, 19, 20, 21, 22, 23, 24, 25, 26, 27, 28, 29, 30, 31, 32, 33, 34, 35, 36, 37, 38, 39, 40, 41, 42, 43, 44], "total events": 45}, "Vuln Compromises": {"record name": "Vuln Compromises", "x": [524, 1285, 1464, 2434, 3675, 5499, 18043, 18479, 23632, 24013, 24567, 26784, 27257, 28374, 35237, 36859, 39945, 47259, 49127, 50886, 55824, 63585, 67401, 83047, 89349, 92550, 105798, 114898, 118064, 124185, 125220, 134515, 167397, 177334, 200660, 238842], "y": ["centos 7", "freebsd 11", "centos 7", "centos 6", "windows xp", "centos 6", "freebsd 8", "windows 8.1", "windows 8", "centos 5", "freebsd 9", "windows 8", "centos 7", "windows 7", "windows vista", "windows 8", "freebsd 11", "centos 3", "windows xp", "centos 5", "ubuntu 14.04", "centos 3", "freebsd 9", "freebsd 10", "centos 6", "freebsd 9", "windows 8", "freebsd 10", "freebsd 10", "freebsd 11", "freebsd 12", "centos 5", "centos 6", "centos 8", "freebsd 8", "freebsd 9"], "cumulative y": [0, 1, 2, 3, 4, 5, 6, 7, 8, 9, 10, 11, 12, 13, 14, 15, 16, 17, 18, 19, 20, 21, 22, 23, 24, 25, 26, 27, 28, 29, 30, 31, 32, 33, 34, 35], "total events": 36}, "Reuse Password Compromises": {"record name": "Reuse Password Compromises", "x": [118188, 125677, 129574, 133407, 135032, 154590, 210112], "y": ["centos 7", "freebsd 12", "windows 8", "ubuntu 12.04", "freebsd 10", "centos 7", "freebsd 13"], "cumulative y": [0, 1, 2, 3, 4, 5, 6], "total events": 7}, "Password Spray Compromises": {"record name": "Password Spray Compromises", "x": [22016, 195349], "y": ["centos 5", "ubuntu 20.04"], "cumulative y": [0, 1], "total events": 2}, "User Account Leaks": {"record name": "User Account Has Been Leaked By Compromise", "x": [524, 524, 524, 1285, 1285, 1285, 1464, 1464, 2434, 2434, 2434, 3675, 3675, 5499, 5499, 5499, 18043, 18043, 18043, 18479, 22016, 23632, 24013, 24567, 24567, 26784, 27257, 27257, 28374, 28374, 35237, 35237, 36859, 36859, 39945, 47259, 47259, 49127, 49127, 50886, 50886, 63585, 63585, 67401, 67401, 83047, 89349, 89349, 89349, 92550, 105798, 118064, 118064, 124185, 124185, 125677, 134515, 135032, 154590], "y": ["Bibbie", "Danya", "Ketty", "Nerissa", "Imogen", "Germain", "Coreen", "Evonne", "Sadye", "Calypso", "Lyndsay", "Kial", "Ann-Marie", "Laurel", "Cordelia", "Theresita", "Meris", "Toni", "Harmony", "Ibby", "Minni", "Cherise", "Blinny", "Faustine", "Marie-Jeanne", "Janeczka", "Wrennie", "Sheelah", "Rozelle", "Carmine", "Cary", "Penni", "Charlotta", "Tarra", "Penelopa", "Jesse", "Nadiya", "Zara", "Leontyne", "Kimmi", "Sande", "Mirella", "Bea", "Marina", "Terri", "Corrie", "Zenia", "Niki", "Donnamarie", "Electra", "Kariotta", "Lindsey", "Jacynth", "Arlen", "Zahara", "Mattie", "Griselda", "Mercy", "Letty"], "cumulative y": [0, 1, 2, 3, 4, 5, 6, 7, 8, 9, 10, 11, 12, 13, 14, 15, 16, 17, 18, 19, 20, 21, 22, 23, 24, 25, 26, 27, 28, 29, 30, 31, 32, 33, 34, 35, 36, 37, 38, 39, 40, 41, 42, 43, 44, 45, 46, 47, 48, 49, 50, 51, 52, 53, 54, 55, 56, 57, 58], "total events": 59}, "Vulnerabilities Exploited": {"record name": "Vulnerabilities Exploited", "x": [524, 524, 840, 929, 1140, 1140, 1285, 1464, 1464, 1855, 2273, 2434, 2434, 2434, 2591, 3182, 3182, 3675, 3675, 5293, 5499, 5499, 5876, 5876, 8566, 8939, 8939, 9913, 10891, 13654, 15344, 16663, 17390, 17390, 18043, 18043, 18043, 18043, 18043, 18043, 18565, 19035, 20062, 21916, 24013, 24013, 24013, 24110, 24110, 24567, 25164, 25788, 26120, 26120, 26784, 27079, 27367, 28374, 29383, 29383, 31794, 33202, 35316, 38311, 42408, 45697, 47259, 47259, 47259, 47259, 47259, 47259, 47259, 47259, 47259, 47259, 47259, 47259, 49127, 49127, 49127, 49127, 49127, 50886, 50886, 52190, 52190, 52190, 52190, 53091, 53091, 55205, 55205, 55205, 55824, 55824, 59727, 59727, 65915, 65915, 66610, 67401, 68729, 69427, 73528, 73842, 75188, 76127, 76601, 76601, 76601, 76601, 83047, 83280, 83280, 89349, 90228, 92550, 92550, 93721, 103756, 112405, 114898, 114898, 118064, 120771, 121690, 125220, 131536, 134515, 167397, 167397, 167397, 167397, 173069, 180989, 184705, 184705, 200660, 200660, 200660, 200660, 200660, 217017, 217017, 223312, 247311], "cumulative exploited vulns": [0, 1, 2, 3, 4, 5, 6, 7, 8, 9, 10, 11, 12, 13, 14, 15, 16, 17, 18, 19, 20, 21, 22, 23, 24, 25, 26, 27, 28, 29, 30, 31, 32, 33, 34, 35, 36, 37, 38, 39, 40, 41, 42, 43, 44, 45, 46, 47, 48, 49, 50, 51, 52, 53, 54, 55, 56, 57, 58, 59, 60, 61, 62, 63, 64, 65, 66, 67, 68, 69, 70, 71, 72, 73, 74, 75, 76, 77, 78, 79, 80, 81, 82, 83, 84, 85, 86, 87, 88, 89, 90, 91, 92, 93, 94, 95, 96, 97, 98, 99, 100, 101, 102, 103, 104, 105, 106, 107, 108, 109, 110, 111, 112, 113, 114, 115, 116, 117, 118, 119, 120, 121, 122, 123, 124, 125, 126, 127, 128, 129, 130, 131, 132, 133, 134, 135, 136, 137, 138, 139, 140, 141, 142, 143, 144, 145, 146],