{"Total Initial Vulnerabilities": 698, "Initial Vulns Per OS": {"freebsd": {"11": 37, "13": 17, "12": 24, "9": 11, "10": 26, "8": 59}, "windows": {"10": 16, "8.1": 7, "8": 34, "7": 46, "vista": 34, "xp": 52}, "ubuntu": {"18.04": 21, "14.04": 47, "12.04": 31, "16.04": 30, "20.04": 7, "10.04": 17}, "centos": {"4": 23, "7": 15, "6": 45, "8": 21, "5": 48, "3": 30}}, "Average Initial RoA Per OS": {"freebsd": {"11": 0.06443508204023636, "13": 0.03523256054154691, "12": 0.023240145367175755, "9": 0.060461014917571936, "10": 0.047880830459107335, "8": 0.049519037789100676}, "windows": {"10": 0.052212031531467834, "8.1": 0.02153900907069691, "8": 0.02568394044193384, "7": 0.04111795413530748, "vista": 0.03500299426047665, "xp": 0.07439960615738307}, "ubuntu": {"18.04": 0.03434912567786241, "14.04": 0.05681539225140999, "12.04": 0.05660638591462394, "16.04": 0.04869012047254459, "20.04": 0.009606357609247171, "10.04": 0.06414828840070201}, "centos": {"4": 0.03991017381667168, "7": 0.034795529673062445, "6": 0.046790929616707166, "8": 0.027292205033756494, "5": 0.049403568243146644, "3": 0.05029535801479094}}, "OS Types In Initial Network": {"freebsd 11": 12, "centos 8": 24, "windows 10": 12, "windows 8.1": 7, "windows 8": 13, "freebsd 13": 16, "ubuntu 18.04": 9, "ubuntu 14.04": 5, "centos 4": 5, "ubuntu 20.04": 10, "freebsd 12": 11, "ubuntu 12.04": 5, "centos 7": 6, "centos 6": 12, "ubuntu 16.04": 14, "freebsd 9": 3, "windows 7": 8, "freebsd 10": 7, "windows vista": 6, "freebsd 8": 3, "windows xp": 1, "centos 5": 9, "ubuntu 10.04": 1, "centos 3": 1}, "Initial Hosts Without Vulnerabilities": 47, "Host Compromises": {"record name": "Host Compromises", "x": [277, 5977, 9606, 13339, 16710, 21001, 28680, 56187, 78941, 92676, 126480, 127453, 131281, 139728], "y": ["freebsd 11", "windows 7", "ubuntu 14.04", "ubuntu 14.04", "centos 7", "centos 6", "centos 8", "centos 4", "ubuntu 14.04", "centos 5", "freebsd 11", "freebsd 10", "ubuntu 16.04", "centos 8"], "cumulative y": [0, 1, 2, 3, 4, 5, 6, 7, 8, 9, 10, 11, 12, 13], "total events": 14}, "Vuln Compromises": {"record name": "Vuln Compromises", "x": [277, 5977, 9606, 13339, 16710, 21001, 28680, 56187, 92676, 126480, 127453], "y": ["freebsd 11", "windows 7", "ubuntu 14.04", "ubuntu 14.04", "centos 7", "centos 6", "centos 8", "centos 4", "centos 5", "freebsd 11", "freebsd 10"], "cumulative y": [0, 1, 2, 3, 4, 5, 6, 7, 8, 9, 10], "total events": 11}, "Reuse Password Compromises": {"record name": "Reuse Password Compromises", "x": [131281, 139728], "y": ["ubuntu 16.04", "centos 8"], "cumulative y": [0, 1], "total events": 2}, "Password Spray Compromises": {"record name": "Password Spray Compromises", "x": [78941], "y": ["ubuntu 14.04"], "cumulative y": [0], "total events": 1}, "User Account Leaks": {"record name": "User Account Has Been Leaked By Compromise", "x": [277, 277, 277, 5977, 5977, 9606, 9606, 9606, 13339, 13339, 13339, 16710, 16710, 16710, 21001, 21001, 28680, 28680, 56187, 56187, 78941, 78941, 92676, 92676, 92676, 126480, 127453, 127453, 127453, 131281, 139728], "y": ["Rosemarie", "Cherilynn", "Leilah", "Adele", "Cory", "Nydia", "Nina", "Zenia", "Imogene", "Jo Ann", "Marie-Ann", "Ros", "Sarajane", "Rosene", "Kaylil", "Lenka", "Karee", "Becki", "Daloris", "Gabi", "Lani", "Amalia", "Tabbi", "Dorette", "Kiersten", "Blake", "Jane", "Helaina", "Celene", "Stepha", "Allina"], "cumulative y": [0, 1, 2, 3, 4, 5, 6, 7, 8, 9, 10, 11, 12, 13, 14, 15, 16, 17, 18, 19, 20, 21, 22, 23, 24, 25, 26, 27, 28, 29, 30], "total events": 31}, "Vulnerabilities Exploited": {"record name": "Vulnerabilities Exploited", "x": [277, 277, 1949, 1949, 1949, 1949, 2089, 2640, 2640, 2640, 2640, 2640, 2640, 2967, 3259, 3259, 3405, 3946, 4105, 4251, 4825, 4961, 5565, 5565, 5977, 6052, 6052, 6941, 6941, 6941, 6941, 6941, 6941, 6941, 6941, 6941, 6941, 6941, 6941, 6941, 7019, 7127, 7127, 7732, 7816, 7889, 8519, 8519, 9606, 10367, 10966, 11056, 12493, 13339, 14319, 14319, 14927, 14927, 16501, 18275, 20209, 25745, 27127, 28680, 28849, 29030, 29528, 35671, 42862, 43286, 47117, 54617, 55849, 66434, 85040, 90214, 126480, 127453, 136120, 136120, 137619, 161471, 163387, 169639, 169639, 175972], "cumulative exploited vulns": [0, 1, 2, 3, 4, 5, 6, 7, 8, 9, 10, 11, 12, 13, 14, 15, 16, 17, 18, 19, 20, 21, 22, 23, 24, 25, 26, 27, 28, 29, 30, 31, 32, 33, 34, 35, 36, 37, 38, 39, 40, 41, 42, 43, 44, 45, 46, 47, 48, 49, 50, 51, 52, 53, 54, 55, 56, 57, 58, 59, 60, 61, 62, 63, 64, 65, 66, 67, 68, 69, 70, 71, 72, 73, 74, 75, 76, 77, 78, 79, 80, 81, 82, 83, 84, 85], "roa": [0.5300978398437834, 0.3926195670379017, 0.467323122181174, 0.08497935071544513, 0.40789350506257105, 0.189927467154631, 0.3851851651680394, 0.6936890343459658, 0.07366782839224595, 0.4758264112088787, 0.29973210977036296, 0.319439193933689, 0.19841807132443895, 0.012475296834577059, 0.013895520219007326, 0.19537259292544884, 0.07315792051487527, 0.03246370502069023, 0.40194117113059197, 0.44755667778354313, 0.3051314402097593, 0.2153824438829735, 0.39484662463114206, 0.5911955948551617, 0.23951582672440797, 0.17733305144937914, 0.009239370591292415, 0.6433747392400095, 0.2687285035556858, 0.6433747392400095, 0.3454953645027081, 0.2516375015808731, 0.11019367662367834, 0.08334521966869914, 0.3057599479653953, 0.12657807767101242, 0.023073976619932914, 0.3266911215361589, 0.22665348284063724, 0.2687285035556858, 0.03250005313286926, 0.15304187563858002, 0.16269008511584038, 0.22359573359405754, 0.12304055748285839, 0.1641301302401391, 0.3306954458415809, 0.11852357325781275, 0.11414546067376016, 0.027447033846781217, 0.4648203125547628, 0.5959164118660538, 0.0799997081171312, 0.6425661990795829, 0.3353581775461406, 0.3353581775461406, 0.6031792739832127, 0.044622262973128456, 0.15130520943289688, 0.0912376325751053, 0.13032976119694534, 0.04034908149985218, 0.04809863996785475, 0.21392783399052995, 0.4162314986038537, 0.21418067704860788, 0.11860230419958491, 0.12759664157776368, 0.05601439275041888, 0.16148128479679863, 0.08591460273575363, 0.01418719841887244, 0.24047005611512118, 0.005173826540917555, 0.037154835382904525, 0.050246866746294847, 0.19823828401726365, 0.41478040268762467, 0.06699155503671232, 0.06699155503671232, 0.11904607564803274, 0.03186352474979074, 0.005799010553362817, 0.0028701679198913045, 0.0028701679198913045, 0.15838022269707908], "impact": [5.968769824517667, 7.732843389679091, 5.561766387221342, 1.2268997728479314, 6.229794974540932, 2.3728456991941513, 5.990803589263, 8.236063797257724, 0.7899592853730109, 5.923182815478664, 3.4358489804808148, 4.438287092891371, 6.312104980884328, 0.18342125762617956, 0.5165048457595689, 4.887683932245431, 0.9296017225289133, 1.113800904775758, 7.455444204342641, 4.522461888679859, 9.832321488426345, 4.430981130345115, 3.9770318996783995, 9.430459284736248, 8.30280323077389, 3.405483611456109, 1.1218184427281497, 6.605592233885825, 5.833904541118285, 6.605592233885825, 3.6090533400411995, 3.0675716679680742, 7.8184970399677125, 2.4625050035942397, 3.9662266017837435, 3.643152175588069, 0.569997187080965, 6.590176225804417, 3.94253849717912, 5.833904541118285, 1.001583084710519, 2.4834545760087536, 2.8520760238928644, 4.99102102413473, 3.2232625357178257, 4.332020110197854, 6.11521906561462, 1.3805852482014291, 7.2066384277948, 0.8099245085138185, 6.453601504348848, 7.352375211081289, 2.6902722730075213, 7.471750110598502, 6.571451213557852, 6.571451213557852, 7.8738556147222285, 0.565374713910074, 7.010978756488711, 2.046305611711877, 1.4995974326761219, 1.3397283850853414, 2.6540476213695454, 7.807829794773382, 5.69079374679303, 7.514937865838791, 2.567440650409245, 2.9207108068779863, 0.8890006873827128, 8.673709346618736, 1.5260199667512087, 2.4263616384892583, 7.3977971347891955, 0.19183550122118365, 5.238601117683446, 8.174310358797701, 7.57227869682457, 4.722015482557306, 8.1431261612092, 8.1431261612092, 3.585099302965704, 3.65421082873704, 4.374911105086791, 0.1973668487283553, 0.1973668487283553, 2.967670332337571],