{"Total Initial Vulnerabilities": 699, "Initial Vulns Per OS": {"ubuntu": {"20.04": 9, "16.04": 30, "18.04": 25, "10.04": 46, "14.04": 27, "12.04": 32}, "freebsd": {"12": 19, "11": 37, "9": 35, "10": 35, "13": 15, "8": 24}, "windows": {"8.1": 27, "8": 41, "7": 24, "vista": 17, "10": 13, "xp": 55}, "centos": {"6": 14, "8": 12, "4": 26, "7": 35, "3": 72, "5": 29}}, "Average Initial RoA Per OS": {"ubuntu": {"20.04": 0.17133703624280383, "16.04": 0.06026073822245706, "18.04": 0.05712111841601779, "10.04": 0.058532796468023215, "14.04": 0.05780050765961055, "12.04": 0.04619153984358569}, "freebsd": {"12": 0.09012799766672512, "11": 0.06559023330714452, "9": 0.06611885401480831, "10": 0.022586883128203967, "13": 0.08975836661276952, "8": 0.06603119902990441}, "windows": {"8.1": 0.07524999031983326, "8": 0.06740146247551593, "7": 0.04128685674205239, "vista": 0.05572072507267926, "10": 0.052140210041299734, "xp": 0.05226718088257915}, "centos": {"6": 0.10039404098663894, "8": 0.07492050316503303, "4": 0.06432189461306642, "7": 0.04151553280904408, "3": 0.052625725523969935, "5": 0.05395691267932179}}, "OS Types In Initial Network": {"windows 8.1": 16, "ubuntu 20.04": 14, "ubuntu 16.04": 8, "freebsd 12": 8, "centos 6": 6, "freebsd 11": 7, "centos 8": 11, "freebsd 13": 19, "windows 8": 12, "centos 4": 5, "windows 10": 12, "freebsd 9": 9, "freebsd 10": 11, "freebsd 8": 2, "windows 7": 7, "centos 7": 12, "centos 3": 3, "ubuntu 12.04": 6, "centos 5": 6, "ubuntu 18.04": 13, "ubuntu 10.04": 2, "ubuntu 14.04": 4, "windows vista": 5, "windows xp": 2}, "Initial Hosts Without Vulnerabilities": 40, "Host Compromises": {"record name": "Host Compromises", "x": [514, 1624, 2385, 3825, 5317, 5855, 6638, 13188, 13265, 19492, 20401, 24710, 27051, 28236, 29101, 33465, 34712, 35616, 36377, 37335, 37696, 47412, 54392, 57207, 58001, 58371, 61865, 65566, 80850, 83862, 92015, 92146, 94617, 111034, 111125, 113312, 114268, 119211, 120828, 137857, 138351, 144265, 144424, 144518, 147077, 157872, 160762, 161261, 163686, 169490, 172501, 175506, 178316, 180108, 203294, 203930, 207015, 207149, 215621, 220633, 224716], "y": ["freebsd 12", "ubuntu 16.04", "windows 10", "freebsd 8", "freebsd 12", "freebsd 13", "centos 5", "freebsd 13", "ubuntu 18.04", "windows vista", "ubuntu 16.04", "ubuntu 10.04", "windows xp", "ubuntu 16.04", "ubuntu 12.04", "ubuntu 12.04", "ubuntu 12.04", "windows 8.1", "centos 7", "freebsd 10", "windows 10", "centos 6", "freebsd 10", "freebsd 11", "centos 6", "windows 10", "ubuntu 18.04", "centos 5", "ubuntu 16.04", "centos 4", "windows vista", "windows 8", "ubuntu 18.04", "centos 8", "centos 7", "centos 4", "freebsd 10", "ubuntu 18.04", "freebsd 13", "windows 7", "ubuntu 20.04", "ubuntu 20.04", "ubuntu 14.04", "freebsd 13", "centos 6", "windows 7", "windows vista", "freebsd 9", "ubuntu 16.04", "freebsd 9", "freebsd 11", "centos 3", "freebsd 11", "freebsd 13", "freebsd 13", "ubuntu 14.04", "windows 7", "freebsd 10", "windows 10", "centos 6", "freebsd 12"], "cumulative y": [0, 1, 2, 3, 4, 5, 6, 7, 8, 9, 10, 11, 12, 13, 14, 15, 16, 17, 18, 19, 20, 21, 22, 23, 24, 25, 26, 27, 28, 29, 30, 31, 32, 33, 34, 35, 36, 37, 38, 39, 40, 41, 42, 43, 44, 45, 46, 47, 48, 49, 50, 51, 52, 53, 54, 55, 56, 57, 58, 59, 60], "total events": 61}, "Vuln Compromises": {"record name": "Vuln Compromises", "x": [514, 2385, 3825, 6638, 19492, 20401, 24710, 27051, 28236, 29101, 33465, 34712, 35616, 36377, 37335, 37696, 47412, 54392, 58001, 65566, 80850, 83862, 92015, 92146, 94617, 111034, 111125, 113312, 114268, 119211, 120828, 137857, 138351, 144265, 144424, 157872, 160762, 169490, 175506, 180108, 203294, 203930, 207015, 207149, 215621, 220633, 224716], "y": ["freebsd 12", "windows 10", "freebsd 8", "centos 5", "windows vista", "ubuntu 16.04", "ubuntu 10.04", "windows xp", "ubuntu 16.04", "ubuntu 12.04", "ubuntu 12.04", "ubuntu 12.04", "windows 8.1", "centos 7", "freebsd 10", "windows 10", "centos 6", "freebsd 10", "centos 6", "centos 5", "ubuntu 16.04", "centos 4", "windows vista", "windows 8", "ubuntu 18.04", "centos 8", "centos 7", "centos 4", "freebsd 10", "ubuntu 18.04", "freebsd 13", "windows 7", "ubuntu 20.04", "ubuntu 20.04", "ubuntu 14.04", "windows 7", "windows vista", "freebsd 9", "centos 3", "freebsd 13", "freebsd 13", "ubuntu 14.04", "windows 7", "freebsd 10", "windows 10", "centos 6", "freebsd 12"], "cumulative y": [0, 1, 2, 3, 4, 5, 6, 7, 8, 9, 10, 11, 12, 13, 14, 15, 16, 17, 18, 19, 20, 21, 22, 23, 24, 25, 26, 27, 28, 29, 30, 31, 32, 33, 34, 35, 36, 37, 38, 39, 40, 41, 42, 43, 44, 45, 46], "total events": 47}, "Reuse Password Compromises": {"record name": "Reuse Password Compromises", "x": [1624, 5317, 5855, 13265, 57207, 58371, 144518, 147077, 161261, 163686, 172501, 178316], "y": ["ubuntu 16.04", "freebsd 12", "freebsd 13", "ubuntu 18.04", "freebsd 11", "windows 10", "freebsd 13", "centos 6", "freebsd 9", "ubuntu 16.04", "freebsd 11", "freebsd 11"], "cumulative y": [0, 1, 2, 3, 4, 5, 6, 7, 8, 9, 10, 11], "total events": 12}, "Password Spray Compromises": {"record name": "Password Spray Compromises", "x": [13188, 61865], "y": ["freebsd 13", "ubuntu 18.04"], "cumulative y": [0, 1], "total events": 2}, "User Account Leaks": {"record name": "User Account Has Been Leaked By Compromise", "x": [514, 514, 514, 1624, 1624, 2385, 2385, 2385, 3825, 3825, 3825, 5317, 5317, 5855, 5855, 6638, 13188, 19492, 19492, 20401, 20401, 20401, 24710, 28236, 29101, 29101, 33465, 33465, 33465, 34712, 34712, 35616, 36377, 36377, 36377, 37335, 37696, 37696, 47412, 47412, 47412, 54392, 57207, 58371, 80850, 92015, 92015, 92146, 111034, 111034, 111125, 113312, 113312, 113312, 114268, 120828, 144265, 178316, 180108, 203294, 224716], "y": ["Jemimah", "Henryetta", "Lanny", "Edeline", "Gabriellia", "Roxy", "Rosalyn", "Priscilla", "Caprice", "Valida", "Cybil", "Lotte", "Marris", "Leyla", "Pierette", "Seana", "Albina", "Bidget", "Cindra", "Orella", "Sheilah", "Marget", "Kizzie", "Maisie", "Frederique", "Elane", "Louella", "Waly", "Adriane", "Susy", "Dale", "Dulcie", "Janice", "Kaylee", "Rea", "Dulce", "Amber", "Mildrid", "Ebonee", "Mollee", "Melesa", "Terrie", "Cordula", "Mireielle", "Modestia", "Donny", "Lise", "Maris", "Rhea", "Lu", "Keely", "Amye", "Arabele", "Valentia", "Shayne", "Georgetta", "Lindsay", "Vivianna", "Clio", "Katinka", "Irma"], "cumulative y": [0, 1, 2, 3, 4, 5, 6, 7, 8, 9, 10, 11, 12, 13, 14, 15, 16, 17, 18, 19, 20, 21, 22, 23, 24, 25, 26, 27, 28, 29, 30, 31, 32, 33, 34, 35, 36, 37, 38, 39, 40, 41, 42, 43, 44, 45, 46, 47, 48, 49, 50, 51, 52, 53, 54, 55, 56, 57, 58, 59, 60], "total events": 61}, "Vulnerabilities Exploited": {"record name": "Vulnerabilities Exploited", "x": [514, 514, 790, 790, 863, 1228, 1673, 1962, 1962, 2050, 2288, 2288, 2385, 2543, 2543, 2853, 2853, 3825, 3825, 3825, 3825, 4703, 5206, 5206, 5206, 5621, 5621, 5621, 5621, 5765, 5765, 6638, 7394, 7542, 7542, 7742, 7877, 8267, 8267, 8267, 8267, 8267, 9927, 9927, 10131, 11007, 11007, 11169, 12249, 12249, 12823, 13642, 14403, 14969, 15134, 15533, 15965, 15965, 15965, 15965, 15965, 17851, 17851, 17851, 18094, 18094, 18440, 18440, 19010, 19010, 19010, 19492, 20007, 20007, 20401, 22518, 23294, 24710, 24710, 24710, 27051, 27051, 27140, 29191, 30010, 30222, 30650, 33579, 34011, 34712, 35616, 37082, 37335, 43809, 49235, 50563, 50563, 53481, 53481, 56036, 58867, 58867, 61645, 65566, 65566, 65566, 71630, 72360, 72360, 80850, 89209, 93284, 94290, 102524, 103926, 103926, 114268, 115460, 118815, 144424, 144424, 144424, 149173, 153919, 159574, 164591, 165368, 167308, 168127, 170969, 172609, 174149, 175506, 178437, 206199, 207015, 220633],