{"Total Initial Vulnerabilities": 699, "Initial Vulns Per OS": {"freebsd": {"11": 22, "9": 21, "12": 25, "13": 11, "10": 33, "8": 13}, "centos": {"6": 20, "7": 37, "4": 23, "8": 10, "5": 27, "3": 38}, "ubuntu": {"12.04": 48, "20.04": 6, "14.04": 32, "18.04": 29, "16.04": 12, "10.04": 57}, "windows": {"8.1": 56, "vista": 34, "xp": 77, "7": 25, "8": 32, "10": 11}}, "Average Initial RoA Per OS": {"freebsd": {"11": 0.02567147595698085, "9": 0.08587951951862617, "12": 0.05747454685440016, "13": 0.06919252180757357, "10": 0.046285509519888024, "8": 0.08145265972551732}, "centos": {"6": 0.03040492521932502, "7": 0.04963940567686876, "4": 0.04738506233995059, "8": 0.08328106433857627, "5": 0.04061668389351104, "3": 0.027621515397755952}, "ubuntu": {"12.04": 0.05718722414541089, "20.04": 0.05954975891726542, "14.04": 0.030888188775743373, "18.04": 0.04097705192545333, "16.04": 0.0484430046738965, "10.04": 0.024145168178860917}, "windows": {"8.1": 0.057858412713847236, "vista": 0.06283635965828521, "xp": 0.04842908027549631, "7": 0.05587165667998284, "8": 0.03347784931426915, "10": 0.04941636923717243}}, "OS Types In Initial Network": {"freebsd 11": 6, "centos 6": 7, "ubuntu 12.04": 8, "freebsd 9": 4, "centos 7": 12, "freebsd 12": 14, "windows 8.1": 25, "ubuntu 20.04": 11, "freebsd 13": 11, "centos 8": 15, "windows vista": 5, "freebsd 10": 9, "centos 4": 5, "ubuntu 14.04": 8, "windows 10": 11, "windows xp": 3, "windows 7": 6, "ubuntu 18.04": 12, "windows 8": 13, "ubuntu 16.04": 4, "centos 5": 7, "ubuntu 10.04": 2, "centos 3": 1, "freebsd 8": 1}, "Initial Hosts Without Vulnerabilities": 36, "Host Compromises": {"record name": "Host Compromises", "x": [1377, 4270, 4921, 8290, 10075, 13269, 17453, 24508, 25761, 25932, 26626, 26690, 50256, 60255, 63839, 149632], "y": ["centos 7", "freebsd 13", "ubuntu 18.04", "ubuntu 12.04", "ubuntu 12.04", "windows xp", "ubuntu 12.04", "ubuntu 10.04", "windows 8", "centos 5", "ubuntu 18.04", "centos 7", "ubuntu 16.04", "centos 4", "windows 8", "freebsd 9"], "cumulative y": [0, 1, 2, 3, 4, 5, 6, 7, 8, 9, 10, 11, 12, 13, 14, 15], "total events": 16}, "Vuln Compromises": {"record name": "Vuln Compromises", "x": [1377, 4270, 4921, 8290, 10075, 13269, 17453, 24508, 25761, 25932, 26626, 26690, 50256, 60255, 63839], "y": ["centos 7", "freebsd 13", "ubuntu 18.04", "ubuntu 12.04", "ubuntu 12.04", "windows xp", "ubuntu 12.04", "ubuntu 10.04", "windows 8", "centos 5", "ubuntu 18.04", "centos 7", "ubuntu 16.04", "centos 4", "windows 8"], "cumulative y": [0, 1, 2, 3, 4, 5, 6, 7, 8, 9, 10, 11, 12, 13, 14], "total events": 15}, "Reuse Password Compromises": {"record name": "Reuse Password Compromises", "x": [], "y": [], "cumulative y": [], "total events": 0}, "Password Spray Compromises": {"record name": "Password Spray Compromises", "x": [149632], "y": ["freebsd 9"], "cumulative y": [0], "total events": 1}, "User Account Leaks": {"record name": "User Account Has Been Leaked By Compromise", "x": [1377, 1377, 1377, 4270, 4270, 4270, 4921, 4921, 8290, 8290, 8290, 10075, 10075, 13269, 13269, 13269, 17453, 17453, 24508, 24508, 24508, 25761, 25761, 25932, 25932, 26626, 26626, 26626, 26690, 26690, 50256, 50256, 63839, 63839], "y": ["Devinne", "Kimberley", "Stephannie", "Lena", "Allie", "Bobbee", "Francisca", "Minette", "Selma", "Amil", "Ilene", "Jill", "Andie", "Juliann", "Jada", "Bertha", "Cecil", "Yasmeen", "Corinna", "Francine", "Belinda", "Con", "Leanora", "Agnella", "Lesli", "Dodi", "Violet", "Jerrine", "Emelina", "Jennie", "Ardelia", "Reine", "Geneva", "Deb"], "cumulative y": [0, 1, 2, 3, 4, 5, 6, 7, 8, 9, 10, 11, 12, 13, 14, 15, 16, 17, 18, 19, 20, 21, 22, 23, 24, 25, 26, 27, 28, 29, 30, 31, 32, 33], "total events": 34}, "Vulnerabilities Exploited": {"record name": "Vulnerabilities Exploited", "x": [322, 322, 557, 786, 1124, 1377, 1546, 1546, 1878, 1878, 1878, 1878, 1993, 1993, 2062, 2225, 2225, 2225, 2544, 3138, 4032, 4032, 4032, 4032, 4032, 4032, 4270, 4674, 4674, 4767, 4767, 4996, 5582, 5794, 6238, 6476, 6575, 7105, 7216, 7366, 7457, 7897, 7897, 8290, 8290, 8370, 9362, 9362, 9362, 9642, 9642, 9787, 9787, 10075, 10450, 10723, 11602, 11849, 11959, 13269, 13269, 13269, 13269, 13269, 13269, 13269, 13269, 14356, 14356, 14356, 14356, 14356, 14871, 17453, 17453, 19271, 19271, 19271, 19271, 19271, 19271, 19271, 19271, 19271, 19271, 19717, 19929, 24508, 24508, 24585, 25761, 25761, 25932, 25932, 27627, 27960, 29247, 31462, 34091, 34839, 45069, 50256, 60255, 60769, 60769, 60769, 60769, 60769, 61870, 69383, 69383, 69383, 69383, 87818, 89459, 154274, 182289], "cumulative exploited vulns": [0, 1, 2, 3, 4, 5, 6, 7, 8, 9, 10, 11, 12, 13, 14, 15, 16, 17, 18, 19, 20, 21, 22, 23, 24, 25, 26, 27, 28, 29, 30, 31, 32, 33, 34, 35, 36, 37, 38, 39, 40, 41, 42, 43, 44, 45, 46, 47, 48, 49, 50, 51, 52, 53, 54, 55, 56, 57, 58, 59, 60, 61, 62, 63, 64, 65, 66, 67, 68, 69, 70, 71, 72, 73, 74, 75, 76, 77, 78, 79, 80, 81, 82, 83, 84, 85, 86, 87, 88, 89, 90, 91, 92, 93, 94, 95, 96, 97, 98, 99, 100, 101, 102, 103, 104, 105, 106, 107, 108, 109, 110, 111, 112, 113, 114, 115, 116], "roa": [0.10708566764517465, 0.08112150789060793, 0.1556285964683945, 0.2146014983563032, 0.17130109007543098, 0.7493418266578626, 0.6299397551118361, 0.22286339916212278, 0.5325925625505188, 0.06797003751113576, 0.046632538247168745, 0.00292960645254316, 0.39926672184556744, 0.39926672184556744, 0.24048548635448913, 0.5010318759062988, 0.08479209483964809, 0.04763427874048276, 0.03694326932945742, 0.21071760856826133, 0.3435396684169835, 0.19723967979754903, 0.010920484213403747, 0.31210572645706053, 0.4093591756982378, 0.010588191408572745, 0.7671626002008144, 0.1343051329584273, 0.0018402418351666319, 0.45657274614725124, 0.3241044952241373, 0.4754521220761253, 0.6003061977941694, 0.1920746224397133, 0.3841153403956693, 0.04966635419146596, 0.0912646176653597, 0.16953318339901674, 0.02369898227401844, 0.035585375237264974, 0.5961497367844317, 0.5757846326649613, 0.2082805378535919, 0.298105460754158, 0.3177856236089917, 0.16766026143409504, 0.5415472113566338, 0.24310465200809017, 0.5295105944561886, 0.14727275083028424, 0.1531178438707408, 0.095318943166877, 0.028677195203207266, 0.33668911479125824, 0.006539613533606395, 0.01563703822419733, 0.011190088959940402, 0.2645605453691269, 0.07626404780598958, 0.10725518232389042, 0.13628895443330788, 0.0695582167802349, 0.777283500414777, 0.5190652782395723, 0.4699962127080145, 0.11923019906998258, 0.11771087447223376, 0.1425726645861567, 0.11859591103079596, 0.02105102933984527, 0.20937227246890297, 0.08702930067222417, 0.6395332872542986, 0.6543800216102256, 0.04096073928368142, 0.26677150562613267, 0.403309081423784, 0.23219331723679976, 0.34002433147151123, 0.34002433147151123, 0.2715345300359525, 0.002520218205387608, 0.3611662555114938, 0.18763351750055232, 0.027489927029655394, 0.03113203641995697, 0.19236941585628395, 0.24581139491579349, 0.31768121946354, 0.21168184001487123, 0.4819207956969437, 0.27838562058952854, 0.6344516675204732, 0.3360255169013261, 0.15390245341390668, 0.43350777779616, 0.042795963993582105, 0.08751464727337525, 0.07538566396736257, 0.1630888447511821, 0.6585872089738701, 0.4975984369352836, 0.5507287952560904, 0.7414833740463368, 0.6362686092244346, 0.5265779306342442, 0.4930501287849468, 0.1039918327652207, 0.01336413379622911, 0.31003484688755256, 0.5520751121655871, 0.3461468111696502, 0.1188466032510207, 0.21451881897729108, 0.14203694740979828, 0.04999875778548831, 0.06183096915269602],