{"Total Initial Vulnerabilities": 789, "Initial Vulns Per OS": {"windows": {"8": 61, "8.1": 21, "xp": 150, "7": 55, "10": 13, "vista": 17}, "freebsd": {"13": 19, "12": 33, "9": 34, "10": 18, "8": 40, "11": 14}, "centos": {"7": 17, "5": 48, "4": 35, "6": 20, "3": 54, "8": 7}, "ubuntu": {"12.04": 32, "16.04": 47, "14.04": 16, "18.04": 22, "20.04": 16}}, "Average Initial RoA Per OS": {"windows": {"8": 0.05078191806069923, "8.1": 0.07264835533626109, "xp": 0.05992377511414394, "7": 0.08476424777907406, "10": 0.08316155854948004, "vista": 0.01703665018276409}, "freebsd": {"13": 0.07045967499873655, "12": 0.09478505777364452, "9": 0.027960238930098802, "10": 0.07752217892077619, "8": 0.039461626332304725, "11": 0.05121338365205087}, "centos": {"7": 0.05553422224741819, "5": 0.06775183722892261, "4": 0.027584740335963295, "6": 0.052961800416373994, "3": 0.04809568551854462, "8": 0.013215217331225387}, "ubuntu": {"12.04": 0.03763930928630249, "16.04": 0.042601730905178145, "14.04": 0.08291160040103318, "18.04": 0.03223853788963357, "20.04": 0.03487873999862824}}, "OS Types In Initial Network": {"windows 8": 11, "freebsd 13": 23, "freebsd 12": 16, "centos 7": 10, "centos 5": 7, "centos 4": 8, "windows 8.1": 9, "windows xp": 5, "ubuntu 12.04": 4, "ubuntu 16.04": 12, "freebsd 9": 8, "ubuntu 14.04": 5, "centos 6": 6, "ubuntu 18.04": 11, "freebsd 10": 6, "centos 3": 2, "freebsd 8": 1, "ubuntu 20.04": 17, "windows 7": 12, "centos 8": 6, "windows 10": 13, "windows vista": 3, "freebsd 11": 5}, "Initial Hosts Without Vulnerabilities": 35, "Host Compromises": {"record name": "Host Compromises", "x": [4558, 5263, 5353, 9933, 10277, 11466, 12061, 14219, 16751, 17885, 22784, 22829, 24795, 33098, 43728, 47088, 56176, 61201, 61276, 62140, 68469, 68552, 73664, 73751, 74146, 89907, 103370, 111685, 123087, 167596, 172949, 173506, 183930, 187447, 199464, 208761, 211878, 246695, 247633, 247762, 248370], "y": ["ubuntu 16.04", "windows xp", "centos 7", "freebsd 9", "windows 7", "freebsd 13", "windows 8", "centos 5", "windows xp", "centos 5", "centos 3", "ubuntu 18.04", "freebsd 8", "centos 4", "freebsd 13", "freebsd 12", "windows 8.1", "ubuntu 20.04", "windows 7", "ubuntu 16.04", "freebsd 12", "centos 7", "ubuntu 16.04", "centos 7", "freebsd 10", "centos 7", "freebsd 13", "centos 5", "centos 6", "freebsd 10", "freebsd 12", "windows 8", "ubuntu 20.04", "centos 7", "freebsd 9", "windows 8", "freebsd 9", "ubuntu 16.04", "windows 10", "freebsd 13", "centos 4"], "cumulative y": [0, 1, 2, 3, 4, 5, 6, 7, 8, 9, 10, 11, 12, 13, 14, 15, 16, 17, 18, 19, 20, 21, 22, 23, 24, 25, 26, 27, 28, 29, 30, 31, 32, 33, 34, 35, 36, 37, 38, 39, 40], "total events": 41}, "Vuln Compromises": {"record name": "Vuln Compromises", "x": [4558, 5263, 5353, 9933, 10277, 12061, 14219, 16751, 17885, 22784, 24795, 33098, 61201, 62140, 68469, 73664, 173506, 211878, 247633, 248370], "y": ["ubuntu 16.04", "windows xp", "centos 7", "freebsd 9", "windows 7", "windows 8", "centos 5", "windows xp", "centos 5", "centos 3", "freebsd 8", "centos 4", "ubuntu 20.04", "ubuntu 16.04", "freebsd 12", "ubuntu 16.04", "windows 8", "freebsd 9", "windows 10", "centos 4"], "cumulative y": [0, 1, 2, 3, 4, 5, 6, 7, 8, 9, 10, 11, 12, 13, 14, 15, 16, 17, 18, 19], "total events": 20}, "Reuse Password Compromises": {"record name": "Reuse Password Compromises", "x": [11466, 22829, 43728, 47088, 56176, 61276, 68552, 73751, 74146, 89907, 103370, 111685, 123087, 167596, 172949, 183930, 187447, 199464, 208761, 246695, 247762], "y": ["freebsd 13", "ubuntu 18.04", "freebsd 13", "freebsd 12", "windows 8.1", "windows 7", "centos 7", "centos 7", "freebsd 10", "centos 7", "freebsd 13", "centos 5", "centos 6", "freebsd 10", "freebsd 12", "ubuntu 20.04", "centos 7", "freebsd 9", "windows 8", "ubuntu 16.04", "freebsd 13"], "cumulative y": [0, 1, 2, 3, 4, 5, 6, 7, 8, 9, 10, 11, 12, 13, 14, 15, 16, 17, 18, 19, 20], "total events": 21}, "Password Spray Compromises": {"record name": "Password Spray Compromises", "x": [], "y": [], "cumulative y": [], "total events": 0}, "User Account Leaks": {"record name": "User Account Has Been Leaked By Compromise", "x": [4558, 4558, 4558, 5263, 5263, 5263, 5353, 5353, 9933, 9933, 9933, 10277, 10277, 10277, 11466, 11466, 12061, 12061, 14219, 14219, 14219, 16751, 16751, 16751, 17885, 17885, 17885, 22784, 22784, 22784, 24795, 24795, 24795, 33098, 43728, 43728, 47088, 47088, 56176, 61201, 61201, 61276, 61276, 62140, 62140, 62140, 68469, 68469, 73664, 73751, 74146, 89907, 123087, 123087, 167596, 183930, 208761], "y": ["Carolann", "Ally", "Devondra", "Rey", "Joanie", "Jo-Anne", "Mignonne", "Adaline", "Fidela", "Manda", "Gussi", "Andee", "Haley", "Zea", "Alyssa", "Fiona", "Kyla", "Opaline", "Annalee", "Hildegarde", "Clarinda", "Brynne", "Kanya", "Winona", "Kamilah", "Gilbertine", "Elnore", "Jacquelin", "Annemarie", "Marisa", "Vinnie", "Jeannine", "Juditha", "Lib", "Jayme", "Nadiya", "Denice", "Merry", "Yettie", "Maurine", "Janeen", "Wilona", "Shoshanna", "Ronna", "Janey", "Elka", "Bobbe", "Tootsie", "Kaylee", "Aleta", "Diane", "Aundrea", "Dawn", "Caroline", "Gillian", "Mari", "Emilie"], "cumulative y": [0, 1, 2, 3, 4, 5, 6, 7, 8, 9, 10, 11, 12, 13, 14, 15, 16, 17, 18, 19, 20, 21, 22, 23, 24, 25, 26, 27, 28, 29, 30, 31, 32, 33, 34, 35, 36, 37, 38, 39, 40, 41, 42, 43, 44, 45, 46, 47, 48, 49, 50, 51, 52, 53, 54, 55, 56], "total events": 57}, "Vulnerabilities Exploited": {"record name": "Vulnerabilities Exploited", "x": [226, 226, 576, 576, 803, 992, 1724, 1724, 1724, 1724, 1724, 1724, 2103, 2969, 2969, 2969, 2969, 2969, 2969, 2969, 3368, 3508, 3570, 3864, 3864, 4558, 4638, 4638, 4969, 4969, 5263, 5263, 5263, 5353, 5353, 6430, 6430, 6651, 6651, 7019, 7019, 7535, 7535, 7535, 7535, 7901, 7901, 7901, 9334, 9334, 9334, 9334, 9334, 9334, 9334, 9334, 9334, 9334, 9334, 9334, 9334, 9334, 9334, 9933, 10186, 10485, 10485, 11207, 12061, 13112, 14219, 14219, 16751, 16751, 16751, 16751, 16751, 16751, 16751, 16751, 16751, 16751, 16751, 17297, 17701, 17885, 18448, 18959, 19242, 19242, 19572, 20497, 21729, 22784, 22784, 22784, 24795, 24795, 24795, 24795, 24795, 24795, 24795, 24795, 24795, 24795, 27518, 28754, 32487, 33098, 36671, 44685, 49627, 55412, 59423, 61201, 61821, 62140, 62140, 65674, 66506, 67171, 71707, 82670, 83656, 90911, 121242, 133743, 143815, 149110, 176262, 211878, 218552, 227225, 247633, 248370], "cumulative exploited vulns": [0, 1, 2, 3, 4, 5, 6, 7, 8, 9, 10, 11, 12, 13, 14, 15, 16, 17, 18, 19, 20, 21, 22, 23, 24, 25, 26, 27, 28, 29, 30, 31, 32, 33, 34, 35, 36, 37, 38, 39, 40, 41, 42, 43, 44, 45, 46, 47, 48, 49, 50, 51, 52, 53, 54, 55, 56, 57, 58, 59, 60, 61, 62, 63, 64, 65, 66, 67, 68, 69, 70, 71, 72, 73, 74, 75, 76, 77, 78, 79, 80, 81, 82, 83, 84, 85, 86, 87, 88, 89, 90, 91, 92, 93, 94, 95, 96, 97, 98, 99, 100, 101, 102, 103, 104, 105, 106, 107, 108, 109, 110, 111, 112, 113, 114, 115, 116, 117, 118, 119, 120, 121, 122, 123, 124, 125, 126, 127, 128, 129, 130, 131, 132, 133, 134, 135],