{"Total Initial Vulnerabilities": 755, "Initial Vulns Per OS": {"freebsd": {"10": 30, "11": 28, "12": 33, "8": 100, "13": 25, "9": 29}, "ubuntu": {"20.04": 13, "14.04": 20, "16.04": 34, "18.04": 38, "10.04": 53, "12.04": 4}, "centos": {"8": 27, "7": 27, "5": 26, "6": 32, "3": 59, "4": 11}, "windows": {"10": 24, "7": 23, "8": 11, "vista": 4, "8.1": 16, "xp": 88}}, "Average Initial RoA Per OS": {"freebsd": {"10": 0.05739053660440736, "11": 0.03522025980873657, "12": 0.02905904338923804, "8": 0.05189185896904652, "13": 0.054351715991921824, "9": 0.04994643956167101}, "ubuntu": {"20.04": 0.05078334962077151, "14.04": 0.02658179265838249, "16.04": 0.06348857272379492, "18.04": 0.05396194684551781, "10.04": 0.03710868563617251, "12.04": 0.08814678748475457}, "centos": {"8": 0.04456143859446664, "7": 0.03224570622637481, "5": 0.048818190965047956, "6": 0.05891099087957634, "3": 0.03999498302131748, "4": 0.04037936062196683}, "windows": {"10": 0.04140014782044121, "7": 0.04991505967892442, "8": 0.11813455473644872, "vista": 0.021910800801604933, "8.1": 0.06299730142478388, "xp": 0.03606068411061437}}, "OS Types In Initial Network": {"windows 10": 18, "freebsd 10": 8, "ubuntu 20.04": 11, "centos 8": 17, "ubuntu 14.04": 6, "centos 7": 12, "ubuntu 16.04": 11, "ubuntu 18.04": 16, "freebsd 13": 19, "centos 5": 7, "centos 6": 12, "freebsd 11": 9, "freebsd 12": 13, "windows 7": 5, "centos 3": 3, "freebsd 8": 3, "freebsd 9": 7, "windows 8.1": 7, "windows 8": 5, "centos 4": 4, "windows vista": 2, "windows xp": 2, "ubuntu 10.04": 2, "ubuntu 12.04": 1}, "Initial Hosts Without Vulnerabilities": 38, "Host Compromises": {"record name": "Host Compromises", "x": [492, 7761, 8578, 16131, 17996, 23692, 26356, 51213, 51300, 52496, 52654, 53204, 55344, 58029, 58218, 59511, 63132, 69110, 71297, 72363, 72705, 77120, 80066, 81277, 83672, 88346, 88802, 104511, 119664, 132016, 170729, 185470, 194262, 208624, 237413], "y": ["ubuntu 14.04", "ubuntu 18.04", "freebsd 11", "windows 7", "freebsd 8", "centos 3", "freebsd 9", "freebsd 12", "freebsd 13", "ubuntu 18.04", "ubuntu 20.04", "freebsd 12", "centos 4", "freebsd 13", "centos 7", "centos 8", "windows 8.1", "freebsd 13", "windows 8.1", "ubuntu 18.04", "centos 7", "centos 5", "centos 6", "centos 6", "windows 8.1", "windows 8.1", "freebsd 10", "windows 7", "windows 10", "ubuntu 20.04", "ubuntu 18.04", "ubuntu 14.04", "freebsd 13", "ubuntu 16.04", "ubuntu 16.04"], "cumulative y": [0, 1, 2, 3, 4, 5, 6, 7, 8, 9, 10, 11, 12, 13, 14, 15, 16, 17, 18, 19, 20, 21, 22, 23, 24, 25, 26, 27, 28, 29, 30, 31, 32, 33, 34], "total events": 35}, "Vuln Compromises": {"record name": "Vuln Compromises", "x": [492, 7761, 8578, 16131, 17996, 23692, 26356, 51300, 52496, 52654, 53204, 55344, 58029, 58218, 59511, 69110, 77120, 81277, 83672, 104511, 208624], "y": ["ubuntu 14.04", "ubuntu 18.04", "freebsd 11", "windows 7", "freebsd 8", "centos 3", "freebsd 9", "freebsd 13", "ubuntu 18.04", "ubuntu 20.04", "freebsd 12", "centos 4", "freebsd 13", "centos 7", "centos 8", "freebsd 13", "centos 5", "centos 6", "windows 8.1", "windows 7", "ubuntu 16.04"], "cumulative y": [0, 1, 2, 3, 4, 5, 6, 7, 8, 9, 10, 11, 12, 13, 14, 15, 16, 17, 18, 19, 20], "total events": 21}, "Reuse Password Compromises": {"record name": "Reuse Password Compromises", "x": [72705, 80066, 88802, 119664], "y": ["centos 7", "centos 6", "freebsd 10", "windows 10"], "cumulative y": [0, 1, 2, 3], "total events": 4}, "Password Spray Compromises": {"record name": "Password Spray Compromises", "x": [51213, 63132, 71297, 72363, 88346, 132016, 170729, 185470, 194262, 237413], "y": ["freebsd 12", "windows 8.1", "windows 8.1", "ubuntu 18.04", "windows 8.1", "ubuntu 20.04", "ubuntu 18.04", "ubuntu 14.04", "freebsd 13", "ubuntu 16.04"], "cumulative y": [0, 1, 2, 3, 4, 5, 6, 7, 8, 9], "total events": 10}, "User Account Leaks": {"record name": "User Account Has Been Leaked By Compromise", "x": [492, 492, 492, 7761, 7761, 7761, 8578, 8578, 8578, 16131, 16131, 17996, 17996, 17996, 23692, 23692, 26356, 26356, 26356, 51213, 51213, 51300, 51300, 52654, 53204, 55344, 55344, 58218, 59511, 59511, 69110, 69110, 69110, 71297, 72363, 72363, 77120, 77120, 80066, 81277, 81277, 83672, 83672, 83672, 88802, 104511, 104511, 132016, 194262], "y": ["Candie", "Pammy", "Mehetabel", "Cherin", "Gabrila", "Catarina", "Krysta", "Anet", "Nathalia", "Desiri", "Henrietta", "Cherrita", "Heddie", "Ulrika", "Doe", "Maris", "Dasha", "Charmine", "Jaquenetta", "Gypsy", "Cathyleen", "Yvonne", "Berthe", "Kelcie", "Henryetta", "Berrie", "Zenia", "Nesta", "Lonni", "Alicia", "Lynnett", "Cecilia", "Kameko", "Lyndell", "Cesya", "Imojean", "Adria", "Berny", "Cicily", "Shelli", "Vitoria", "Guenna", "Sorcha", "Celka", "Tonya", "Phaedra", "Arlen", "Raquela", "Germain"], "cumulative y": [0, 1, 2, 3, 4, 5, 6, 7, 8, 9, 10, 11, 12, 13, 14, 15, 16, 17, 18, 19, 20, 21, 22, 23, 24, 25, 26, 27, 28, 29, 30, 31, 32, 33, 34, 35, 36, 37, 38, 39, 40, 41, 42, 43, 44, 45, 46, 47, 48], "total events": 49}, "Vulnerabilities Exploited": {"record name": "Vulnerabilities Exploited", "x": [439, 492, 492, 822, 822, 1133, 1133, 1133, 1133, 1443, 1658, 1998, 2176, 2257, 2651, 2789, 3094, 3094, 3094, 3304, 3304, 4164, 4164, 4164, 4164, 4164, 4164, 4224, 4371, 4371, 4444, 4444, 5078, 5078, 5078, 5078, 5078, 5078, 5205, 5933, 6145, 6632, 6632, 6632, 6632, 6632, 6814, 6974, 7202, 7575, 7641, 8152, 8578, 10123, 10123, 11485, 11485, 11485, 11485, 11485, 11485, 11975, 12872, 13385, 13385, 14575, 15146, 15261, 16131, 16131, 16791, 16791, 17996, 17996, 17996, 17996, 19964, 23692, 23692, 26356, 37522, 51300, 52144, 52144, 52496, 52496, 52654, 53387, 54969, 56811, 58218, 63909, 66416, 67272, 68866, 74432, 77120, 81277, 81277, 81277, 83367, 106190, 117680, 123799, 129763, 142154, 147846, 163305, 194857, 208624], "cumulative exploited vulns": [0, 1, 2, 3, 4, 5, 6, 7, 8, 9, 10, 11, 12, 13, 14, 15, 16, 17, 18, 19, 20, 21, 22, 23, 24, 25, 26, 27, 28, 29, 30, 31, 32, 33, 34, 35, 36, 37, 38, 39, 40, 41, 42, 43, 44, 45, 46, 47, 48, 49, 50, 51, 52, 53, 54, 55, 56, 57, 58, 59, 60, 61, 62, 63, 64, 65, 66, 67, 68, 69, 70, 71, 72, 73, 74, 75, 76, 77, 78, 79, 80, 81, 82, 83, 84, 85, 86, 87, 88, 89, 90, 91, 92, 93, 94, 95, 96, 97, 98, 99, 100, 101, 102, 103, 104, 105, 106, 107, 108, 109],