{"Total Initial Vulnerabilities": 771, "Initial Vulns Per OS": {"centos": {"6": 26, "7": 15, "8": 11, "3": 58, "4": 39, "5": 15}, "ubuntu": {"20.04": 12, "14.04": 49, "18.04": 14, "16.04": 25, "12.04": 25, "10.04": 94}, "windows": {"8": 30, "7": 18, "10": 14, "8.1": 16, "xp": 160, "vista": 18}, "freebsd": {"9": 48, "12": 11, "8": 19, "11": 13, "10": 31, "13": 10}}, "Average Initial RoA Per OS": {"centos": {"6": 0.09490435240568024, "7": 0.0949384713020276, "8": 0.026709338430445317, "3": 0.04287091901030738, "4": 0.07631899634295532, "5": 0.07151689668654751}, "ubuntu": {"20.04": 0.05331068306501746, "14.04": 0.05059668147060812, "18.04": 0.1618296345393358, "16.04": 0.12500599524543107, "12.04": 0.02774055891450416, "10.04": 0.07143455315786068}, "windows": {"8": 0.05750172571796364, "7": 0.068547666511264, "10": 0.07405516649149059, "8.1": 0.08634427228100286, "xp": 0.0759524836956771, "vista": 0.08554204185592303}, "freebsd": {"9": 0.07391226303047513, "12": 0.08282365067582169, "8": 0.06492177724279986, "11": 0.09492807673477902, "10": 0.06824997857879439, "13": 0.03031338912906386}}, "OS Types In Initial Network": {"centos 6": 14, "ubuntu 20.04": 14, "windows 8": 10, "ubuntu 18.04": 11, "ubuntu 14.04": 14, "centos 7": 8, "centos 8": 18, "freebsd 9": 10, "freebsd 11": 5, "centos 3": 2, "freebsd 12": 8, "centos 5": 5, "centos 4": 6, "windows 10": 17, "windows 7": 6, "ubuntu 16.04": 7, "freebsd 13": 14, "freebsd 8": 1, "freebsd 10": 8, "windows 8.1": 6, "ubuntu 12.04": 4, "windows xp": 6, "ubuntu 10.04": 3, "windows vista": 3}, "Initial Hosts Without Vulnerabilities": 49, "Host Compromises": {"record name": "Host Compromises", "x": [527, 3542, 4416, 6271, 6302, 7458, 7534, 7582, 8257, 8338, 12087, 13363, 16654, 16700, 17040, 17330, 19870, 23871, 25420, 27753, 61533, 136619], "y": ["ubuntu 14.04", "freebsd 9", "windows 7", "freebsd 10", "centos 7", "ubuntu 14.04", "freebsd 10", "windows 8.1", "ubuntu 16.04", "ubuntu 20.04", "centos 3", "centos 4", "freebsd 8", "freebsd 11", "freebsd 10", "ubuntu 20.04", "windows 8", "freebsd 12", "centos 5", "ubuntu 18.04", "windows 7", "centos 8"], "cumulative y": [0, 1, 2, 3, 4, 5, 6, 7, 8, 9, 10, 11, 12, 13, 14, 15, 16, 17, 18, 19, 20, 21], "total events": 22}, "Vuln Compromises": {"record name": "Vuln Compromises", "x": [527, 3542, 4416, 6271, 6302, 7534, 8257, 13363, 16654, 17040, 19870], "y": ["ubuntu 14.04", "freebsd 9", "windows 7", "freebsd 10", "centos 7", "freebsd 10", "ubuntu 16.04", "centos 4", "freebsd 8", "freebsd 10", "windows 8"], "cumulative y": [0, 1, 2, 3, 4, 5, 6, 7, 8, 9, 10], "total events": 11}, "Reuse Password Compromises": {"record name": "Reuse Password Compromises", "x": [7582, 8338, 12087, 16700, 17330, 23871, 25420, 27753], "y": ["windows 8.1", "ubuntu 20.04", "centos 3", "freebsd 11", "ubuntu 20.04", "freebsd 12", "centos 5", "ubuntu 18.04"], "cumulative y": [0, 1, 2, 3, 4, 5, 6, 7], "total events": 8}, "Password Spray Compromises": {"record name": "Password Spray Compromises", "x": [7458, 61533, 136619], "y": ["ubuntu 14.04", "windows 7", "centos 8"], "cumulative y": [0, 1, 2], "total events": 3}, "User Account Leaks": {"record name": "User Account Has Been Leaked By Compromise", "x": [527, 527, 527, 3542, 3542, 4416, 4416, 4416, 6271, 6271, 6271, 6302, 6302, 7458, 7458, 7534, 7534, 7582, 7582, 8257, 8257, 8338, 8338, 12087, 13363, 13363, 16654, 16654, 16654, 17040, 17330, 17330, 19870, 23871, 23871, 25420, 25420, 61533, 136619], "y": ["Ileana", "Sofia", "Tamma", "Clarinda", "Viole", "Franny", "Jyoti", "Hermia", "Rowena", "Karlotte", "Sandra", "Kristien", "Bernete", "Cory", "Janenna", "Roxanna", "Katy", "Deloria", "Shanie", "Amity", "Lynnelle", "Adel", "Marieann", "Valina", "Christiana", "Melisa", "Mirabel", "Debee", "Yolanthe", "Ivie", "Faun", "Ashli", "Sioux", "Joann", "Aleece", "Kym", "Jesse", "Ilsa", "Raina"], "cumulative y": [0, 1, 2, 3, 4, 5, 6, 7, 8, 9, 10, 11, 12, 13, 14, 15, 16, 17, 18, 19, 20, 21, 22, 23, 24, 25, 26, 27, 28, 29, 30, 31, 32, 33, 34, 35, 36, 37, 38], "total events": 39}, "Vulnerabilities Exploited": {"record name": "Vulnerabilities Exploited", "x": [151, 210, 434, 527, 726, 726, 726, 726, 927, 994, 1214, 2242, 2242, 2242, 2242, 2242, 2242, 2242, 2242, 2242, 2435, 2939, 3177, 3329, 3542, 3542, 3542, 3619, 3619, 4416, 4416, 4959, 4959, 4959, 5430, 5430, 5430, 6119, 6119, 6119, 6717, 6717, 6717, 6717, 7035, 7035, 7171, 7393, 7393, 7534, 7881, 8866, 9319, 9319, 10309, 13425, 16654, 16654, 16654, 16654, 16654, 17936, 17936, 17936, 18615, 19870, 19870, 20094, 25890, 25890, 25890, 26235, 30534, 30534, 37010, 42001, 47245, 48573, 53621, 54407, 58912, 87792, 112340, 132918, 160930], "cumulative exploited vulns": [0, 1, 2, 3, 4, 5, 6, 7, 8, 9, 10, 11, 12, 13, 14, 15, 16, 17, 18, 19, 20, 21, 22, 23, 24, 25, 26, 27, 28, 29, 30, 31, 32, 33, 34, 35, 36, 37, 38, 39, 40, 41, 42, 43, 44, 45, 46, 47, 48, 49, 50, 51, 52, 53, 54, 55, 56, 57, 58, 59, 60, 61, 62, 63, 64, 65, 66, 67, 68, 69, 70, 71, 72, 73, 74, 75, 76, 77, 78, 79, 80, 81, 82, 83, 84], "roa": [0.05598419626147512, 0.3575237956640307, 0.2800180669594764, 0.17451961890198633, 0.6241732211740619, 0.17433256531943014, 0.17433256531943014, 0.07269072506949792, 0.0323022948112057, 0.4374673316152659, 0.1925518473879663, 0.7076985820556326, 0.09590796781693729, 0.159992695588537, 0.5094181138166314, 0.7076985820556326, 0.09590796781693729, 0.159992695588537, 0.5094181138166314, 0.5275268427602844, 0.4054374573365382, 0.8181870246896219, 0.48785066544917566, 0.1866875131684202, 0.5082020112448064, 0.14614076243647323, 0.3879408166221353, 0.4190837525598473, 0.3796167487408437, 0.24318149422278226, 0.24318149422278226, 0.7369999073019474, 0.17411190088997977, 0.19548502584570493, 0.5181243634002712, 0.19383793472883662, 0.6137202039160056, 0.8990918883932416, 0.5004002565402081, 0.09059676366925229, 0.6490102902232733, 0.4909576865825369, 0.5062641073108225, 0.1294274360148656, 0.6755936307545402, 0.4161874651886136, 0.5159262428090581, 0.6654103701466989, 0.07513735740496788, 0.0810235120154548, 0.7200574011326603, 0.22381001962140754, 0.09035268187985994, 0.6112769315077011, 0.4464616911194936, 0.11364858652321157, 0.558949432808579, 0.31769150333107415, 0.06268345081812962, 0.792808932190555, 0.4506938465976525, 0.6186271625534578, 0.13895120197298746, 0.5655602280607368, 0.34212261172611386, 0.41441255375891795, 0.07021444556299443, 0.2588370215995536, 0.39988116738237023, 0.4485055645884364, 0.4759978955616308, 0.20842763603890518, 0.3401810484560531, 0.2194216364986103, 0.12130913639458182, 0.05504961390018413, 0.2050401971220948, 0.011440125658588264, 0.19552143931206295, 0.02883777391935265, 0.07087957732133568, 0.3185891746824985, 0.11216357269098562, 0.15832588197384284, 0.04808237119608698],