{"Total Initial Vulnerabilities": 664, "Initial Vulns Per OS": {"centos": {"5": 42, "7": 23, "6": 34, "4": 16, "8": 9, "3": 50}, "ubuntu": {"16.04": 24, "12.04": 15, "18.04": 8, "14.04": 51, "10.04": 71, "20.04": 3}, "windows": {"vista": 13, "xp": 104, "10": 27, "8": 47, "8.1": 34, "7": 19}, "freebsd": {"10": 8, "13": 19, "12": 17, "11": 23, "9": 7}}, "Average Initial RoA Per OS": {"centos": {"5": 0.05861785931319224, "7": 0.06841658844751124, "6": 0.10983669445118305, "4": 0.1011810429966429, "8": 0.05458570349577117, "3": 0.03435352120003874}, "ubuntu": {"16.04": 0.1017573005365167, "12.04": 0.09485004815830025, "18.04": 0.13863132975211104, "14.04": 0.08072244526675615, "10.04": 0.037093035021777514, "20.04": 0.07026663851152493}, "windows": {"vista": 0.048533629788511085, "xp": 0.042951275951622736, "10": 0.10901736392276148, "8": 0.0729800347914473, "8.1": 0.13044335514322905, "7": 0.04777990660614834}, "freebsd": {"10": 0.06912856692532726, "13": 0.09465742491660231, "12": 0.09121163822216803, "11": 0.06011662497825859, "9": 0.10699902062481922}}, "OS Types In Initial Network": {"centos 5": 11, "windows 10": 24, "centos 7": 10, "freebsd 12": 10, "ubuntu 16.04": 7, "windows vista": 4, "freebsd 10": 3, "centos 6": 11, "windows xp": 4, "freebsd 13": 12, "ubuntu 12.04": 2, "centos 8": 14, "windows 8": 20, "ubuntu 18.04": 10, "windows 8.1": 19, "centos 4": 4, "ubuntu 14.04": 8, "ubuntu 20.04": 7, "ubuntu 10.04": 3, "freebsd 11": 7, "windows 7": 7, "freebsd 9": 1, "centos 3": 2}, "Initial Hosts Without Vulnerabilities": 50, "Host Compromises": {"record name": "Host Compromises", "x": [780, 4928, 7675, 8279, 8469, 8528, 11304, 12741, 14661, 14706, 14752, 17164, 17472, 19077, 19616, 21818, 25297, 25893, 27302, 28290, 28907, 29336, 29438, 30308, 36705, 37768, 59592, 89686, 90108, 95341, 106458, 106621, 106705, 106829, 122832, 122952, 140321, 172574, 188252, 199095, 202234, 206069, 206516, 210859, 217708], "y": ["freebsd 10", "windows 8.1", "windows vista", "centos 7", "freebsd 10", "windows 8.1", "windows xp", "centos 7", "windows xp", "freebsd 13", "ubuntu 12.04", "windows xp", "windows 8", "ubuntu 18.04", "freebsd 12", "centos 5", "centos 5", "ubuntu 14.04", "windows 8", "ubuntu 14.04", "windows 7", "freebsd 11", "windows 10", "ubuntu 18.04", "freebsd 12", "windows 8.1", "windows 10", "freebsd 12", "windows 8.1", "ubuntu 16.04", "ubuntu 16.04", "centos 6", "windows 8.1", "ubuntu 12.04", "freebsd 11", "centos 4", "freebsd 12", "centos 8", "windows xp", "ubuntu 10.04", "centos 5", "centos 5", "windows 10", "windows 8", "windows 8.1"], "cumulative y": [0, 1, 2, 3, 4, 5, 6, 7, 8, 9, 10, 11, 12, 13, 14, 15, 16, 17, 18, 19, 20, 21, 22, 23, 24, 25, 26, 27, 28, 29, 30, 31, 32, 33, 34, 35, 36, 37, 38, 39, 40, 41, 42, 43, 44], "total events": 45}, "Vuln Compromises": {"record name": "Vuln Compromises", "x": [780, 4928, 8469, 8528, 11304, 12741, 14661, 14752, 17164, 19077, 19616, 21818, 25893, 28290, 30308, 36705, 106458, 106621, 122832, 122952, 188252, 199095, 202234, 206069, 217708], "y": ["freebsd 10", "windows 8.1", "freebsd 10", "windows 8.1", "windows xp", "centos 7", "windows xp", "ubuntu 12.04", "windows xp", "ubuntu 18.04", "freebsd 12", "centos 5", "ubuntu 14.04", "ubuntu 14.04", "ubuntu 18.04", "freebsd 12", "ubuntu 16.04", "centos 6", "freebsd 11", "centos 4", "windows xp", "ubuntu 10.04", "centos 5", "centos 5", "windows 8.1"], "cumulative y": [0, 1, 2, 3, 4, 5, 6, 7, 8, 9, 10, 11, 12, 13, 14, 15, 16, 17, 18, 19, 20, 21, 22, 23, 24], "total events": 25}, "Reuse Password Compromises": {"record name": "Reuse Password Compromises", "x": [7675, 8279, 14706, 25297, 27302, 28907, 29336, 29438, 37768, 89686, 90108, 95341, 106705, 106829, 206516, 210859], "y": ["windows vista", "centos 7", "freebsd 13", "centos 5", "windows 8", "windows 7", "freebsd 11", "windows 10", "windows 8.1", "freebsd 12", "windows 8.1", "ubuntu 16.04", "windows 8.1", "ubuntu 12.04", "windows 10", "windows 8"], "cumulative y": [0, 1, 2, 3, 4, 5, 6, 7, 8, 9, 10, 11, 12, 13, 14, 15], "total events": 16}, "Password Spray Compromises": {"record name": "Password Spray Compromises", "x": [17472, 59592, 140321, 172574], "y": ["windows 8", "windows 10", "freebsd 12", "centos 8"], "cumulative y": [0, 1, 2, 3], "total events": 4}, "User Account Leaks": {"record name": "User Account Has Been Leaked By Compromise", "x": [780, 780, 780, 4928, 4928, 4928, 7675, 7675, 8279, 8279, 8469, 8469, 8469, 8528, 8528, 8528, 11304, 12741, 12741, 14661, 14661, 14706, 14752, 14752, 17164, 17164, 17472, 17472, 19077, 19077, 19616, 19616, 21818, 21818, 21818, 25297, 25297, 25893, 25893, 27302, 28290, 28907, 29336, 29336, 29438, 30308, 36705, 37768, 90108, 106458, 106705, 106705, 122832, 140321, 199095, 202234, 206069, 217708], "y": ["Charmian", "Kasey", "Sadella", "Tatiana", "Beryl", "Biddie", "Ania", "Claudette", "Bette", "Joni", "Rosita", "Lorena", "Josie", "Klarika", "Carlen", "Corrine", "Lian", "Elane", "Enrica", "Sarina", "Germana", "Koo", "Cassaundra", "Maure", "Therine", "Persis", "Gabey", "Ellie", "Bernie", "Coretta", "Roby", "Maxie", "Gus", "Vanni", "Gennie", "Avril", "Gabi", "Ginger", "Giulia", "Bryna", "Carmine", "Rodie", "Ottilie", "Liliane", "Marissa", "Aloise", "Sallee", "Merline", "Breena", "Rozella", "Bethanne", "Colline", "Dinnie", "Aubrette", "Eolande", "Simone", "Cindi", "Jolee"], "cumulative y": [0, 1, 2, 3, 4, 5, 6, 7, 8, 9, 10, 11, 12, 13, 14, 15, 16, 17, 18, 19, 20, 21, 22, 23, 24, 25, 26, 27, 28, 29, 30, 31, 32, 33, 34, 35, 36, 37, 38, 39, 40, 41, 42, 43, 44, 45, 46, 47, 48, 49, 50, 51, 52, 53, 54, 55, 56, 57], "total events": 58}, "Vulnerabilities Exploited": {"record name": "Vulnerabilities Exploited", "x": [376, 376, 376, 509, 780, 998, 1081, 1716, 1716, 1716, 1716, 2013, 2013, 2170, 2260, 2260, 3948, 3948, 3948, 3948, 3948, 3948, 3948, 3948, 3948, 3948, 4244, 4244, 4403, 4848, 4928, 5036, 5036, 5337, 5337, 5448, 5448, 5448, 5587, 5587, 5587, 6472, 6472, 6472, 6472, 6472, 6472, 6956, 7904, 7904, 7904, 8020, 8469, 8469, 9074, 11304, 11304, 11304, 11304, 11304, 11304, 11304, 11304, 11304, 13021, 14661, 14661, 14984, 17164, 17164, 17164, 17164, 17164, 17164, 17164, 17164, 17164, 17164, 17164, 17164, 17164, 17164, 17164, 17164, 18887, 18887, 19616, 19808, 19808, 20996, 20996, 20996, 21250, 21818, 22036, 22488, 24522, 25893, 25893, 26622, 26622, 29690, 30604, 30604, 32199, 34722, 40160, 41842, 49634, 51567, 56938, 59758, 84332, 87995, 90957, 90957, 90957, 92094, 94659, 106458, 106458, 109085, 110225, 113123, 121686, 122832, 122952, 123839, 125087, 188252, 194291, 197123, 197123, 197856, 199095, 199095, 199095, 199095, 200008, 200412, 202961, 202961, 207759, 213359, 215720, 231786, 241136], "cumulative exploited vulns": [0, 1, 2, 3, 4, 5, 6, 7, 8, 9, 10, 11, 12, 13, 14, 15, 16, 17, 18, 19, 20, 21, 22, 23, 24, 25, 26, 27, 28, 29, 30, 31, 32, 33, 34, 35, 36, 37, 38, 39, 40, 41, 42, 43, 44, 45, 46, 47, 48, 49, 50, 51, 52, 53, 54, 55, 56, 57, 58, 59, 60, 61, 62, 63, 64, 65, 66, 67, 68, 69, 70, 71, 72, 73, 74, 75, 76, 77, 78, 79, 80, 81, 82, 83, 84, 85, 86, 87, 88, 89, 90, 91, 92, 93, 94, 95, 96, 97, 98, 99, 100, 101, 102, 103, 104, 105, 106, 107, 108, 109, 110, 111, 112, 113, 114, 115, 116, 117, 118, 119, 120, 121, 122, 123, 124, 125, 126, 127, 128, 129, 130, 131, 132, 133, 134, 135, 136, 137, 138, 139, 140, 141, 142, 143, 144, 145, 146],