{"Total Initial Vulnerabilities": 680, "Initial Vulns Per OS": {"ubuntu": {"16.04": 52, "14.04": 47, "20.04": 9, "18.04": 19, "12.04": 52}, "freebsd": {"10": 30, "8": 78, "12": 22, "9": 33, "13": 18, "11": 22}, "windows": {"vista": 27, "8.1": 38, "10": 13, "7": 42, "8": 6, "xp": 84}, "centos": {"6": 11, "7": 41, "5": 10, "8": 5, "4": 14, "3": 7}}, "Average Initial RoA Per OS": {"ubuntu": {"16.04": 0.021971035876684815, "14.04": 0.036294996899201466, "20.04": 0.04233078352192287, "18.04": 0.01878316498746995, "12.04": 0.02377698769624715}, "freebsd": {"10": 0.04069686133149085, "8": 0.060515803183384204, "12": 0.033737181596802564, "9": 0.01808787653195068, "13": 0.029162724717337867, "11": 0.06820927037576606}, "windows": {"vista": 0.01508207341345408, "8.1": 0.030034455878073175, "10": 0.03144023421391893, "7": 0.04083250471783095, "8": 0.0651759540567614, "xp": 0.07266615961759515}, "centos": {"6": 0.09590177174627058, "7": 0.030001389156611043, "5": 0.023634241361612462, "8": 0.015706396776585873, "4": 0.0689759831170931, "3": 0.02763776093827123}}, "OS Types In Initial Network": {"windows 8": 5, "ubuntu 16.04": 16, "freebsd 10": 6, "windows vista": 7, "centos 6": 6, "freebsd 13": 12, "freebsd 8": 2, "freebsd 12": 8, "ubuntu 14.04": 9, "freebsd 11": 12, "centos 7": 16, "ubuntu 20.04": 11, "centos 5": 4, "windows 8.1": 21, "windows 10": 13, "centos 8": 11, "freebsd 9": 6, "ubuntu 18.04": 9, "windows 7": 9, "ubuntu 12.04": 9, "centos 4": 5, "windows xp": 2, "centos 3": 1}, "Initial Hosts Without Vulnerabilities": 42, "Host Compromises": {"record name": "Host Compromises", "x": [2531, 3074, 4255, 4831, 7298, 14667, 19895, 26769, 49624, 51658, 56391, 88152, 99919, 127519, 131851, 156299, 160221, 160735, 161202, 161970, 162180, 162253, 163526, 166652, 169024, 169136, 170649, 171725, 175158, 175994, 176099, 179801, 179935, 180676, 189771, 192769, 192961, 201775, 203111, 204302, 208162, 214837, 215320, 215818, 221457, 224521, 226387, 235872, 238770, 243014, 245970], "y": ["freebsd 8", "ubuntu 14.04", "freebsd 8", "centos 6", "freebsd 10", "centos 7", "freebsd 12", "ubuntu 18.04", "windows 7", "freebsd 10", "windows 7", "ubuntu 16.04", "ubuntu 12.04", "windows 8", "freebsd 9", "windows 8.1", "ubuntu 20.04", "centos 5", "ubuntu 16.04", "ubuntu 14.04", "centos 5", "ubuntu 20.04", "freebsd 11", "windows 10", "windows 8", "centos 5", "centos 7", "windows vista", "ubuntu 18.04", "windows 10", "freebsd 10", "ubuntu 20.04", "centos 5", "ubuntu 16.04", "freebsd 13", "windows 8", "freebsd 9", "windows 7", "centos 8", "freebsd 11", "centos 8", "centos 5", "freebsd 11", "ubuntu 18.04", "freebsd 10", "freebsd 12", "centos 7", "centos 7", "freebsd 13", "ubuntu 16.04", "ubuntu 18.04"], "cumulative y": [0, 1, 2, 3, 4, 5, 6, 7, 8, 9, 10, 11, 12, 13, 14, 15, 16, 17, 18, 19, 20, 21, 22, 23, 24, 25, 26, 27, 28, 29, 30, 31, 32, 33, 34, 35, 36, 37, 38, 39, 40, 41, 42, 43, 44, 45, 46, 47, 48, 49, 50], "total events": 51}, "Vuln Compromises": {"record name": "Vuln Compromises", "x": [2531, 3074, 4255, 4831, 7298, 14667, 19895, 26769, 51658, 56391, 99919, 127519, 160221, 160735, 161202, 161970, 162180, 162253, 163526, 166652, 169024, 169136, 171725, 175158, 175994, 179801, 179935, 180676, 189771, 192769, 192961, 201775, 203111, 215320, 215818, 221457, 226387, 235872, 238770, 243014, 245970], "y": ["freebsd 8", "ubuntu 14.04", "freebsd 8", "centos 6", "freebsd 10", "centos 7", "freebsd 12", "ubuntu 18.04", "freebsd 10", "windows 7", "ubuntu 12.04", "windows 8", "ubuntu 20.04", "centos 5", "ubuntu 16.04", "ubuntu 14.04", "centos 5", "ubuntu 20.04", "freebsd 11", "windows 10", "windows 8", "centos 5", "windows vista", "ubuntu 18.04", "windows 10", "ubuntu 20.04", "centos 5", "ubuntu 16.04", "freebsd 13", "windows 8", "freebsd 9", "windows 7", "centos 8", "freebsd 11", "ubuntu 18.04", "freebsd 10", "centos 7", "centos 7", "freebsd 13", "ubuntu 16.04", "ubuntu 18.04"], "cumulative y": [0, 1, 2, 3, 4, 5, 6, 7, 8, 9, 10, 11, 12, 13, 14, 15, 16, 17, 18, 19, 20, 21, 22, 23, 24, 25, 26, 27, 28, 29, 30, 31, 32, 33, 34, 35, 36, 37, 38, 39, 40], "total events": 41}, "Reuse Password Compromises": {"record name": "Reuse Password Compromises", "x": [170649, 176099, 204302, 214837], "y": ["centos 7", "freebsd 10", "freebsd 11", "centos 5"], "cumulative y": [0, 1, 2, 3], "total events": 4}, "Password Spray Compromises": {"record name": "Password Spray Compromises", "x": [49624, 88152, 131851, 156299, 208162, 224521], "y": ["windows 7", "ubuntu 16.04", "freebsd 9", "windows 8.1", "centos 8", "freebsd 12"], "cumulative y": [0, 1, 2, 3, 4, 5], "total events": 6}, "User Account Leaks": {"record name": "User Account Has Been Leaked By Compromise", "x": [2531, 2531, 2531, 3074, 3074, 3074, 4255, 4255, 4255, 4831, 4831, 4831, 7298, 7298, 14667, 14667, 19895, 19895, 26769, 26769, 49624, 49624, 51658, 51658, 56391, 88152, 99919, 99919, 99919, 127519, 127519, 127519, 131851, 156299, 160221, 160221, 160735, 160735, 161202, 161202, 161970, 162180, 162253, 162253, 162253, 163526, 166652, 166652, 169136, 171725, 171725, 179801, 179935, 201775, 214837, 215818, 215818, 226387, 245970], "y": ["Harriett", "Violetta", "Kristy", "Stephi", "Emmi", "Doloritas", "Eirena", "Emelita", "Amii", "Willetta", "Eva", "Erda", "Dacy", "Cassandre", "Dorri", "Blinni", "Ivory", "Jourdan", "Maire", "Erinn", "Talyah", "Cristionna", "Siusan", "Daisie", "Gabriel", "Jasmine", "Farra", "Roz", "Hannie", "Steffi", "Leesa", "Enrika", "Marni", "Eolanda", "Maye", "Laure", "Muire", "Veda", "Angelique", "Tony", "Melany", "Linnell", "Marna", "Ruthi", "Rhetta", "Brook", "Margareta", "Calley", "Petronilla", "Marlena", "Frederique", "Junina", "Wynne", "Gilbertina", "Chrysa", "Kellsie", "Laurene", "Catharina", "Alysa"], "cumulative y": [0, 1, 2, 3, 4, 5, 6, 7, 8, 9, 10, 11, 12, 13, 14, 15, 16, 17, 18, 19, 20, 21, 22, 23, 24, 25, 26, 27, 28, 29, 30, 31, 32, 33, 34, 35, 36, 37, 38, 39, 40, 41, 42, 43, 44, 45, 46, 47, 48, 49, 50, 51, 52, 53, 54, 55, 56, 57, 58], "total events": 59}, "Vulnerabilities Exploited": {"record name": "Vulnerabilities Exploited", "x": [423, 423, 663, 2531, 2531, 2531, 2531, 2531, 2531, 2531, 2531, 2531, 2531, 2531, 2531, 2531, 2531, 2531, 2531, 2531, 3074, 3471, 3471, 4255, 4255, 4255, 4255, 4255, 4255, 4255, 4255, 4351, 4351, 4351, 4607, 4831, 4913, 5343, 5343, 5785, 5900, 6687, 6687, 7298, 7298, 7298, 7298, 7298, 7558, 8711, 8711, 9090, 9090, 9090, 9090, 9706, 9895, 10026, 10297, 10297, 10297, 10521, 11139, 11139, 11139, 11751, 12017, 12791, 13031, 13031, 14667, 14667, 16137, 16806, 17170, 17617, 17617, 18023, 19895, 20412, 21039, 21413, 24153, 24671, 25784, 25784, 26323, 27002, 27301, 29721, 29721, 32458, 34977, 37617, 42507, 42507, 51658, 56391, 60148, 82590, 91269, 104970, 132623, 161202, 161970, 168220, 170328, 170328, 173278, 174619, 177111, 177111, 177111, 180111, 180111, 193846, 194456, 214002, 217268, 217268, 218199, 221457, 221457, 229373, 230570, 235479, 238935, 238935, 241254, 242638, 243147], "cumulative exploited vulns": [0, 1, 2, 3, 4, 5, 6, 7, 8, 9, 10, 11, 12, 13, 14, 15, 16, 17, 18, 19, 20, 21, 22, 23, 24, 25, 26, 27, 28, 29, 30, 31, 32, 33, 34, 35, 36, 37, 38, 39, 40, 41, 42, 43, 44, 45, 46, 47, 48, 49, 50, 51, 52, 53, 54, 55, 56, 57, 58, 59, 60, 61, 62, 63, 64, 65, 66, 67, 68, 69, 70, 71, 72, 73, 74, 75, 76, 77, 78, 79, 80, 81, 82, 83, 84, 85, 86, 87, 88, 89, 90, 91, 92, 93, 94, 95, 96, 97, 98, 99, 100, 101, 102, 103, 104, 105, 106, 107, 108, 109, 110, 111, 112, 113, 114, 115, 116, 117, 118, 119, 120, 121, 122, 123, 124, 125, 126, 127, 128, 129, 130],