{"Total Initial Vulnerabilities": 658, "Initial Vulns Per OS": {"windows": {"vista": 28, "8.1": 22, "7": 30, "xp": 46, "10": 8, "8": 22}, "freebsd": {"11": 41, "10": 21, "13": 23, "9": 11, "12": 20}, "centos": {"8": 14, "7": 34, "5": 36, "6": 27, "3": 128, "4": 6}, "ubuntu": {"14.04": 20, "16.04": 26, "18.04": 60, "20.04": 12, "12.04": 23}}, "Average Initial RoA Per OS": {"windows": {"vista": 0.09791338775576496, "8.1": 0.049342990698852084, "7": 0.0611095525083182, "xp": 0.05493257080417485, "10": 0.017944125892570727, "8": 0.0766993861750992}, "freebsd": {"11": 0.07701395102497519, "10": 0.07590498650232284, "13": 0.0574646739945443, "9": 0.08350843733743243, "12": 0.03420560792520996}, "centos": {"8": 0.10977418042109699, "7": 0.03733725034297852, "5": 0.12407612611906932, "6": 0.05050803532820832, "3": 0.059933855438090315, "4": 0.01926319350202589}, "ubuntu": {"14.04": 0.04424740786937399, "16.04": 0.07042310096191998, "18.04": 0.053619222037652306, "20.04": 0.09338138994729094, "12.04": 0.06342823827443304}}, "OS Types In Initial Network": {"centos 8": 15, "windows vista": 6, "freebsd 11": 13, "ubuntu 14.04": 6, "centos 7": 15, "ubuntu 16.04": 7, "centos 5": 12, "freebsd 10": 7, "ubuntu 18.04": 21, "ubuntu 20.04": 13, "freebsd 13": 17, "windows 8.1": 7, "centos 6": 10, "windows 7": 7, "windows xp": 2, "windows 10": 10, "centos 3": 5, "centos 4": 3, "freebsd 9": 2, "freebsd 12": 9, "windows 8": 9, "ubuntu 12.04": 4}, "Initial Hosts Without Vulnerabilities": 40, "Host Compromises": {"record name": "Host Compromises", "x": [147, 3277, 4198, 4709, 6376, 8743, 8821, 11890, 12444, 13808, 13876, 15612, 15662, 16109, 16662, 17294, 18143, 18517, 24099, 25768, 31735, 37496, 37570, 38403, 39267, 41020, 41145, 54266, 92157, 93876, 93965, 95381, 101348, 135624, 135786, 166886, 167688, 168644, 178212, 178307, 218671, 219153, 222889, 222998, 223587, 230555, 233405, 234172, 241482], "y": ["windows vista", "ubuntu 18.04", "windows 7", "windows xp", "centos 3", "windows 8", "ubuntu 16.04", "ubuntu 18.04", "freebsd 11", "freebsd 13", "freebsd 11", "windows vista", "centos 8", "centos 5", "ubuntu 18.04", "freebsd 11", "centos 6", "ubuntu 18.04", "centos 7", "windows 7", "centos 7", "freebsd 11", "centos 7", "centos 3", "centos 5", "ubuntu 16.04", "windows 7", "freebsd 10", "ubuntu 20.04", "windows 10", "windows 10", "freebsd 13", "centos 3", "windows 8", "windows 8", "windows vista", "centos 7", "freebsd 13", "windows 8.1", "ubuntu 18.04", "ubuntu 20.04", "centos 8", "freebsd 13", "centos 8", "freebsd 12", "ubuntu 12.04", "centos 7", "centos 5", "freebsd 13"], "cumulative y": [0, 1, 2, 3, 4, 5, 6, 7, 8, 9, 10, 11, 12, 13, 14, 15, 16, 17, 18, 19, 20, 21, 22, 23, 24, 25, 26, 27, 28, 29, 30, 31, 32, 33, 34, 35, 36, 37, 38, 39, 40, 41, 42, 43, 44, 45, 46, 47, 48], "total events": 49}, "Vuln Compromises": {"record name": "Vuln Compromises", "x": [147, 3277, 4198, 4709, 6376, 8821, 11890, 12444, 13808, 15612, 16109, 16662, 17294, 18143, 24099, 25768, 38403, 39267, 54266, 93876, 95381, 101348, 135786, 167688, 178307, 219153, 223587, 233405, 234172], "y": ["windows vista", "ubuntu 18.04", "windows 7", "windows xp", "centos 3", "ubuntu 16.04", "ubuntu 18.04", "freebsd 11", "freebsd 13", "windows vista", "centos 5", "ubuntu 18.04", "freebsd 11", "centos 6", "centos 7", "windows 7", "centos 3", "centos 5", "freebsd 10", "windows 10", "freebsd 13", "centos 3", "windows 8", "centos 7", "ubuntu 18.04", "centos 8", "freebsd 12", "centos 7", "centos 5"], "cumulative y": [0, 1, 2, 3, 4, 5, 6, 7, 8, 9, 10, 11, 12, 13, 14, 15, 16, 17, 18, 19, 20, 21, 22, 23, 24, 25, 26, 27, 28], "total events": 29}, "Reuse Password Compromises": {"record name": "Reuse Password Compromises", "x": [8743, 13876, 15662, 18517, 37570, 41145, 93965, 168644, 178212, 222998, 230555, 241482], "y": ["windows 8", "freebsd 11", "centos 8", "ubuntu 18.04", "centos 7", "windows 7", "windows 10", "freebsd 13", "windows 8.1", "centos 8", "ubuntu 12.04", "freebsd 13"], "cumulative y": [0, 1, 2, 3, 4, 5, 6, 7, 8, 9, 10, 11], "total events": 12}, "Password Spray Compromises": {"record name": "Password Spray Compromises", "x": [31735, 37496, 41020, 92157, 135624, 166886, 218671, 222889], "y": ["centos 7", "freebsd 11", "ubuntu 16.04", "ubuntu 20.04", "windows 8", "windows vista", "ubuntu 20.04", "freebsd 13"], "cumulative y": [0, 1, 2, 3, 4, 5, 6, 7], "total events": 8}, "User Account Leaks": {"record name": "User Account Has Been Leaked By Compromise", "x": [147, 147, 147, 3277, 3277, 3277, 4198, 4198, 4198, 4709, 4709, 4709, 6376, 6376, 6376, 8743, 8743, 8821, 8821, 8821, 11890, 12444, 13808, 13808, 13808, 13876, 15612, 15612, 15612, 15662, 16109, 16662, 17294, 18143, 18143, 18517, 24099, 24099, 24099, 25768, 37496, 38403, 38403, 39267, 41145, 92157, 93876, 93876, 95381, 166886, 167688, 178212, 218671, 222889, 233405], "y": ["Celeste", "Dorette", "Bernete", "Jade", "Shelby", "Shaylyn", "Jerrilee", "Clarette", "Donelle", "Cherice", "Benni", "Fiann", "Sabine", "Celestyn", "Renee", "Lilith", "Giulia", "Marcelle", "Sibby", "Maryl", "Rozanna", "Larine", "Cathy", "Jilly", "Lilllie", "Lyn", "Trisha", "Chere", "Cyndi", "Gerry", "Kaye", "Aurie", "Nalani", "Ardine", "Roda", "Aggy", "Tally", "Marthena", "Carlene", "Devondra", "Amelie", "Etty", "Veriee", "Leonanie", "Rubetta", "Florina", "Melloney", "Nicky", "Dorise", "Kathryn", "Linnell", "Nora", "Esma", "Saree", "Ollie"], "cumulative y": [0, 1, 2, 3, 4, 5, 6, 7, 8, 9, 10, 11, 12, 13, 14, 15, 16, 17, 18, 19, 20, 21, 22, 23, 24, 25, 26, 27, 28, 29, 30, 31, 32, 33, 34, 35, 36, 37, 38, 39, 40, 41, 42, 43, 44, 45, 46, 47, 48, 49, 50, 51, 52, 53, 54], "total events": 55}, "Vulnerabilities Exploited": {"record name": "Vulnerabilities Exploited", "x": [147, 208, 771, 832, 994, 994, 994, 1206, 1206, 1206, 1206, 1616, 1616, 1616, 1871, 1871, 1871, 2149, 2381, 2634, 2634, 3023, 3023, 3103, 3277, 3277, 3527, 3527, 4198, 4198, 4709, 4709, 4709, 4709, 4709, 4709, 4709, 4709, 5033, 5033, 5387, 6376, 6376, 6376, 6376, 6376, 6376, 6376, 6376, 6376, 6376, 6376, 6376, 6376, 6376, 6376, 6376, 6376, 6376, 6450, 6450, 6870, 7147, 7335, 7335, 7335, 7683, 8142, 8142, 8142, 8297, 8297, 8486, 8486, 8612, 8821, 8896, 9201, 9895, 9895, 10837, 10837, 11507, 11890, 11890, 11890, 11890, 12023, 13808, 14542, 15612, 15612, 15612, 16109, 17085, 17085, 18628, 20980, 24099, 25768, 38403, 38403, 38403, 38403, 38403, 38403, 39697, 40800, 40800, 54266, 54266, 72064, 93876, 95618, 95618, 100273, 101348, 101348, 135951, 136401, 136401, 136401, 136401, 136401, 136793, 167688, 168309, 168309, 169704, 176823, 193349, 198376, 198376, 198376, 198765, 234172, 234172, 235117], "cumulative exploited vulns": [0, 1, 2, 3, 4, 5, 6, 7, 8, 9, 10, 11, 12, 13, 14, 15, 16, 17, 18, 19, 20, 21, 22, 23, 24, 25, 26, 27, 28, 29, 30, 31, 32, 33, 34, 35, 36, 37, 38, 39, 40, 41, 42, 43, 44, 45, 46, 47, 48, 49, 50, 51, 52, 53, 54, 55, 56, 57, 58, 59, 60, 61, 62, 63, 64, 65, 66, 67, 68, 69, 70, 71, 72, 73, 74, 75, 76, 77, 78, 79, 80, 81, 82, 83, 84, 85, 86, 87, 88, 89, 90, 91, 92, 93, 94, 95, 96, 97, 98, 99, 100, 101, 102, 103, 104, 105, 106, 107, 108, 109, 110, 111, 112, 113, 114, 115, 116, 117, 118, 119, 120, 121, 122, 123, 124, 125, 126, 127, 128, 129, 130, 131, 132, 133, 134, 135, 136, 137],