{"Total Initial Vulnerabilities": 644, "Initial Vulns Per OS": {"centos": {"6": 49, "8": 16, "3": 81, "4": 51, "7": 32, "5": 15}, "windows": {"8": 21, "8.1": 29, "10": 19, "vista": 15, "7": 8, "xp": 16}, "freebsd": {"13": 34, "12": 14, "10": 29, "9": 16, "11": 10, "8": 54}, "ubuntu": {"20.04": 17, "18.04": 19, "14.04": 28, "10.04": 56, "16.04": 15}}, "Average Initial RoA Per OS": {"centos": {"6": 0.09280137910746677, "8": 0.04627126496922222, "3": 0.05573984240586658, "4": 0.04385520912645911, "7": 0.06856421660018791, "5": 0.06912779670329816}, "windows": {"8": 0.07902021233367326, "8.1": 0.05503982421599593, "10": 0.04752309080616266, "vista": 0.03751118705389466, "7": 0.07380446059480329, "xp": 0.02806437054917229}, "freebsd": {"13": 0.048122064291618326, "12": 0.0447579212745326, "10": 0.08947217400492531, "9": 0.033466831334173636, "11": 0.06420860806726363, "8": 0.06776518988737316}, "ubuntu": {"20.04": 0.024392851111023267, "18.04": 0.07855164341178181, "14.04": 0.06104855282183391, "10.04": 0.05273035509264662, "16.04": 0.0392664790174596}}, "OS Types In Initial Network": {"windows 8.1": 16, "centos 6": 12, "windows 10": 13, "centos 8": 17, "windows 8": 10, "freebsd 13": 22, "ubuntu 20.04": 15, "centos 3": 2, "ubuntu 18.04": 12, "freebsd 12": 11, "centos 4": 11, "centos 7": 14, "freebsd 10": 6, "ubuntu 14.04": 7, "freebsd 9": 4, "ubuntu 10.04": 2, "centos 5": 5, "freebsd 11": 5, "windows vista": 4, "ubuntu 16.04": 4, "freebsd 8": 3, "windows 7": 3, "ubuntu 12.04": 1, "windows xp": 1}, "Initial Hosts Without Vulnerabilities": 38, "Host Compromises": {"record name": "Host Compromises", "x": [2076, 3091, 3145, 4560, 4757, 7362, 8504, 8684, 11806, 18194, 21117, 28239, 29181, 33257, 40896, 41769, 47291, 48717, 51916, 79455, 146706, 159167], "y": ["centos 4", "centos 4", "centos 4", "freebsd 9", "ubuntu 18.04", "freebsd 13", "freebsd 12", "freebsd 13", "windows 10", "freebsd 10", "freebsd 13", "centos 8", "windows vista", "centos 6", "centos 4", "centos 8", "freebsd 11", "windows vista", "freebsd 8", "centos 7", "windows 10", "windows 10"], "cumulative y": [0, 1, 2, 3, 4, 5, 6, 7, 8, 9, 10, 11, 12, 13, 14, 15, 16, 17, 18, 19, 20, 21], "total events": 22}, "Vuln Compromises": {"record name": "Vuln Compromises", "x": [2076, 3091, 3145, 7362, 8684, 11806, 18194, 29181, 48717, 51916, 79455, 146706, 159167], "y": ["centos 4", "centos 4", "centos 4", "freebsd 13", "freebsd 13", "windows 10", "freebsd 10", "windows vista", "windows vista", "freebsd 8", "centos 7", "windows 10", "windows 10"], "cumulative y": [0, 1, 2, 3, 4, 5, 6, 7, 8, 9, 10, 11, 12], "total events": 13}, "Reuse Password Compromises": {"record name": "Reuse Password Compromises", "x": [4560, 4757, 8504, 21117, 33257, 40896, 41769], "y": ["freebsd 9", "ubuntu 18.04", "freebsd 12", "freebsd 13", "centos 6", "centos 4", "centos 8"], "cumulative y": [0, 1, 2, 3, 4, 5, 6], "total events": 7}, "Password Spray Compromises": {"record name": "Password Spray Compromises", "x": [28239, 47291], "y": ["centos 8", "freebsd 11"], "cumulative y": [0, 1], "total events": 2}, "User Account Leaks": {"record name": "User Account Has Been Leaked By Compromise", "x": [2076, 2076, 2076, 3091, 3091, 3145, 3145, 4560, 4560, 4757, 4757, 7362, 7362, 8504, 8504, 8684, 8684, 11806, 11806, 18194, 18194, 21117, 21117, 29181, 29181, 33257, 40896, 41769, 47291, 47291, 51916, 51916, 51916, 79455, 146706, 159167], "y": ["Evvy", "Fae", "Tawnya", "Cassaundra", "Malissa", "Ursala", "Karil", "Edie", "Dodi", "Erminie", "Emelita", "Blondy", "Lara", "Cherry", "Constancia", "Haily", "Devonna", "Jeanette", "Mirabel", "Andromache", "Haley", "Jeannine", "Audrie", "Ailee", "Nonnah", "Eugenia", "Jade", "Aili", "Barbaraanne", "Lilian", "Adore", "Ira", "Marena", "Shayne", "Goldina", "Brita"], "cumulative y": [0, 1, 2, 3, 4, 5, 6, 7, 8, 9, 10, 11, 12, 13, 14, 15, 16, 17, 18, 19, 20, 21, 22, 23, 24, 25, 26, 27, 28, 29, 30, 31, 32, 33, 34, 35], "total events": 36}, "Vulnerabilities Exploited": {"record name": "Vulnerabilities Exploited", "x": [342, 768, 768, 768, 908, 1685, 1685, 1685, 1685, 1685, 1685, 1725, 2015, 2015, 2015, 2076, 2148, 2504, 2504, 2912, 2912, 3091, 3495, 3627, 3627, 4179, 4384, 5068, 5068, 5068, 6873, 6873, 6873, 7204, 7362, 8127, 8378, 9785, 10326, 11317, 11806, 13714, 15253, 17276, 17454, 17702, 17702, 18194, 27064, 28553, 28553, 29181, 29710, 38451, 40516, 42289, 43363, 48717, 49636, 51916, 61653, 79455, 79455, 79455, 82379, 112724, 112724, 244690], "cumulative exploited vulns": [0, 1, 2, 3, 4, 5, 6, 7, 8, 9, 10, 11, 12, 13, 14, 15, 16, 17, 18, 19, 20, 21, 22, 23, 24, 25, 26, 27, 28, 29, 30, 31, 32, 33, 34, 35, 36, 37, 38, 39, 40, 41, 42, 43, 44, 45, 46, 47, 48, 49, 50, 51, 52, 53, 54, 55, 56, 57, 58, 59, 60, 61, 62, 63, 64, 65, 66, 67], "roa": [0.1156874347739485, 0.8243420972219871, 0.2141625046395626, 0.33266595672975163, 0.5278023078671386, 0.6248785974623744, 0.4413761011368284, 0.1843706894099079, 0.018417265742218046, 0.05429744051626909, 0.35904131755878604, 0.5030782271424912, 0.5398207680931317, 0.20308943557076264, 0.1755267024540565, 0.6916158363569498, 0.1783822798985087, 0.13756599058528135, 0.13756599058528135, 0.3216998621365942, 0.08043171520839762, 0.5932983068438741, 0.39579792261439517, 0.8035605182694832, 0.31939003948195116, 0.022986049428176274, 0.3718846088455064, 0.29947255978166326, 0.24303867450423552, 0.05945791869666123, 0.2741087164766506, 0.2795568808667971, 0.044507449557137355, 0.19971116086309285, 0.4644730041335574, 0.22444594360554387, 0.17425049526902997, 0.5970914931048665, 0.055477886748896865, 0.3956854204622514, 0.8860600795134921, 0.2619927959553213, 0.3011525380851891, 0.19095970321234362, 0.3405488691957109, 0.29134988248346566, 0.1382964711076234, 0.23946784268887922, 0.17474144141660447, 0.6195321483668528, 0.2336018841485569, 0.040467865950843854, 0.4465662767666993, 0.14455935230012207, 0.27955595444543174, 0.049569192448878016, 0.20324611305493026, 0.6110812719741868, 0.16524371113191913, 0.018024719976221227, 0.048885618555558605, 0.6792687009974692, 0.48824045969712415, 0.3451367115686677, 0.18394108679801294, 0.5913310210789688, 0.1983639345098083, 0.08670540384472424], "impact": [2.3791274104266646, 9.320519806057693, 2.1518063769668205, 3.6548983435631897, 5.877954793673194, 7.79019079449726, 9.243700006837134, 7.429528504656494, 0.19583157480981384, 0.8715970597538247, 5.459216030808191, 5.221935985755549, 5.576914146945456, 3.036191175749816, 3.254690939792859, 9.450157556889817, 2.4036170193264006, 7.784936427951559, 7.784936427951559, 3.236729100332334, 2.141355915002677, 8.775682729756458, 6.575140822178871, 9.844702217639547, 3.581170977763388, 0.6247226218268431, 4.6275962067451974, 3.922178945241175, 4.211771825525357, 0.795545214106046, 3.586012794597395, 3.898184325021865, 0.8547325919947635, 8.93697967577044, 7.085372418925198, 3.6340978140892934, 5.883918052620693, 6.576412695176728, 4.178142136524108, 8.483122600498948, 9.805765501850068, 3.0617287402492943, 4.470022768083729, 4.237881036665878, 3.9478408532800002, 4.16227324349677, 2.6291986492045494, 8.612099427600063, 2.7587319300577375, 7.851389464187722, 8.868708895413356, 8.854189461784301, 6.3475584732007295, 8.760204862623187, 3.406313526449578, 0.7422037376326374, 8.099152683929837, 7.339297878254547, 2.0614305079984385, 3.649506409474612, 0.6989959051415029, 7.001239594598188, 7.570707087814478, 4.88773842517214, 4.387362652201173, 6.832231336374898, 2.227255551551681, 5.5505397921575295],