{"Total Initial Vulnerabilities": 595, "Initial Vulns Per OS": {"freebsd": {"13": 10, "10": 31, "11": 60, "12": 18, "9": 14}, "ubuntu": {"16.04": 45, "20.04": 17, "12.04": 33, "14.04": 28, "18.04": 34, "10.04": 24}, "windows": {"7": 35, "8.1": 22, "8": 31, "vista": 3, "xp": 39, "10": 3}, "centos": {"6": 26, "8": 25, "7": 9, "5": 14, "3": 74}}, "Average Initial RoA Per OS": {"freebsd": {"13": 0.04352116967010939, "10": 0.05086282286767861, "11": 0.0485542810203887, "12": 0.06581023177293806, "9": 0.03345928844506114}, "ubuntu": {"16.04": 0.08589485345710778, "20.04": 0.08892526922809577, "12.04": 0.03173045436790423, "14.04": 0.03771951816558585, "18.04": 0.06143995435386646, "10.04": 0.05092603325654507}, "windows": {"7": 0.051864565293093655, "8.1": 0.10461592012221745, "8": 0.053033157404302235, "vista": 0.03825097897494333, "xp": 0.0591219310438367, "10": 0.06310840158542931}, "centos": {"6": 0.055770590248413285, "8": 0.08584679215612802, "7": 0.10845613053310069, "5": 0.09378749365959023, "3": 0.06696975084395913}}, "OS Types In Initial Network": {"freebsd 13": 14, "freebsd 10": 9, "ubuntu 20.04": 15, "ubuntu 16.04": 13, "windows 7": 8, "freebsd 12": 17, "centos 6": 11, "centos 8": 18, "ubuntu 12.04": 7, "centos 5": 5, "centos 7": 9, "windows 8.1": 9, "windows 8": 15, "windows vista": 3, "freebsd 11": 11, "ubuntu 14.04": 7, "ubuntu 18.04": 12, "windows 10": 8, "centos 3": 2, "freebsd 9": 3, "ubuntu 10.04": 2, "windows xp": 1, "centos 4": 1}, "Initial Hosts Without Vulnerabilities": 44, "Host Compromises": {"record name": "Host Compromises", "x": [2044, 2247, 6636, 7714, 8201, 10791, 11503, 11575, 20785, 23762, 24344, 210887], "y": ["freebsd 10", "windows 8.1", "ubuntu 14.04", "ubuntu 16.04", "freebsd 12", "centos 3", "windows 7", "freebsd 11", "ubuntu 16.04", "centos 3", "ubuntu 16.04", "ubuntu 14.04"], "cumulative y": [0, 1, 2, 3, 4, 5, 6, 7, 8, 9, 10, 11], "total events": 12}, "Vuln Compromises": {"record name": "Vuln Compromises", "x": [2044, 2247, 6636, 7714, 10791, 11503, 11575, 20785, 23762, 24344, 210887], "y": ["freebsd 10", "windows 8.1", "ubuntu 14.04", "ubuntu 16.04", "centos 3", "windows 7", "freebsd 11", "ubuntu 16.04", "centos 3", "ubuntu 16.04", "ubuntu 14.04"], "cumulative y": [0, 1, 2, 3, 4, 5, 6, 7, 8, 9, 10], "total events": 11}, "Reuse Password Compromises": {"record name": "Reuse Password Compromises", "x": [8201], "y": ["freebsd 12"], "cumulative y": [0], "total events": 1}, "Password Spray Compromises": {"record name": "Password Spray Compromises", "x": [], "y": [], "cumulative y": [], "total events": 0}, "User Account Leaks": {"record name": "User Account Has Been Leaked By Compromise", "x": [2044, 2044, 2044, 2247, 2247, 2247, 6636, 6636, 6636, 7714, 7714, 7714, 8201, 8201, 10791, 10791, 11503, 11575, 20785, 20785, 23762, 23762, 23762, 24344, 24344, 210887, 210887, 210887], "y": ["Leoine", "Corrie", "Kordula", "Amabel", "Erika", "Ninnette", "Sharla", "Tallou", "Leigha", "Evie", "Julienne", "Bunnie", "Jillian", "Leonie", "Darb", "Danila", "Mufi", "Amalita", "Paulina", "Jannel", "Brigit", "Grethel", "Gracie", "Beulah", "Pet", "Kai", "Kattie", "Anselma"], "cumulative y": [0, 1, 2, 3, 4, 5, 6, 7, 8, 9, 10, 11, 12, 13, 14, 15, 16, 17, 18, 19, 20, 21, 22, 23, 24, 25, 26, 27], "total events": 28}, "Vulnerabilities Exploited": {"record name": "Vulnerabilities Exploited", "x": [220, 580, 580, 580, 580, 580, 856, 1002, 1002, 1068, 1134, 1195, 1195, 1750, 1750, 1868, 2044, 2044, 2114, 2247, 2247, 2247, 2845, 2845, 3199, 3276, 4317, 4895, 4895, 4895, 5067, 5627, 5627, 6636, 6636, 6636, 7279, 7714, 10791, 10791, 10791, 10791, 10791, 10791, 10791, 10791, 10791, 10791, 10791, 10791, 10791, 10791, 10791, 10791, 10791, 10791, 10791, 10791, 10791, 10791, 10902, 10902, 10902, 11503, 11503, 11503, 11575, 12806, 12806, 12806, 14867, 17286, 17428, 17660, 19672, 19863, 19863, 22038, 22432, 22653, 23234, 23762, 24108, 26640, 26851, 35669, 35669, 35880, 41396, 44491, 46020, 49005, 51442, 63579, 64838, 64838, 68482, 78146, 78972, 83169, 83169, 94129, 105260, 119353, 141965, 155261, 187508, 189679, 196784, 212227, 215208, 216708, 230593], "cumulative exploited vulns": [0, 1, 2, 3, 4, 5, 6, 7, 8, 9, 10, 11, 12, 13, 14, 15, 16, 17, 18, 19, 20, 21, 22, 23, 24, 25, 26, 27, 28, 29, 30, 31, 32, 33, 34, 35, 36, 37, 38, 39, 40, 41, 42, 43, 44, 45, 46, 47, 48, 49, 50, 51, 52, 53, 54, 55, 56, 57, 58, 59, 60, 61, 62, 63, 64, 65, 66, 67, 68, 69, 70, 71, 72, 73, 74, 75, 76, 77, 78, 79, 80, 81, 82, 83, 84, 85, 86, 87, 88, 89, 90, 91, 92, 93, 94, 95, 96, 97, 98, 99, 100, 101, 102, 103, 104, 105, 106, 107, 108, 109, 110, 111, 112], "roa": [0.6298376211621002, 0.8731588695943305, 0.6074644884143003, 0.3874628296188228, 0.18409822017327543, 0.019248393600866474, 0.03563293622400659, 0.2875207012855853, 0.3286982977684261, 0.010849786234150222, 0.4619265703662484, 0.9591504959915786, 0.1649367345618286, 0.7585737518142822, 0.30265569637576406, 0.5873369844078803, 0.3906873347059384, 0.2979804233161396, 0.800082218354998, 0.7435757627252383, 0.4099281705013926, 0.2699054420616772, 0.392370516564823, 0.39364068375679684, 0.07358950936306012, 0.6000502635975824, 0.5198774758832652, 0.4937161129843064, 0.12484281707856071, 0.09098773785272243, 0.14142414723251792, 0.18488340433259493, 0.04981772908244125, 0.5227648430563185, 0.025566595216262478, 0.23286463146465913, 0.16717862406098694, 0.5170394500106252, 0.8813781870654973, 0.33376977581998196, 0.4063623265410973, 0.6842545551359589, 0.4063623265410973, 0.6232174677537252, 0.6506999991471344, 0.13440647034551306, 0.8204116957720462, 0.4540039618185207, 0.17088623189795274, 0.5543175594880961, 0.528030172986702, 0.5142660952217327, 0.17969765414947983, 0.19161577423708792, 0.2502049025377906, 0.4404618383822977, 0.7542670839481198, 0.3303219149728421, 0.47646534919727807, 0.48753742928492844, 0.14417900315907484, 0.02502929791931171, 0.31144874949346696, 0.4787036581916063, 0.19584287163985978, 0.10702292853201592, 0.15673744378776477, 0.20244810227207002, 0.023299379728266505, 0.0951357369652719, 0.8536358177920096, 0.04123857107269584, 0.3591092779023154, 0.08069599501530242, 0.010892774618103807, 0.04161773298264607, 0.1703732977975702, 0.17028173723274104, 0.1646737918526558, 0.10007339156680002, 0.48530042608842505, 0.49225099080081514, 0.5239246964312896, 0.21971818375872906, 0.13079511285016893, 0.020373608584716547, 0.20161234387864288, 0.023858294224442095, 0.03948741079751707, 0.38744587163981165, 0.41224654903193525, 0.3410210649649814, 0.0062267412587453524, 0.17079651748563296, 0.0026055287598809335, 0.0026055287598809335, 0.04245372229883897, 0.008726397888022477, 0.24030897974088633, 0.16756595061113774, 0.08623324357134436, 0.21817895511245394, 0.02464854680712205, 0.016252175297764817, 0.17731951861828624, 0.0609745497481747, 0.025759476408168024, 0.024215386493367238, 0.02155543865604167, 0.04100748616865719, 0.01487871526662748, 0.5906750428148904, 0.11051910529622613],