{"Total Initial Vulnerabilities": 617, "Initial Vulns Per OS": {"centos": {"7": 34, "8": 14, "6": 39, "4": 21, "5": 26, "3": 44}, "ubuntu": {"14.04": 31, "10.04": 58, "12.04": 19, "20.04": 9, "18.04": 25, "16.04": 26}, "freebsd": {"12": 31, "8": 36, "13": 17, "10": 4, "11": 26, "9": 7}, "windows": {"8.1": 33, "8": 12, "7": 30, "10": 10, "vista": 16, "xp": 49}}, "Average Initial RoA Per OS": {"centos": {"7": 0.06225759048875374, "8": 0.032655748490176474, "6": 0.04183440833027471, "4": 0.05635835711690428, "5": 0.03187629955421471, "3": 0.06924593285710796}, "ubuntu": {"14.04": 0.05175579321636214, "10.04": 0.03740521006539608, "12.04": 0.059259977506822756, "20.04": 0.03305009311172989, "18.04": 0.034777254112757464, "16.04": 0.07636438682348941}, "freebsd": {"12": 0.038498565408923914, "8": 0.04093330074497624, "13": 0.029139591880651395, "10": 0.11223383247646537, "11": 0.026988814179332153, "9": 0.14413744620245134}, "windows": {"8.1": 0.054485225012517555, "8": 0.017799204344577865, "7": 0.0594925900942935, "10": 0.030029797072868004, "vista": 0.025408341484090068, "xp": 0.06504728664505785}}, "OS Types In Initial Network": {"centos 7": 16, "windows 10": 10, "centos 8": 16, "ubuntu 14.04": 7, "ubuntu 18.04": 17, "ubuntu 10.04": 2, "freebsd 12": 15, "ubuntu 20.04": 11, "windows 8.1": 13, "windows 8": 6, "freebsd 8": 2, "ubuntu 12.04": 5, "windows 7": 12, "freebsd 13": 13, "centos 6": 17, "freebsd 10": 2, "freebsd 11": 10, "centos 5": 7, "windows vista": 3, "ubuntu 16.04": 10, "centos 4": 3, "windows xp": 1, "freebsd 9": 1, "centos 3": 1}, "Initial Hosts Without Vulnerabilities": 45, "Host Compromises": {"record name": "Host Compromises", "x": [91, 216, 4070, 6521, 7070, 7360, 8137, 8822, 9141, 10347, 10798, 12690, 13359, 13552, 18698, 19697, 34047, 41902, 51677, 55694, 57407, 58025, 62982, 63090, 66849, 68194, 69828, 80066, 86993, 88575, 103330, 114388, 124498, 126975, 137527, 179877, 179986, 184438, 195447, 207675, 249118], "y": ["centos 7", "windows 10", "freebsd 8", "windows 7", "windows 8", "freebsd 12", "windows 8.1", "windows 8.1", "centos 6", "ubuntu 16.04", "ubuntu 20.04", "ubuntu 18.04", "centos 7", "ubuntu 12.04", "ubuntu 18.04", "centos 6", "centos 6", "ubuntu 12.04", "windows 7", "centos 5", "freebsd 12", "centos 5", "centos 8", "centos 7", "centos 5", "windows 10", "windows 7", "freebsd 11", "windows 8.1", "freebsd 13", "freebsd 11", "centos 7", "centos 3", "ubuntu 18.04", "freebsd 12", "windows 8", "freebsd 11", "centos 6", "centos 7", "freebsd 13", "ubuntu 18.04"], "cumulative y": [0, 1, 2, 3, 4, 5, 6, 7, 8, 9, 10, 11, 12, 13, 14, 15, 16, 17, 18, 19, 20, 21, 22, 23, 24, 25, 26, 27, 28, 29, 30, 31, 32, 33, 34, 35, 36, 37, 38, 39, 40], "total events": 41}, "Vuln Compromises": {"record name": "Vuln Compromises", "x": [91, 4070, 6521, 7070, 8137, 8822, 9141, 10798, 13552, 18698, 34047, 51677, 55694, 57407, 63090, 66849, 69828, 86993, 103330, 114388, 124498, 126975, 137527, 184438, 195447, 249118], "y": ["centos 7", "freebsd 8", "windows 7", "windows 8", "windows 8.1", "windows 8.1", "centos 6", "ubuntu 20.04", "ubuntu 12.04", "ubuntu 18.04", "centos 6", "windows 7", "centos 5", "freebsd 12", "centos 7", "centos 5", "windows 7", "windows 8.1", "freebsd 11", "centos 7", "centos 3", "ubuntu 18.04", "freebsd 12", "centos 6", "centos 7", "ubuntu 18.04"], "cumulative y": [0, 1, 2, 3, 4, 5, 6, 7, 8, 9, 10, 11, 12, 13, 14, 15, 16, 17, 18, 19, 20, 21, 22, 23, 24, 25], "total events": 26}, "Reuse Password Compromises": {"record name": "Reuse Password Compromises", "x": [216, 7360, 10347, 12690, 13359, 19697, 58025, 62982, 68194, 80066, 179986], "y": ["windows 10", "freebsd 12", "ubuntu 16.04", "ubuntu 18.04", "centos 7", "centos 6", "centos 5", "centos 8", "windows 10", "freebsd 11", "freebsd 11"], "cumulative y": [0, 1, 2, 3, 4, 5, 6, 7, 8, 9, 10], "total events": 11}, "Password Spray Compromises": {"record name": "Password Spray Compromises", "x": [41902, 88575, 179877, 207675], "y": ["ubuntu 12.04", "freebsd 13", "windows 8", "freebsd 13"], "cumulative y": [0, 1, 2, 3], "total events": 4}, "User Account Leaks": {"record name": "User Account Has Been Leaked By Compromise", "x": [91, 91, 91, 216, 216, 4070, 4070, 6521, 6521, 6521, 7070, 7070, 7360, 7360, 8137, 8137, 8822, 8822, 8822, 9141, 10347, 10798, 12690, 12690, 13359, 13552, 13552, 18698, 18698, 18698, 19697, 51677, 51677, 55694, 55694, 57407, 57407, 57407, 62982, 63090, 63090, 63090, 68194, 69828, 69828, 114388, 124498, 124498, 126975, 179877, 179986, 184438, 195447], "y": ["Jasmine", "Darell", "Gertrudis", "Marcelline", "Joete", "Estrella", "Cinderella", "Essa", "Athena", "Joni", "Winifred", "Chloe", "Batsheva", "Arabelle", "Rosemonde", "Sonni", "Kristy", "Timothea", "Mada", "Dani", "Roseline", "Dee Dee", "Pavia", "Lorri", "Saidee", "Shelagh", "Reba", "Federica", "Mab", "Ethelin", "Roxane", "Nessie", "Faina", "Janet", "Annora", "Rosana", "Goldarina", "Madelina", "Fredra", "Leda", "Koral", "Leandra", "Lesya", "Ddene", "Kerrie", "Mira", "Lilllie", "Roselin", "Korella", "Brooks", "Daffi", "Carlin", "Christine"], "cumulative y": [0, 1, 2, 3, 4, 5, 6, 7, 8, 9, 10, 11, 12, 13, 14, 15, 16, 17, 18, 19, 20, 21, 22, 23, 24, 25, 26, 27, 28, 29, 30, 31, 32, 33, 34, 35, 36, 37, 38, 39, 40, 41, 42, 43, 44, 45, 46, 47, 48, 49, 50, 51, 52], "total events": 53}, "Vulnerabilities Exploited": {"record name": "Vulnerabilities Exploited", "x": [91, 183, 488, 775, 775, 775, 775, 1845, 1845, 1845, 1845, 1845, 1845, 1845, 1845, 1845, 1845, 1845, 1845, 1845, 1845, 2125, 2125, 2125, 2426, 2426, 2743, 2902, 4070, 4070, 4070, 4070, 4070, 4070, 4070, 4070, 4311, 4893, 4893, 5168, 5865, 6521, 6521, 7070, 7253, 7586, 7814, 8822, 9141, 11044, 11292, 13552, 13552, 13552, 14852, 14852, 15077, 18312, 19197, 19197, 19814, 21664, 23490, 23865, 23865, 23865, 25287, 27516, 27844, 31489, 33787, 34047, 36524, 42495, 44346, 46223, 46704, 49028, 51433, 56382, 64381, 66849, 70286, 72151, 72829, 72829, 77571, 79757, 85684, 85684, 101860, 105523, 124498, 124498, 124498, 124498, 124498, 124498, 124498, 128149, 164718, 240767], "cumulative exploited vulns": [0, 1, 2, 3, 4, 5, 6, 7, 8, 9, 10, 11, 12, 13, 14, 15, 16, 17, 18, 19, 20, 21, 22, 23, 24, 25, 26, 27, 28, 29, 30, 31, 32, 33, 34, 35, 36, 37, 38, 39, 40, 41, 42, 43, 44, 45, 46, 47, 48, 49, 50, 51, 52, 53, 54, 55, 56, 57, 58, 59, 60, 61, 62, 63, 64, 65, 66, 67, 68, 69, 70, 71, 72, 73, 74, 75, 76, 77, 78, 79, 80, 81, 82, 83, 84, 85, 86, 87, 88, 89, 90, 91, 92, 93, 94, 95, 96, 97, 98, 99, 100, 101],