{"Total Initial Vulnerabilities": 563, "Initial Vulns Per OS": {"ubuntu": {"12.04": 19, "18.04": 20, "16.04": 29, "14.04": 26, "20.04": 2, "10.04": 23}, "freebsd": {"10": 56, "12": 19, "8": 7, "13": 5, "11": 9, "9": 31}, "centos": {"7": 21, "3": 78, "5": 29, "6": 16, "8": 6, "4": 15}, "windows": {"8.1": 19, "8": 25, "7": 36, "xp": 58, "10": 4, "vista": 10}}, "Average Initial RoA Per OS": {"ubuntu": {"12.04": 0.07791364032268733, "18.04": 0.08315788587650902, "16.04": 0.08248112706140215, "14.04": 0.024788008213209124, "20.04": 0.0006400939160680924, "10.04": 0.06349906490584276}, "freebsd": {"10": 0.04783815060179856, "12": 0.09920322645427829, "8": 0.014774746322789693, "13": 0.018443471946241623, "11": 0.06452637336125278, "9": 0.04961305203667033}, "centos": {"7": 0.08429252376426918, "3": 0.07989039744984185, "5": 0.04595040297490981, "6": 0.1493656413175074, "8": 0.06416075706651993, "4": 0.06871379176659724}, "windows": {"8.1": 0.05469851019548866, "8": 0.06487816128196569, "7": 0.06774475930631418, "xp": 0.06172243742018353, "10": 0.14295337180622342, "vista": 0.044695510461863666}}, "OS Types In Initial Network": {"ubuntu 12.04": 4, "freebsd 10": 12, "centos 8": 15, "centos 6": 8, "centos 7": 14, "ubuntu 18.04": 14, "centos 3": 5, "windows 10": 9, "windows 8.1": 13, "windows 8": 9, "windows 7": 7, "ubuntu 16.04": 10, "centos 5": 9, "ubuntu 14.04": 9, "windows vista": 3, "ubuntu 20.04": 18, "freebsd 12": 13, "windows xp": 4, "freebsd 13": 8, "freebsd 8": 1, "centos 4": 2, "freebsd 11": 5, "ubuntu 10.04": 2, "freebsd 9": 6}, "Initial Hosts Without Vulnerabilities": 58, "Host Compromises": {"record name": "Host Compromises", "x": [1550, 2620, 2757, 3490, 4027, 4703, 5251, 7608, 9256, 10215, 12183, 20487, 29351, 35317, 41435, 43000, 53688, 69270, 74668, 79532, 112172, 118548, 124058, 124269, 138489, 153366, 166334, 171627, 185580, 190423, 198354, 237705, 245388, 246515], "y": ["windows 8.1", "windows 7", "freebsd 13", "windows 8.1", "freebsd 12", "centos 3", "freebsd 11", "freebsd 10", "centos 5", "windows xp", "ubuntu 18.04", "centos 3", "freebsd 8", "ubuntu 12.04", "ubuntu 18.04", "centos 7", "freebsd 12", "windows 8.1", "ubuntu 16.04", "ubuntu 16.04", "centos 8", "ubuntu 16.04", "freebsd 10", "windows 8.1", "centos 7", "windows xp", "freebsd 13", "freebsd 10", "centos 5", "ubuntu 14.04", "ubuntu 18.04", "centos 7", "ubuntu 14.04", "freebsd 13"], "cumulative y": [0, 1, 2, 3, 4, 5, 6, 7, 8, 9, 10, 11, 12, 13, 14, 15, 16, 17, 18, 19, 20, 21, 22, 23, 24, 25, 26, 27, 28, 29, 30, 31, 32, 33], "total events": 34}, "Vuln Compromises": {"record name": "Vuln Compromises", "x": [1550, 2620, 2757, 3490, 4027, 4703, 5251, 7608, 9256, 10215, 12183, 20487, 29351, 35317, 41435, 43000, 53688, 69270, 74668, 124058, 124269, 138489, 153366, 171627, 185580, 198354, 245388], "y": ["windows 8.1", "windows 7", "freebsd 13", "windows 8.1", "freebsd 12", "centos 3", "freebsd 11", "freebsd 10", "centos 5", "windows xp", "ubuntu 18.04", "centos 3", "freebsd 8", "ubuntu 12.04", "ubuntu 18.04", "centos 7", "freebsd 12", "windows 8.1", "ubuntu 16.04", "freebsd 10", "windows 8.1", "centos 7", "windows xp", "freebsd 10", "centos 5", "ubuntu 18.04", "ubuntu 14.04"], "cumulative y": [0, 1, 2, 3, 4, 5, 6, 7, 8, 9, 10, 11, 12, 13, 14, 15, 16, 17, 18, 19, 20, 21, 22, 23, 24, 25, 26], "total events": 27}, "Reuse Password Compromises": {"record name": "Reuse Password Compromises", "x": [190423, 246515], "y": ["ubuntu 14.04", "freebsd 13"], "cumulative y": [0, 1], "total events": 2}, "Password Spray Compromises": {"record name": "Password Spray Compromises", "x": [79532, 112172, 118548, 166334, 237705], "y": ["ubuntu 16.04", "centos 8", "ubuntu 16.04", "freebsd 13", "centos 7"], "cumulative y": [0, 1, 2, 3, 4], "total events": 5}, "User Account Leaks": {"record name": "User Account Has Been Leaked By Compromise", "x": [1550, 1550, 1550, 2620, 2620, 2620, 2757, 2757, 3490, 3490, 3490, 4027, 4703, 4703, 5251, 5251, 5251, 7608, 7608, 7608, 9256, 9256, 9256, 10215, 10215, 10215, 12183, 20487, 20487, 20487, 29351, 29351, 35317, 41435, 41435, 43000, 53688, 53688, 53688, 69270, 118548, 124058, 124058, 124269, 166334, 171627, 185580, 198354, 246515], "y": ["Jourdan", "Dulcine", "Lindsey", "Kym", "Aprilette", "Lynette", "Anette", "Ainsley", "Alfie", "Linnea", "Callida", "Stephana", "Fern", "Harli", "Charissa", "Clarisse", "Margy", "Peta", "Crystie", "Lynnette", "Jania", "Neile", "Gaby", "Pauli", "Bernete", "Cheryl", "Virgina", "Alix", "Ryann", "Maryjane", "Juliette", "Meridel", "Madel", "Cristabel", "Edie", "Minette", "Friederike", "Brunhilda", "Noelle", "Opaline", "Rhea", "Grata", "Camila", "Euphemia", "Julianna", "Ann", "Elyse", "Timi", "Eleanore"], "cumulative y": [0, 1, 2, 3, 4, 5, 6, 7, 8, 9, 10, 11, 12, 13, 14, 15, 16, 17, 18, 19, 20, 21, 22, 23, 24, 25, 26, 27, 28, 29, 30, 31, 32, 33, 34, 35, 36, 37, 38, 39, 40, 41, 42, 43, 44, 45, 46, 47, 48], "total events": 49}, "Vulnerabilities Exploited": {"record name": "Vulnerabilities Exploited", "x": [392, 974, 974, 974, 974, 974, 974, 974, 974, 1550, 1796, 1796, 2269, 2269, 2269, 2269, 2269, 2476, 2533, 2620, 3413, 3583, 3702, 4703, 4703, 4703, 5251, 6221, 6221, 6488, 7608, 7608, 7608, 7608, 7608, 7755, 7755, 8635, 8635, 8635, 9552, 9552, 10215, 10215, 10215, 13814, 17627, 18547, 20487, 20487, 20487, 20487, 20487, 20487, 20487, 20487, 20487, 20487, 21018, 21719, 21719, 21719, 25760, 29351, 29351, 35317, 39344, 41435, 42289, 45265, 45265, 59569, 69270, 69663, 74668, 74668, 84650, 102190, 107116, 111430, 121143, 130221, 151014, 151931, 153366, 153366, 168972, 180959, 181335, 181335, 186616, 194664, 194664, 208282, 210687, 210687, 218941, 218941, 218941, 222898, 222898, 236069, 239732, 239732, 245388], "cumulative exploited vulns": [0, 1, 2, 3, 4, 5, 6, 7, 8, 9, 10, 11, 12, 13, 14, 15, 16, 17, 18, 19, 20, 21, 22, 23, 24, 25, 26, 27, 28, 29, 30, 31, 32, 33, 34, 35, 36, 37, 38, 39, 40, 41, 42, 43, 44, 45, 46, 47, 48, 49, 50, 51, 52, 53, 54, 55, 56, 57, 58, 59, 60, 61, 62, 63, 64, 65, 66, 67, 68, 69, 70, 71, 72, 73, 74, 75, 76, 77, 78, 79, 80, 81, 82, 83, 84, 85, 86, 87, 88, 89, 90, 91, 92, 93, 94, 95, 96, 97, 98, 99, 100, 101, 102, 103, 104],