{"Total Initial Vulnerabilities": 726, "Initial Vulns Per OS": {"freebsd": {"8": 126, "13": 18, "9": 30, "12": 9, "11": 11, "10": 21}, "windows": {"vista": 24, "7": 21, "8.1": 24, "8": 25, "10": 16, "xp": 20}, "ubuntu": {"12.04": 29, "20.04": 10, "16.04": 29, "18.04": 26, "14.04": 16, "10.04": 38}, "centos": {"8": 12, "6": 27, "7": 22, "3": 126, "5": 10, "4": 36}}, "Average Initial RoA Per OS": {"freebsd": {"8": 0.06892550016511963, "13": 0.031081103440010614, "9": 0.11591210838955385, "12": 0.0946212170908848, "11": 0.06441967464057258, "10": 0.08832965264614445}, "windows": {"vista": 0.07664552666549847, "7": 0.06373642982416979, "8.1": 0.07907568797720006, "8": 0.09223037690497185, "10": 0.09087841081182935, "xp": 0.052755302453250816}, "ubuntu": {"12.04": 0.09269473217021801, "20.04": 0.014609801024036731, "16.04": 0.06962254729164619, "18.04": 0.04348622069898941, "14.04": 0.060294559492765985, "10.04": 0.03995642725161054}, "centos": {"8": 0.012167167551937206, "6": 0.08463317672685221, "7": 0.05761535193205085, "3": 0.07362941238779645, "5": 0.1086303180074848, "4": 0.04753737904660235}}, "OS Types In Initial Network": {"freebsd 8": 5, "centos 8": 13, "windows vista": 5, "freebsd 13": 13, "windows 7": 7, "ubuntu 12.04": 4, "freebsd 9": 6, "windows 8.1": 13, "ubuntu 20.04": 16, "centos 6": 11, "centos 7": 13, "windows 10": 14, "windows 8": 8, "freebsd 12": 9, "ubuntu 16.04": 9, "freebsd 11": 7, "ubuntu 18.04": 17, "centos 3": 3, "centos 5": 4, "centos 4": 5, "freebsd 10": 8, "ubuntu 14.04": 6, "windows xp": 1, "ubuntu 10.04": 3}, "Initial Hosts Without Vulnerabilities": 47, "Host Compromises": {"record name": "Host Compromises", "x": [738, 851, 4623, 10023, 10503, 11609, 11879, 12379, 13395, 14623, 20400, 21329, 21388, 23666, 24200, 24540, 25935, 26016, 27523, 28330, 28423, 28836, 31021, 44539, 44625, 45283, 45641, 109634, 109732, 146167, 146261, 156611, 156715, 159120, 170993, 227873, 249631], "y": ["freebsd 8", "windows vista", "freebsd 8", "centos 3", "windows vista", "centos 5", "centos 5", "windows 7", "ubuntu 14.04", "centos 6", "windows 8.1", "centos 7", "freebsd 13", "freebsd 13", "windows 10", "windows 8.1", "freebsd 8", "ubuntu 18.04", "windows 10", "centos 6", "freebsd 9", "windows vista", "windows 10", "centos 6", "freebsd 11", "ubuntu 14.04", "ubuntu 14.04", "ubuntu 16.04", "centos 4", "ubuntu 18.04", "freebsd 11", "centos 5", "freebsd 9", "windows 8.1", "centos 7", "ubuntu 20.04", "freebsd 12"], "cumulative y": [0, 1, 2, 3, 4, 5, 6, 7, 8, 9, 10, 11, 12, 13, 14, 15, 16, 17, 18, 19, 20, 21, 22, 23, 24, 25, 26, 27, 28, 29, 30, 31, 32, 33, 34, 35, 36], "total events": 37}, "Vuln Compromises": {"record name": "Vuln Compromises", "x": [738, 851, 4623, 10023, 10503, 11609, 11879, 12379, 21329, 24200, 25935, 28836, 31021, 45283, 146167, 156611, 156715], "y": ["freebsd 8", "windows vista", "freebsd 8", "centos 3", "windows vista", "centos 5", "centos 5", "windows 7", "centos 7", "windows 10", "freebsd 8", "windows vista", "windows 10", "ubuntu 14.04", "ubuntu 18.04", "centos 5", "freebsd 9"], "cumulative y": [0, 1, 2, 3, 4, 5, 6, 7, 8, 9, 10, 11, 12, 13, 14, 15, 16], "total events": 17}, "Reuse Password Compromises": {"record name": "Reuse Password Compromises", "x": [13395, 14623, 20400, 21388, 23666, 24540, 26016, 27523, 28330, 28423, 44625, 45641, 109732, 146261, 159120, 249631], "y": ["ubuntu 14.04", "centos 6", "windows 8.1", "freebsd 13", "freebsd 13", "windows 8.1", "ubuntu 18.04", "windows 10", "centos 6", "freebsd 9", "freebsd 11", "ubuntu 14.04", "centos 4", "freebsd 11", "windows 8.1", "freebsd 12"], "cumulative y": [0, 1, 2, 3, 4, 5, 6, 7, 8, 9, 10, 11, 12, 13, 14, 15], "total events": 16}, "Password Spray Compromises": {"record name": "Password Spray Compromises", "x": [44539, 109634, 170993, 227873], "y": ["centos 6", "ubuntu 16.04", "centos 7", "ubuntu 20.04"], "cumulative y": [0, 1, 2, 3], "total events": 4}, "User Account Leaks": {"record name": "User Account Has Been Leaked By Compromise", "x": [738, 738, 738, 851, 851, 851, 4623, 4623, 4623, 10023, 10023, 10023, 10503, 10503, 11609, 11609, 11609, 11879, 11879, 11879, 12379, 12379, 12379, 13395, 14623, 20400, 21329, 21329, 21388, 23666, 24200, 24200, 25935, 26016, 28330, 28423, 28423, 31021, 31021, 44625, 45641, 109634, 109634, 109732, 156611, 156715, 159120, 170993, 227873], "y": ["Jean", "Helaina", "Kameko", "Codi", "Oliy", "Edi", "Evangeline", "Tawsha", "Mureil", "Andree", "Inger", "Antonia", "Phillie", "Lorinda", "Bernita", "Leah", "Claudette", "Helli", "Joyann", "Emmaline", "Shandeigh", "Molli", "Lin", "Minette", "Channa", "Theresina", "Holly", "Ardith", "Hyacintha", "Estel", "Lizbeth", "Grissel", "Cindra", "Brena", "Alikee", "Elna", "Jerrie", "Tracey", "Gwendolin", "Zarla", "Almira", "Marlena", "Viola", "Anni", "Eliza", "Sari", "Leelah", "Sondra", "Siusan"], "cumulative y": [0, 1, 2, 3, 4, 5, 6, 7, 8, 9, 10, 11, 12, 13, 14, 15, 16, 17, 18, 19, 20, 21, 22, 23, 24, 25, 26, 27, 28, 29, 30, 31, 32, 33, 34, 35, 36, 37, 38, 39, 40, 41, 42, 43, 44, 45, 46, 47, 48], "total events": 49}, "Vulnerabilities Exploited": {"record name": "Vulnerabilities Exploited", "x": [738, 738, 738, 738, 738, 738, 738, 738, 738, 851, 851, 1253, 1932, 1932, 1932, 1932, 1932, 1932, 1932, 1932, 1932, 2257, 2257, 2533, 2533, 2533, 2533, 2636, 2636, 2704, 2811, 3071, 4623, 4623, 4623, 4623, 4623, 4623, 4623, 4623, 4623, 4623, 4623, 5838, 5838, 5970, 6200, 6556, 6556, 7005, 8063, 8063, 8063, 8063, 8063, 8063, 8063, 8063, 8063, 8063, 8063, 8063, 8063, 8063, 8063, 8063, 8364, 8364, 10023, 10023, 10023, 10023, 10023, 10023, 10023, 10023, 10023, 10023, 10023, 10023, 10023, 10023, 10023, 10023, 10023, 10023, 10503, 10503, 10503, 10671, 10671, 11196, 11196, 11196, 11609, 11879, 11879, 12202, 12202, 12379, 12379, 14715, 16509, 16509, 16509, 16509, 16921, 17141, 20210, 20210, 21329, 24200, 25935, 25935, 25935, 25935, 25935, 25935, 25935, 28905, 31132, 31760, 33414, 34694, 38746, 38746, 44054, 45283, 48264, 54172, 54492, 63124, 73134, 75014, 108827, 110153, 113267, 138276, 140909, 146167, 156611, 156715, 158452, 158819, 158819, 159655, 175834], "cumulative exploited vulns": [0, 1, 2, 3, 4, 5, 6, 7, 8, 9, 10, 11, 12, 13, 14, 15, 16, 17, 18, 19, 20, 21, 22, 23, 24, 25, 26, 27, 28, 29, 30, 31, 32, 33, 34, 35, 36, 37, 38, 39, 40, 41, 42, 43, 44, 45, 46, 47, 48, 49, 50, 51, 52, 53, 54, 55, 56, 57, 58, 59, 60, 61, 62, 63, 64, 65, 66, 67, 68, 69, 70, 71, 72, 73, 74, 75, 76, 77, 78, 79, 80, 81, 82, 83, 84, 85, 86, 87, 88, 89, 90, 91, 92, 93, 94, 95, 96, 97, 98, 99, 100, 101, 102, 103, 104, 105, 106, 107, 108, 109, 110, 111, 112, 113, 114, 115, 116, 117, 118, 119, 120, 121, 122, 123, 124, 125, 126, 127, 128, 129, 130, 131, 132, 133, 134, 135, 136, 137, 138, 139, 140, 141, 142, 143, 144, 145, 146],