{"Total Initial Vulnerabilities": 779, "Initial Vulns Per OS": {"windows": {"7": 49, "vista": 22, "8.1": 28, "10": 8, "8": 29, "xp": 36}, "freebsd": {"11": 31, "10": 31, "9": 27, "12": 35, "8": 126, "13": 6}, "centos": {"8": 9, "7": 30, "4": 29, "5": 22, "6": 30, "3": 29}, "ubuntu": {"14.04": 15, "20.04": 16, "18.04": 34, "10.04": 66, "12.04": 46, "16.04": 25}}, "Average Initial RoA Per OS": {"windows": {"7": 0.059024112784524047, "vista": 0.036167352905973164, "8.1": 0.04494545810676305, "10": 0.017032998295212928, "8": 0.03139566627813721, "xp": 0.07625095656604336}, "freebsd": {"11": 0.07402327143828838, "10": 0.0398347737511705, "9": 0.042986982782895915, "12": 0.07092291436066439, "8": 0.06234399063536098, "13": 0.0340586364530562}, "centos": {"8": 0.07945223358028032, "7": 0.06887300560113094, "4": 0.04791001333907572, "5": 0.024921766864350662, "6": 0.06582095650111978, "3": 0.03482807858426636}, "ubuntu": {"14.04": 0.10686033481733961, "20.04": 0.10672240775288956, "18.04": 0.04742149788633283, "10.04": 0.061702731692663285, "12.04": 0.04816380099751467, "16.04": 0.04677132313102412}}, "OS Types In Initial Network": {"windows 7": 9, "centos 8": 17, "freebsd 11": 10, "freebsd 10": 5, "ubuntu 14.04": 4, "centos 7": 17, "ubuntu 20.04": 15, "windows vista": 5, "ubuntu 18.04": 13, "freebsd 9": 6, "windows 8": 8, "freebsd 12": 15, "centos 4": 5, "freebsd 8": 4, "windows 8.1": 10, "ubuntu 10.04": 2, "ubuntu 12.04": 9, "centos 5": 4, "ubuntu 16.04": 11, "freebsd 13": 10, "windows 10": 10, "centos 6": 8, "centos 3": 2, "windows xp": 1}, "Initial Hosts Without Vulnerabilities": 44, "Host Compromises": {"record name": "Host Compromises", "x": [2091, 6707, 6953, 8099, 8444, 9294, 9977, 13538, 13895, 19003, 20979, 21252, 22439, 27684, 33945, 36405, 37646, 46205, 46597, 48164, 51405, 52252, 55630, 122878, 124781, 126862, 143694, 155683, 184107, 245496], "y": ["freebsd 9", "ubuntu 12.04", "centos 5", "freebsd 8", "freebsd 10", "windows 7", "freebsd 12", "freebsd 11", "freebsd 10", "freebsd 8", "ubuntu 10.04", "freebsd 9", "ubuntu 12.04", "ubuntu 14.04", "centos 4", "centos 3", "freebsd 12", "centos 3", "freebsd 11", "windows 8.1", "ubuntu 18.04", "centos 8", "windows 8", "ubuntu 12.04", "windows xp", "ubuntu 16.04", "freebsd 11", "ubuntu 14.04", "centos 8", "centos 7"], "cumulative y": [0, 1, 2, 3, 4, 5, 6, 7, 8, 9, 10, 11, 12, 13, 14, 15, 16, 17, 18, 19, 20, 21, 22, 23, 24, 25, 26, 27, 28, 29], "total events": 30}, "Vuln Compromises": {"record name": "Vuln Compromises", "x": [2091, 6707, 6953, 8099, 8444, 9294, 9977, 13538, 13895, 19003, 20979, 21252, 22439, 27684, 33945, 36405, 37646, 46205, 46597, 48164, 55630, 122878, 124781, 126862, 155683], "y": ["freebsd 9", "ubuntu 12.04", "centos 5", "freebsd 8", "freebsd 10", "windows 7", "freebsd 12", "freebsd 11", "freebsd 10", "freebsd 8", "ubuntu 10.04", "freebsd 9", "ubuntu 12.04", "ubuntu 14.04", "centos 4", "centos 3", "freebsd 12", "centos 3", "freebsd 11", "windows 8.1", "windows 8", "ubuntu 12.04", "windows xp", "ubuntu 16.04", "ubuntu 14.04"], "cumulative y": [0, 1, 2, 3, 4, 5, 6, 7, 8, 9, 10, 11, 12, 13, 14, 15, 16, 17, 18, 19, 20, 21, 22, 23, 24], "total events": 25}, "Reuse Password Compromises": {"record name": "Reuse Password Compromises", "x": [51405, 52252], "y": ["ubuntu 18.04", "centos 8"], "cumulative y": [0, 1], "total events": 2}, "Password Spray Compromises": {"record name": "Password Spray Compromises", "x": [143694, 184107, 245496], "y": ["freebsd 11", "centos 8", "centos 7"], "cumulative y": [0, 1, 2], "total events": 3}, "User Account Leaks": {"record name": "User Account Has Been Leaked By Compromise", "x": [2091, 2091, 2091, 6707, 6707, 6707, 6953, 6953, 8099, 8099, 8099, 8444, 8444, 8444, 9294, 9977, 9977, 9977, 13538, 13538, 13538, 13895, 13895, 19003, 20979, 20979, 20979, 21252, 21252, 22439, 27684, 27684, 27684, 33945, 33945, 36405, 37646, 46205, 46205, 46597, 48164, 48164, 55630, 55630, 55630, 124781, 126862, 126862, 155683], "y": ["Ange", "Yoko", "Anabelle", "Kamila", "Jaclyn", "Darb", "Bonnee", "Gertie", "Willi", "Fanni", "Loree", "Laural", "Gertrud", "Tessie", "Mildred", "Pavla", "Janifer", "Maribel", "Roby", "Heida", "Danica", "Shelly", "Lucila", "Aimee", "Mona", "Taryn", "Juliane", "Darlleen", "Millicent", "Godiva", "Jolynn", "Corella", "Janna", "Esta", "Ernaline", "Corliss", "Nichole", "Trixi", "Orelle", "Pippa", "Dorry", "Natasha", "Lonna", "Aeriela", "Renae", "Milena", "Shir", "Lelah", "Frances"], "cumulative y": [0, 1, 2, 3, 4, 5, 6, 7, 8, 9, 10, 11, 12, 13, 14, 15, 16, 17, 18, 19, 20, 21, 22, 23, 24, 25, 26, 27, 28, 29, 30, 31, 32, 33, 34, 35, 36, 37, 38, 39, 40, 41, 42, 43, 44, 45, 46, 47, 48], "total events": 49}, "Vulnerabilities Exploited": {"record name": "Vulnerabilities Exploited", "x": [217, 399, 399, 900, 900, 952, 1075, 1075, 1075, 1075, 1427, 1427, 1901, 2091, 2091, 2256, 2256, 2696, 3066, 3066, 3066, 3121, 5130, 5130, 5130, 5130, 5130, 5130, 5130, 5130, 5130, 5130, 5130, 5130, 5130, 5482, 5482, 6388, 6388, 6388, 6388, 6388, 6446, 6547, 6547, 6547, 6953, 6953, 6953, 7491, 8099, 8099, 8099, 8099, 8099, 8678, 8678, 9294, 9977, 10556, 12193, 12649, 12997, 13538, 14142, 15376, 15594, 16376, 16376, 19003, 19003, 19003, 19003, 19003, 19535, 20979, 20979, 20979, 20979, 21252, 22201, 22439, 23124, 23124, 24112, 24112, 24112, 24112, 28956, 28956, 29670, 33945, 34036, 34618, 34618, 35556, 35556, 36405, 36405, 36405, 36405, 36405, 37646, 38189, 38189, 42995, 46205, 46205, 46205, 46205, 46597, 50832, 50832, 52366, 53572, 53572, 53572, 53572, 53572, 53572, 53572, 53572, 53572, 53572, 53572, 53572, 53572, 53572, 55630, 55806, 57240, 57240, 59551, 59876, 82325, 95568, 95568, 110185, 111318, 111318, 112021, 119673, 122878, 122878, 124781, 124781, 124781, 124781, 124781, 124781, 124781, 124781, 124781, 124781, 126862, 126862, 135748, 146899, 146899, 146899, 155683, 163640, 226514], "cumulative exploited vulns": [0, 1, 2, 3, 4, 5, 6, 7, 8, 9, 10, 11, 12, 13, 14, 15, 16, 17, 18, 19, 20, 21, 22, 23, 24, 25, 26, 27, 28, 29, 30, 31, 32, 33, 34, 35, 36, 37, 38, 39, 40, 41, 42, 43, 44, 45, 46, 47, 48, 49, 50, 51, 52, 53, 54, 55, 56, 57, 58, 59, 60, 61, 62, 63, 64, 65, 66, 67, 68, 69, 70, 71, 72, 73, 74, 75, 76, 77, 78, 79, 80, 81, 82, 83, 84, 85, 86, 87, 88, 89, 90, 91, 92, 93, 94, 95, 96, 97, 98, 99, 100, 101, 102, 103, 104, 105, 106, 107, 108, 109, 110, 111, 112, 113, 114, 115, 116, 117, 118, 119, 120, 121, 122, 123, 124, 125, 126, 127, 128, 129, 130, 131, 132, 133, 134, 135, 136, 137, 138, 139, 140, 141, 142, 143, 144, 145, 146, 147, 148, 149, 150, 151, 152, 153, 154, 155, 156, 157, 158, 159, 160, 161, 162],