{"Total Initial Vulnerabilities": 688, "Initial Vulns Per OS": {"ubuntu": {"14.04": 51, "20.04": 7, "16.04": 27, "18.04": 48, "12.04": 14, "10.04": 48}, "windows": {"8.1": 18, "7": 32, "8": 13, "10": 7, "vista": 6, "xp": 23}, "freebsd": {"9": 18, "11": 43, "12": 30, "13": 9, "10": 37, "8": 64}, "centos": {"4": 34, "5": 31, "8": 13, "6": 26, "7": 19, "3": 70}}, "Average Initial RoA Per OS": {"ubuntu": {"14.04": 0.02562531299876273, "20.04": 0.06394208819089282, "16.04": 0.07386359196457516, "18.04": 0.03255859054848292, "12.04": 0.05821049908852557, "10.04": 0.030849890739897273}, "windows": {"8.1": 0.026194933680820636, "7": 0.05601417803163869, "8": 0.08697619961431927, "10": 0.016435155894596928, "vista": 0.10893656793547135, "xp": 0.07601156677351746}, "freebsd": {"9": 0.0706243589619625, "11": 0.022300751785067807, "12": 0.03671644867618097, "13": 0.09806787104349102, "10": 0.04874129451695405, "8": 0.048958141222851706}, "centos": {"4": 0.05366132124600255, "5": 0.0359166066480962, "8": 0.09120683936879484, "6": 0.04577899381333386, "7": 0.013949833573502152, "3": 0.05868045970751392}}, "OS Types In Initial Network": {"centos 7": 10, "ubuntu 14.04": 9, "windows 8.1": 11, "centos 8": 13, "freebsd 9": 5, "ubuntu 20.04": 14, "freebsd 11": 14, "centos 4": 3, "windows 10": 13, "centos 5": 7, "ubuntu 16.04": 12, "windows 7": 6, "freebsd 12": 16, "freebsd 13": 12, "centos 6": 6, "ubuntu 18.04": 17, "windows 8": 7, "ubuntu 12.04": 3, "freebsd 10": 12, "windows vista": 2, "freebsd 8": 2, "ubuntu 10.04": 2, "windows xp": 1, "centos 3": 3}, "Initial Hosts Without Vulnerabilities": 50, "Host Compromises": {"record name": "Host Compromises", "x": [5960, 6380, 7264, 7735, 13447, 14372, 15520, 17407, 21389, 22959, 23781, 26208, 31570, 67417, 80981, 81362, 84953, 168321, 169557, 175134, 177954], "y": ["freebsd 10", "windows 7", "ubuntu 14.04", "freebsd 9", "ubuntu 16.04", "ubuntu 18.04", "ubuntu 20.04", "freebsd 12", "ubuntu 12.04", "ubuntu 18.04", "freebsd 9", "ubuntu 16.04", "freebsd 12", "ubuntu 16.04", "centos 8", "ubuntu 16.04", "freebsd 11", "freebsd 11", "centos 7", "freebsd 9", "centos 5"], "cumulative y": [0, 1, 2, 3, 4, 5, 6, 7, 8, 9, 10, 11, 12, 13, 14, 15, 16, 17, 18, 19, 20], "total events": 21}, "Vuln Compromises": {"record name": "Vuln Compromises", "x": [5960, 6380, 7264, 7735, 13447, 14372, 15520, 17407, 21389, 22959, 31570, 67417, 81362], "y": ["freebsd 10", "windows 7", "ubuntu 14.04", "freebsd 9", "ubuntu 16.04", "ubuntu 18.04", "ubuntu 20.04", "freebsd 12", "ubuntu 12.04", "ubuntu 18.04", "freebsd 12", "ubuntu 16.04", "ubuntu 16.04"], "cumulative y": [0, 1, 2, 3, 4, 5, 6, 7, 8, 9, 10, 11, 12], "total events": 13}, "Reuse Password Compromises": {"record name": "Reuse Password Compromises", "x": [23781, 26208, 175134, 177954], "y": ["freebsd 9", "ubuntu 16.04", "freebsd 9", "centos 5"], "cumulative y": [0, 1, 2, 3], "total events": 4}, "Password Spray Compromises": {"record name": "Password Spray Compromises", "x": [80981, 84953, 168321, 169557], "y": ["centos 8", "freebsd 11", "freebsd 11", "centos 7"], "cumulative y": [0, 1, 2, 3], "total events": 4}, "User Account Leaks": {"record name": "User Account Has Been Leaked By Compromise", "x": [5960, 5960, 5960, 6380, 6380, 6380, 7264, 7264, 7264, 7735, 7735, 7735, 13447, 13447, 14372, 14372, 15520, 15520, 15520, 17407, 17407, 17407, 21389, 21389, 22959, 22959, 22959, 23781, 31570, 31570, 31570, 67417, 81362, 81362, 168321, 168321, 169557, 175134, 175134, 177954], "y": ["Bibby", "Ollie", "Eleonore", "Saree", "Myrtia", "Theo", "Othella", "Alidia", "Ardelle", "Eloise", "Elke", "Minne", "Tisha", "Kylen", "Audry", "Melamie", "Chrystel", "Belva", "Fredelia", "Jaquenetta", "Paige", "Glynda", "Clerissa", "Gracie", "Freddie", "Maryann", "Sabine", "Nissie", "Carolan", "Rosalinde", "Herta", "Dominga", "Nonah", "Ilyssa", "Ailsun", "Sharleen", "Millisent", "Sadie", "Darlene", "Mellie"], "cumulative y": [0, 1, 2, 3, 4, 5, 6, 7, 8, 9, 10, 11, 12, 13, 14, 15, 16, 17, 18, 19, 20, 21, 22, 23, 24, 25, 26, 27, 28, 29, 30, 31, 32, 33, 34, 35, 36, 37, 38, 39], "total events": 40}, "Vulnerabilities Exploited": {"record name": "Vulnerabilities Exploited", "x": [371, 371, 371, 736, 736, 1566, 1566, 1566, 1566, 1566, 1566, 1791, 1791, 2006, 2006, 2065, 2413, 2637, 2637, 2981, 2981, 2981, 2981, 3289, 3432, 3432, 3495, 4283, 4444, 4444, 4753, 5007, 5368, 5490, 5960, 5960, 5960, 5960, 6380, 6380, 6380, 6470, 7735, 7735, 8404, 8404, 9560, 10154, 10500, 10787, 12266, 12266, 13118, 13250, 14200, 14372, 14470, 14470, 14619, 15965, 15965, 17972, 21055, 21389, 22959, 23117, 26414, 26414, 26811, 34954, 45856, 46600, 49075, 59811, 61885, 67417, 81362, 81362, 83543, 83543, 85269, 107240, 189881], "cumulative exploited vulns": [0, 1, 2, 3, 4, 5, 6, 7, 8, 9, 10, 11, 12, 13, 14, 15, 16, 17, 18, 19, 20, 21, 22, 23, 24, 25, 26, 27, 28, 29, 30, 31, 32, 33, 34, 35, 36, 37, 38, 39, 40, 41, 42, 43, 44, 45, 46, 47, 48, 49, 50, 51, 52, 53, 54, 55, 56, 57, 58, 59, 60, 61, 62, 63, 64, 65, 66, 67, 68, 69, 70, 71, 72, 73, 74, 75, 76, 77, 78, 79, 80, 81, 82], "roa": [0.24240113357724682, 0.32312233481494446, 0.09873632559697151, 0.5666463127424354, 0.41378905103253016, 0.5709236990673338, 0.5709236990673338, 0.022764690281460782, 0.17612976878028402, 0.4915456304513496, 0.29760524501027497, 0.33369616570995764, 4.395912950586961e-05, 0.06743955598585348, 0.0493041129382374, 0.31942026706834803, 0.008750409828264777, 0.6046010519409424, 0.01341530180413483, 0.4301445608458289, 0.23559987844895272, 0.2873897050273616, 0.3226498608170167, 0.08532481346893997, 0.6634472694380619, 0.10773659337174597, 0.49473251539831875, 0.0639055649806448, 0.5346043421246902, 0.08167059904313592, 0.4971188296826332, 0.21890456218412094, 0.5868051647448564, 0.3575151920777772, 0.534220113315683, 0.18346378909089925, 0.519594587083162, 0.09187026216479507, 0.13254433468982088, 0.13254433468982088, 0.7218851840648799, 0.3190655168194815, 0.3141725565730689, 0.2549104422283002, 0.5081212814639253, 0.35331153290789485, 0.12050367478945745, 0.1462261190655062, 0.18412474735574752, 0.09627826047203838, 0.05526267380848473, 0.05526267380848473, 0.37890971383439637, 0.4732310714058351, 0.06424127886584935, 0.5360910739910469, 0.921142412020086, 0.07223296203560017, 0.20484072744379955, 0.18069852426196226, 0.10864581348559577, 0.015751228499908145, 0.18888204556774574, 0.3239883034567294, 0.4290688816441605, 0.5176204320047959, 0.8378554517908906, 0.6656525892380516, 0.13414521668002508, 0.32537208248050276, 0.3071350942864183, 0.045380554272425835, 0.10365970030627569, 0.03758459122656786, 0.06594096674773282, 0.18072599210482582, 0.692512836167213, 0.3304296051261194, 0.11224689117660888, 0.062327632402375335, 0.050135259615275374, 0.07598404825983049, 0.35952542265894705],