{"Total Initial Vulnerabilities": 752, "Initial Vulns Per OS": {"centos": {"5": 33, "8": 13, "6": 20, "7": 29, "4": 19, "3": 102}, "windows": {"7": 19, "8.1": 30, "10": 9, "vista": 18, "xp": 82, "8": 17}, "freebsd": {"13": 19, "11": 22, "8": 82, "12": 32, "9": 11, "10": 23}, "ubuntu": {"12.04": 30, "10.04": 45, "20.04": 18, "18.04": 28, "16.04": 24, "14.04": 27}}, "Average Initial RoA Per OS": {"centos": {"5": 0.09736948390633435, "8": 0.06816471574511339, "6": 0.04247865674970859, "7": 0.07051848359417959, "4": 0.05775339571828094, "3": 0.053474475347609476}, "windows": {"7": 0.05738295868402293, "8.1": 0.050480350581174484, "10": 0.19250725886691447, "vista": 0.05082035803725201, "xp": 0.043664212512457556, "8": 0.03896643890009831}, "freebsd": {"13": 0.07142993811110669, "11": 0.03608260993950502, "8": 0.05771582841747943, "12": 0.030470579486769137, "9": 0.02353729191790688, "10": 0.04770940798356388}, "ubuntu": {"12.04": 0.03988597080988126, "10.04": 0.0633627254133793, "20.04": 0.13776604433700057, "18.04": 0.040971237437090226, "16.04": 0.08794211814453774, "14.04": 0.07330792044934392}}, "OS Types In Initial Network": {"centos 5": 8, "centos 8": 18, "windows 7": 9, "freebsd 13": 15, "centos 6": 11, "ubuntu 12.04": 8, "centos 7": 12, "ubuntu 10.04": 2, "freebsd 11": 6, "ubuntu 20.04": 17, "windows 8.1": 10, "ubuntu 18.04": 8, "freebsd 8": 3, "windows 10": 13, "ubuntu 16.04": 9, "freebsd 12": 12, "windows vista": 4, "ubuntu 14.04": 9, "freebsd 9": 2, "freebsd 10": 6, "windows xp": 3, "centos 4": 3, "windows 8": 9, "centos 3": 3}, "Initial Hosts Without Vulnerabilities": 35, "Host Compromises": {"record name": "Host Compromises", "x": [432, 2543, 6341, 10821, 14046, 16269, 21698, 24319, 25390, 41861, 60949, 63920, 66302, 86535, 87561, 90063, 90545, 95820, 102401, 120881, 121258, 125895, 125992, 126078, 126518, 136365, 149027, 177712, 184029, 190103, 217181, 219939, 220082, 220161, 226569], "y": ["centos 5", "ubuntu 10.04", "centos 5", "ubuntu 14.04", "freebsd 11", "freebsd 8", "ubuntu 20.04", "ubuntu 12.04", "windows 8.1", "freebsd 13", "freebsd 10", "windows xp", "centos 7", "windows xp", "ubuntu 16.04", "centos 3", "ubuntu 20.04", "freebsd 12", "windows 8.1", "ubuntu 12.04", "windows 8", "windows 8.1", "freebsd 13", "windows 10", "ubuntu 12.04", "windows 10", "centos 8", "centos 8", "freebsd 11", "ubuntu 16.04", "freebsd 13", "ubuntu 14.04", "centos 5", "windows 10", "freebsd 10"], "cumulative y": [0, 1, 2, 3, 4, 5, 6, 7, 8, 9, 10, 11, 12, 13, 14, 15, 16, 17, 18, 19, 20, 21, 22, 23, 24, 25, 26, 27, 28, 29, 30, 31, 32, 33, 34], "total events": 35}, "Vuln Compromises": {"record name": "Vuln Compromises", "x": [432, 2543, 6341, 10821, 14046, 16269, 24319, 25390, 41861, 60949, 63920, 66302, 86535, 87561, 90063, 95820, 120881, 125895, 126518, 149027, 184029, 217181, 219939, 220082, 220161, 226569], "y": ["centos 5", "ubuntu 10.04", "centos 5", "ubuntu 14.04", "freebsd 11", "freebsd 8", "ubuntu 12.04", "windows 8.1", "freebsd 13", "freebsd 10", "windows xp", "centos 7", "windows xp", "ubuntu 16.04", "centos 3", "freebsd 12", "ubuntu 12.04", "windows 8.1", "ubuntu 12.04", "centos 8", "freebsd 11", "freebsd 13", "ubuntu 14.04", "centos 5", "windows 10", "freebsd 10"], "cumulative y": [0, 1, 2, 3, 4, 5, 6, 7, 8, 9, 10, 11, 12, 13, 14, 15, 16, 17, 18, 19, 20, 21, 22, 23, 24, 25], "total events": 26}, "Reuse Password Compromises": {"record name": "Reuse Password Compromises", "x": [90545, 121258, 125992, 126078, 136365], "y": ["ubuntu 20.04", "windows 8", "freebsd 13", "windows 10", "windows 10"], "cumulative y": [0, 1, 2, 3, 4], "total events": 5}, "Password Spray Compromises": {"record name": "Password Spray Compromises", "x": [21698, 102401, 177712, 190103], "y": ["ubuntu 20.04", "windows 8.1", "centos 8", "ubuntu 16.04"], "cumulative y": [0, 1, 2, 3], "total events": 4}, "User Account Leaks": {"record name": "User Account Has Been Leaked By Compromise", "x": [432, 432, 432, 2543, 2543, 2543, 6341, 6341, 6341, 10821, 10821, 14046, 14046, 14046, 16269, 16269, 21698, 21698, 24319, 25390, 41861, 41861, 41861, 60949, 60949, 60949, 63920, 66302, 66302, 87561, 90063, 90063, 90545, 95820, 95820, 102401, 120881, 120881, 125895, 125992, 126078, 149027, 177712, 184029, 190103, 217181, 217181, 219939, 219939, 220082, 220082], "y": ["Charin", "Camilla", "Margarete", "Deanne", "Brana", "Marje", "Orelle", "Gusty", "Odetta", "Merna", "Marita", "Marti", "Kellia", "Selinda", "Adrienne", "Bridgette", "Andy", "Dulcea", "Mirabel", "Carine", "Shea", "Alessandra", "Neda", "Dosi", "Matty", "Auroora", "Cordey", "Myrle", "Christi", "Kara", "Florie", "Kara-Lynn", "Del", "Phedra", "Angel", "Essie", "Batsheva", "Barby", "Beverley", "Pam", "Susann", "Daryn", "Anica", "Cammi", "Jany", "Joceline", "Lane", "Zenia", "Terrie", "Charleen", "Leah"], "cumulative y": [0, 1, 2, 3, 4, 5, 6, 7, 8, 9, 10, 11, 12, 13, 14, 15, 16, 17, 18, 19, 20, 21, 22, 23, 24, 25, 26, 27, 28, 29, 30, 31, 32, 33, 34, 35, 36, 37, 38, 39, 40, 41, 42, 43, 44, 45, 46, 47, 48, 49, 50], "total events": 51}, "Vulnerabilities Exploited": {"record name": "Vulnerabilities Exploited", "x": [432, 432, 432, 432, 432, 496, 1128, 1128, 1575, 2543, 2543, 2543, 2543, 2543, 2543, 3242, 3785, 5373, 5373, 5373, 5373, 5373, 5373, 5373, 5373, 5373, 5373, 5373, 5373, 5373, 5373, 5373, 5373, 5373, 5373, 5373, 5535, 6019, 6134, 6134, 6134, 6202, 6341, 6341, 6341, 7996, 9263, 9263, 9263, 9263, 9654, 9920, 9920, 13702, 14046, 14046, 14348, 16269, 16269, 16269, 16269, 16269, 16269, 16269, 16269, 16269, 17030, 17579, 18235, 18672, 18672, 19022, 19930, 19930, 19930, 19930, 20714, 24153, 26131, 28376, 28654, 30653, 30653, 30653, 30653, 30653, 30961, 32209, 33469, 35360, 38127, 40163, 40163, 40163, 41861, 51092, 54286, 60949, 63920, 63920, 63920, 63920, 64034, 64034, 66302, 71235, 86535, 87561, 90063, 90063, 90063, 90063, 90063, 90063, 90063, 90063, 90063, 90063, 90063, 95547, 99839, 100814, 100814, 100814, 100814, 111572, 112308, 113407, 120881, 125895, 143229, 149027, 149155, 179601, 179601, 184029, 194953, 204674, 211874, 220082, 225839, 235955, 245426], "cumulative exploited vulns": [0, 1, 2, 3, 4, 5, 6, 7, 8, 9, 10, 11, 12, 13, 14, 15, 16, 17, 18, 19, 20, 21, 22, 23, 24, 25, 26, 27, 28, 29, 30, 31, 32, 33, 34, 35, 36, 37, 38, 39, 40, 41, 42, 43, 44, 45, 46, 47, 48, 49, 50, 51, 52, 53, 54, 55, 56, 57, 58, 59, 60, 61, 62, 63, 64, 65, 66, 67, 68, 69, 70, 71, 72, 73, 74, 75, 76, 77, 78, 79, 80, 81, 82, 83, 84, 85, 86, 87, 88, 89, 90, 91, 92, 93, 94, 95, 96, 97, 98, 99, 100, 101, 102, 103, 104, 105, 106, 107, 108, 109, 110, 111, 112, 113, 114, 115, 116, 117, 118, 119, 120, 121, 122, 123, 124, 125, 126, 127, 128, 129, 130, 131, 132, 133, 134, 135, 136, 137, 138, 139, 140, 141, 142],