{"Total Initial Vulnerabilities": 620, "Initial Vulns Per OS": {"freebsd": {"13": 23, "12": 13, "11": 13, "9": 33, "10": 17, "8": 57}, "windows": {"7": 22, "10": 16, "xp": 16, "8.1": 17, "vista": 11, "8": 24}, "centos": {"4": 19, "3": 79, "7": 22, "8": 19, "6": 52, "5": 32}, "ubuntu": {"18.04": 20, "14.04": 30, "16.04": 15, "20.04": 15, "12.04": 25, "10.04": 30}}, "Average Initial RoA Per OS": {"freebsd": {"13": 0.06158645961585343, "12": 0.0668005574116297, "11": 0.04269450203846791, "9": 0.06625825951536975, "10": 0.04011533090308976, "8": 0.0649222734835114}, "windows": {"7": 0.043503030434257656, "10": 0.15839251485690153, "xp": 0.10457510864893692, "8.1": 0.12133532129103394, "vista": 0.13972608730806363, "8": 0.023105126056926554}, "centos": {"4": 0.1033679706408134, "3": 0.04345498873105733, "7": 0.09344570896545834, "8": 0.16395401858928105, "6": 0.08477989165548463, "5": 0.06804813687841996}, "ubuntu": {"18.04": 0.026546700875637576, "14.04": 0.06258827196516313, "16.04": 0.04311984016098589, "20.04": 0.07027221696040854, "12.04": 0.09855306019890932, "10.04": 0.08020585724719057}}, "OS Types In Initial Network": {"freebsd 13": 17, "windows 7": 8, "windows 10": 19, "centos 4": 5, "windows xp": 1, "ubuntu 18.04": 12, "centos 7": 13, "freebsd 12": 10, "centos 3": 5, "freebsd 11": 5, "centos 8": 12, "ubuntu 14.04": 10, "ubuntu 16.04": 4, "centos 6": 12, "freebsd 9": 6, "ubuntu 20.04": 15, "centos 5": 8, "windows 8.1": 11, "windows vista": 3, "ubuntu 12.04": 4, "windows 8": 9, "freebsd 10": 8, "freebsd 8": 2, "ubuntu 10.04": 1}, "Initial Hosts Without Vulnerabilities": 41, "Host Compromises": {"record name": "Host Compromises", "x": [468, 1273, 1803, 2160, 6549, 6790, 7183, 12690, 12983, 13054, 15159, 48870, 52328, 52389, 53762, 55798, 56380, 56772, 58168, 58518, 58698, 58851, 59348, 60755, 115452, 115522, 161989, 171299, 172349, 172437, 179412, 215396, 215513, 216440, 216527, 216992, 227312, 233397, 233659, 237572, 240974, 243502], "y": ["centos 4", "windows xp", "centos 4", "centos 6", "freebsd 11", "freebsd 13", "centos 6", "freebsd 10", "ubuntu 14.04", "freebsd 8", "ubuntu 10.04", "windows 7", "centos 3", "centos 7", "ubuntu 16.04", "freebsd 12", "freebsd 9", "freebsd 11", "ubuntu 20.04", "freebsd 13", "centos 5", "freebsd 9", "freebsd 9", "centos 5", "centos 5", "freebsd 11", "windows 10", "centos 8", "windows 7", "ubuntu 20.04", "ubuntu 20.04", "windows 10", "freebsd 11", "ubuntu 12.04", "freebsd 13", "windows 10", "windows vista", "centos 7", "freebsd 9", "ubuntu 18.04", "centos 7", "windows 10"], "cumulative y": [0, 1, 2, 3, 4, 5, 6, 7, 8, 9, 10, 11, 12, 13, 14, 15, 16, 17, 18, 19, 20, 21, 22, 23, 24, 25, 26, 27, 28, 29, 30, 31, 32, 33, 34, 35, 36, 37, 38, 39, 40, 41], "total events": 42}, "Vuln Compromises": {"record name": "Vuln Compromises", "x": [468, 1273, 1803, 2160, 6549, 6790, 7183, 12690, 15159, 48870, 52328, 56380, 56772, 58518, 58698, 58851, 59348, 60755, 115452, 171299, 172349, 216440, 227312, 233397, 233659], "y": ["centos 4", "windows xp", "centos 4", "centos 6", "freebsd 11", "freebsd 13", "centos 6", "freebsd 10", "ubuntu 10.04", "windows 7", "centos 3", "freebsd 9", "freebsd 11", "freebsd 13", "centos 5", "freebsd 9", "freebsd 9", "centos 5", "centos 5", "centos 8", "windows 7", "ubuntu 12.04", "windows vista", "centos 7", "freebsd 9"], "cumulative y": [0, 1, 2, 3, 4, 5, 6, 7, 8, 9, 10, 11, 12, 13, 14, 15, 16, 17, 18, 19, 20, 21, 22, 23, 24], "total events": 25}, "Reuse Password Compromises": {"record name": "Reuse Password Compromises", "x": [12983, 13054, 52389, 53762, 55798, 58168, 115522, 172437, 179412, 215513, 216527, 216992, 237572, 240974, 243502], "y": ["ubuntu 14.04", "freebsd 8", "centos 7", "ubuntu 16.04", "freebsd 12", "ubuntu 20.04", "freebsd 11", "ubuntu 20.04", "ubuntu 20.04", "freebsd 11", "freebsd 13", "windows 10", "ubuntu 18.04", "centos 7", "windows 10"], "cumulative y": [0, 1, 2, 3, 4, 5, 6, 7, 8, 9, 10, 11, 12, 13, 14], "total events": 15}, "Password Spray Compromises": {"record name": "Password Spray Compromises", "x": [161989, 215396], "y": ["windows 10", "windows 10"], "cumulative y": [0, 1], "total events": 2}, "User Account Leaks": {"record name": "User Account Has Been Leaked By Compromise", "x": [468, 468, 468, 1273, 1273, 1273, 1803, 1803, 1803, 2160, 2160, 2160, 6549, 6549, 6549, 6790, 6790, 7183, 7183, 12690, 12690, 12983, 13054, 13054, 15159, 15159, 15159, 48870, 52328, 52328, 52328, 52389, 53762, 53762, 55798, 56380, 56772, 56772, 58518, 58518, 58518, 58851, 59348, 60755, 115452, 171299, 171299, 172349, 179412, 215396, 216440, 216440, 216992, 233659, 237572, 240974], "y": ["Lurlene", "Sherill", "Myrna", "Chrissy", "Latrena", "Thea", "Maryellen", "Sophronia", "Ettie", "Sheena", "Heddi", "Roxane", "Juliette", "Hedvig", "Aile", "Jobie", "Sasha", "Nananne", "Sadye", "Gloria", "Minny", "Meaghan", "Barbie", "Ame", "Lyndsie", "Dulce", "Myrta", "Muriel", "Prudy", "Iolande", "Lizzie", "Darelle", "Florrie", "Minetta", "Tamar", "Mead", "Sandy", "Katusha", "Cherlyn", "Kary", "Jillana", "Jacinthe", "Carlynn", "Giovanna", "Mufinella", "Isabella", "Francoise", "Gusta", "Libbie", "Opaline", "Doralynn", "Malorie", "Kirstyn", "Idalina", "Laetitia", "Charissa"], "cumulative y": [0, 1, 2, 3, 4, 5, 6, 7, 8, 9, 10, 11, 12, 13, 14, 15, 16, 17, 18, 19, 20, 21, 22, 23, 24, 25, 26, 27, 28, 29, 30, 31, 32, 33, 34, 35, 36, 37, 38, 39, 40, 41, 42, 43, 44, 45, 46, 47, 48, 49, 50, 51, 52, 53, 54, 55], "total events": 56}, "Vulnerabilities Exploited": {"record name": "Vulnerabilities Exploited", "x": [100, 215, 385, 385, 468, 468, 468, 1273, 1273, 1273, 1273, 1273, 1273, 1273, 1803, 1803, 2160, 2160, 2463, 2463, 4504, 5783, 5783, 5783, 5783, 5783, 5783, 5783, 5783, 6358, 6358, 6790, 7183, 7183, 7183, 7183, 7183, 7292, 7292, 8059, 8059, 8213, 12690, 15159, 15159, 15159, 15159, 15159, 15159, 15159, 15159, 15159, 15159, 15159, 15159, 15159, 15159, 15366, 23494, 25710, 49198, 52328, 52328, 52328, 52328, 52328, 52328, 52328, 52328, 52328, 52741, 53528, 53528, 56114, 56114, 56496, 56880, 58245, 58518, 58698, 58851, 58851, 59348, 59348, 59348, 59606, 59606, 60755, 87243, 113682, 114849, 115452, 171813, 181057, 181057, 181057, 181721, 192541, 215151, 216440, 216440, 216440, 216440, 216440, 216440, 216440, 227312, 227312, 233397, 233659, 233971, 233971, 233971, 239497, 240623, 245290], "cumulative exploited vulns": [0, 1, 2, 3, 4, 5, 6, 7, 8, 9, 10, 11, 12, 13, 14, 15, 16, 17, 18, 19, 20, 21, 22, 23, 24, 25, 26, 27, 28, 29, 30, 31, 32, 33, 34, 35, 36, 37, 38, 39, 40, 41, 42, 43, 44, 45, 46, 47, 48, 49, 50, 51, 52, 53, 54, 55, 56, 57, 58, 59, 60, 61, 62, 63, 64, 65, 66, 67, 68, 69, 70, 71, 72, 73, 74, 75, 76, 77, 78, 79, 80, 81, 82, 83, 84, 85, 86, 87, 88, 89, 90, 91, 92, 93, 94, 95, 96, 97, 98, 99, 100, 101, 102, 103, 104, 105, 106, 107, 108, 109, 110, 111, 112, 113, 114, 115],