{"Total Initial Vulnerabilities": 738, "Initial Vulns Per OS": {"ubuntu": {"16.04": 49, "20.04": 13, "18.04": 25, "10.04": 99, "14.04": 18, "12.04": 6}, "centos": {"8": 13, "7": 14, "3": 53, "6": 41, "4": 38, "5": 30}, "windows": {"10": 17, "7": 34, "8": 50, "8.1": 28, "vista": 8, "xp": 61}, "freebsd": {"13": 10, "10": 18, "9": 21, "11": 53, "12": 13, "8": 26}}, "Average Initial RoA Per OS": {"ubuntu": {"16.04": 0.07318160940965814, "20.04": 0.06644246702267248, "18.04": 0.024296437533175456, "10.04": 0.05626576645620259, "14.04": 0.04539079294239137, "12.04": 0.05393087653009892}, "centos": {"8": 0.03862271397357585, "7": 0.0818459335193501, "3": 0.0427180003384136, "6": 0.1330053821513089, "4": 0.04721748347110053, "5": 0.07761319923196691}, "windows": {"10": 0.020428003924480687, "7": 0.08415727601572988, "8": 0.05961741732512158, "8.1": 0.06883420670987735, "vista": 0.03474466933531669, "xp": 0.044309997171626814}, "freebsd": {"13": 0.050840066959964944, "10": 0.0839429347481803, "9": 0.05116419524638654, "11": 0.048342015712568145, "12": 0.07894573563695764, "8": 0.05822625083734142}}, "OS Types In Initial Network": {"ubuntu 16.04": 12, "ubuntu 20.04": 16, "centos 8": 14, "ubuntu 18.04": 10, "windows 10": 21, "freebsd 13": 16, "windows 7": 6, "centos 7": 10, "windows 8": 13, "ubuntu 10.04": 5, "centos 5": 6, "centos 3": 2, "windows 8.1": 9, "centos 6": 10, "freebsd 10": 3, "centos 4": 6, "ubuntu 14.04": 6, "freebsd 9": 4, "freebsd 11": 13, "freebsd 12": 9, "freebsd 8": 2, "windows vista": 3, "windows xp": 3, "ubuntu 12.04": 1}, "Initial Hosts Without Vulnerabilities": 46, "Host Compromises": {"record name": "Host Compromises", "x": [425, 3254, 3686, 4047, 5591, 9144, 13269, 15024, 15647, 24541, 24903, 28345, 34925, 35259, 36874, 37277, 38665, 39010, 42924, 45553, 45677, 46295, 47006, 47122, 58636, 59424, 61462, 63063, 63615, 63881, 66832, 69565, 69671, 79569, 88894, 89239, 89357, 104017, 106705, 108960, 111255, 127113, 128388, 136207, 150618, 177044, 184745, 206571, 211316, 226834, 233042, 233651, 234972, 237804], "y": ["ubuntu 20.04", "centos 7", "ubuntu 18.04", "freebsd 11", "centos 7", "freebsd 10", "ubuntu 16.04", "windows 7", "ubuntu 20.04", "windows 10", "centos 5", "ubuntu 14.04", "windows 8", "windows 8", "freebsd 8", "freebsd 12", "windows 7", "windows 10", "windows 10", "windows 10", "ubuntu 18.04", "ubuntu 20.04", "centos 5", "centos 8", "freebsd 13", "centos 5", "freebsd 11", "freebsd 11", "windows 8", "windows 8.1", "ubuntu 20.04", "freebsd 13", "centos 8", "freebsd 13", "freebsd 11", "windows 10", "ubuntu 16.04", "freebsd 9", "ubuntu 10.04", "windows vista", "freebsd 11", "centos 4", "centos 4", "freebsd 11", "centos 6", "centos 5", "ubuntu 20.04", "centos 6", "windows 7", "freebsd 11", "windows 8", "freebsd 13", "centos 6", "centos 7"], "cumulative y": [0, 1, 2, 3, 4, 5, 6, 7, 8, 9, 10, 11, 12, 13, 14, 15, 16, 17, 18, 19, 20, 21, 22, 23, 24, 25, 26, 27, 28, 29, 30, 31, 32, 33, 34, 35, 36, 37, 38, 39, 40, 41, 42, 43, 44, 45, 46, 47, 48, 49, 50, 51, 52, 53], "total events": 54}, "Vuln Compromises": {"record name": "Vuln Compromises", "x": [425, 3254, 3686, 4047, 9144, 13269, 15024, 24903, 28345, 34925, 35259, 36874, 37277, 38665, 39010, 45677, 46295, 47006, 47122, 59424, 61462, 63063, 63615, 63881, 69565, 69671, 79569, 88894, 104017, 106705, 108960, 111255, 136207, 150618, 177044, 184745, 206571, 211316, 226834, 233042, 233651, 234972, 237804], "y": ["ubuntu 20.04", "centos 7", "ubuntu 18.04", "freebsd 11", "freebsd 10", "ubuntu 16.04", "windows 7", "centos 5", "ubuntu 14.04", "windows 8", "windows 8", "freebsd 8", "freebsd 12", "windows 7", "windows 10", "ubuntu 18.04", "ubuntu 20.04", "centos 5", "centos 8", "centos 5", "freebsd 11", "freebsd 11", "windows 8", "windows 8.1", "freebsd 13", "centos 8", "freebsd 13", "freebsd 11", "freebsd 9", "ubuntu 10.04", "windows vista", "freebsd 11", "freebsd 11", "centos 6", "centos 5", "ubuntu 20.04", "centos 6", "windows 7", "freebsd 11", "windows 8", "freebsd 13", "centos 6", "centos 7"], "cumulative y": [0, 1, 2, 3, 4, 5, 6, 7, 8, 9, 10, 11, 12, 13, 14, 15, 16, 17, 18, 19, 20, 21, 22, 23, 24, 25, 26, 27, 28, 29, 30, 31, 32, 33, 34, 35, 36, 37, 38, 39, 40, 41, 42], "total events": 43}, "Reuse Password Compromises": {"record name": "Reuse Password Compromises", "x": [5591, 15647, 24541, 42924, 58636, 66832, 89357, 127113, 128388], "y": ["centos 7", "ubuntu 20.04", "windows 10", "windows 10", "freebsd 13", "ubuntu 20.04", "ubuntu 16.04", "centos 4", "centos 4"], "cumulative y": [0, 1, 2, 3, 4, 5, 6, 7, 8], "total events": 9}, "Password Spray Compromises": {"record name": "Password Spray Compromises", "x": [45553, 89239], "y": ["windows 10", "windows 10"], "cumulative y": [0, 1], "total events": 2}, "User Account Leaks": {"record name": "User Account Has Been Leaked By Compromise", "x": [425, 425, 425, 3254, 3254, 3254, 3686, 3686, 3686, 4047, 4047, 4047, 5591, 5591, 9144, 9144, 9144, 13269, 13269, 13269, 15024, 15024, 15024, 15647, 15647, 24541, 24541, 24903, 24903, 28345, 34925, 35259, 36874, 37277, 37277, 38665, 39010, 39010, 42924, 46295, 46295, 47006, 47122, 58636, 63063, 63615, 63615, 66832, 66832, 89239, 89357, 104017, 106705, 108960, 111255, 111255, 150618, 211316, 211316, 226834, 233042, 233651, 237804], "y": ["Kippy", "Marylee", "Franky", "Meridith", "Bobby", "Cindee", "Sharia", "Lyn", "Antonia", "Martina", "Joleen", "Jeniece", "Queenie", "Meaghan", "Dyna", "Kaylyn", "Jocelin", "Ynes", "Tedi", "Kristy", "Carolyn", "Benni", "Maridel", "Jolie", "Trish", "Drucy", "Nerty", "Audy", "Mattie", "Ansley", "Arly", "Elbertina", "Regan", "Salli", "Bernita", "Meggie", "Meade", "Donella", "Flossi", "Denice", "Gayel", "Zora", "Theodosia", "Jo-Ann", "Calypso", "Maritsa", "Gwendolin", "Gilberta", "Clea", "Tracy", "Leone", "Livvie", "Manon", "Sibeal", "Celisse", "Deana", "Justine", "Misti", "Giselle", "Anastasia", "Domeniga", "Darby", "Cicely"], "cumulative y": [0, 1, 2, 3, 4, 5, 6, 7, 8, 9, 10, 11, 12, 13, 14, 15, 16, 17, 18, 19, 20, 21, 22, 23, 24, 25, 26, 27, 28, 29, 30, 31, 32, 33, 34, 35, 36, 37, 38, 39, 40, 41, 42, 43, 44, 45, 46, 47, 48, 49, 50, 51, 52, 53, 54, 55, 56, 57, 58, 59, 60, 61, 62], "total events": 63}, "Vulnerabilities Exploited": {"record name": "Vulnerabilities Exploited", "x": [362, 362, 362, 362, 425, 671, 769, 769, 871, 920, 1137, 1769, 2422, 2868, 3182, 3254, 3254, 3686, 3843, 3843, 3843, 4047, 6328, 6328, 6328, 6328, 6482, 7063, 7063, 7063, 7947, 7947, 7947, 9144, 9144, 9699, 9699, 10027, 10237, 10766, 10766, 12344, 12344, 12713, 12713, 13269, 14329, 14329, 15024, 15024, 15312, 15312, 19042, 19253, 20672, 23208, 23208, 24903, 24903, 24903, 24903, 30031, 30031, 31139, 32239, 35259, 36456, 36874, 38665, 39116, 40394, 45677, 46393, 48583, 48896, 66157, 69244, 69244, 69791, 74738, 77531, 78220, 90616, 95880, 95880, 95880, 99581, 99581, 100368, 102554, 104017, 105574, 106063, 106705, 106705, 106705, 108960, 108960, 114726, 136207, 146176, 151144, 155143, 211316, 233042], "cumulative exploited vulns": [0, 1, 2, 3, 4, 5, 6, 7, 8, 9, 10, 11, 12, 13, 14, 15, 16, 17, 18, 19, 20, 21, 22, 23, 24, 25, 26, 27, 28, 29, 30, 31, 32, 33, 34, 35, 36, 37, 38, 39, 40, 41, 42, 43, 44, 45, 46, 47, 48, 49, 50, 51, 52, 53, 54, 55, 56, 57, 58, 59, 60, 61, 62, 63, 64, 65, 66, 67, 68, 69, 70, 71, 72, 73, 74, 75, 76, 77, 78, 79, 80, 81, 82, 83, 84, 85, 86, 87, 88, 89, 90, 91, 92, 93, 94, 95, 96, 97, 98, 99, 100, 101, 102, 103, 104],