{"Total Initial Vulnerabilities": 816, "Initial Vulns Per OS": {"ubuntu": {"14.04": 27, "18.04": 26, "12.04": 16, "16.04": 16, "20.04": 12, "10.04": 76}, "freebsd": {"12": 33, "13": 14, "9": 1, "11": 69, "10": 28}, "centos": {"6": 39, "5": 31, "8": 18, "7": 11, "3": 68, "4": 36}, "windows": {"xp": 164, "8": 51, "10": 12, "7": 26, "8.1": 38, "vista": 4}}, "Average Initial RoA Per OS": {"ubuntu": {"14.04": 0.04036581021033693, "18.04": 0.04004542058843552, "12.04": 0.0245461944003859, "16.04": 0.015943276772718718, "20.04": 0.04372688334798789, "10.04": 0.05622754235784098}, "freebsd": {"12": 0.17884033417752676, "13": 0.016442931238599242, "9": 0.14027752772043653, "11": 0.08314295155040242, "10": 0.043235773636663914}, "centos": {"6": 0.060698185420767374, "5": 0.04931255196391461, "8": 0.009368906464993797, "7": 0.04375595691001253, "3": 0.04825781503026912, "4": 0.03642467495223784}, "windows": {"xp": 0.05233332491260876, "8": 0.025669319439242538, "10": 0.011595653871389855, "7": 0.038317254075741616, "8.1": 0.08102202076408464, "vista": 0.15198670498159597}}, "OS Types In Initial Network": {"ubuntu 20.04": 13, "ubuntu 14.04": 7, "freebsd 12": 19, "centos 6": 12, "windows 10": 13, "centos 5": 7, "windows xp": 5, "windows 8": 16, "windows 7": 8, "freebsd 13": 12, "ubuntu 18.04": 11, "centos 8": 13, "ubuntu 12.04": 2, "centos 7": 7, "centos 3": 2, "ubuntu 16.04": 3, "freebsd 9": 1, "windows 8.1": 17, "freebsd 11": 13, "centos 4": 10, "ubuntu 10.04": 3, "freebsd 10": 5, "windows vista": 1}, "Initial Hosts Without Vulnerabilities": 41, "Host Compromises": {"record name": "Host Compromises", "x": [2121, 4145, 5280, 7912, 9358, 9418, 10697, 14953, 19573, 19628, 20489, 22347, 23000, 23080, 23751, 26836, 27496, 42078, 50295, 50653, 50722, 50956, 55593, 55976, 69654, 76381, 80064, 90205, 128985, 129461, 138684, 173171, 176449, 190955, 191253, 245770, 246707], "y": ["windows xp", "ubuntu 12.04", "windows xp", "centos 3", "freebsd 9", "windows xp", "freebsd 12", "ubuntu 10.04", "centos 8", "ubuntu 14.04", "centos 5", "windows xp", "centos 7", "ubuntu 14.04", "centos 5", "ubuntu 16.04", "centos 5", "windows 7", "windows 8", "freebsd 12", "centos 6", "ubuntu 16.04", "windows 8", "windows 7", "windows 8.1", "windows 8", "centos 6", "ubuntu 18.04", "windows 8", "centos 4", "centos 3", "centos 5", "freebsd 13", "windows 8.1", "windows 8", "windows 8.1", "ubuntu 18.04"], "cumulative y": [0, 1, 2, 3, 4, 5, 6, 7, 8, 9, 10, 11, 12, 13, 14, 15, 16, 17, 18, 19, 20, 21, 22, 23, 24, 25, 26, 27, 28, 29, 30, 31, 32, 33, 34, 35, 36], "total events": 37}, "Vuln Compromises": {"record name": "Vuln Compromises", "x": [2121, 4145, 5280, 7912, 9358, 10697, 14953, 20489, 22347, 23000, 23080, 23751, 26836, 27496, 42078, 50295, 50653, 50956, 55976, 80064, 90205, 129461, 138684, 191253], "y": ["windows xp", "ubuntu 12.04", "windows xp", "centos 3", "freebsd 9", "freebsd 12", "ubuntu 10.04", "centos 5", "windows xp", "centos 7", "ubuntu 14.04", "centos 5", "ubuntu 16.04", "centos 5", "windows 7", "windows 8", "freebsd 12", "ubuntu 16.04", "windows 7", "centos 6", "ubuntu 18.04", "centos 4", "centos 3", "windows 8"], "cumulative y": [0, 1, 2, 3, 4, 5, 6, 7, 8, 9, 10, 11, 12, 13, 14, 15, 16, 17, 18, 19, 20, 21, 22, 23], "total events": 24}, "Reuse Password Compromises": {"record name": "Reuse Password Compromises", "x": [9418, 19573, 19628, 50722], "y": ["windows xp", "centos 8", "ubuntu 14.04", "centos 6"], "cumulative y": [0, 1, 2, 3], "total events": 4}, "Password Spray Compromises": {"record name": "Password Spray Compromises", "x": [55593, 69654, 76381, 128985, 173171, 176449, 190955, 245770, 246707], "y": ["windows 8", "windows 8.1", "windows 8", "windows 8", "centos 5", "freebsd 13", "windows 8.1", "windows 8.1", "ubuntu 18.04"], "cumulative y": [0, 1, 2, 3, 4, 5, 6, 7, 8], "total events": 9}, "User Account Leaks": {"record name": "User Account Has Been Leaked By Compromise", "x": [2121, 2121, 2121, 4145, 4145, 4145, 5280, 5280, 5280, 7912, 7912, 7912, 9358, 9358, 9358, 9418, 9418, 10697, 14953, 14953, 14953, 19573, 19628, 20489, 22347, 22347, 23000, 23000, 23080, 26836, 27496, 27496, 50295, 50295, 50653, 50653, 50956, 50956, 55593, 55593, 80064, 90205, 129461, 173171, 190955, 190955], "y": ["Bryna", "Emilia", "Vanessa", "Arluene", "Merry", "Steffie", "Evangelin", "Prisca", "Caye", "Goldia", "Carmelina", "Ariela", "Cariotta", "Adel", "Annabelle", "Danyelle", "Cara", "Deborah", "Max", "Jackelyn", "Denise", "Catie", "Carmine", "Christiana", "Ardyce", "Brigitte", "Astrix", "Vilhelmina", "Dotty", "Dalila", "Roda", "Marcile", "Brianne", "Retha", "Cissiee", "Carlene", "Sheri", "Mina", "Adi", "Carly", "Adrian", "Bernardina", "Vere", "Sherri", "Cathrine", "Christin"], "cumulative y": [0, 1, 2, 3, 4, 5, 6, 7, 8, 9, 10, 11, 12, 13, 14, 15, 16, 17, 18, 19, 20, 21, 22, 23, 24, 25, 26, 27, 28, 29, 30, 31, 32, 33, 34, 35, 36, 37, 38, 39, 40, 41, 42, 43, 44, 45], "total events": 46}, "Vulnerabilities Exploited": {"record name": "Vulnerabilities Exploited", "x": [346, 346, 346, 346, 346, 672, 2121, 2121, 2121, 2121, 2121, 2121, 2121, 2121, 2121, 2121, 2121, 2121, 2121, 2578, 2578, 2578, 2578, 2578, 2578, 2578, 3002, 3002, 3002, 3002, 3418, 3418, 4145, 4145, 4145, 4145, 4469, 4897, 4897, 4897, 5280, 5280, 5280, 5280, 5280, 5280, 5392, 6802, 6802, 6802, 6802, 6802, 6802, 6802, 6802, 6802, 6802, 6802, 7912, 7912, 8401, 8401, 8970, 9084, 9231, 9231, 9358, 9616, 9616, 10254, 10254, 10400, 10564, 10787, 12901, 13164, 13705, 13705, 14953, 14953, 14953, 14953, 14953, 14953, 14953, 16332, 20489, 20489, 20489, 20573, 22347, 22347, 22347, 22347, 22347, 22347, 22347, 22347, 22347, 22347, 23080, 26215, 26215, 26836, 27496, 27496, 27496, 27634, 34111, 34111, 34111, 37081, 42078, 42078, 42742, 50295, 50295, 50956, 53755, 55122, 55976, 55976, 55976, 62999, 72117, 81393, 99820, 129461, 138684, 138684, 138684, 138684, 138684, 145458, 157872, 177342, 191253, 191253, 199946, 210667, 231371, 245204], "cumulative exploited vulns": [0, 1, 2, 3, 4, 5, 6, 7, 8, 9, 10, 11, 12, 13, 14, 15, 16, 17, 18, 19, 20, 21, 22, 23, 24, 25, 26, 27, 28, 29, 30, 31, 32, 33, 34, 35, 36, 37, 38, 39, 40, 41, 42, 43, 44, 45, 46, 47, 48, 49, 50, 51, 52, 53, 54, 55, 56, 57, 58, 59, 60, 61, 62, 63, 64, 65, 66, 67, 68, 69, 70, 71, 72, 73, 74, 75, 76, 77, 78, 79, 80, 81, 82, 83, 84, 85, 86, 87, 88, 89, 90, 91, 92, 93, 94, 95, 96, 97, 98, 99, 100, 101, 102, 103, 104, 105, 106, 107, 108, 109, 110, 111, 112, 113, 114, 115, 116, 117, 118, 119, 120, 121, 122, 123, 124, 125, 126, 127, 128, 129, 130, 131, 132, 133, 134, 135, 136, 137, 138, 139, 140, 141],