{"Total Initial Vulnerabilities": 511, "Initial Vulns Per OS": {"freebsd": {"13": 6, "9": 14, "11": 17, "12": 13, "10": 23, "8": 25}, "windows": {"8.1": 14, "10": 4, "8": 36, "xp": 58, "vista": 16, "7": 18}, "centos": {"8": 11, "6": 18, "5": 20, "7": 28, "3": 39, "4": 16}, "ubuntu": {"16.04": 29, "14.04": 73, "20.04": 16, "12.04": 5, "18.04": 12}}, "Average Initial RoA Per OS": {"freebsd": {"13": 0.17545589708643397, "9": 0.032092925486417775, "11": 0.026238758518677147, "12": 0.05598538540453431, "10": 0.06873703626156524, "8": 0.05344159008671061}, "windows": {"8.1": 0.05395219615861286, "10": 0.006070655432788935, "8": 0.05740518427606292, "xp": 0.0437473747526246, "vista": 0.10079270178934308, "7": 0.03852766131942721}, "centos": {"8": 0.016658799412321325, "6": 0.06659743096997407, "5": 0.02399455599767894, "7": 0.02829679032904834, "3": 0.044187504895536446, "4": 0.08004160569938315}, "ubuntu": {"16.04": 0.0539129663851517, "14.04": 0.05751446621819032, "20.04": 0.0514508210215774, "12.04": 0.032253908566279035, "18.04": 0.07400164980358315}}, "OS Types In Initial Network": {"freebsd 13": 12, "ubuntu 20.04": 19, "windows 8.1": 12, "centos 8": 21, "freebsd 9": 4, "centos 6": 9, "windows 10": 13, "freebsd 10": 9, "centos 5": 8, "windows 8": 11, "centos 7": 12, "ubuntu 16.04": 10, "freebsd 12": 13, "windows xp": 2, "freebsd 11": 8, "ubuntu 14.04": 11, "windows vista": 3, "ubuntu 12.04": 2, "ubuntu 18.04": 9, "windows 7": 6, "freebsd 8": 3, "centos 3": 1, "centos 4": 2}, "Initial Hosts Without Vulnerabilities": 64, "Host Compromises": {"record name": "Host Compromises", "x": [4354, 8313, 9444, 12511, 14745, 18183, 26928, 33853, 33930, 39501, 39570, 40169, 74067, 74122, 75744, 102983, 103079, 200048, 208208, 212988], "y": ["windows vista", "windows xp", "ubuntu 20.04", "ubuntu 14.04", "centos 6", "ubuntu 14.04", "windows 8", "ubuntu 12.04", "ubuntu 16.04", "windows 8.1", "centos 6", "ubuntu 18.04", "windows 10", "centos 6", "windows 8", "freebsd 8", "windows 8.1", "freebsd 13", "windows vista", "windows 8"], "cumulative y": [0, 1, 2, 3, 4, 5, 6, 7, 8, 9, 10, 11, 12, 13, 14, 15, 16, 17, 18, 19], "total events": 20}, "Vuln Compromises": {"record name": "Vuln Compromises", "x": [4354, 8313, 9444, 12511, 14745, 18183, 26928, 33853, 33930, 39570, 74122, 102983, 212988], "y": ["windows vista", "windows xp", "ubuntu 20.04", "ubuntu 14.04", "centos 6", "ubuntu 14.04", "windows 8", "ubuntu 12.04", "ubuntu 16.04", "centos 6", "centos 6", "freebsd 8", "windows 8"], "cumulative y": [0, 1, 2, 3, 4, 5, 6, 7, 8, 9, 10, 11, 12], "total events": 13}, "Reuse Password Compromises": {"record name": "Reuse Password Compromises", "x": [75744, 103079, 208208], "y": ["windows 8", "windows 8.1", "windows vista"], "cumulative y": [0, 1, 2], "total events": 3}, "Password Spray Compromises": {"record name": "Password Spray Compromises", "x": [39501, 40169, 74067, 200048], "y": ["windows 8.1", "ubuntu 18.04", "windows 10", "freebsd 13"], "cumulative y": [0, 1, 2, 3], "total events": 4}, "User Account Leaks": {"record name": "User Account Has Been Leaked By Compromise", "x": [4354, 4354, 4354, 8313, 8313, 8313, 9444, 9444, 12511, 12511, 14745, 14745, 18183, 18183, 18183, 26928, 26928, 33853, 33930, 39501, 39501, 39570, 40169, 74122, 74122, 75744, 75744, 102983, 102983, 102983, 103079, 200048, 200048, 212988, 212988, 212988], "y": ["Lane", "Astrix", "Merrily", "Katherina", "Rosa", "Andy", "Madlen", "Lauraine", "Genni", "Lorinda", "Karalee", "Herminia", "Shaine", "Meridel", "Elly", "Ondrea", "Brittany", "Pammi", "Kaia", "Fawnia", "Rebekah", "Lola", "Wilhelmine", "Natalee", "Timmie", "Carmencita", "Caty", "Sibylle", "Libby", "Dawna", "Marnia", "Dorice", "Lulu", "Honoria", "Ashia", "Jorey"], "cumulative y": [0, 1, 2, 3, 4, 5, 6, 7, 8, 9, 10, 11, 12, 13, 14, 15, 16, 17, 18, 19, 20, 21, 22, 23, 24, 25, 26, 27, 28, 29, 30, 31, 32, 33, 34, 35], "total events": 36}, "Vulnerabilities Exploited": {"record name": "Vulnerabilities Exploited", "x": [124, 124, 428, 867, 867, 867, 1511, 2130, 3329, 3329, 3329, 3329, 3329, 3329, 3329, 3329, 3329, 3329, 3329, 3364, 3523, 4036, 4036, 4036, 4036, 4354, 4354, 8313, 8313, 8313, 8313, 8313, 8313, 8313, 8313, 8685, 9341, 9444, 9444, 10079, 10079, 10269, 10269, 10662, 10857, 10857, 11535, 11535, 11812, 11812, 11989, 12511, 12511, 12511, 12589, 13039, 13039, 13459, 13706, 14229, 14229, 14579, 14745, 16634, 17535, 18004, 20355, 21959, 23520, 25306, 26097, 27562, 27562, 33853, 35805, 39699, 39699, 40453, 40837, 41288, 46926, 49050, 50894, 58642, 76555, 77792, 81764, 81764, 81764, 81764, 102983, 102983, 102983, 102983, 102983, 102983, 175840, 212988, 213593, 242435], "cumulative exploited vulns": [0, 1, 2, 3, 4, 5, 6, 7, 8, 9, 10, 11, 12, 13, 14, 15, 16, 17, 18, 19, 20, 21, 22, 23, 24, 25, 26, 27, 28, 29, 30, 31, 32, 33, 34, 35, 36, 37, 38, 39, 40, 41, 42, 43, 44, 45, 46, 47, 48, 49, 50, 51, 52, 53, 54, 55, 56, 57, 58, 59, 60, 61, 62, 63, 64, 65, 66, 67, 68, 69, 70, 71, 72, 73, 74, 75, 76, 77, 78, 79, 80, 81, 82, 83, 84, 85, 86, 87, 88, 89, 90, 91, 92, 93, 94, 95, 96, 97, 98, 99], "roa": [0.7408765441148376, 0.6490562518472862, 0.752541302017168, 0.18905169164616728, 0.15498904163180566, 0.01652676253463739, 0.2969532488811696, 0.2338966761352273, 0.8408043764588115, 0.5668529579931899, 0.2853870822839678, 0.2577053511047632, 0.32554508846524033, 0.48857400632077586, 0.19954519530932469, 0.220996799571769, 0.05639044343000341, 0.4570456073008077, 0.294602736444503, 0.2618511990854548, 0.031660962209478456, 0.49910085958685696, 0.21789188350922303, 0.17828923913540667, 0.21266695689750598, 0.9040901908009925, 0.12593892327685982, 0.5432031066102072, 0.22416707785807125, 0.5414222279087508, 0.35345828182541056, 0.25381029329931964, 0.19417826721929426, 0.5414222279087508, 0.35345828182541056, 0.12510185175248986, 0.030741287273746122, 0.740535250378364, 0.4011276926192071, 0.10822310918633664, 0.21167957989019204, 0.6085709209505797, 0.12432095372418887, 0.06844622416496342, 0.8129070934489151, 0.011139156464477124, 0.38888254220155816, 0.3533752532074795, 0.20448740349600047, 0.05593953830408259, 0.22171643683433997, 0.495531056664502, 0.12005590759895764, 0.018719186508088053, 0.3836042544476654, 0.4808570262957324, 0.0630303936618272, 0.12345146971176912, 0.18994313999073684, 0.41220792739380946, 0.03724339631908323, 0.34533036237062154, 0.19482782506779, 0.006849608677172601, 0.5215501701491102, 0.028701625052959017, 0.06504071258881568, 0.11260008494025245, 0.24872743846694564, 0.16375107662203317, 0.335573050403043, 0.04786154120763781, 0.04786154120763781, 0.6709176573899782, 0.17048681336337143, 0.2848477470958016, 0.01750945815657995, 0.14814206754727757, 0.08956034828648038, 0.16734453579265723, 0.06350761883900771, 0.11676198222378247, 0.4244870454448234, 0.2791288104269291, 0.04004389372914084, 0.17964817211995973, 0.5074415902054852, 0.1545539414341345, 0.21920120748683258, 0.02060973093320296, 0.014579161114365413, 0.10088131622924874, 0.44947551540239894, 0.35953872933025116, 0.664513663790396, 0.13990305891942495, 0.02574588909538967, 0.49838648464708546, 0.19725072891500273, 0.008904173944334761],