{"Total Initial Vulnerabilities": 537, "Initial Vulns Per OS": {"windows": {"8.1": 18, "7": 25, "xp": 7, "vista": 22, "10": 16, "8": 26}, "ubuntu": {"20.04": 9, "10.04": 51, "16.04": 10, "18.04": 18, "14.04": 33, "12.04": 10}, "freebsd": {"13": 18, "10": 22, "11": 36, "12": 11, "9": 7, "8": 55}, "centos": {"8": 25, "6": 30, "4": 28, "7": 12, "5": 34, "3": 14}}, "Average Initial RoA Per OS": {"windows": {"8.1": 0.0210946135223302, "7": 0.042066442382930364, "xp": 0.046004937980114645, "vista": 0.0628854324516016, "10": 0.05758794320030917, "8": 0.01863310517867331}, "ubuntu": {"20.04": 0.025086306885970678, "10.04": 0.05140762174007376, "16.04": 0.009591471915569309, "18.04": 0.022284759856763255, "14.04": 0.04301638361580413, "12.04": 0.02367858531923535}, "freebsd": {"13": 0.022048732622077804, "10": 0.03676270611531888, "11": 0.027417276341903565, "12": 0.02109388227940343, "9": 0.02675458040487478, "8": 0.08172768510593852}, "centos": {"8": 0.05125197936426287, "6": 0.025481685917366756, "4": 0.061122560225056695, "7": 0.07270901769876618, "5": 0.07930814033117975, "3": 0.03870602200942141}}, "OS Types In Initial Network": {"windows 8.1": 14, "centos 8": 22, "ubuntu 16.04": 8, "ubuntu 20.04": 16, "freebsd 13": 17, "ubuntu 10.04": 2, "windows 7": 7, "freebsd 10": 7, "freebsd 11": 12, "centos 5": 11, "freebsd 12": 12, "windows xp": 1, "windows vista": 5, "centos 6": 13, "centos 4": 5, "windows 10": 10, "ubuntu 18.04": 11, "centos 7": 7, "windows 8": 9, "freebsd 9": 2, "ubuntu 14.04": 5, "freebsd 8": 2, "centos 3": 1, "ubuntu 12.04": 1}, "Initial Hosts Without Vulnerabilities": 52, "Host Compromises": {"record name": "Host Compromises", "x": [261, 2587, 3840, 5900, 6622, 8028, 10328, 11314, 12826, 13911, 15988, 16961, 19075, 19394, 20679, 21797, 22566, 22642, 25278, 33376, 43085, 52836, 62974, 65531, 66690, 73329, 79756, 83282, 88969, 91298, 92624, 95571, 99249, 105385, 111365, 112993, 113093, 114270, 114502, 116607, 117503, 117620, 119642, 129529, 133730, 139526, 143785, 147002, 149261, 153360, 167046, 173739, 195266, 195864, 202851, 204995, 214845, 217478, 231351, 231960], "y": ["centos 8", "centos 8", "windows xp", "centos 8", "ubuntu 10.04", "windows 10", "freebsd 12", "windows 8.1", "freebsd 12", "centos 7", "ubuntu 20.04", "windows 8.1", "ubuntu 10.04", "freebsd 10", "ubuntu 20.04", "freebsd 12", "windows vista", "freebsd 11", "centos 8", "centos 5", "windows vista", "freebsd 12", "windows vista", "centos 5", "centos 8", "freebsd 11", "windows 8", "freebsd 11", "freebsd 8", "windows 7", "centos 3", "freebsd 11", "centos 7", "ubuntu 20.04", "centos 6", "freebsd 10", "ubuntu 16.04", "freebsd 10", "centos 4", "freebsd 13", "centos 8", "centos 6", "centos 6", "centos 5", "ubuntu 16.04", "ubuntu 16.04", "centos 4", "windows 8", "ubuntu 18.04", "ubuntu 20.04", "windows 8", "freebsd 12", "ubuntu 16.04", "centos 6", "freebsd 10", "windows 7", "windows 8.1", "centos 4", "windows 10", "ubuntu 14.04"], "cumulative y": [0, 1, 2, 3, 4, 5, 6, 7, 8, 9, 10, 11, 12, 13, 14, 15, 16, 17, 18, 19, 20, 21, 22, 23, 24, 25, 26, 27, 28, 29, 30, 31, 32, 33, 34, 35, 36, 37, 38, 39, 40, 41, 42, 43, 44, 45, 46, 47, 48, 49, 50, 51, 52, 53, 54, 55, 56, 57, 58, 59], "total events": 60}, "Vuln Compromises": {"record name": "Vuln Compromises", "x": [261, 3840, 6622, 8028, 10328, 11314, 13911, 16961, 19075, 22566, 22642, 33376, 43085, 52836, 62974, 65531, 79756, 83282, 91298, 92624, 95571, 111365, 112993, 114270, 114502, 117620, 129529, 139526, 143785, 147002, 149261, 167046, 173739, 195266, 195864, 202851, 204995, 214845, 217478, 231351, 231960], "y": ["centos 8", "windows xp", "ubuntu 10.04", "windows 10", "freebsd 12", "windows 8.1", "centos 7", "windows 8.1", "ubuntu 10.04", "windows vista", "freebsd 11", "centos 5", "windows vista", "freebsd 12", "windows vista", "centos 5", "windows 8", "freebsd 11", "windows 7", "centos 3", "freebsd 11", "centos 6", "freebsd 10", "freebsd 10", "centos 4", "centos 6", "centos 5", "ubuntu 16.04", "centos 4", "windows 8", "ubuntu 18.04", "windows 8", "freebsd 12", "ubuntu 16.04", "centos 6", "freebsd 10", "windows 7", "windows 8.1", "centos 4", "windows 10", "ubuntu 14.04"], "cumulative y": [0, 1, 2, 3, 4, 5, 6, 7, 8, 9, 10, 11, 12, 13, 14, 15, 16, 17, 18, 19, 20, 21, 22, 23, 24, 25, 26, 27, 28, 29, 30, 31, 32, 33, 34, 35, 36, 37, 38, 39, 40], "total events": 41}, "Reuse Password Compromises": {"record name": "Reuse Password Compromises", "x": [2587, 5900, 12826, 15988, 19394, 20679, 21797, 25278, 66690, 73329, 99249, 105385, 113093, 117503, 133730, 153360], "y": ["centos 8", "centos 8", "freebsd 12", "ubuntu 20.04", "freebsd 10", "ubuntu 20.04", "freebsd 12", "centos 8", "centos 8", "freebsd 11", "centos 7", "ubuntu 20.04", "ubuntu 16.04", "centos 8", "ubuntu 16.04", "ubuntu 20.04"], "cumulative y": [0, 1, 2, 3, 4, 5, 6, 7, 8, 9, 10, 11, 12, 13, 14, 15], "total events": 16}, "Password Spray Compromises": {"record name": "Password Spray Compromises", "x": [88969, 116607, 119642], "y": ["freebsd 8", "freebsd 13", "centos 6"], "cumulative y": [0, 1, 2], "total events": 3}, "User Account Leaks": {"record name": "User Account Has Been Leaked By Compromise", "x": [261, 261, 261, 2587, 2587, 3840, 3840, 3840, 5900, 5900, 6622, 6622, 8028, 8028, 8028, 10328, 10328, 11314, 11314, 13911, 13911, 15988, 15988, 16961, 16961, 16961, 19075, 19075, 19394, 20679, 21797, 21797, 22566, 22642, 22642, 22642, 33376, 43085, 52836, 62974, 62974, 66690, 83282, 99249, 99249, 105385, 111365, 111365, 113093, 114270, 114270, 114502, 116607, 119642, 129529, 139526, 147002, 147002, 147002, 167046, 173739], "y": ["Dorolisa", "Leora", "Phil", "Pennie", "Sashenka", "Ailene", "Vittoria", "Nanete", "Jayme", "Almira", "Charlean", "Pearl", "Fania", "Benedetta", "Lilian", "Darsey", "Andra", "Michele", "Lorie", "Kippy", "Sharl", "Hayley", "Leda", "Misha", "Bathsheba", "Opal", "Abagail", "Shay", "Grayce", "Casandra", "Hyacinthie", "Corinne", "Cris", "Poppy", "Berta", "Mirilla", "Cory", "Greta", "Brina", "Angela", "Ada", "Vernice", "Anjela", "Bernadette", "Joycelin", "Viv", "Claudelle", "Austina", "Jenny", "Valeda", "Edi", "Cleo", "Adelind", "Maia", "Del", "Corenda", "Leia", "Hedvige", "Wandie", "Angie", "Loralie"], "cumulative y": [0, 1, 2, 3, 4, 5, 6, 7, 8, 9, 10, 11, 12, 13, 14, 15, 16, 17, 18, 19, 20, 21, 22, 23, 24, 25, 26, 27, 28, 29, 30, 31, 32, 33, 34, 35, 36, 37, 38, 39, 40, 41, 42, 43, 44, 45, 46, 47, 48, 49, 50, 51, 52, 53, 54, 55, 56, 57, 58, 59, 60], "total events": 61}, "Vulnerabilities Exploited": {"record name": "Vulnerabilities Exploited", "x": [187, 235, 673, 673, 1210, 2542, 2542, 2542, 2542, 2542, 2542, 2542, 2542, 2542, 2542, 2840, 3084, 3084, 3239, 3343, 3343, 3840, 3840, 3840, 3840, 3840, 4430, 4430, 4430, 4430, 4604, 4716, 5207, 6622, 6622, 7219, 7219, 7219, 7219, 7924, 10090, 10090, 10328, 10928, 11556, 11556, 11556, 11556, 13159, 13159, 13159, 14294, 14294, 14294, 14836, 14836, 15517, 15517, 15517, 16556, 18034, 19075, 19075, 19075, 19075, 21386, 23011, 25720, 28452, 30863, 32567, 33485, 33805, 33805, 33805, 36421, 36812, 37859, 37859, 37859, 37859, 38519, 42205, 48381, 49927, 51648, 51648, 51648, 55713, 59836, 62974, 66399, 84095, 88754, 88754, 88754, 88754, 88754, 88754, 88754, 90068, 91298, 92624, 92624, 92624, 92624, 92624, 94581, 97433, 97433, 103158, 103158, 103158, 112679, 113551, 113911, 114270, 114502, 114502, 114502, 121101, 123466, 165087, 172531, 189490, 195266, 202851, 214418, 217478], "cumulative exploited vulns": [0, 1, 2, 3, 4, 5, 6, 7, 8, 9, 10, 11, 12, 13, 14, 15, 16, 17, 18, 19, 20, 21, 22, 23, 24, 25, 26, 27, 28, 29, 30, 31, 32, 33, 34, 35, 36, 37, 38, 39, 40, 41, 42, 43, 44, 45, 46, 47, 48, 49, 50, 51, 52, 53, 54, 55, 56, 57, 58, 59, 60, 61, 62, 63, 64, 65, 66, 67, 68, 69, 70, 71, 72, 73, 74, 75, 76, 77, 78, 79, 80, 81, 82, 83, 84, 85, 86, 87, 88, 89, 90, 91, 92, 93, 94, 95, 96, 97, 98, 99, 100, 101, 102, 103, 104, 105, 106, 107, 108, 109, 110, 111, 112, 113, 114, 115, 116, 117, 118, 119, 120, 121, 122, 123, 124, 125, 126, 127, 128],