{"Total Initial Vulnerabilities": 677, "Initial Vulns Per OS": {"ubuntu": {"20.04": 9, "16.04": 34, "18.04": 21, "14.04": 38, "12.04": 21, "10.04": 25}, "freebsd": {"9": 48, "11": 9, "10": 37, "12": 22, "13": 17, "8": 52}, "centos": {"8": 9, "6": 23, "5": 34, "4": 26, "3": 81, "7": 23}, "windows": {"10": 16, "8.1": 33, "7": 33, "8": 21, "vista": 23, "xp": 22}}, "Average Initial RoA Per OS": {"ubuntu": {"20.04": 0.01362899808771279, "16.04": 0.04052124001018121, "18.04": 0.024491487471856848, "14.04": 0.04941091113600582, "12.04": 0.03027484957075892, "10.04": 0.030385729796079487}, "freebsd": {"9": 0.042893411942229724, "11": 0.042498441585166156, "10": 0.048928823728169625, "12": 0.047932107205048965, "13": 0.057381884752143605, "8": 0.07597445761520441}, "centos": {"8": 0.030318504633112753, "6": 0.04871149952957237, "5": 0.052182036639411775, "4": 0.05008786675615146, "3": 0.03808016447622212, "7": 0.02329483403311208}, "windows": {"10": 0.03993868131305932, "8.1": 0.05957438223900493, "7": 0.027672515632382457, "8": 0.048207390706758974, "vista": 0.02521871909208633, "xp": 0.037061640687329415}}, "OS Types In Initial Network": {"ubuntu 20.04": 16, "freebsd 11": 6, "centos 6": 12, "freebsd 9": 7, "ubuntu 16.04": 13, "centos 8": 10, "windows 10": 15, "windows 8.1": 12, "freebsd 13": 18, "ubuntu 18.04": 7, "centos 5": 7, "ubuntu 14.04": 8, "freebsd 10": 9, "windows 7": 7, "ubuntu 12.04": 6, "centos 4": 6, "ubuntu 10.04": 1, "centos 3": 4, "windows 8": 7, "centos 7": 9, "freebsd 12": 12, "windows vista": 4, "freebsd 8": 3, "windows xp": 1}, "Initial Hosts Without Vulnerabilities": 47, "Host Compromises": {"record name": "Host Compromises", "x": [8746, 13856, 14004, 19668, 20195, 21465, 21516, 167089, 171363, 175846, 176812, 209677, 228020], "y": ["ubuntu 16.04", "centos 3", "windows 8", "freebsd 9", "centos 4", "ubuntu 10.04", "windows vista", "freebsd 10", "freebsd 13", "ubuntu 20.04", "ubuntu 14.04", "ubuntu 18.04", "freebsd 11"], "cumulative y": [0, 1, 2, 3, 4, 5, 6, 7, 8, 9, 10, 11, 12], "total events": 13}, "Vuln Compromises": {"record name": "Vuln Compromises", "x": [8746, 13856, 14004, 19668, 20195, 21465, 21516], "y": ["ubuntu 16.04", "centos 3", "windows 8", "freebsd 9", "centos 4", "ubuntu 10.04", "windows vista"], "cumulative y": [0, 1, 2, 3, 4, 5, 6], "total events": 7}, "Reuse Password Compromises": {"record name": "Reuse Password Compromises", "x": [171363, 175846, 176812], "y": ["freebsd 13", "ubuntu 20.04", "ubuntu 14.04"], "cumulative y": [0, 1, 2], "total events": 3}, "Password Spray Compromises": {"record name": "Password Spray Compromises", "x": [167089, 209677, 228020], "y": ["freebsd 10", "ubuntu 18.04", "freebsd 11"], "cumulative y": [0, 1, 2], "total events": 3}, "User Account Leaks": {"record name": "User Account Has Been Leaked By Compromise", "x": [8746, 8746, 8746, 13856, 13856, 13856, 14004, 14004, 14004, 19668, 19668, 19668, 20195, 20195, 21465, 21465, 21516, 21516, 167089, 167089, 171363, 171363, 175846, 175846, 176812, 209677, 209677, 228020, 228020], "y": ["Maegan", "Zulema", "Jaime", "Lola", "Betty", "Donnie", "Michaella", "Blithe", "Jinny", "Collete", "Kial", "Kristin", "Hannis", "Selma", "Johannah", "Whitney", "Christen", "Christina", "Harriot", "Jamima", "Theresina", "Bert", "Andie", "Maible", "Dasie", "Violet", "Anna-Diane", "Mariette", "Danyette"], "cumulative y": [0, 1, 2, 3, 4, 5, 6, 7, 8, 9, 10, 11, 12, 13, 14, 15, 16, 17, 18, 19, 20, 21, 22, 23, 24, 25, 26, 27, 28], "total events": 29}, "Vulnerabilities Exploited": {"record name": "Vulnerabilities Exploited", "x": [105, 492, 492, 894, 1032, 1499, 1940, 1940, 1995, 2044, 2783, 2783, 2783, 2952, 2952, 3011, 3282, 3835, 3835, 3835, 3937, 3980, 4880, 4880, 4880, 4931, 5209, 5375, 5375, 6287, 6287, 6287, 6287, 6287, 7226, 7226, 7226, 7226, 7226, 7226, 7418, 7466, 7682, 8082, 8450, 8450, 8969, 9024, 9390, 9390, 10338, 10391, 10565, 10565, 10750, 10750, 11060, 11878, 11878, 12081, 12362, 13095, 13095, 13152, 13856, 16104, 17276, 19668, 19668, 19668, 19668, 19668, 20195, 21465, 21465, 21465, 21465, 21465, 22787, 23495, 26768, 28537, 30262, 32402, 36871, 39402, 42221, 44709, 45353, 95632, 114919, 169221, 172227, 181391, 186964, 198793, 228107], "cumulative exploited vulns": [0, 1, 2, 3, 4, 5, 6, 7, 8, 9, 10, 11, 12, 13, 14, 15, 16, 17, 18, 19, 20, 21, 22, 23, 24, 25, 26, 27, 28, 29, 30, 31, 32, 33, 34, 35, 36, 37, 38, 39, 40, 41, 42, 43, 44, 45, 46, 47, 48, 49, 50, 51, 52, 53, 54, 55, 56, 57, 58, 59, 60, 61, 62, 63, 64, 65, 66, 67, 68, 69, 70, 71, 72, 73, 74, 75, 76, 77, 78, 79, 80, 81, 82, 83, 84, 85, 86, 87, 88, 89, 90, 91, 92, 93, 94, 95, 96], "roa": [0.07493774613741236, 0.29589539922960434, 0.23598993112675903, 0.5166269898930836, 0.42406234166587825, 0.07627173588723214, 0.5726369239494055, 0.39777028650016605, 0.07198206762078195, 0.04643143712975318, 0.6937609743213933, 0.4856763650949075, 0.3985413298166597, 0.15045644144666, 0.03309621335410012, 0.4230757225326965, 0.11436646266621611, 0.3086397930843812, 0.38022861295969024, 0.028589866421314447, 0.7099915718100176, 0.2722044445413327, 0.4378850253615899, 0.6880628313710749, 0.3990857185423745, 0.02717764995728302, 0.21431711386840707, 0.2893243770999977, 0.4581970647369492, 0.15364961778383152, 0.3411911991574573, 0.11444381712461064, 0.2880801933493396, 0.13388973851910918, 0.32169934771652764, 0.04291836334877309, 0.2883995025140182, 0.07802401883575232, 0.25693594211627, 0.10954889726932793, 0.49278908825508827, 0.07231569644506251, 0.10630691635276028, 0.025030275222189074, 0.4721488316199447, 0.05848548065704706, 0.03450216293514026, 0.46709138133732697, 0.22813131357081012, 0.09756432838641137, 0.3723425084081217, 0.057280353753347044, 0.210112257205344, 0.2494030538833521, 0.5460996185884754, 0.1202394736040557, 0.008869633762935134, 0.36505922316659906, 0.5201382946923162, 0.21058156346576795, 0.4949634978039471, 0.11278849053929625, 0.0065042454149176945, 0.5802372766846617, 0.046689139180320784, 0.3324217402645574, 0.2763192639408659, 0.12114761388972355, 0.12114761388972355, 0.29472237461336537, 0.17182608227164545, 0.5572410591067338, 0.4549205329355557, 0.3451283407190152, 0.28519920985525105, 0.36880067458754284, 0.31517348204659884, 0.14928067987394295, 0.26992756974447785, 0.025521621324457393, 0.385741243916204, 0.06592251399412397, 0.14363863724772555, 0.03331747766143293, 0.14232646714848574, 0.09358710741403471, 0.1563707182743535, 0.11172450028945993, 0.134743872528426, 0.027047297054392756, 0.08608908289598433, 0.01514442048154574, 0.402761943827947, 0.45266678145996675, 0.010048603996225862, 0.0142936068128625, 0.5526168751260694],