{"Total Initial Vulnerabilities": 642, "Initial Vulns Per OS": {"freebsd": {"10": 27, "13": 6, "9": 56, "11": 11, "12": 23, "8": 36}, "windows": {"8.1": 30, "10": 13, "7": 30, "8": 23, "xp": 15}, "centos": {"8": 12, "7": 41, "5": 23, "3": 96, "6": 37, "4": 37}, "ubuntu": {"18.04": 35, "16.04": 28, "20.04": 8, "14.04": 20, "12.04": 13, "10.04": 22}}, "Average Initial RoA Per OS": {"freebsd": {"10": 0.033734638760613965, "13": 0.023084213583980707, "9": 0.027513233763384565, "11": 0.05253173187787343, "12": 0.04054905720550212, "8": 0.052383052354684295}, "windows": {"8.1": 0.050908390036080116, "10": 0.03433381996181564, "7": 0.060501419858499404, "8": 0.0614214978032217, "xp": 0.027081172937269124}, "centos": {"8": 0.02989401826164492, "7": 0.07113450262510897, "5": 0.07276611794480385, "3": 0.05651150577756157, "6": 0.044376056834162125, "4": 0.05015399107736308}, "ubuntu": {"18.04": 0.04233063724133883, "16.04": 0.04795612132523476, "20.04": 0.01661261215338694, "14.04": 0.03262039764270638, "12.04": 0.01527682121268751, "10.04": 0.06523293068748104}}, "OS Types In Initial Network": {"freebsd 10": 6, "windows 8.1": 10, "centos 8": 23, "ubuntu 20.04": 10, "centos 7": 16, "windows 10": 16, "freebsd 13": 15, "ubuntu 18.04": 12, "windows 7": 5, "centos 5": 5, "centos 3": 3, "centos 6": 12, "centos 4": 7, "freebsd 9": 9, "ubuntu 16.04": 9, "windows 8": 7, "ubuntu 14.04": 8, "freebsd 11": 9, "ubuntu 12.04": 5, "freebsd 12": 8, "windows vista": 1, "windows xp": 1, "ubuntu 10.04": 2, "freebsd 8": 1}, "Initial Hosts Without Vulnerabilities": 52, "Host Compromises": {"record name": "Host Compromises", "x": [1743, 6178, 7776, 8503, 9725, 13444, 19564, 23343, 35123, 46231, 50788, 55619, 124988, 233571], "y": ["centos 5", "freebsd 9", "centos 4", "freebsd 12", "ubuntu 16.04", "centos 3", "windows 10", "ubuntu 18.04", "freebsd 9", "windows 7", "freebsd 10", "ubuntu 18.04", "centos 7", "windows vista"], "cumulative y": [0, 1, 2, 3, 4, 5, 6, 7, 8, 9, 10, 11, 12, 13], "total events": 14}, "Vuln Compromises": {"record name": "Vuln Compromises", "x": [1743, 6178, 7776, 8503, 9725, 13444, 23343, 35123, 50788], "y": ["centos 5", "freebsd 9", "centos 4", "freebsd 12", "ubuntu 16.04", "centos 3", "ubuntu 18.04", "freebsd 9", "freebsd 10"], "cumulative y": [0, 1, 2, 3, 4, 5, 6, 7, 8], "total events": 9}, "Reuse Password Compromises": {"record name": "Reuse Password Compromises", "x": [], "y": [], "cumulative y": [], "total events": 0}, "Password Spray Compromises": {"record name": "Password Spray Compromises", "x": [19564, 46231, 55619, 124988, 233571], "y": ["windows 10", "windows 7", "ubuntu 18.04", "centos 7", "windows vista"], "cumulative y": [0, 1, 2, 3, 4], "total events": 5}, "User Account Leaks": {"record name": "User Account Has Been Leaked By Compromise", "x": [1743, 1743, 1743, 6178, 6178, 7776, 7776, 7776, 8503, 8503, 9725, 9725, 13444, 13444, 13444, 19564, 23343, 23343, 23343, 35123, 35123, 46231, 46231, 50788, 50788, 55619, 124988, 233571], "y": ["Fae", "Eadith", "Marcia", "Abra", "Fred", "Myrle", "Malva", "Olivette", "Darell", "Emlynn", "Eadie", "Amy", "Deni", "Sallyann", "Rowe", "Hermia", "Jenelle", "Emelia", "Alfy", "Abigael", "Joanna", "Hermine", "Bonita", "Shelby", "Deonne", "Monika", "Jennette", "Saba"], "cumulative y": [0, 1, 2, 3, 4, 5, 6, 7, 8, 9, 10, 11, 12, 13, 14, 15, 16, 17, 18, 19, 20, 21, 22, 23, 24, 25, 26, 27], "total events": 28}, "Vulnerabilities Exploited": {"record name": "Vulnerabilities Exploited", "x": [83, 396, 492, 556, 615, 1561, 1561, 1561, 1561, 1561, 1561, 1561, 1743, 1743, 3150, 3150, 3150, 3150, 3150, 3150, 3150, 3150, 3150, 3150, 3150, 3150, 3150, 3150, 3150, 3150, 3150, 3439, 3439, 3439, 3783, 3783, 3840, 4165, 4165, 4165, 4573, 4573, 5218, 5218, 6178, 6178, 6741, 6933, 7007, 7776, 7776, 8302, 8302, 8302, 8503, 8503, 8503, 8901, 9725, 13444, 13444, 13444, 13444, 13444, 13444, 13444, 13444, 13444, 15018, 15424, 15424, 15424, 17001, 18823, 21291, 22300, 22300, 22678, 22823, 23033, 23343, 24943, 26126, 26432, 29597, 31280, 35123, 35123, 39145, 42668, 42668, 50788, 96083, 124675, 138656], "cumulative exploited vulns": [0, 1, 2, 3, 4, 5, 6, 7, 8, 9, 10, 11, 12, 13, 14, 15, 16, 17, 18, 19, 20, 21, 22, 23, 24, 25, 26, 27, 28, 29, 30, 31, 32, 33, 34, 35, 36, 37, 38, 39, 40, 41, 42, 43, 44, 45, 46, 47, 48, 49, 50, 51, 52, 53, 54, 55, 56, 57, 58, 59, 60, 61, 62, 63, 64, 65, 66, 67, 68, 69, 70, 71, 72, 73, 74, 75, 76, 77, 78, 79, 80, 81, 82, 83, 84, 85, 86, 87, 88, 89, 90, 91, 92, 93, 94], "roa": [0.3226014038380925, 0.45880399125640575, 0.054500465913683405, 0.06245693431475792, 0.06912462055534203, 0.3296420634651048, 0.33521858587923525, 0.4881987256883688, 0.18718871076037924, 0.04608797503716556, 0.08516175257122764, 0.08313971018986115, 0.8631945505625144, 0.7198330309191352, 0.12539186153934231, 0.049396315379347855, 0.8491094493501748, 0.7336864660947173, 0.2358293957707446, 0.8028816736971367, 0.6779039069559776, 0.01885436552123996, 0.2263093726763108, 0.1425494208109424, 0.3837342191975831, 0.15403111961616936, 0.05700147902193549, 0.35774368002910567, 0.3931867288316896, 0.27304440989592116, 0.21988746060957123, 0.3356667988873834, 0.15988752507728562, 0.029852504179650637, 0.17882307499464764, 0.4502884569072922, 0.33378614656565875, 0.6485666794693953, 0.31749415548684895, 0.1154047875358373, 0.4515967043355699, 0.47718821478515494, 0.33078622136911784, 0.07571422815750836, 0.3526110798872055, 0.5010263979441085, 0.27766136266342456, 0.14300517331901658, 0.5020697614132372, 0.10263081065595965, 0.12839882209621434, 0.2905571603225173, 0.10496365690031455, 0.07812311933518527, 0.6373195223263298, 0.05018833665678283, 0.00626825729957637, 0.21727471234336818, 0.017182892896941356, 0.11963412222522321, 0.10629775497274278, 0.020174065279836877, 0.5196782839620913, 0.47352666531067567, 0.14558388213710516, 0.2603433432141139, 0.28421536751799875, 0.01755838080249772, 0.11203307465987863, 0.22452090280818746, 0.22452090280818746, 0.05702617715396422, 0.08502081590197293, 0.15841497961522116, 0.2780908882017839, 0.06270283105108408, 0.2759808092598124, 0.061096047316275236, 0.09510626331860647, 0.006253431747090102, 0.678450978470473, 0.49112283032687304, 0.12181970372621301, 0.00036751191730088027, 0.1560091163714807, 0.12310735852400953, 0.31906724216200477, 0.013244205440961498, 0.13508758173519403, 0.043811036690964214, 0.043811036690964214, 0.6647575312784866, 0.010056958265860859, 0.05580643880431139, 0.020214873620838174],