{"Total Initial Vulnerabilities": 592, "Initial Vulns Per OS": {"freebsd": {"13": 5, "11": 31, "12": 43, "9": 17, "10": 29, "8": 6}, "ubuntu": {"14.04": 23, "18.04": 26, "16.04": 33, "20.04": 8, "10.04": 43, "12.04": 31}, "centos": {"4": 40, "6": 33, "8": 13, "5": 38, "3": 26, "7": 10}, "windows": {"10": 17, "8.1": 15, "7": 35, "8": 23, "vista": 1, "xp": 46}}, "Average Initial RoA Per OS": {"freebsd": {"13": 0.02707369917788536, "11": 0.06677662189046961, "12": 0.061200760745075876, "9": 0.12668595410343023, "10": 0.07873598593139995, "8": 0.0907861581525272}, "ubuntu": {"14.04": 0.02823553087342256, "18.04": 0.059369411070243135, "16.04": 0.07468017574673727, "20.04": 0.035239802695343936, "10.04": 0.06798276827613256, "12.04": 0.04625903105468122}, "centos": {"4": 0.07658318504577902, "6": 0.04485804971519858, "8": 0.04645434212837783, "5": 0.039310472454493, "3": 0.04952409758514439, "7": 0.04043991681182222}, "windows": {"10": 0.08122628951549382, "8.1": 0.044608270423832745, "7": 0.08825387996723918, "8": 0.02671240612706026, "vista": 0.0095590214689756, "xp": 0.0391168109560491}}, "OS Types In Initial Network": {"freebsd 13": 18, "freebsd 11": 9, "centos 8": 13, "ubuntu 14.04": 8, "windows 8": 10, "freebsd 12": 16, "centos 4": 10, "windows 10": 13, "windows 8.1": 10, "windows 7": 8, "centos 6": 11, "ubuntu 18.04": 14, "freebsd 9": 4, "ubuntu 16.04": 10, "freebsd 10": 8, "ubuntu 20.04": 10, "centos 5": 10, "ubuntu 10.04": 2, "ubuntu 12.04": 5, "freebsd 8": 1, "centos 3": 1, "centos 7": 6, "windows vista": 1, "windows xp": 2}, "Initial Hosts Without Vulnerabilities": 37, "Host Compromises": {"record name": "Host Compromises", "x": [3152, 3678, 4361, 6096, 9015, 9111, 10462, 10634, 11671, 11946, 12411, 12521, 13235, 13969, 15349, 15418, 18233, 19147, 28823, 29312, 30663, 33372, 33999, 34956, 35885, 38941, 43387, 50538, 50954, 55736, 66157, 66629, 67382, 70197, 78740, 80003, 80555, 81330, 85348, 86928, 87027, 119869, 122278, 123442, 124787, 127945, 132244, 133902, 138624, 150958, 154730, 171725, 177679, 184110, 197460, 206637, 219117, 219204, 227195, 231501], "y": ["freebsd 10", "ubuntu 20.04", "centos 5", "freebsd 13", "windows 7", "centos 4", "windows 10", "freebsd 10", "ubuntu 18.04", "ubuntu 20.04", "freebsd 10", "ubuntu 20.04", "windows 10", "windows 10", "windows 8", "ubuntu 18.04", "ubuntu 10.04", "freebsd 13", "ubuntu 18.04", "centos 4", "ubuntu 16.04", "ubuntu 16.04", "freebsd 9", "ubuntu 18.04", "ubuntu 20.04", "windows xp", "windows 10", "centos 5", "windows 8", "freebsd 13", "freebsd 12", "centos 4", "windows xp", "centos 8", "ubuntu 12.04", "centos 8", "freebsd 13", "freebsd 10", "centos 5", "centos 6", "ubuntu 18.04", "centos 7", "freebsd 10", "ubuntu 16.04", "windows 8.1", "centos 8", "freebsd 11", "centos 6", "windows 7", "freebsd 11", "ubuntu 18.04", "freebsd 12", "centos 5", "ubuntu 14.04", "freebsd 13", "freebsd 12", "ubuntu 14.04", "centos 5", "ubuntu 12.04", "windows 8"], "cumulative y": [0, 1, 2, 3, 4, 5, 6, 7, 8, 9, 10, 11, 12, 13, 14, 15, 16, 17, 18, 19, 20, 21, 22, 23, 24, 25, 26, 27, 28, 29, 30, 31, 32, 33, 34, 35, 36, 37, 38, 39, 40, 41, 42, 43, 44, 45, 46, 47, 48, 49, 50, 51, 52, 53, 54, 55, 56, 57, 58, 59], "total events": 60}, "Vuln Compromises": {"record name": "Vuln Compromises", "x": [3152, 3678, 4361, 6096, 9015, 9111, 10634, 11671, 15418, 18233, 28823, 30663, 33372, 38941, 50954, 66629, 67382, 80003, 81330, 85348, 86928, 122278, 138624, 219117, 231501], "y": ["freebsd 10", "ubuntu 20.04", "centos 5", "freebsd 13", "windows 7", "centos 4", "freebsd 10", "ubuntu 18.04", "ubuntu 18.04", "ubuntu 10.04", "ubuntu 18.04", "ubuntu 16.04", "ubuntu 16.04", "windows xp", "windows 8", "centos 4", "windows xp", "centos 8", "freebsd 10", "centos 5", "centos 6", "freebsd 10", "windows 7", "ubuntu 14.04", "windows 8"], "cumulative y": [0, 1, 2, 3, 4, 5, 6, 7, 8, 9, 10, 11, 12, 13, 14, 15, 16, 17, 18, 19, 20, 21, 22, 23, 24], "total events": 25}, "Reuse Password Compromises": {"record name": "Reuse Password Compromises", "x": [10462, 11946, 12411, 12521, 13235, 13969, 15349, 19147, 29312, 33999, 34956, 35885, 43387, 50538, 55736, 66157, 70197, 78740, 80555, 87027, 119869, 123442, 124787, 127945, 132244, 133902, 150958, 154730, 171725, 177679, 184110, 197460, 206637, 219204, 227195], "y": ["windows 10", "ubuntu 20.04", "freebsd 10", "ubuntu 20.04", "windows 10", "windows 10", "windows 8", "freebsd 13", "centos 4", "freebsd 9", "ubuntu 18.04", "ubuntu 20.04", "windows 10", "centos 5", "freebsd 13", "freebsd 12", "centos 8", "ubuntu 12.04", "freebsd 13", "ubuntu 18.04", "centos 7", "ubuntu 16.04", "windows 8.1", "centos 8", "freebsd 11", "centos 6", "freebsd 11", "ubuntu 18.04", "freebsd 12", "centos 5", "ubuntu 14.04", "freebsd 13", "freebsd 12", "centos 5", "ubuntu 12.04"], "cumulative y": [0, 1, 2, 3, 4, 5, 6, 7, 8, 9, 10, 11, 12, 13, 14, 15, 16, 17, 18, 19, 20, 21, 22, 23, 24, 25, 26, 27, 28, 29, 30, 31, 32, 33, 34], "total events": 35}, "Password Spray Compromises": {"record name": "Password Spray Compromises", "x": [], "y": [], "cumulative y": [], "total events": 0}, "User Account Leaks": {"record name": "User Account Has Been Leaked By Compromise", "x": [3152, 3152, 3152, 3678, 3678, 3678, 4361, 4361, 6096, 6096, 6096, 9015, 9015, 9015, 9111, 9111, 9111, 10462, 10634, 10634, 10634, 11671, 11671, 11671, 11946, 11946, 12411, 13235, 15349, 15418, 15418, 18233, 18233, 18233, 28823, 29312, 30663, 33372, 35885, 38941, 50954, 50954, 50954, 66629, 67382, 70197, 80555, 85348, 85348, 86928, 119869, 123442, 127945, 150958, 177679, 231501, 231501], "y": ["Kris", "Selinda", "Stacy", "Dael", "Lindsay", "Penelopa", "Shaylynn", "Denna", "Melisa", "Tatiania", "Kerrill", "Sisely", "Sheri", "Maren", "Cherye", "Viva", "Hedvig", "Jolynn", "Christiana", "Candice", "Devonne", "Katerina", "Maridel", "Auria", "Timmy", "Doll", "Shelly", "Merilee", "Kitty", "Lissi", "Andra", "Jennilee", "Rebbecca", "Emylee", "Harmony", "Margalit", "Lora", "Harri", "Darell", "Dayna", "Samara", "Celle", "Kira", "Dix", "Chery", "Roby", "Chad", "Goldie", "Adelind", "Babita", "Maire", "Sonja", "Sofia", "Bobina", "Sophronia", "Ola", "Penny"], "cumulative y": [0, 1, 2, 3, 4, 5, 6, 7, 8, 9, 10, 11, 12, 13, 14, 15, 16, 17, 18, 19, 20, 21, 22, 23, 24, 25, 26, 27, 28, 29, 30, 31, 32, 33, 34, 35, 36, 37, 38, 39, 40, 41, 42, 43, 44, 45, 46, 47, 48, 49, 50, 51, 52, 53, 54, 55, 56], "total events": 57}, "Vulnerabilities Exploited": {"record name": "Vulnerabilities Exploited", "x": [280, 280, 388, 705, 867, 1222, 1222, 1501, 2097, 2824, 2824, 3152, 3152, 3378, 3378, 4126, 4126, 4126, 4284, 4361, 5162, 6096, 7524, 7524, 7826, 9015, 9111, 10634, 11477, 11773, 12799, 13745, 14366, 14366, 14950, 18233, 18233, 18233, 18233, 18233, 18233, 18233, 18233, 18233, 18233, 20108, 20541, 21933, 21933, 23901, 26027, 27033, 27033, 27321, 27321, 28823, 29044, 30663, 30663, 30663, 33372, 35620, 35620, 35620, 36595, 36595, 36595, 36595, 38941, 38941, 38941, 38941, 38941, 38941, 38941, 38941, 38941, 46489, 50250, 56517, 57468, 57468, 58967, 58967, 64829, 66302, 66302, 66302, 66629, 67382, 67382, 67382, 68856, 78149, 81330, 85348, 89121, 120040, 120040, 122278, 122278, 122278, 122278, 130339, 130733, 137640, 209932, 209932, 210551, 210551, 210551, 231501, 243717, 244143], "cumulative exploited vulns": [0, 1, 2, 3, 4, 5, 6, 7, 8, 9, 10, 11, 12, 13, 14, 15, 16, 17, 18, 19, 20, 21, 22, 23, 24, 25, 26, 27, 28, 29, 30, 31, 32, 33, 34, 35, 36, 37, 38, 39, 40, 41, 42, 43, 44, 45, 46, 47, 48, 49, 50, 51, 52, 53, 54, 55, 56, 57, 58, 59, 60, 61, 62, 63, 64, 65, 66, 67, 68, 69, 70, 71, 72, 73, 74, 75, 76, 77, 78, 79, 80, 81, 82, 83, 84, 85, 86, 87, 88, 89, 90, 91, 92, 93, 94, 95, 96, 97, 98, 99, 100, 101, 102, 103, 104, 105, 106, 107, 108, 109, 110, 111, 112, 113],