{"Total Initial Vulnerabilities": 850, "Initial Vulns Per OS": {"freebsd": {"11": 16, "12": 23, "8": 118, "10": 40, "13": 10, "9": 25}, "windows": {"8.1": 28, "7": 63, "10": 9, "8": 26, "vista": 47, "xp": 53}, "centos": {"7": 15, "4": 42, "8": 12, "5": 34, "3": 81, "6": 35}, "ubuntu": {"18.04": 36, "16.04": 21, "14.04": 39, "20.04": 11, "10.04": 49, "12.04": 17}}, "Average Initial RoA Per OS": {"freebsd": {"11": 0.07973178552003159, "12": 0.02694975711073317, "8": 0.04876554787452752, "10": 0.08640488969161388, "13": 0.026095159107568655, "9": 0.03438050309022702}, "windows": {"8.1": 0.04289795557841834, "7": 0.08507162669129567, "10": 0.03451355522653695, "8": 0.06353198110770056, "vista": 0.07883345226595774, "xp": 0.050615840304348014}, "centos": {"7": 0.012404882560499533, "4": 0.07090161153645809, "8": 0.0302861206911585, "5": 0.07811253134213576, "3": 0.03663836163416567, "6": 0.030405460792138416}, "ubuntu": {"18.04": 0.031159048487616095, "16.04": 0.02882006002841761, "14.04": 0.07476826288685813, "20.04": 0.032073954612095355, "10.04": 0.05793889427053572, "12.04": 0.08414165496551744}}, "OS Types In Initial Network": {"freebsd 11": 5, "windows 8.1": 12, "windows 7": 14, "windows 10": 14, "windows 8": 9, "centos 7": 7, "freebsd 12": 10, "centos 4": 6, "freebsd 13": 15, "centos 8": 17, "ubuntu 18.04": 12, "windows vista": 7, "ubuntu 16.04": 8, "freebsd 8": 4, "freebsd 10": 9, "ubuntu 14.04": 7, "centos 5": 6, "ubuntu 20.04": 14, "freebsd 9": 4, "centos 3": 3, "centos 6": 10, "ubuntu 10.04": 2, "ubuntu 12.04": 2, "windows xp": 3}, "Initial Hosts Without Vulnerabilities": 42, "Host Compromises": {"record name": "Host Compromises", "x": [394, 4206, 7456, 7933, 10175, 11364, 14000, 15266, 16403, 16458, 17753, 20562, 22310, 22982, 23052, 25513, 25587, 30689, 50692, 52832, 67315, 84033, 91672, 92308, 103628, 104908, 111507, 111615, 136231, 136686, 138397, 138826, 142944, 155666, 204943], "y": ["windows 7", "freebsd 8", "centos 4", "ubuntu 12.04", "freebsd 11", "freebsd 12", "ubuntu 20.04", "freebsd 11", "windows 7", "windows 8", "centos 4", "windows vista", "windows 7", "freebsd 10", "freebsd 13", "freebsd 13", "ubuntu 18.04", "windows 10", "freebsd 12", "centos 7", "windows 8.1", "windows 8", "freebsd 13", "freebsd 8", "windows 8", "ubuntu 10.04", "windows 8.1", "ubuntu 20.04", "ubuntu 20.04", "ubuntu 12.04", "windows 8.1", "windows 7", "centos 3", "centos 8", "freebsd 10"], "cumulative y": [0, 1, 2, 3, 4, 5, 6, 7, 8, 9, 10, 11, 12, 13, 14, 15, 16, 17, 18, 19, 20, 21, 22, 23, 24, 25, 26, 27, 28, 29, 30, 31, 32, 33, 34], "total events": 35}, "Vuln Compromises": {"record name": "Vuln Compromises", "x": [394, 4206, 7456, 7933, 10175, 16403, 22310, 50692, 52832, 67315, 84033, 92308, 104908, 111615, 136686, 138397, 142944], "y": ["windows 7", "freebsd 8", "centos 4", "ubuntu 12.04", "freebsd 11", "windows 7", "windows 7", "freebsd 12", "centos 7", "windows 8.1", "windows 8", "freebsd 8", "ubuntu 10.04", "ubuntu 20.04", "ubuntu 12.04", "windows 8.1", "centos 3"], "cumulative y": [0, 1, 2, 3, 4, 5, 6, 7, 8, 9, 10, 11, 12, 13, 14, 15, 16], "total events": 17}, "Reuse Password Compromises": {"record name": "Reuse Password Compromises", "x": [14000, 15266, 16458, 17753, 20562, 22982, 23052, 25513, 25587, 30689, 111507, 138826], "y": ["ubuntu 20.04", "freebsd 11", "windows 8", "centos 4", "windows vista", "freebsd 10", "freebsd 13", "freebsd 13", "ubuntu 18.04", "windows 10", "windows 8.1", "windows 7"], "cumulative y": [0, 1, 2, 3, 4, 5, 6, 7, 8, 9, 10, 11], "total events": 12}, "Password Spray Compromises": {"record name": "Password Spray Compromises", "x": [11364, 91672, 103628, 136231, 155666, 204943], "y": ["freebsd 12", "freebsd 13", "windows 8", "ubuntu 20.04", "centos 8", "freebsd 10"], "cumulative y": [0, 1, 2, 3, 4, 5], "total events": 6}, "User Account Leaks": {"record name": "User Account Has Been Leaked By Compromise", "x": [394, 394, 394, 4206, 4206, 4206, 7456, 7456, 7456, 7933, 7933, 7933, 10175, 10175, 10175, 11364, 11364, 14000, 14000, 15266, 15266, 16403, 16458, 17753, 20562, 22310, 22982, 25513, 25587, 30689, 30689, 50692, 52832, 52832, 67315, 84033, 91672, 92308, 103628, 104908, 111507, 111615, 136231, 136686, 136686, 138397, 138397, 142944], "y": ["Dacia", "Gwenora", "Prudy", "Cate", "Morissa", "Hetti", "Feodora", "Edeline", "Laura", "Mirna", "Carlotta", "Rhianna", "Whitney", "Jori", "Alverta", "Angelia", "Stephana", "Gwennie", "Willie", "Dodie", "Berti", "Aggy", "Davita", "Mala", "Lacey", "Barbara-Anne", "Kerrie", "Roxanne", "Felita", "Amity", "Katlin", "Reiko", "Pollyanna", "Adelle", "Lebbie", "Glenn", "Bendite", "Aline", "Beverie", "Costanza", "Alisa", "Zarah", "Robinet", "Bree", "George", "Kacy", "Marleen", "Jojo"], "cumulative y": [0, 1, 2, 3, 4, 5, 6, 7, 8, 9, 10, 11, 12, 13, 14, 15, 16, 17, 18, 19, 20, 21, 22, 23, 24, 25, 26, 27, 28, 29, 30, 31, 32, 33, 34, 35, 36, 37, 38, 39, 40, 41, 42, 43, 44, 45, 46, 47], "total events": 48}, "Vulnerabilities Exploited": {"record name": "Vulnerabilities Exploited", "x": [102, 344, 344, 394, 681, 1060, 1060, 1060, 1226, 1398, 1661, 2006, 2183, 2416, 3487, 4206, 4206, 4206, 4206, 4206, 4206, 4206, 4206, 4206, 4462, 4462, 4462, 4462, 4462, 4537, 4738, 4738, 4738, 5349, 5349, 5349, 5648, 6226, 6226, 6630, 6630, 6630, 6630, 6630, 7456, 7456, 7456, 7933, 7933, 7933, 7933, 8924, 9342, 9480, 9714, 10175, 10442, 10589, 11006, 11006, 11164, 12924, 13702, 14291, 14291, 14632, 16015, 16737, 19175, 19583, 20202, 20809, 22812, 23332, 29502, 30458, 32111, 32491, 38988, 44616, 46791, 47105, 48906, 50692, 52937, 66208, 66487, 66774, 67315, 68664, 71760, 77840, 77840, 84033, 84415, 85910, 86445, 86445, 92308, 92308, 92308, 92308, 92308, 92308, 92308, 92308, 92308, 92308, 92868, 92868, 104908, 115009, 115009, 115009, 115009, 115009, 115009, 115009, 115009, 115009, 115009, 115009, 126581, 129419, 132022, 136686, 136686, 136815, 136815, 138397, 142944, 142944, 142944, 142944, 142944, 142944, 142944, 142944, 142944, 142944, 142944, 167540, 205391], "cumulative exploited vulns": [0, 1, 2, 3, 4, 5, 6, 7, 8, 9, 10, 11, 12, 13, 14, 15, 16, 17, 18, 19, 20, 21, 22, 23, 24, 25, 26, 27, 28, 29, 30, 31, 32, 33, 34, 35, 36, 37, 38, 39, 40, 41, 42, 43, 44, 45, 46, 47, 48, 49, 50, 51, 52, 53, 54, 55, 56, 57, 58, 59, 60, 61, 62, 63, 64, 65, 66, 67, 68, 69, 70, 71, 72, 73, 74, 75, 76, 77, 78, 79, 80, 81, 82, 83, 84, 85, 86, 87, 88, 89, 90, 91, 92, 93, 94, 95, 96, 97, 98, 99, 100, 101, 102, 103, 104, 105, 106, 107, 108, 109, 110, 111, 112, 113, 114, 115, 116, 117, 118, 119, 120, 121, 122, 123, 124, 125, 126, 127, 128, 129, 130, 131, 132, 133, 134, 135, 136, 137, 138, 139, 140, 141, 142],