{"Total Initial Vulnerabilities": 839, "Initial Vulns Per OS": {"ubuntu": {"14.04": 20, "18.04": 13, "20.04": 15, "16.04": 18, "10.04": 146, "12.04": 19}, "centos": {"4": 25, "5": 12, "7": 12, "6": 26, "8": 7, "3": 133}, "freebsd": {"12": 11, "11": 30, "10": 25, "13": 8, "8": 98, "9": 34}, "windows": {"8": 18, "7": 25, "vista": 11, "8.1": 13, "10": 20, "xp": 100}}, "Average Initial RoA Per OS": {"ubuntu": {"14.04": 0.059985061052188315, "18.04": 0.09045953971826835, "20.04": 0.0533663210563756, "16.04": 0.03795213905399122, "10.04": 0.04699664537795707, "12.04": 0.06404630501327487}, "centos": {"4": 0.057178255482946264, "5": 0.040317852779429765, "7": 0.1032928746187521, "6": 0.0856992682829179, "8": 0.015908609955538607, "3": 0.04584004469288019}, "freebsd": {"12": 0.09564201180434484, "11": 0.07373045431206457, "10": 0.057360450871235875, "13": 0.11618243189344912, "8": 0.04500698054918369, "9": 0.0797164349797717}, "windows": {"8": 0.047958387445181154, "7": 0.04759946333683958, "vista": 0.12206193726908765, "8.1": 0.10386676031790738, "10": 0.02162878878672142, "xp": 0.03827347410202149}}, "OS Types In Initial Network": {"ubuntu 18.04": 15, "ubuntu 14.04": 8, "centos 4": 6, "freebsd 12": 10, "windows 8": 9, "ubuntu 20.04": 24, "centos 5": 6, "freebsd 11": 16, "centos 7": 7, "freebsd 10": 9, "centos 6": 8, "ubuntu 16.04": 6, "freebsd 13": 7, "centos 8": 12, "freebsd 8": 4, "ubuntu 10.04": 5, "ubuntu 12.04": 5, "windows 7": 6, "windows 10": 15, "freebsd 9": 6, "centos 3": 3, "windows vista": 2, "windows 8.1": 8, "windows xp": 3}, "Initial Hosts Without Vulnerabilities": 52, "Host Compromises": {"record name": "Host Compromises", "x": [1586, 2865, 6960, 10865, 14091, 14153, 15482, 16910, 26713, 39924, 40634, 46456, 47904, 157620, 159624, 160735, 161657, 163981, 215334, 236110, 249668], "y": ["ubuntu 20.04", "freebsd 8", "ubuntu 10.04", "ubuntu 10.04", "centos 4", "freebsd 12", "freebsd 10", "ubuntu 12.04", "centos 6", "ubuntu 12.04", "freebsd 11", "ubuntu 20.04", "freebsd 10", "ubuntu 14.04", "ubuntu 18.04", "freebsd 13", "freebsd 11", "ubuntu 20.04", "freebsd 10", "ubuntu 20.04", "centos 7"], "cumulative y": [0, 1, 2, 3, 4, 5, 6, 7, 8, 9, 10, 11, 12, 13, 14, 15, 16, 17, 18, 19, 20], "total events": 21}, "Vuln Compromises": {"record name": "Vuln Compromises", "x": [1586, 2865, 6960, 10865, 14091, 14153, 15482, 16910, 26713, 39924], "y": ["ubuntu 20.04", "freebsd 8", "ubuntu 10.04", "ubuntu 10.04", "centos 4", "freebsd 12", "freebsd 10", "ubuntu 12.04", "centos 6", "ubuntu 12.04"], "cumulative y": [0, 1, 2, 3, 4, 5, 6, 7, 8, 9], "total events": 10}, "Reuse Password Compromises": {"record name": "Reuse Password Compromises", "x": [40634, 46456, 160735, 161657, 163981], "y": ["freebsd 11", "ubuntu 20.04", "freebsd 13", "freebsd 11", "ubuntu 20.04"], "cumulative y": [0, 1, 2, 3, 4], "total events": 5}, "Password Spray Compromises": {"record name": "Password Spray Compromises", "x": [47904, 157620, 159624, 215334, 236110, 249668], "y": ["freebsd 10", "ubuntu 14.04", "ubuntu 18.04", "freebsd 10", "ubuntu 20.04", "centos 7"], "cumulative y": [0, 1, 2, 3, 4, 5], "total events": 6}, "User Account Leaks": {"record name": "User Account Has Been Leaked By Compromise", "x": [1586, 1586, 1586, 2865, 2865, 6960, 6960, 10865, 10865, 14091, 14091, 14091, 14153, 14153, 14153, 15482, 15482, 16910, 16910, 26713, 26713, 39924, 39924, 40634, 47904, 157620, 157620, 159624, 159624, 160735, 161657, 161657, 163981, 215334, 215334], "y": ["Juliann", "Vikki", "Ivett", "Sherilyn", "Karry", "Feodora", "Isadora", "Yolanda", "Darrelle", "Eloise", "Lauralee", "Jennine", "Ondrea", "Ines", "Tammi", "Chiarra", "Jenda", "Maryellen", "Adi", "Felice", "Carmela", "Mellisa", "Margy", "Datha", "Agnesse", "Deloris", "Barbette", "Zenia", "Chrysa", "Frankie", "Mureil", "Kai", "Eugine", "Issi", "Shandeigh"], "cumulative y": [0, 1, 2, 3, 4, 5, 6, 7, 8, 9, 10, 11, 12, 13, 14, 15, 16, 17, 18, 19, 20, 21, 22, 23, 24, 25, 26, 27, 28, 29, 30, 31, 32, 33, 34], "total events": 35}, "Vulnerabilities Exploited": {"record name": "Vulnerabilities Exploited", "x": [563, 563, 563, 563, 563, 844, 966, 966, 1166, 1298, 1343, 1468, 1586, 1872, 1872, 1941, 2289, 2289, 2289, 2388, 2865, 2865, 2865, 2865, 2865, 2865, 2865, 4368, 4368, 4368, 4368, 4368, 4368, 4368, 4368, 4368, 4368, 4368, 4508, 5024, 5024, 5024, 5122, 5213, 5213, 5718, 5974, 6055, 6960, 6960, 6960, 6960, 7332, 7524, 7624, 7935, 8769, 9262, 9262, 9528, 10865, 10865, 10865, 10865, 10865, 10865, 10865, 10865, 11191, 13581, 15716, 16055, 16910, 16910, 17435, 17861, 26713, 39924, 40719], "cumulative exploited vulns": [0, 1, 2, 3, 4, 5, 6, 7, 8, 9, 10, 11, 12, 13, 14, 15, 16, 17, 18, 19, 20, 21, 22, 23, 24, 25, 26, 27, 28, 29, 30, 31, 32, 33, 34, 35, 36, 37, 38, 39, 40, 41, 42, 43, 44, 45, 46, 47, 48, 49, 50, 51, 52, 53, 54, 55, 56, 57, 58, 59, 60, 61, 62, 63, 64, 65, 66, 67, 68, 69, 70, 71, 72, 73, 74, 75, 76, 77, 78], "roa": [0.6234525991343689, 0.21831405993394998, 0.33107759083476196, 0.17587618781899245, 0.1242463748252138, 0.06056652963281497, 0.5315238855509012, 0.15900945673432892, 0.11138488581986125, 0.30225190316901057, 0.49202308107963716, 0.5042631550273746, 0.30095843878518946, 0.466130348754505, 0.27152725816806955, 0.2403820673952169, 0.5666425209982425, 0.11873018680887475, 0.17632318469597635, 0.3003727599215066, 0.32698783197276515, 0.3203156821590043, 0.12940300561880247, 0.048056096562068044, 0.5966565954440352, 0.4528716848290914, 0.060063006999886315, 0.3988983105320614, 0.048735881432568746, 0.2764362613158622, 0.25679357083210835, 0.0660844772215401, 0.36125091745468685, 0.06596129266186043, 0.3058212669977157, 0.1691889681199173, 0.11392775576548475, 0.1164006265078648, 0.24160038587818916, 0.43674624436333076, 0.5112707843092535, 0.23124328434617075, 0.6059515739067982, 0.31565983262139774, 0.02250187685712975, 0.5399684726271863, 0.28710148184388806, 0.06476045556245569, 0.33072369288950176, 0.47558689397258436, 0.09148782818803264, 0.06245124967778716, 0.03408875917265808, 0.5082219286863789, 0.09044608626098705, 0.32960247422193933, 0.5237904465974222, 0.1886883843347852, 0.05254118749677004, 0.3779879778441285, 0.4797097258782748, 0.3897728758716787, 0.10583008970580735, 0.04959975390370349, 0.012103655678954422, 0.4518204364027434, 0.08335009609285993, 0.10583008970580735, 0.18245263187530741, 0.3241462608819481, 0.5060643079901859, 0.029981999579581066, 0.4622122633051683, 0.20787163553643245, 0.0381240103352232, 0.13158241979605886, 0.5624449711731686, 0.31086948679156734, 0.6133630552373865],