{"Total Initial Vulnerabilities": 623, "Initial Vulns Per OS": {"centos": {"7": 28, "4": 17, "8": 19, "6": 15, "5": 46, "3": 29}, "freebsd": {"12": 26, "11": 36, "9": 38, "13": 14, "10": 1, "8": 19}, "windows": {"8.1": 27, "vista": 12, "10": 10, "8": 31, "7": 37, "xp": 43}, "ubuntu": {"12.04": 17, "16.04": 18, "10.04": 79, "18.04": 18, "20.04": 19, "14.04": 24}}, "Average Initial RoA Per OS": {"centos": {"7": 0.09963727920029335, "4": 0.02993612527799856, "8": 0.08994451846782733, "6": 0.019906681812533685, "5": 0.030490603166593654, "3": 0.057987287760332414}, "freebsd": {"12": 0.05089887614644166, "11": 0.017470883493100876, "9": 0.0350935999297751, "13": 0.11339201764820786, "10": 0.0001537821698304726, "8": 0.054838753905507916}, "windows": {"8.1": 0.0783167724038319, "vista": 0.05009110071681953, "10": 0.08253835333885004, "8": 0.020303889027874916, "7": 0.037508891697803984, "xp": 0.03156257339296322}, "ubuntu": {"12.04": 0.04049948631186667, "16.04": 0.046325685944353025, "10.04": 0.05481868473447376, "18.04": 0.03438520581649269, "20.04": 0.08294115536738897, "14.04": 0.03054344918580057}}, "OS Types In Initial Network": {"centos 7": 13, "freebsd 12": 15, "windows 8.1": 11, "ubuntu 20.04": 12, "centos 4": 5, "centos 8": 19, "windows 10": 20, "windows vista": 3, "ubuntu 12.04": 4, "centos 6": 9, "centos 5": 8, "ubuntu 16.04": 6, "ubuntu 10.04": 4, "ubuntu 18.04": 11, "freebsd 11": 8, "windows 8": 9, "freebsd 13": 15, "windows 7": 8, "windows xp": 2, "freebsd 9": 8, "ubuntu 14.04": 6, "freebsd 10": 1, "freebsd 8": 2, "centos 3": 1}, "Initial Hosts Without Vulnerabilities": 48, "Host Compromises": {"record name": "Host Compromises", "x": [4832, 6194, 6525, 7003, 7584, 8420, 13221, 14071, 15032, 17612, 17737, 21934, 24350, 25228, 26177, 32490, 37663, 41588, 42349, 42582, 42992, 44234, 48800, 52105, 61596, 80301, 92458, 111545, 134255, 165902, 193237, 213872, 249682], "y": ["ubuntu 10.04", "freebsd 12", "centos 4", "windows 10", "freebsd 12", "windows 8.1", "centos 5", "ubuntu 12.04", "centos 8", "windows 7", "ubuntu 12.04", "ubuntu 10.04", "ubuntu 18.04", "ubuntu 20.04", "centos 7", "ubuntu 10.04", "freebsd 11", "windows 7", "freebsd 12", "centos 6", "centos 5", "freebsd 9", "ubuntu 16.04", "windows vista", "windows 8", "centos 5", "centos 4", "freebsd 12", "centos 7", "windows 8", "centos 7", "windows 8.1", "freebsd 13"], "cumulative y": [0, 1, 2, 3, 4, 5, 6, 7, 8, 9, 10, 11, 12, 13, 14, 15, 16, 17, 18, 19, 20, 21, 22, 23, 24, 25, 26, 27, 28, 29, 30, 31, 32], "total events": 33}, "Vuln Compromises": {"record name": "Vuln Compromises", "x": [4832, 6194, 6525, 7003, 7584, 8420, 13221, 14071, 15032, 17612, 17737, 21934, 24350, 25228, 26177, 32490, 37663, 41588, 42349, 42582, 42992, 44234, 48800, 52105, 61596, 193237], "y": ["ubuntu 10.04", "freebsd 12", "centos 4", "windows 10", "freebsd 12", "windows 8.1", "centos 5", "ubuntu 12.04", "centos 8", "windows 7", "ubuntu 12.04", "ubuntu 10.04", "ubuntu 18.04", "ubuntu 20.04", "centos 7", "ubuntu 10.04", "freebsd 11", "windows 7", "freebsd 12", "centos 6", "centos 5", "freebsd 9", "ubuntu 16.04", "windows vista", "windows 8", "centos 7"], "cumulative y": [0, 1, 2, 3, 4, 5, 6, 7, 8, 9, 10, 11, 12, 13, 14, 15, 16, 17, 18, 19, 20, 21, 22, 23, 24, 25], "total events": 26}, "Reuse Password Compromises": {"record name": "Reuse Password Compromises", "x": [], "y": [], "cumulative y": [], "total events": 0}, "Password Spray Compromises": {"record name": "Password Spray Compromises", "x": [80301, 92458, 111545, 134255, 165902, 213872, 249682], "y": ["centos 5", "centos 4", "freebsd 12", "centos 7", "windows 8", "windows 8.1", "freebsd 13"], "cumulative y": [0, 1, 2, 3, 4, 5, 6], "total events": 7}, "User Account Leaks": {"record name": "User Account Has Been Leaked By Compromise", "x": [4832, 4832, 4832, 6194, 6194, 6194, 6525, 6525, 6525, 7003, 7003, 7003, 7584, 7584, 7584, 8420, 13221, 13221, 14071, 14071, 14071, 15032, 15032, 15032, 17612, 17737, 17737, 17737, 21934, 21934, 21934, 24350, 24350, 24350, 26177, 32490, 32490, 32490, 37663, 42349, 42582, 42992, 42992, 48800, 48800, 52105, 52105, 61596, 92458, 134255, 165902, 165902, 249682], "y": ["Josy", "Latrena", "Aubree", "Mareah", "Irina", "Karil", "Donielle", "Federica", "Lyndsie", "Helsa", "Luella", "Con", "Brita", "Jori", "Margit", "Valerye", "Adi", "Tildie", "Viva", "Van", "Micky", "Adel", "Eleen", "Crissie", "Tamra", "Orsa", "Fae", "Lanna", "Laural", "Kaela", "Mignon", "Marty", "Evelina", "Guglielma", "Valma", "Katherina", "Cacilia", "Marley", "Imogene", "Elianore", "Tiphanie", "Shirley", "Jessamyn", "Tamera", "Dru", "Phedra", "Ferdinande", "Maribel", "Nanci", "Fancie", "Jeanette", "Gerianna", "Rebecka"], "cumulative y": [0, 1, 2, 3, 4, 5, 6, 7, 8, 9, 10, 11, 12, 13, 14, 15, 16, 17, 18, 19, 20, 21, 22, 23, 24, 25, 26, 27, 28, 29, 30, 31, 32, 33, 34, 35, 36, 37, 38, 39, 40, 41, 42, 43, 44, 45, 46, 47, 48, 49, 50, 51, 52], "total events": 53}, "Vulnerabilities Exploited": {"record name": "Vulnerabilities Exploited", "x": [255, 519, 519, 663, 913, 1135, 1332, 1482, 1778, 1778, 1869, 2119, 2484, 2484, 2484, 2484, 2484, 3134, 3336, 3336, 3514, 3884, 3884, 3884, 3884, 4832, 4832, 4832, 4832, 4832, 4832, 4832, 5194, 5194, 5677, 5677, 5928, 6194, 7003, 7584, 7584, 7809, 8420, 10306, 10306, 10306, 10306, 10306, 10306, 10306, 10306, 10306, 10306, 10306, 10306, 10306, 10306, 10306, 10306, 10306, 10306, 11932, 11932, 13004, 13004, 13004, 13221, 13221, 13623, 14071, 14071, 14732, 17612, 17612, 19180, 19180, 19532, 21934, 21934, 21934, 21934, 21934, 21934, 21934, 24350, 24959, 24959, 25228, 26177, 27303, 27303, 27303, 27303, 27303, 31043, 31820, 32490, 34146, 37663, 37663, 37963, 37963, 38949, 39463, 40313, 40313, 40902, 41588, 43521, 44234, 46479, 47843, 48458, 48800, 48800, 48800, 52105, 52606, 54972, 62546, 64294, 67621, 69369, 71688, 77011, 80061, 80406, 96642, 103205, 110975, 122718, 129500, 130565, 133317, 150026, 176714, 204959, 219278, 240094, 245144], "cumulative exploited vulns": [0, 1, 2, 3, 4, 5, 6, 7, 8, 9, 10, 11, 12, 13, 14, 15, 16, 17, 18, 19, 20, 21, 22, 23, 24, 25, 26, 27, 28, 29, 30, 31, 32, 33, 34, 35, 36, 37, 38, 39, 40, 41, 42, 43, 44, 45, 46, 47, 48, 49, 50, 51, 52, 53, 54, 55, 56, 57, 58, 59, 60, 61, 62, 63, 64, 65, 66, 67, 68, 69, 70, 71, 72, 73, 74, 75, 76, 77, 78, 79, 80, 81, 82, 83, 84, 85, 86, 87, 88, 89, 90, 91, 92, 93, 94, 95, 96, 97, 98, 99, 100, 101, 102, 103, 104, 105, 106, 107, 108, 109, 110, 111, 112, 113, 114, 115, 116, 117, 118, 119, 120, 121, 122, 123, 124, 125, 126, 127, 128, 129, 130, 131, 132, 133, 134, 135, 136, 137, 138, 139],