{"Total Initial Vulnerabilities": 739, "Initial Vulns Per OS": {"windows": {"8.1": 23, "7": 18, "vista": 46, "10": 11, "xp": 55, "8": 42}, "freebsd": {"12": 44, "13": 14, "8": 29, "11": 29, "9": 25, "10": 5}, "ubuntu": {"16.04": 17, "20.04": 26, "18.04": 17, "14.04": 40, "12.04": 24, "10.04": 67}, "centos": {"8": 14, "6": 35, "7": 19, "3": 113, "4": 6, "5": 20}}, "Average Initial RoA Per OS": {"windows": {"8.1": 0.02882387548050287, "7": 0.06802960845663521, "vista": 0.05243076448713179, "10": 0.054409626188573236, "xp": 0.039664653345390634, "8": 0.03429723547853971}, "freebsd": {"12": 0.06525087708080314, "13": 0.1096705339970345, "8": 0.021206360931258977, "11": 0.04229791331769616, "9": 0.0705265833246676, "10": 0.1850870723966246}, "ubuntu": {"16.04": 0.04827437840964853, "20.04": 0.05755784512348216, "18.04": 0.044045057681667936, "14.04": 0.0796022711208352, "12.04": 0.05905199817403451, "10.04": 0.051593010796873395}, "centos": {"8": 0.05714750330750729, "6": 0.044078697912354234, "7": 0.019354113873028676, "3": 0.05002009163294092, "4": 0.016876406733370153, "5": 0.051546433622266616}}, "OS Types In Initial Network": {"ubuntu 18.04": 13, "windows 8.1": 13, "windows 7": 5, "freebsd 12": 15, "windows vista": 11, "centos 8": 12, "ubuntu 16.04": 9, "freebsd 13": 10, "centos 6": 11, "windows 10": 11, "ubuntu 20.04": 15, "freebsd 8": 1, "windows xp": 2, "ubuntu 14.04": 10, "ubuntu 12.04": 5, "freebsd 11": 6, "freebsd 10": 5, "centos 7": 14, "freebsd 9": 6, "windows 8": 13, "centos 3": 4, "centos 4": 2, "centos 5": 5, "ubuntu 10.04": 2}, "Initial Hosts Without Vulnerabilities": 37, "Host Compromises": {"record name": "Host Compromises", "x": [1095, 4719, 5205, 5386, 5966, 6620, 9140, 9319, 9496, 11747, 12918, 15961, 16216, 16296, 17557, 18203, 22972, 23099, 23877, 24424, 24497, 25508, 28347, 28871, 30917, 31425, 31646, 32117, 33421, 35862, 36403, 39928, 40479, 41740, 44917, 45013, 51142, 53853, 54160, 83396, 97551, 102225, 139080, 193919, 199797, 210854], "y": ["freebsd 12", "windows 10", "windows xp", "centos 6", "freebsd 10", "freebsd 12", "ubuntu 18.04", "centos 7", "windows 8", "freebsd 12", "centos 8", "freebsd 8", "ubuntu 18.04", "ubuntu 14.04", "ubuntu 14.04", "ubuntu 14.04", "windows 8.1", "windows vista", "windows 10", "ubuntu 12.04", "windows 8.1", "centos 5", "centos 3", "ubuntu 16.04", "centos 3", "windows 8", "windows vista", "freebsd 11", "freebsd 9", "windows xp", "centos 5", "ubuntu 14.04", "centos 6", "ubuntu 20.04", "windows vista", "ubuntu 16.04", "freebsd 12", "freebsd 12", "windows 7", "freebsd 9", "ubuntu 20.04", "ubuntu 10.04", "windows vista", "freebsd 11", "centos 5", "ubuntu 12.04"], "cumulative y": [0, 1, 2, 3, 4, 5, 6, 7, 8, 9, 10, 11, 12, 13, 14, 15, 16, 17, 18, 19, 20, 21, 22, 23, 24, 25, 26, 27, 28, 29, 30, 31, 32, 33, 34, 35, 36, 37, 38, 39, 40, 41, 42, 43, 44, 45], "total events": 46}, "Vuln Compromises": {"record name": "Vuln Compromises", "x": [1095, 4719, 5205, 5386, 6620, 9140, 9496, 11747, 12918, 15961, 16296, 17557, 18203, 23099, 24424, 25508, 28347, 30917, 31425, 31646, 32117, 33421, 35862, 36403, 40479, 54160, 83396, 102225, 139080, 193919], "y": ["freebsd 12", "windows 10", "windows xp", "centos 6", "freebsd 12", "ubuntu 18.04", "windows 8", "freebsd 12", "centos 8", "freebsd 8", "ubuntu 14.04", "ubuntu 14.04", "ubuntu 14.04", "windows vista", "ubuntu 12.04", "centos 5", "centos 3", "centos 3", "windows 8", "windows vista", "freebsd 11", "freebsd 9", "windows xp", "centos 5", "centos 6", "windows 7", "freebsd 9", "ubuntu 10.04", "windows vista", "freebsd 11"], "cumulative y": [0, 1, 2, 3, 4, 5, 6, 7, 8, 9, 10, 11, 12, 13, 14, 15, 16, 17, 18, 19, 20, 21, 22, 23, 24, 25, 26, 27, 28, 29], "total events": 30}, "Reuse Password Compromises": {"record name": "Reuse Password Compromises", "x": [5966, 9319, 16216, 22972, 23877, 24497, 28871, 39928, 41740, 44917, 45013, 51142, 53853], "y": ["freebsd 10", "centos 7", "ubuntu 18.04", "windows 8.1", "windows 10", "windows 8.1", "ubuntu 16.04", "ubuntu 14.04", "ubuntu 20.04", "windows vista", "ubuntu 16.04", "freebsd 12", "freebsd 12"], "cumulative y": [0, 1, 2, 3, 4, 5, 6, 7, 8, 9, 10, 11, 12], "total events": 13}, "Password Spray Compromises": {"record name": "Password Spray Compromises", "x": [97551, 199797, 210854], "y": ["ubuntu 20.04", "centos 5", "ubuntu 12.04"], "cumulative y": [0, 1, 2], "total events": 3}, "User Account Leaks": {"record name": "User Account Has Been Leaked By Compromise", "x": [1095, 1095, 1095, 4719, 4719, 4719, 5205, 5205, 5205, 5386, 5386, 5386, 5966, 6620, 9140, 9140, 9140, 9319, 9319, 9496, 11747, 11747, 12918, 12918, 12918, 15961, 15961, 16296, 16296, 17557, 18203, 18203, 23099, 23099, 23099, 23877, 24424, 24424, 24497, 24497, 25508, 28347, 28871, 28871, 31646, 33421, 33421, 33421, 35862, 36403, 40479, 45013, 51142, 53853, 53853, 54160, 102225], "y": ["Karrah", "Anthiathia", "Kerianne", "Willabella", "Lira", "Brigitte", "Roxanna", "Stephanie", "Jessi", "Missie", "Deborah", "Maryellen", "Brana", "Gabbie", "Dorette", "Pearle", "Concordia", "Adelind", "Ulrika", "Anthia", "Gabriela", "Rhody", "Nancey", "Nady", "Kirstyn", "Katina", "Phaedra", "Maureene", "Norri", "Dinah", "Kanya", "Alanna", "Winonah", "Karen", "Pennie", "Rani", "Beatrice", "Desiri", "Eolanda", "Abigael", "Danica", "Dulcinea", "Carlotta", "Ladonna", "Jaquenetta", "Tessa", "Ranna", "Gunilla", "Bab", "Celestyn", "Rhonda", "Eryn", "Gussie", "Simonne", "Georgia", "Sheila-Kathryn", "Lexy"], "cumulative y": [0, 1, 2, 3, 4, 5, 6, 7, 8, 9, 10, 11, 12, 13, 14, 15, 16, 17, 18, 19, 20, 21, 22, 23, 24, 25, 26, 27, 28, 29, 30, 31, 32, 33, 34, 35, 36, 37, 38, 39, 40, 41, 42, 43, 44, 45, 46, 47, 48, 49, 50, 51, 52, 53, 54, 55, 56], "total events": 57}, "Vulnerabilities Exploited": {"record name": "Vulnerabilities Exploited", "x": [644, 869, 869, 869, 1456, 1714, 1714, 1714, 1714, 1857, 2101, 2223, 2223, 2350, 2484, 2484, 2484, 2926, 2926, 3045, 4450, 4450, 4450, 4450, 4450, 4450, 4450, 4450, 4450, 5205, 5302, 5302, 5499, 5499, 5678, 6492, 6492, 6492, 7089, 7638, 7638, 8289, 8545, 9042, 9042, 9042, 9042, 9042, 9042, 9615, 10312, 10573, 10573, 11747, 12575, 14535, 15961, 15961, 15961, 15961, 15961, 15961, 15961, 16036, 18203, 20661, 20661, 21633, 24424, 24424, 24424, 24424, 24424, 26822, 28347, 28347, 28347, 28347, 28347, 28347, 28347, 28347, 28347, 28347, 28347, 28347, 28347, 28347, 28347, 28347, 28347, 28347, 28347, 28347, 28347, 28347, 28568, 30917, 30917, 30917, 30917, 30917, 31425, 31425, 31646, 33421, 33421, 35862, 35862, 35862, 35862, 35862, 35862, 35862, 35862, 35862, 35862, 35862, 35862, 36403, 36403, 37632, 37632, 38008, 38008, 39583, 39583, 40593, 41082, 41895, 42311, 43510, 43510, 43510, 48268, 50809, 52471, 54160, 54160, 54160, 57133, 61513, 66300, 66706, 70212, 70627, 83396, 83396, 102225, 102225, 102225, 102225, 102225, 102225, 102225, 102340, 104791, 105209, 139080, 187164, 193919], "cumulative exploited vulns": [0, 1, 2, 3, 4, 5, 6, 7, 8, 9, 10, 11, 12, 13, 14, 15, 16, 17, 18, 19, 20, 21, 22, 23, 24, 25, 26, 27, 28, 29, 30, 31, 32, 33, 34, 35, 36, 37, 38, 39, 40, 41, 42, 43, 44, 45, 46, 47, 48, 49, 50, 51, 52, 53, 54, 55, 56, 57, 58, 59, 60, 61, 62, 63, 64, 65, 66, 67, 68, 69, 70, 71, 72, 73, 74, 75, 76, 77, 78, 79, 80, 81, 82, 83, 84, 85, 86, 87, 88, 89, 90, 91, 92, 93, 94, 95, 96, 97, 98, 99, 100, 101, 102, 103, 104, 105, 106, 107, 108, 109, 110, 111, 112, 113, 114, 115, 116, 117, 118, 119, 120, 121, 122, 123, 124, 125, 126, 127, 128, 129, 130, 131, 132, 133, 134, 135, 136, 137, 138, 139, 140, 141, 142, 143, 144, 145, 146, 147, 148, 149, 150, 151, 152, 153, 154, 155, 156, 157, 158, 159, 160],