{"Total Initial Vulnerabilities": 666, "Initial Vulns Per OS": {"windows": {"10": 16, "xp": 15, "8": 49, "vista": 25, "8.1": 23, "7": 32}, "ubuntu": {"18.04": 31, "10.04": 47, "14.04": 50, "12.04": 17, "16.04": 40, "20.04": 4}, "centos": {"6": 34, "5": 40, "8": 13, "3": 31, "7": 19, "4": 16}, "freebsd": {"10": 34, "11": 45, "12": 33, "13": 15, "8": 11, "9": 26}}, "Average Initial RoA Per OS": {"windows": {"10": 0.06931667003872695, "xp": 0.04603430655234498, "8": 0.07174841324769705, "vista": 0.07384871600955882, "8.1": 0.09319709689038323, "7": 0.029771274859442864}, "ubuntu": {"18.04": 0.08504417569741217, "10.04": 0.07824603867112909, "14.04": 0.042638122239222385, "12.04": 0.053816444343373786, "16.04": 0.11365903094830587, "20.04": 0.14267787184708353}, "centos": {"6": 0.04629606783398776, "5": 0.07308356236508735, "8": 0.06302795030479365, "3": 0.048781491473102685, "7": 0.06736613812461499, "4": 0.026783309069536104}, "freebsd": {"10": 0.08841484624110155, "11": 0.0803618149678425, "12": 0.09990300366056012, "13": 0.08575228090269274, "8": 0.04352722512433814, "9": 0.04336759586491412}}, "OS Types In Initial Network": {"windows 10": 13, "ubuntu 18.04": 13, "windows xp": 2, "ubuntu 20.04": 13, "centos 8": 16, "centos 6": 8, "freebsd 10": 10, "windows 8": 16, "centos 5": 7, "ubuntu 10.04": 2, "windows 7": 10, "ubuntu 14.04": 11, "freebsd 11": 9, "freebsd 12": 11, "ubuntu 16.04": 11, "windows vista": 5, "freebsd 13": 13, "centos 3": 2, "windows 8.1": 8, "centos 7": 7, "centos 4": 3, "ubuntu 12.04": 3, "freebsd 8": 1, "freebsd 9": 6}, "Initial Hosts Without Vulnerabilities": 42, "Host Compromises": {"record name": "Host Compromises", "x": [438, 3002, 5023, 5671, 7030, 8210, 8547, 9023, 9708, 9866, 10197, 10258, 11689, 11954, 12786, 13620, 14750, 17005, 19069, 19797, 20642, 22261, 29606, 37331, 65973, 81448, 127742, 133158, 135758, 137726, 138546, 139002, 140255, 141388, 143701, 148752, 150618, 162418, 163589, 166127, 166950, 188372, 208574, 213198], "y": ["windows xp", "ubuntu 14.04", "ubuntu 14.04", "centos 3", "centos 8", "windows 8", "ubuntu 18.04", "ubuntu 16.04", "ubuntu 12.04", "ubuntu 16.04", "windows 8", "freebsd 12", "centos 6", "freebsd 9", "centos 7", "freebsd 12", "ubuntu 18.04", "freebsd 13", "windows 8", "freebsd 10", "ubuntu 10.04", "freebsd 11", "centos 4", "ubuntu 20.04", "windows 8", "centos 5", "windows 8", "centos 5", "freebsd 10", "centos 6", "centos 7", "windows 8.1", "freebsd 10", "ubuntu 16.04", "windows 8.1", "centos 6", "centos 8", "freebsd 13", "windows 8", "windows 10", "freebsd 10", "centos 8", "freebsd 9", "centos 5"], "cumulative y": [0, 1, 2, 3, 4, 5, 6, 7, 8, 9, 10, 11, 12, 13, 14, 15, 16, 17, 18, 19, 20, 21, 22, 23, 24, 25, 26, 27, 28, 29, 30, 31, 32, 33, 34, 35, 36, 37, 38, 39, 40, 41, 42, 43], "total events": 44}, "Vuln Compromises": {"record name": "Vuln Compromises", "x": [438, 3002, 5023, 5671, 8210, 8547, 9023, 9866, 10197, 11689, 11954, 12786, 19797, 20642, 29606, 135758, 138546, 139002, 140255, 141388, 166950, 213198], "y": ["windows xp", "ubuntu 14.04", "ubuntu 14.04", "centos 3", "windows 8", "ubuntu 18.04", "ubuntu 16.04", "ubuntu 16.04", "windows 8", "centos 6", "freebsd 9", "centos 7", "freebsd 10", "ubuntu 10.04", "centos 4", "freebsd 10", "centos 7", "windows 8.1", "freebsd 10", "ubuntu 16.04", "freebsd 10", "centos 5"], "cumulative y": [0, 1, 2, 3, 4, 5, 6, 7, 8, 9, 10, 11, 12, 13, 14, 15, 16, 17, 18, 19, 20, 21], "total events": 22}, "Reuse Password Compromises": {"record name": "Reuse Password Compromises", "x": [7030, 9708, 10258, 13620, 14750, 17005, 19069, 22261, 133158, 143701, 148752, 150618, 163589, 166127], "y": ["centos 8", "ubuntu 12.04", "freebsd 12", "freebsd 12", "ubuntu 18.04", "freebsd 13", "windows 8", "freebsd 11", "centos 5", "windows 8.1", "centos 6", "centos 8", "windows 8", "windows 10"], "cumulative y": [0, 1, 2, 3, 4, 5, 6, 7, 8, 9, 10, 11, 12, 13], "total events": 14}, "Password Spray Compromises": {"record name": "Password Spray Compromises", "x": [37331, 65973, 81448, 127742, 137726, 162418, 188372, 208574], "y": ["ubuntu 20.04", "windows 8", "centos 5", "windows 8", "centos 6", "freebsd 13", "centos 8", "freebsd 9"], "cumulative y": [0, 1, 2, 3, 4, 5, 6, 7], "total events": 8}, "User Account Leaks": {"record name": "User Account Has Been Leaked By Compromise", "x": [438, 438, 438, 3002, 3002, 5023, 5023, 5023, 5671, 5671, 7030, 7030, 8210, 8210, 8210, 8547, 8547, 9023, 9023, 9023, 9708, 9866, 9866, 10197, 10197, 10197, 10258, 10258, 11689, 11689, 11954, 11954, 12786, 13620, 14750, 14750, 19069, 19069, 19797, 20642, 22261, 29606, 29606, 81448, 127742, 127742, 138546, 138546, 138546, 139002, 140255, 166950, 166950], "y": ["Kaia", "Kizzie", "Minetta", "Corissa", "Cloe", "Otha", "Nikolia", "Casi", "Leeann", "Britni", "Tillie", "Danika", "Leslie", "Karon", "Cyndia", "Elva", "Gelya", "Simonette", "Danna", "Allx", "Tara", "Bunni", "Daphna", "Larissa", "Verene", "Nomi", "Selinda", "Ivett", "Stephi", "Sally", "Rosita", "Merline", "Odessa", "Talia", "Odetta", "Ki", "Lorain", "Damaris", "Glory", "Fawnia", "Diena", "Raychel", "Tybi", "Clo", "Edeline", "Wilhelmine", "Dulcy", "Sibylla", "Lexie", "Dotty", "Meredithe", "Cecilia", "Shay"], "cumulative y": [0, 1, 2, 3, 4, 5, 6, 7, 8, 9, 10, 11, 12, 13, 14, 15, 16, 17, 18, 19, 20, 21, 22, 23, 24, 25, 26, 27, 28, 29, 30, 31, 32, 33, 34, 35, 36, 37, 38, 39, 40, 41, 42, 43, 44, 45, 46, 47, 48, 49, 50, 51, 52], "total events": 53}, "Vulnerabilities Exploited": {"record name": "Vulnerabilities Exploited", "x": [438, 438, 557, 665, 740, 998, 1047, 1246, 1615, 1615, 1615, 1615, 1953, 1953, 1953, 1953, 2043, 2097, 2600, 2835, 3002, 3316, 3537, 3537, 3537, 3873, 3873, 3873, 3873, 4043, 4174, 4375, 4375, 4472, 5023, 5023, 5023, 5671, 5671, 5671, 5671, 5671, 5671, 5999, 5999, 6312, 6312, 6597, 6597, 7336, 7887, 7887, 8035, 8035, 8035, 8210, 8210, 8348, 8547, 8855, 8855, 9023, 9121, 9397, 9866, 9866, 9866, 10197, 10197, 10369, 10891, 11108, 11689, 11689, 15808, 15808, 16082, 19797, 19797, 20642, 20642, 25185, 25185, 27582, 28297, 28584, 29606, 45109, 45109, 48625, 66114, 82214, 93854, 105637, 136309, 136309, 136309, 137184, 137835, 138546, 138546, 139002, 140255, 140255, 140437, 141030, 141030, 141030, 142635, 143347, 146732, 146732, 146732, 162876, 166950, 166950, 167192, 168509, 168890, 171600, 178204, 184593, 191357, 194411, 207591, 207591, 214464, 214836, 233234], "cumulative exploited vulns": [0, 1, 2, 3, 4, 5, 6, 7, 8, 9, 10, 11, 12, 13, 14, 15, 16, 17, 18, 19, 20, 21, 22, 23, 24, 25, 26, 27, 28, 29, 30, 31, 32, 33, 34, 35, 36, 37, 38, 39, 40, 41, 42, 43, 44, 45, 46, 47, 48, 49, 50, 51, 52, 53, 54, 55, 56, 57, 58, 59, 60, 61, 62, 63, 64, 65, 66, 67, 68, 69, 70, 71, 72, 73, 74, 75, 76, 77, 78, 79, 80, 81, 82, 83, 84, 85, 86, 87, 88, 89, 90, 91, 92, 93, 94, 95, 96, 97, 98, 99, 100, 101, 102, 103, 104, 105, 106, 107, 108, 109, 110, 111, 112, 113, 114, 115, 116, 117, 118, 119, 120, 121, 122, 123, 124, 125, 126, 127, 128],