{"Total Initial Vulnerabilities": 613, "Initial Vulns Per OS": {"centos": {"7": 15, "8": 10, "6": 25, "4": 14, "3": 6, "5": 14}, "freebsd": {"13": 12, "12": 11, "9": 28, "11": 22, "10": 8, "8": 92}, "ubuntu": {"14.04": 35, "10.04": 138, "20.04": 12, "18.04": 4, "16.04": 22, "12.04": 15}, "windows": {"8.1": 14, "xp": 69, "8": 22, "7": 7, "10": 12, "vista": 6}}, "Average Initial RoA Per OS": {"centos": {"7": 0.11803302203453926, "8": 0.06648500919164312, "6": 0.03761116519004257, "4": 0.05447364967993289, "3": 0.02732948179690105, "5": 0.03205043527148771}, "freebsd": {"13": 0.09636666347063581, "12": 0.13066949539996064, "9": 0.03274271887904155, "11": 0.06288967732501285, "10": 0.0378432722226518, "8": 0.04315090222981981}, "ubuntu": {"14.04": 0.026753334221367588, "10.04": 0.06930941813850511, "20.04": 0.06198358103457802, "18.04": 0.09382080720031291, "16.04": 0.055407557507199084, "12.04": 0.041288783883398995}, "windows": {"8.1": 0.07980931478969329, "xp": 0.05986707876784174, "8": 0.025269720089074122, "7": 0.040995735565927414, "10": 0.043613781780505456, "vista": 0.05565840522471618}}, "OS Types In Initial Network": {"centos 7": 14, "freebsd 13": 15, "centos 8": 19, "ubuntu 14.04": 9, "centos 6": 11, "ubuntu 10.04": 3, "centos 4": 5, "ubuntu 16.04": 12, "freebsd 12": 6, "freebsd 9": 4, "windows 8.1": 13, "windows 10": 11, "freebsd 11": 11, "windows xp": 4, "ubuntu 18.04": 7, "centos 3": 2, "windows 8": 11, "windows 7": 5, "ubuntu 20.04": 20, "centos 5": 5, "ubuntu 12.04": 4, "windows vista": 2, "freebsd 10": 4, "freebsd 8": 3}, "Initial Hosts Without Vulnerabilities": 56, "Host Compromises": {"record name": "Host Compromises", "x": [226, 2812, 3461, 6002, 6422, 8000, 13963, 14348, 21747, 25086, 25540, 28787, 34334, 39053, 53562, 54282, 67412, 96120, 136677, 151585, 164163, 170526, 180589, 180736, 187796, 196854, 198814, 199536, 199843, 206547, 228930, 241716, 247857], "y": ["freebsd 13", "freebsd 12", "windows 8.1", "windows xp", "centos 3", "windows 8", "ubuntu 10.04", "centos 6", "centos 8", "windows 10", "centos 8", "windows 10", "ubuntu 14.04", "centos 7", "windows vista", "freebsd 13", "ubuntu 14.04", "ubuntu 14.04", "ubuntu 20.04", "ubuntu 20.04", "centos 8", "centos 8", "ubuntu 16.04", "centos 4", "windows xp", "freebsd 12", "centos 3", "freebsd 10", "freebsd 13", "freebsd 10", "ubuntu 10.04", "freebsd 11", "centos 8"], "cumulative y": [0, 1, 2, 3, 4, 5, 6, 7, 8, 9, 10, 11, 12, 13, 14, 15, 16, 17, 18, 19, 20, 21, 22, 23, 24, 25, 26, 27, 28, 29, 30, 31, 32], "total events": 33}, "Vuln Compromises": {"record name": "Vuln Compromises", "x": [226, 2812, 3461, 6002, 6422, 8000, 13963, 14348, 21747, 25540, 34334, 53562, 67412, 164163, 180589, 180736, 187796, 198814, 199536, 206547, 228930, 241716, 247857], "y": ["freebsd 13", "freebsd 12", "windows 8.1", "windows xp", "centos 3", "windows 8", "ubuntu 10.04", "centos 6", "centos 8", "centos 8", "ubuntu 14.04", "windows vista", "ubuntu 14.04", "centos 8", "ubuntu 16.04", "centos 4", "windows xp", "centos 3", "freebsd 10", "freebsd 10", "ubuntu 10.04", "freebsd 11", "centos 8"], "cumulative y": [0, 1, 2, 3, 4, 5, 6, 7, 8, 9, 10, 11, 12, 13, 14, 15, 16, 17, 18, 19, 20, 21, 22], "total events": 23}, "Reuse Password Compromises": {"record name": "Reuse Password Compromises", "x": [], "y": [], "cumulative y": [], "total events": 0}, "Password Spray Compromises": {"record name": "Password Spray Compromises", "x": [25086, 28787, 39053, 54282, 96120, 136677, 151585, 170526, 196854, 199843], "y": ["windows 10", "windows 10", "centos 7", "freebsd 13", "ubuntu 14.04", "ubuntu 20.04", "ubuntu 20.04", "centos 8", "freebsd 12", "freebsd 13"], "cumulative y": [0, 1, 2, 3, 4, 5, 6, 7, 8, 9], "total events": 10}, "User Account Leaks": {"record name": "User Account Has Been Leaked By Compromise", "x": [226, 226, 226, 2812, 2812, 2812, 3461, 3461, 6002, 6002, 6002, 6422, 6422, 6422, 8000, 8000, 13963, 13963, 14348, 14348, 21747, 21747, 21747, 25086, 25540, 25540, 34334, 34334, 53562, 54282, 54282, 67412, 67412, 67412, 96120, 136677, 164163, 164163, 164163, 180589, 180736, 187796, 187796, 199536, 199536, 199843, 206547, 228930, 241716, 247857], "y": ["Gretta", "Annabal", "Bethina", "Maureene", "Jayne", "Mei", "Audie", "Kally", "Kasey", "Lezlie", "Mala", "Jacklyn", "Alisun", "Fernande", "Fayth", "Bernita", "Germain", "Tobi", "Bridie", "Ailene", "Una", "Milicent", "Wallie", "Dorrie", "Gladys", "Thomasina", "Umeko", "Glory", "Jori", "Gusella", "Rhiamon", "Elbertine", "Bari", "Jilly", "Diann", "Natasha", "Nicola", "Aleen", "Donetta", "Cybill", "Grete", "Harlene", "Oona", "Alicia", "Phoebe", "Babbette", "Em", "Malva", "Kelsey", "Pooh"], "cumulative y": [0, 1, 2, 3, 4, 5, 6, 7, 8, 9, 10, 11, 12, 13, 14, 15, 16, 17, 18, 19, 20, 21, 22, 23, 24, 25, 26, 27, 28, 29, 30, 31, 32, 33, 34, 35, 36, 37, 38, 39, 40, 41, 42, 43, 44, 45, 46, 47, 48, 49], "total events": 50}, "Vulnerabilities Exploited": {"record name": "Vulnerabilities Exploited", "x": [226, 269, 617, 617, 791, 791, 2331, 2331, 2331, 2331, 2331, 2331, 2331, 2331, 2331, 2331, 2331, 2331, 2331, 2331, 2331, 2423, 2498, 2812, 2812, 2960, 3328, 3461, 3461, 3461, 3781, 3781, 3781, 3921, 4052, 4241, 4479, 4479, 6002, 6002, 6002, 6002, 6002, 6002, 6002, 6002, 6002, 6002, 6002, 6002, 6002, 6002, 6002, 6002, 6215, 6422, 8000, 11615, 11615, 11615, 11615, 11615, 12326, 12326, 12326, 13963, 13963, 13963, 13963, 13963, 13963, 13963, 13963, 13963, 13963, 13963, 14348, 15377, 15377, 16293, 16293, 16971, 17305, 19326, 20722, 21747, 22305, 23258, 24459, 25733, 25733, 31252, 31252, 31252, 34334, 34334, 35504, 53562, 56793, 56793, 67120, 81109, 92256, 92749, 104093, 104607, 105868, 105868, 107838, 117579, 117579, 129759, 142971, 149978, 153595, 164544, 164830, 166191, 166191, 169787, 169787, 179005, 180296, 180296, 182779, 185528, 187796, 187796, 187796, 187796, 187796, 187796, 198814, 198814, 199043, 199043, 199043, 199043, 199536, 199536, 207946, 225212, 228290, 228930, 228930, 228930, 228930, 228930, 229535, 241716, 241716, 246845], "cumulative exploited vulns": [0, 1, 2, 3, 4, 5, 6, 7, 8, 9, 10, 11, 12, 13, 14, 15, 16, 17, 18, 19, 20, 21, 22, 23, 24, 25, 26, 27, 28, 29, 30, 31, 32, 33, 34, 35, 36, 37, 38, 39, 40, 41, 42, 43, 44, 45, 46, 47, 48, 49, 50, 51, 52, 53, 54, 55, 56, 57, 58, 59, 60, 61, 62, 63, 64, 65, 66, 67, 68, 69, 70, 71, 72, 73, 74, 75, 76, 77, 78, 79, 80, 81, 82, 83, 84, 85, 86, 87, 88, 89, 90, 91, 92, 93, 94, 95, 96, 97, 98, 99, 100, 101, 102, 103, 104, 105, 106, 107, 108, 109, 110, 111, 112, 113, 114, 115, 116, 117, 118, 119, 120, 121, 122, 123, 124, 125, 126, 127, 128, 129, 130, 131, 132, 133, 134, 135, 136, 137, 138, 139, 140, 141, 142, 143, 144, 145, 146, 147, 148, 149, 150, 151],