{"Total Initial Vulnerabilities": 486, "Initial Vulns Per OS": {"freebsd": {"10": 20, "11": 23, "8": 23, "12": 27, "13": 9, "9": 6}, "ubuntu": {"20.04": 22, "14.04": 21, "12.04": 15, "16.04": 21, "18.04": 28}, "centos": {"4": 19, "5": 17, "8": 13, "7": 24, "6": 24}, "windows": {"8": 25, "7": 21, "10": 22, "vista": 40, "8.1": 14, "xp": 52}}, "Average Initial RoA Per OS": {"freebsd": {"10": 0.03570010570026787, "11": 0.06966991543684055, "8": 0.06391612579621675, "12": 0.027132848160036853, "13": 0.05072141664592225, "9": 0.026050213757172366}, "ubuntu": {"20.04": 0.029081367495270825, "14.04": 0.05157858056463724, "12.04": 0.034854422680733674, "16.04": 0.047119859345258454, "18.04": 0.04543815932722386}, "centos": {"4": 0.08056148918783147, "5": 0.029159863395951263, "8": 0.013398893582758377, "7": 0.07593497710283918, "6": 0.03612939308784887}, "windows": {"8": 0.03725664003826554, "7": 0.05005280376945571, "10": 0.0173017619972359, "vista": 0.0419297004257919, "8.1": 0.03344043900901868, "xp": 0.06051446886130523}}, "OS Types In Initial Network": {"freebsd 10": 6, "centos 4": 7, "ubuntu 20.04": 19, "freebsd 11": 9, "windows 8": 6, "freebsd 8": 2, "freebsd 13": 14, "freebsd 12": 13, "windows 7": 5, "centos 5": 4, "centos 8": 11, "ubuntu 14.04": 5, "windows 10": 27, "windows vista": 9, "windows 8.1": 8, "centos 7": 14, "ubuntu 12.04": 5, "ubuntu 16.04": 10, "freebsd 9": 3, "centos 6": 9, "ubuntu 18.04": 12, "windows xp": 2}, "Initial Hosts Without Vulnerabilities": 48, "Host Compromises": {"record name": "Host Compromises", "x": [457, 9339, 11417, 13315, 17670, 30662, 51879, 63690, 71878, 78572, 88681, 94951, 95650, 97386, 126152, 129625, 130913, 133130, 133431, 137417, 137488, 137586, 145905, 146102, 148876, 150944, 151276, 155430, 156076, 160495, 160718, 162516, 163564, 163667, 165069, 168397, 168811, 188131, 203138, 208808, 213385, 214524, 214605, 215088, 215582, 216102, 218382, 219992, 221617, 221728, 224185, 225680, 229817, 230312, 231854, 232915, 235298, 235928, 239058, 239522, 245666, 246308, 249050], "y": ["freebsd 10", "windows 7", "windows vista", "centos 4", "freebsd 8", "freebsd 9", "ubuntu 12.04", "freebsd 11", "windows 8.1", "ubuntu 18.04", "freebsd 11", "centos 6", "freebsd 11", "windows 8", "windows 8", "ubuntu 18.04", "centos 6", "ubuntu 18.04", "ubuntu 16.04", "ubuntu 20.04", "freebsd 13", "freebsd 10", "windows 8", "centos 6", "ubuntu 18.04", "freebsd 11", "freebsd 13", "windows 8.1", "ubuntu 16.04", "centos 4", "ubuntu 12.04", "freebsd 12", "ubuntu 20.04", "freebsd 11", "centos 7", "centos 4", "ubuntu 12.04", "centos 4", "ubuntu 20.04", "ubuntu 20.04", "windows 10", "freebsd 13", "centos 8", "freebsd 13", "centos 6", "freebsd 12", "freebsd 13", "windows 10", "freebsd 11", "centos 7", "windows 8.1", "windows 7", "freebsd 12", "freebsd 13", "windows 10", "ubuntu 12.04", "freebsd 11", "freebsd 13", "ubuntu 20.04", "centos 7", "windows vista", "ubuntu 18.04", "freebsd 12"], "cumulative y": [0, 1, 2, 3, 4, 5, 6, 7, 8, 9, 10, 11, 12, 13, 14, 15, 16, 17, 18, 19, 20, 21, 22, 23, 24, 25, 26, 27, 28, 29, 30, 31, 32, 33, 34, 35, 36, 37, 38, 39, 40, 41, 42, 43, 44, 45, 46, 47, 48, 49, 50, 51, 52, 53, 54, 55, 56, 57, 58, 59, 60, 61, 62], "total events": 63}, "Vuln Compromises": {"record name": "Vuln Compromises", "x": [457, 9339, 11417, 13315, 17670, 30662, 51879, 63690, 71878, 78572, 88681, 94951, 95650, 97386, 126152, 129625, 130913, 133130, 133431, 137417, 146102, 148876, 150944, 160718, 163667, 165069, 188131, 214524, 215088, 215582, 216102, 221617, 225680, 229817, 232915, 239522, 249050], "y": ["freebsd 10", "windows 7", "windows vista", "centos 4", "freebsd 8", "freebsd 9", "ubuntu 12.04", "freebsd 11", "windows 8.1", "ubuntu 18.04", "freebsd 11", "centos 6", "freebsd 11", "windows 8", "windows 8", "ubuntu 18.04", "centos 6", "ubuntu 18.04", "ubuntu 16.04", "ubuntu 20.04", "centos 6", "ubuntu 18.04", "freebsd 11", "ubuntu 12.04", "freebsd 11", "centos 7", "centos 4", "freebsd 13", "freebsd 13", "centos 6", "freebsd 12", "freebsd 11", "windows 7", "freebsd 12", "ubuntu 12.04", "centos 7", "freebsd 12"], "cumulative y": [0, 1, 2, 3, 4, 5, 6, 7, 8, 9, 10, 11, 12, 13, 14, 15, 16, 17, 18, 19, 20, 21, 22, 23, 24, 25, 26, 27, 28, 29, 30, 31, 32, 33, 34, 35, 36], "total events": 37}, "Reuse Password Compromises": {"record name": "Reuse Password Compromises", "x": [137488, 137586, 145905, 151276, 155430, 156076, 160495, 162516, 163564, 168397, 168811, 203138, 208808, 213385, 214605, 218382, 219992, 221728, 224185, 230312, 231854, 235298, 235928, 239058, 245666, 246308], "y": ["freebsd 13", "freebsd 10", "windows 8", "freebsd 13", "windows 8.1", "ubuntu 16.04", "centos 4", "freebsd 12", "ubuntu 20.04", "centos 4", "ubuntu 12.04", "ubuntu 20.04", "ubuntu 20.04", "windows 10", "centos 8", "freebsd 13", "windows 10", "centos 7", "windows 8.1", "freebsd 13", "windows 10", "freebsd 11", "freebsd 13", "ubuntu 20.04", "windows vista", "ubuntu 18.04"], "cumulative y": [0, 1, 2, 3, 4, 5, 6, 7, 8, 9, 10, 11, 12, 13, 14, 15, 16, 17, 18, 19, 20, 21, 22, 23, 24, 25], "total events": 26}, "Password Spray Compromises": {"record name": "Password Spray Compromises", "x": [], "y": [], "cumulative y": [], "total events": 0}, "User Account Leaks": {"record name": "User Account Has Been Leaked By Compromise", "x": [457, 457, 457, 9339, 9339, 9339, 11417, 11417, 11417, 13315, 13315, 13315, 17670, 17670, 30662, 30662, 51879, 51879, 51879, 71878, 71878, 78572, 78572, 78572, 88681, 94951, 94951, 94951, 97386, 97386, 126152, 126152, 130913, 130913, 133130, 133431, 137488, 150944, 151276, 155430, 160718, 162516, 163667, 168397, 168811, 188131, 188131, 208808, 213385, 214524, 215088, 215088, 215582, 224185, 225680, 231854, 232915], "y": ["Kayla", "Krystalle", "Rebekkah", "Alida", "Denys", "Lillis", "Cordelie", "Ashleigh", "Bobbe", "Maddi", "Ardisj", "Rosette", "Stacia", "Kali", "Olia", "Perl", "Mariska", "Dasi", "Noni", "Joelie", "Bobby", "Natalya", "Reena", "Sharla", "Dell", "Tyne", "Elana", "Marcie", "Kacy", "Sherline", "Fanya", "Etta", "Farrand", "Lorna", "Irita", "Drusi", "Dodi", "Anthe", "Alexandrina", "Manda", "Queenie", "Zaneta", "Karol", "Brier", "Joscelin", "Hetty", "Anjanette", "Catharine", "Reeta", "Sofia", "Karylin", "Ariadne", "Gratia", "Binnie", "Gloriane", "Edita", "Adena"], "cumulative y": [0, 1, 2, 3, 4, 5, 6, 7, 8, 9, 10, 11, 12, 13, 14, 15, 16, 17, 18, 19, 20, 21, 22, 23, 24, 25, 26, 27, 28, 29, 30, 31, 32, 33, 34, 35, 36, 37, 38, 39, 40, 41, 42, 43, 44, 45, 46, 47, 48, 49, 50, 51, 52, 53, 54, 55, 56], "total events": 57}, "Vulnerabilities Exploited": {"record name": "Vulnerabilities Exploited", "x": [457, 799, 799, 799, 1360, 1360, 2113, 2113, 2113, 2113, 2113, 2436, 2436, 2733, 2733, 3338, 3338, 3338, 3658, 3724, 3828, 3930, 4143, 4143, 4215, 4215, 4655, 5382, 5729, 6095, 6930, 6930, 7272, 8706, 8706, 9339, 9339, 9586, 9586, 9882, 9882, 10253, 10253, 10482, 10482, 11417, 12543, 13028, 13315, 13496, 16239, 17670, 17670, 17670, 22595, 26046, 26328, 32806, 48212, 51120, 51728, 52837, 53194, 53634, 53634, 53984, 53984, 54202, 55389, 63690, 63690, 65975, 67000, 68192, 80417, 80417, 92503, 92503, 92724, 93523, 93944, 94340, 94951, 97386, 109841, 111163, 117494, 121467, 125941, 128935, 130913, 131004, 133130, 158818, 160718, 189531, 192300, 214524, 214733, 215582, 218040, 224494, 232915], "cumulative exploited vulns": [0, 1, 2, 3, 4, 5, 6, 7, 8, 9, 10, 11, 12, 13, 14, 15, 16, 17, 18, 19, 20, 21, 22, 23, 24, 25, 26, 27, 28, 29, 30, 31, 32, 33, 34, 35, 36, 37, 38, 39, 40, 41, 42, 43, 44, 45, 46, 47, 48, 49, 50, 51, 52, 53, 54, 55, 56, 57, 58, 59, 60, 61, 62, 63, 64, 65, 66, 67, 68, 69, 70, 71, 72, 73, 74, 75, 76, 77, 78, 79, 80, 81, 82, 83, 84, 85, 86, 87, 88, 89, 90, 91, 92, 93, 94, 95, 96, 97, 98, 99, 100, 101, 102],