{"Total Initial Vulnerabilities": 743, "Initial Vulns Per OS": {"centos": {"6": 11, "7": 17, "5": 29, "4": 33, "8": 10, "3": 72}, "ubuntu": {"18.04": 19, "20.04": 19, "16.04": 33, "10.04": 85, "12.04": 37, "14.04": 44}, "windows": {"8.1": 18, "8": 18, "xp": 32, "7": 11, "vista": 59, "10": 30}, "freebsd": {"11": 39, "9": 16, "12": 36, "10": 15, "13": 9, "8": 51}}, "Average Initial RoA Per OS": {"centos": {"6": 0.009348616242862318, "7": 0.05527639330462247, "5": 0.06657294243289506, "4": 0.03152890138502843, "8": 0.025593264988743963, "3": 0.04431883020096963}, "ubuntu": {"18.04": 0.03674849088626237, "20.04": 0.025492360252372583, "16.04": 0.060104667512153896, "10.04": 0.049352268648291044, "12.04": 0.03909336118086456, "14.04": 0.06037045372860415}, "windows": {"8.1": 0.03684109777660757, "8": 0.09704408967829017, "xp": 0.07308502206537562, "7": 0.052928924807298584, "vista": 0.05951152360669962, "10": 0.0652433812680793}, "freebsd": {"11": 0.05170543270482156, "9": 0.14285135461770315, "12": 0.06165671183066363, "10": 0.050871530222247524, "13": 0.0756243213427729, "8": 0.044981989474581104}}, "OS Types In Initial Network": {"centos 6": 10, "ubuntu 18.04": 10, "windows 8.1": 7, "centos 7": 15, "windows 8": 5, "centos 5": 7, "ubuntu 20.04": 14, "windows xp": 2, "ubuntu 16.04": 11, "centos 4": 6, "windows 7": 6, "freebsd 12": 16, "freebsd 13": 11, "centos 8": 17, "freebsd 11": 14, "windows vista": 8, "windows 10": 15, "freebsd 9": 3, "ubuntu 10.04": 3, "centos 3": 2, "ubuntu 12.04": 5, "freebsd 10": 3, "ubuntu 14.04": 9, "freebsd 8": 1}, "Initial Hosts Without Vulnerabilities": 39, "Host Compromises": {"record name": "Host Compromises", "x": [1900, 2364, 4753, 5498, 6358, 8040, 9363, 16880, 19227, 76297, 117293, 135997], "y": ["windows xp", "centos 4", "centos 7", "freebsd 11", "ubuntu 10.04", "centos 3", "centos 6", "windows 7", "ubuntu 20.04", "ubuntu 18.04", "freebsd 9", "centos 7"], "cumulative y": [0, 1, 2, 3, 4, 5, 6, 7, 8, 9, 10, 11], "total events": 12}, "Vuln Compromises": {"record name": "Vuln Compromises", "x": [1900, 4753, 5498, 6358, 8040, 16880, 19227], "y": ["windows xp", "centos 7", "freebsd 11", "ubuntu 10.04", "centos 3", "windows 7", "ubuntu 20.04"], "cumulative y": [0, 1, 2, 3, 4, 5, 6], "total events": 7}, "Reuse Password Compromises": {"record name": "Reuse Password Compromises", "x": [2364, 9363], "y": ["centos 4", "centos 6"], "cumulative y": [0, 1], "total events": 2}, "Password Spray Compromises": {"record name": "Password Spray Compromises", "x": [76297, 117293, 135997], "y": ["ubuntu 18.04", "freebsd 9", "centos 7"], "cumulative y": [0, 1, 2], "total events": 3}, "User Account Leaks": {"record name": "User Account Has Been Leaked By Compromise", "x": [1900, 1900, 1900, 2364, 2364, 4753, 4753, 5498, 5498, 6358, 6358, 8040, 8040, 8040, 9363, 9363, 16880, 16880, 19227, 19227, 19227, 76297, 76297, 117293, 117293, 135997, 135997], "y": ["Dorine", "Nita", "Rosie", "Cynthy", "Ketti", "Ferne", "Valene", "Rina", "Bambi", "Wendy", "Genny", "Jerry", "Zuzana", "Ddene", "Fedora", "Edee", "Leanna", "Bernadette", "Jeri", "Johnette", "Bettina", "Alta", "Tiertza", "Shantee", "Luisa", "Rhody", "Natalya"], "cumulative y": [0, 1, 2, 3, 4, 5, 6, 7, 8, 9, 10, 11, 12, 13, 14, 15, 16, 17, 18, 19, 20, 21, 22, 23, 24, 25, 26], "total events": 27}, "Vulnerabilities Exploited": {"record name": "Vulnerabilities Exploited", "x": [333, 400, 440, 540, 677, 1900, 1900, 1900, 1900, 1900, 1900, 1900, 1900, 1900, 1900, 1900, 1900, 2093, 2295, 2295, 2619, 3065, 3065, 3785, 3785, 3785, 4387, 4753, 4753, 4843, 4843, 5208, 5498, 5498, 5498, 5498, 6358, 6358, 6358, 6358, 6358, 6426, 6567, 6567, 8040, 8040, 8040, 8040, 8040, 8040, 8040, 8040, 8040, 8040, 8040, 8040, 8040, 8040, 8040, 8040, 8040, 8040, 8040, 8985, 8985, 10212, 11646, 13108, 13245, 13821, 16045, 16486, 16880, 16880, 18123, 24951, 30444, 49176, 240034, 243469], "cumulative exploited vulns": [0, 1, 2, 3, 4, 5, 6, 7, 8, 9, 10, 11, 12, 13, 14, 15, 16, 17, 18, 19, 20, 21, 22, 23, 24, 25, 26, 27, 28, 29, 30, 31, 32, 33, 34, 35, 36, 37, 38, 39, 40, 41, 42, 43, 44, 45, 46, 47, 48, 49, 50, 51, 52, 53, 54, 55, 56, 57, 58, 59, 60, 61, 62, 63, 64, 65, 66, 67, 68, 69, 70, 71, 72, 73, 74, 75, 76, 77, 78, 79], "roa": [0.1968383101104695, 0.1242819899057783, 0.32433981416479124, 0.4651260642663583, 0.06519527432075209, 0.8675549162793093, 0.863745864616229, 0.5814124153026371, 0.8428974796833982, 0.3482674959703851, 0.3673233071491411, 0.5177872863918443, 0.4563008063848405, 0.28166589419386484, 0.12042197859233403, 0.12870945177439516, 0.17489978180224677, 0.12528745445170475, 0.22366006523646584, 0.22366006523646584, 0.7634712176992521, 0.30654024901415194, 0.004980897432806718, 0.5231403657757052, 0.733585058580134, 0.22383523062630667, 0.7519085820639373, 0.29645511258894747, 0.5832211828209151, 0.08435259805092539, 0.08435259805092539, 0.055983380511167656, 0.4741194799398342, 0.2674782264014366, 0.4741194799398342, 0.2674782264014366, 0.5196102477092357, 0.24608935620291628, 0.23958809769200226, 0.07016303052833207, 0.06319482960490638, 0.5616712919942455, 0.21990652156600224, 0.14494732065577484, 0.8802917812679139, 0.49509737399243986, 0.336952820407464, 0.103233914772264, 0.49213752904372104, 0.3526323916806947, 0.155596438278909, 0.20379108831895937, 0.5591337595920397, 0.5591337595920397, 0.5182816060757514, 0.2531579335433782, 0.34594636136394963, 0.7105721165234126, 0.17114909806876966, 0.18197795589550608, 0.07979203699805165, 0.17565859605337547, 0.22431067428848275, 0.8128387016408093, 0.031728278329743176, 0.681161878134035, 0.4351691654633352, 0.16488020957729033, 0.0335181865315962, 0.5609094790429634, 0.5033789457693111, 0.06847620754853655, 0.21852788035451778, 0.21852788035451778, 0.11286682105637975, 0.00457198857747418, 0.09811042439296498, 0.009214412283482758, 0.002212982605069818, 0.13998609868241418], "impact": [3.022291750251461, 2.0380234772584513, 3.7836332848567, 9.97304009638666, 1.4293759338557788, 9.14518769597347, 9.115971888210508, 8.145435700306837, 8.964134204372927, 4.224262158921745, 4.704594497345171, 8.302377560735456, 6.70069639618437, 5.653372955210749, 1.7872604509085632, 1.4739008504392992, 7.534756234036555, 3.168095505961289, 5.743360010104958, 5.743360010104958, 9.601349748025035, 6.631183617705077, 0.45420385497669136, 5.29432618692762, 8.613833135353806, 2.4669045320688046, 9.575069180336966, 3.10831221078495, 8.398321396026095, 1.4593037202593473, 1.4593037202593473, 1.1248796501895586, 5.631770209439713, 8.77177438957909, 5.631770209439713, 8.77177438957909, 6.639958850278419, 5.873217152670173, 3.164226973509207, 1.3577828520034585, 3.447938994891049, 7.224485970155446, 3.0776785672503415, 1.8484569211726254, 9.671872521175342, 7.799668069181926, 6.202982287045967, 1.2413064466537815, 6.517989115129648, 4.625142113021329, 2.476186097060604, 7.368100585218214, 9.974173179033754, 9.974173179033754, 8.737033569248037, 3.8169603932784666, 5.1345134044126866, 8.493449012200516, 2.496164140110706, 2.795646839671513, 1.2862324985406592, 2.0284693471888513, 2.810417949069265, 9.41874976215517, 1.8115669528276912, 9.492403299705387, 6.532660164128479, 3.8658774355766035, 2.209636116802598, 7.180433242028253, 9.183115024397953, 6.634769778330536, 8.767406634350644, 8.767406634350644, 5.063087784658057, 4.2160139207711875, 1.7425158627813198, 1.5604828883587596, 0.7200410549004599, 9.441764270187692],