{"Total Initial Vulnerabilities": 760, "Initial Vulns Per OS": {"ubuntu": {"14.04": 6, "12.04": 36, "20.04": 14, "18.04": 33, "16.04": 12, "10.04": 54}, "centos": {"3": 40, "8": 15, "7": 12, "5": 39, "6": 16, "4": 10}, "windows": {"7": 8, "8": 24, "10": 21, "8.1": 36, "vista": 20, "xp": 82}, "freebsd": {"11": 43, "9": 44, "10": 11, "12": 14, "8": 161, "13": 9}}, "Average Initial RoA Per OS": {"ubuntu": {"14.04": 0.0483627762970723, "12.04": 0.06231330020278414, "20.04": 0.02377857389369204, "18.04": 0.09948770717331414, "16.04": 0.1272921726225841, "10.04": 0.06548882088009167}, "centos": {"3": 0.054167693500977665, "8": 0.04931617339692229, "7": 0.0872787027827726, "5": 0.06421641102359493, "6": 0.12418781803924733, "4": 0.03999958082081385}, "windows": {"7": 0.019822259216509274, "8": 0.20770254531753585, "10": 0.027019038630908383, "8.1": 0.06500022159809654, "vista": 0.03724595458620223, "xp": 0.03887078101440263}, "freebsd": {"11": 0.14461043975190588, "9": 0.05027172652958473, "10": 0.03425024461909243, "12": 0.06391065426823346, "8": 0.056488574268640145, "13": 0.03231758397455666}}, "OS Types In Initial Network": {"ubuntu 14.04": 2, "centos 3": 2, "ubuntu 20.04": 18, "windows 7": 3, "windows 8": 9, "freebsd 11": 17, "windows 10": 21, "ubuntu 12.04": 5, "centos 8": 14, "windows 8.1": 22, "ubuntu 18.04": 11, "windows vista": 3, "centos 7": 7, "centos 5": 6, "freebsd 9": 8, "freebsd 10": 5, "centos 6": 6, "freebsd 12": 7, "ubuntu 16.04": 6, "freebsd 13": 14, "freebsd 8": 5, "windows xp": 3, "centos 4": 4, "ubuntu 10.04": 2}, "Initial Hosts Without Vulnerabilities": 45, "Host Compromises": {"record name": "Host Compromises", "x": [1995, 4763, 8786, 10708, 11076, 14241, 15631, 18248, 34681, 38753, 41839, 64143, 65942, 79746, 80085, 80872, 81208, 82229, 87851, 91765, 92169, 92310, 93338, 93777, 105302, 107424, 107505, 115337, 120826, 123777, 124197, 126528, 127074, 127490, 129836, 131014, 131550, 137224, 137326, 137833, 139066, 155459, 156925, 157123, 160350, 160732, 160826, 161776, 171831, 172241, 172801, 173345, 174672, 175146, 176470, 192260, 200865, 204022, 205328, 209784, 209926, 210039, 213066, 213332, 214441, 215006, 217162, 218667, 247251, 247373, 247506], "y": ["centos 3", "freebsd 11", "centos 8", "ubuntu 18.04", "windows vista", "ubuntu 20.04", "centos 5", "ubuntu 18.04", "centos 5", "centos 6", "ubuntu 18.04", "ubuntu 12.04", "windows xp", "ubuntu 16.04", "windows 8.1", "centos 6", "freebsd 13", "windows 7", "centos 5", "windows 7", "ubuntu 12.04", "freebsd 9", "centos 6", "centos 6", "freebsd 9", "windows 8.1", "freebsd 12", "windows 10", "centos 8", "ubuntu 16.04", "ubuntu 18.04", "freebsd 12", "centos 6", "windows 8.1", "ubuntu 10.04", "centos 3", "windows 8", "windows 10", "centos 4", "windows 10", "ubuntu 18.04", "centos 7", "centos 6", "freebsd 9", "centos 7", "ubuntu 10.04", "windows 10", "windows 8.1", "ubuntu 20.04", "freebsd 13", "freebsd 9", "windows 7", "windows 10", "freebsd 11", "ubuntu 20.04", "centos 7", "centos 6", "windows vista", "ubuntu 10.04", "windows 10", "ubuntu 14.04", "ubuntu 20.04", "ubuntu 16.04", "windows vista", "freebsd 12", "centos 6", "centos 7", "freebsd 11", "freebsd 11", "ubuntu 18.04", "freebsd 12"], "cumulative y": [0, 1, 2, 3, 4, 5, 6, 7, 8, 9, 10, 11, 12, 13, 14, 15, 16, 17, 18, 19, 20, 21, 22, 23, 24, 25, 26, 27, 28, 29, 30, 31, 32, 33, 34, 35, 36, 37, 38, 39, 40, 41, 42, 43, 44, 45, 46, 47, 48, 49, 50, 51, 52, 53, 54, 55, 56, 57, 58, 59, 60, 61, 62, 63, 64, 65, 66, 67, 68, 69, 70], "total events": 71}, "Vuln Compromises": {"record name": "Vuln Compromises", "x": [1995, 4763, 8786, 10708, 11076, 14241, 15631, 18248, 34681, 38753, 64143, 65942, 79746, 80085, 91765, 92169, 92310, 93338, 93777, 107424, 107505, 120826, 123777, 126528, 127074, 127490, 137326, 155459, 156925, 157123, 160350, 160732, 161776, 172801, 173345, 176470, 192260, 200865, 204022, 209784, 209926, 213066, 213332, 214441, 215006, 217162, 218667, 247251, 247373], "y": ["centos 3", "freebsd 11", "centos 8", "ubuntu 18.04", "windows vista", "ubuntu 20.04", "centos 5", "ubuntu 18.04", "centos 5", "centos 6", "ubuntu 12.04", "windows xp", "ubuntu 16.04", "windows 8.1", "windows 7", "ubuntu 12.04", "freebsd 9", "centos 6", "centos 6", "windows 8.1", "freebsd 12", "centos 8", "ubuntu 16.04", "freebsd 12", "centos 6", "windows 8.1", "centos 4", "centos 7", "centos 6", "freebsd 9", "centos 7", "ubuntu 10.04", "windows 8.1", "freebsd 9", "windows 7", "ubuntu 20.04", "centos 7", "centos 6", "windows vista", "windows 10", "ubuntu 14.04", "ubuntu 16.04", "windows vista", "freebsd 12", "centos 6", "centos 7", "freebsd 11", "freebsd 11", "ubuntu 18.04"], "cumulative y": [0, 1, 2, 3, 4, 5, 6, 7, 8, 9, 10, 11, 12, 13, 14, 15, 16, 17, 18, 19, 20, 21, 22, 23, 24, 25, 26, 27, 28, 29, 30, 31, 32, 33, 34, 35, 36, 37, 38, 39, 40, 41, 42, 43, 44, 45, 46, 47, 48], "total events": 49}, "Reuse Password Compromises": {"record name": "Reuse Password Compromises", "x": [80872, 81208, 82229, 87851, 124197, 129836, 131014, 131550, 137224, 137833, 139066, 160826, 171831, 174672, 175146, 205328, 210039, 247506], "y": ["centos 6", "freebsd 13", "windows 7", "centos 5", "ubuntu 18.04", "ubuntu 10.04", "centos 3", "windows 8", "windows 10", "windows 10", "ubuntu 18.04", "windows 10", "ubuntu 20.04", "windows 10", "freebsd 11", "ubuntu 10.04", "ubuntu 20.04", "freebsd 12"], "cumulative y": [0, 1, 2, 3, 4, 5, 6, 7, 8, 9, 10, 11, 12, 13, 14, 15, 16, 17], "total events": 18}, "Password Spray Compromises": {"record name": "Password Spray Compromises", "x": [41839, 105302, 115337, 172241], "y": ["ubuntu 18.04", "freebsd 9", "windows 10", "freebsd 13"], "cumulative y": [0, 1, 2, 3], "total events": 4}, "User Account Leaks": {"record name": "User Account Has Been Leaked By Compromise", "x": [1995, 1995, 1995, 4763, 4763, 4763, 8786, 8786, 8786, 10708, 10708, 10708, 11076, 11076, 11076, 14241, 14241, 15631, 15631, 15631, 18248, 34681, 34681, 34681, 38753, 41839, 64143, 64143, 64143, 65942, 79746, 79746, 81208, 82229, 87851, 91765, 91765, 91765, 92169, 92310, 107424, 107505, 115337, 120826, 120826, 123777, 124197, 124197, 127490, 127490, 131014, 137326, 137833, 139066, 160350, 160826, 172801, 174672, 176470, 192260, 213332, 218667], "y": ["Juliette", "Morgan", "Etta", "Selena", "Ashia", "Betteann", "Tawnya", "Marie-Jeanne", "Nonah", "Amandie", "Gerda", "Sydelle", "Jocelyn", "Nettie", "Evanne", "Kerry", "Maris", "Melinde", "Isahella", "Katine", "Robbi", "Kassia", "Flo", "Isobel", "Reeba", "Kelsi", "Noellyn", "Nancey", "Billi", "Emelina", "Biddy", "Annabel", "Thekla", "Elset", "Melitta", "Lenka", "Lanna", "Libby", "Caresa", "Patricia", "Esme", "Laverne", "Lydia", "Maryanne", "Barbra", "Amalie", "Tish", "Chery", "Nicoline", "Miquela", "Zola", "Evy", "Elane", "Blondell", "Christean", "Johnath", "Ranna", "Chantalle", "Eula", "Jonis", "Jenny", "Cariotta"], "cumulative y": [0, 1, 2, 3, 4, 5, 6, 7, 8, 9, 10, 11, 12, 13, 14, 15, 16, 17, 18, 19, 20, 21, 22, 23, 24, 25, 26, 27, 28, 29, 30, 31, 32, 33, 34, 35, 36, 37, 38, 39, 40, 41, 42, 43, 44, 45, 46, 47, 48, 49, 50, 51, 52, 53, 54, 55, 56, 57, 58, 59, 60, 61], "total events": 62}, "Vulnerabilities Exploited": {"record name": "Vulnerabilities Exploited",