{"Total Initial Vulnerabilities": 490, "Initial Vulns Per OS": {"freebsd": {"12": 16, "13": 9, "11": 22, "10": 18, "8": 2, "9": 38}, "centos": {"5": 18, "7": 23, "8": 8, "6": 32, "4": 17, "3": 36}, "windows": {"8.1": 14, "8": 16, "7": 15, "10": 24, "vista": 23, "xp": 44}, "ubuntu": {"14.04": 30, "18.04": 12, "12.04": 26, "20.04": 8, "16.04": 35, "10.04": 4}}, "Average Initial RoA Per OS": {"freebsd": {"12": 0.05728887037599542, "13": 0.009885534109870716, "11": 0.03115391813050259, "10": 0.04113269491450043, "8": 0.12603883337585747, "9": 0.05787174383464815}, "centos": {"5": 0.045388712147834326, "7": 0.05064208391623092, "8": 0.010695867126910183, "6": 0.06390133144665511, "4": 0.06007622170058715, "3": 0.0705909356351697}, "windows": {"8.1": 0.031128617543379783, "8": 0.08749842837763372, "7": 0.07278375218170886, "10": 0.010548359032116796, "vista": 0.04872095407936839, "xp": 0.06636975819457065}, "ubuntu": {"14.04": 0.05721902090809575, "18.04": 0.027320936136682617, "12.04": 0.10095084001265102, "20.04": 0.018878898587834328, "16.04": 0.07844648711336649, "10.04": 0.08143682780556777}}, "OS Types In Initial Network": {"freebsd 12": 12, "centos 5": 5, "centos 7": 14, "windows 8.1": 13, "freebsd 13": 13, "ubuntu 14.04": 6, "ubuntu 18.04": 13, "windows 8": 7, "windows 10": 23, "centos 8": 11, "ubuntu 20.04": 16, "windows 7": 6, "freebsd 11": 7, "centos 6": 8, "windows vista": 4, "freebsd 10": 7, "ubuntu 12.04": 7, "ubuntu 16.04": 14, "windows xp": 2, "freebsd 8": 1, "centos 4": 2, "freebsd 9": 6, "centos 3": 2, "ubuntu 10.04": 1}, "Initial Hosts Without Vulnerabilities": 54, "Host Compromises": {"record name": "Host Compromises", "x": [345, 2595, 9217, 9353, 10054, 10347, 11660, 13279, 13609, 14182, 15896, 17522, 27491, 28066, 40706, 43258, 43921, 46020, 48419, 48516, 49087, 49259, 51681, 54328, 62699, 63883, 73333, 76861, 80569, 103259, 106726, 110955, 136551, 139420, 143888, 147676, 149533, 152819, 154712, 155871, 160296, 175695, 178614, 198877, 214291, 223590, 232609, 234788, 234887, 235559, 235650, 239321], "y": ["centos 5", "freebsd 12", "freebsd 12", "windows 8.1", "centos 7", "centos 7", "freebsd 10", "freebsd 10", "ubuntu 16.04", "windows 10", "windows xp", "windows vista", "centos 5", "centos 5", "centos 6", "windows 8", "centos 8", "ubuntu 10.04", "centos 8", "freebsd 12", "windows vista", "freebsd 11", "centos 7", "freebsd 12", "windows vista", "windows vista", "ubuntu 20.04", "windows 10", "ubuntu 20.04", "windows 10", "centos 6", "windows vista", "centos 8", "ubuntu 20.04", "ubuntu 20.04", "windows 8", "freebsd 9", "centos 7", "ubuntu 18.04", "centos 5", "centos 8", "freebsd 12", "centos 4", "centos 3", "freebsd 13", "freebsd 12", "freebsd 13", "windows 8.1", "centos 4", "centos 4", "centos 6", "windows vista"], "cumulative y": [0, 1, 2, 3, 4, 5, 6, 7, 8, 9, 10, 11, 12, 13, 14, 15, 16, 17, 18, 19, 20, 21, 22, 23, 24, 25, 26, 27, 28, 29, 30, 31, 32, 33, 34, 35, 36, 37, 38, 39, 40, 41, 42, 43, 44, 45, 46, 47, 48, 49, 50, 51], "total events": 52}, "Vuln Compromises": {"record name": "Vuln Compromises", "x": [345, 2595, 9217, 11660, 13279, 13609, 14182, 15896, 27491, 28066, 40706, 43258, 43921, 46020, 48419, 49087, 49259, 62699, 63883, 73333, 76861, 80569, 103259, 106726, 110955, 136551, 143888, 147676, 149533, 160296, 175695, 178614, 198877, 214291, 223590, 232609, 234788, 234887, 235559, 235650, 239321], "y": ["centos 5", "freebsd 12", "freebsd 12", "freebsd 10", "freebsd 10", "ubuntu 16.04", "windows 10", "windows xp", "centos 5", "centos 5", "centos 6", "windows 8", "centos 8", "ubuntu 10.04", "centos 8", "windows vista", "freebsd 11", "windows vista", "windows vista", "ubuntu 20.04", "windows 10", "ubuntu 20.04", "windows 10", "centos 6", "windows vista", "centos 8", "ubuntu 20.04", "windows 8", "freebsd 9", "centos 8", "freebsd 12", "centos 4", "centos 3", "freebsd 13", "freebsd 12", "freebsd 13", "windows 8.1", "centos 4", "centos 4", "centos 6", "windows vista"], "cumulative y": [0, 1, 2, 3, 4, 5, 6, 7, 8, 9, 10, 11, 12, 13, 14, 15, 16, 17, 18, 19, 20, 21, 22, 23, 24, 25, 26, 27, 28, 29, 30, 31, 32, 33, 34, 35, 36, 37, 38, 39, 40], "total events": 41}, "Reuse Password Compromises": {"record name": "Reuse Password Compromises", "x": [9353, 10054, 10347, 17522, 48516, 54328, 152819, 154712, 155871], "y": ["windows 8.1", "centos 7", "centos 7", "windows vista", "freebsd 12", "freebsd 12", "centos 7", "ubuntu 18.04", "centos 5"], "cumulative y": [0, 1, 2, 3, 4, 5, 6, 7, 8], "total events": 9}, "Password Spray Compromises": {"record name": "Password Spray Compromises", "x": [51681, 139420], "y": ["centos 7", "ubuntu 20.04"], "cumulative y": [0, 1], "total events": 2}, "User Account Leaks": {"record name": "User Account Has Been Leaked By Compromise", "x": [345, 345, 345, 2595, 2595, 9217, 9217, 9217, 9353, 9353, 10054, 10347, 10347, 11660, 11660, 11660, 13279, 13279, 13609, 13609, 14182, 14182, 15896, 15896, 15896, 17522, 27491, 27491, 28066, 28066, 40706, 43258, 43258, 43921, 46020, 48419, 48516, 49087, 49259, 49259, 54328, 54328, 63883, 63883, 63883, 76861, 103259, 110955, 136551, 149533, 160296, 175695, 178614, 214291, 232609, 235559, 235650, 239321], "y": ["Doralynn", "Moyna", "Cal", "Ivette", "Aeriela", "Carree", "Edie", "Anastassia", "Nissy", "Kayley", "Anthiathia", "Jacquenetta", "Cookie", "Lauryn", "Tildie", "Loree", "Bonnie", "Carey", "Diane-Marie", "Henka", "Zitella", "Annissa", "Meriel", "Linnea", "Rici", "Ellyn", "Gianna", "Rozamond", "Brandi", "Ilyssa", "Meryl", "Herminia", "Justina", "Lesya", "Anestassia", "Rhona", "Lexy", "Isobel", "Benedikta", "Winifred", "Seana", "Shaylynn", "Estrella", "Jennica", "Kathe", "Berta", "Anissa", "Cati", "Jemmie", "Sara-Ann", "Ranee", "Nicolle", "Wendye", "Janet", "Brenda", "Carri", "Sheba", "Fayth"], "cumulative y": [0, 1, 2, 3, 4, 5, 6, 7, 8, 9, 10, 11, 12, 13, 14, 15, 16, 17, 18, 19, 20, 21, 22, 23, 24, 25, 26, 27, 28, 29, 30, 31, 32, 33, 34, 35, 36, 37, 38, 39, 40, 41, 42, 43, 44, 45, 46, 47, 48, 49, 50, 51, 52, 53, 54, 55, 56, 57], "total events": 58}, "Vulnerabilities Exploited": {"record name": "Vulnerabilities Exploited", "x": [181, 345, 547, 547, 743, 914, 1284, 1284, 2215, 2545, 2545, 3052, 3052, 3052, 3239, 3644, 3923, 3997, 4192, 4192, 4982, 4982, 4982, 4982, 5790, 6172, 7594, 7594, 7594, 7594, 7594, 7594, 7594, 7868, 7868, 8329, 8755, 8755, 8755, 9217, 9217, 9426, 9608, 9608, 9728, 10804, 11347, 11660, 11660, 11916, 12391, 12391, 13127, 13279, 13609, 15896, 15896, 15896, 15896, 15896, 19750, 20716, 22188, 22788, 26974, 26974, 28066, 28187, 29118, 29646, 30294, 30294, 39870, 41312, 41312, 41312, 41312, 45122, 45122, 45402, 45671, 46020, 47407, 49087, 49087, 49087, 49259, 49259, 52538, 52538, 52538, 53165, 53741, 55340, 56487, 56487, 62699, 70839, 70839, 70839, 70839, 72359, 72359, 77324, 97201, 97201, 101914, 103835, 114757, 116478, 120366, 136551, 137664, 139911, 141288, 141288, 141772, 142885, 142885, 149533, 151871, 156032, 167607, 170853, 178614, 179184, 180250, 191777, 198877, 198877, 198877, 198877, 198877, 198877, 198877, 198877, 209669, 212863, 215240, 215761, 228201, 228639, 230582], "cumulative exploited vulns": [0, 1, 2, 3, 4, 5, 6, 7, 8, 9, 10, 11, 12, 13, 14, 15, 16, 17, 18, 19, 20, 21, 22, 23, 24, 25, 26, 27, 28, 29, 30, 31, 32, 33, 34, 35, 36, 37, 38, 39, 40, 41, 42, 43, 44, 45, 46, 47, 48, 49, 50, 51, 52, 53, 54, 55, 56, 57, 58, 59, 60, 61, 62, 63, 64, 65, 66, 67, 68, 69, 70, 71, 72, 73, 74, 75, 76, 77, 78, 79, 80, 81, 82, 83, 84, 85, 86, 87, 88, 89, 90, 91, 92, 93, 94, 95, 96, 97, 98, 99, 100, 101, 102, 103, 104, 105, 106, 107, 108, 109, 110, 111, 112, 113, 114, 115, 116, 117, 118, 119, 120, 121, 122, 123, 124, 125, 126, 127, 128, 129, 130, 131, 132, 133, 134, 135, 136, 137, 138, 139, 140, 141, 142],