{"Total Initial Vulnerabilities": 664, "Initial Vulns Per OS": {"ubuntu": {"20.04": 6, "16.04": 17, "12.04": 43, "14.04": 16, "10.04": 44, "18.04": 4}, "freebsd": {"12": 24, "9": 47, "11": 21, "13": 11, "10": 36}, "centos": {"6": 29, "7": 22, "3": 96, "5": 37, "4": 11, "8": 4}, "windows": {"7": 43, "8.1": 15, "8": 40, "vista": 55, "xp": 39, "10": 4}}, "Average Initial RoA Per OS": {"ubuntu": {"20.04": 0.19541175627559035, "16.04": 0.06388741740659279, "12.04": 0.05637546673301983, "14.04": 0.039471278870599896, "10.04": 0.04360032044782396, "18.04": 0.29492895009085857}, "freebsd": {"12": 0.09536473112506878, "9": 0.0785912589154118, "11": 0.07435632328428998, "13": 0.08900761093545002, "10": 0.058306282052204415}, "centos": {"6": 0.05099982340781496, "7": 0.05168438486159388, "3": 0.0833572331922297, "5": 0.07714726159413313, "4": 0.16901136583737236, "8": 0.16957682086370002}, "windows": {"7": 0.05519686590052809, "8.1": 0.04806929803719206, "8": 0.07177568057514366, "vista": 0.05143284198287269, "xp": 0.08592361963786506, "10": 0.032584037712431735}}, "OS Types In Initial Network": {"ubuntu 20.04": 11, "windows 10": 12, "freebsd 12": 19, "centos 7": 17, "centos 6": 7, "freebsd 9": 6, "windows 7": 11, "freebsd 11": 9, "windows 8": 11, "windows 8.1": 13, "centos 8": 7, "ubuntu 18.04": 7, "centos 3": 3, "freebsd 13": 11, "ubuntu 16.04": 6, "ubuntu 12.04": 5, "windows vista": 10, "freebsd 10": 12, "ubuntu 14.04": 7, "centos 5": 9, "centos 4": 3, "windows xp": 2, "ubuntu 10.04": 2}, "Initial Hosts Without Vulnerabilities": 53, "Host Compromises": {"record name": "Host Compromises", "x": [2202, 3504, 3562, 3910, 8790, 8827, 9222, 10933, 12388, 12549, 21585, 21806, 21873, 27202, 32210, 39593, 40825, 45115, 45515, 49339, 53024, 60001, 63987, 75576, 78273, 78691, 79506, 80527, 80622, 80735, 81282, 82453, 84604, 85229, 85671, 85810, 87584, 90648, 92022, 94638, 99934, 103045, 107594, 117830, 128556, 153639, 173702, 179052, 180051, 189559, 192514, 208413, 214902, 215866, 217598, 217730, 217815, 220796, 220896, 226145, 226257, 230571], "y": ["freebsd 9", "ubuntu 12.04", "windows 10", "freebsd 9", "freebsd 12", "centos 7", "freebsd 9", "ubuntu 20.04", "centos 3", "ubuntu 16.04", "windows xp", "centos 4", "ubuntu 10.04", "ubuntu 16.04", "freebsd 12", "ubuntu 12.04", "ubuntu 16.04", "freebsd 9", "ubuntu 12.04", "freebsd 12", "centos 7", "freebsd 11", "freebsd 13", "windows vista", "ubuntu 14.04", "ubuntu 18.04", "ubuntu 18.04", "freebsd 10", "ubuntu 16.04", "ubuntu 16.04", "centos 7", "freebsd 11", "windows xp", "ubuntu 12.04", "windows 8.1", "centos 7", "ubuntu 20.04", "windows 8", "ubuntu 18.04", "centos 6", "freebsd 13", "ubuntu 14.04", "ubuntu 14.04", "windows vista", "freebsd 10", "freebsd 12", "centos 7", "centos 6", "ubuntu 20.04", "centos 8", "freebsd 13", "freebsd 12", "ubuntu 12.04", "freebsd 13", "ubuntu 16.04", "freebsd 10", "windows 8", "freebsd 10", "centos 7", "ubuntu 18.04", "centos 8", "centos 5"], "cumulative y": [0, 1, 2, 3, 4, 5, 6, 7, 8, 9, 10, 11, 12, 13, 14, 15, 16, 17, 18, 19, 20, 21, 22, 23, 24, 25, 26, 27, 28, 29, 30, 31, 32, 33, 34, 35, 36, 37, 38, 39, 40, 41, 42, 43, 44, 45, 46, 47, 48, 49, 50, 51, 52, 53, 54, 55, 56, 57, 58, 59, 60, 61], "total events": 62}, "Vuln Compromises": {"record name": "Vuln Compromises", "x": [2202, 3504, 3910, 8790, 9222, 12549, 21585, 21806, 32210, 39593, 40825, 45115, 45515, 49339, 53024, 60001, 75576, 78691, 79506, 80527, 80622, 81282, 84604, 85229, 85810, 87584, 94638, 103045, 107594, 117830, 128556, 153639, 173702, 179052, 208413, 214902, 220796, 220896, 226145, 230571], "y": ["freebsd 9", "ubuntu 12.04", "freebsd 9", "freebsd 12", "freebsd 9", "ubuntu 16.04", "windows xp", "centos 4", "freebsd 12", "ubuntu 12.04", "ubuntu 16.04", "freebsd 9", "ubuntu 12.04", "freebsd 12", "centos 7", "freebsd 11", "windows vista", "ubuntu 18.04", "ubuntu 18.04", "freebsd 10", "ubuntu 16.04", "centos 7", "windows xp", "ubuntu 12.04", "centos 7", "ubuntu 20.04", "centos 6", "ubuntu 14.04", "ubuntu 14.04", "windows vista", "freebsd 10", "freebsd 12", "centos 7", "centos 6", "freebsd 12", "ubuntu 12.04", "freebsd 10", "centos 7", "ubuntu 18.04", "centos 5"], "cumulative y": [0, 1, 2, 3, 4, 5, 6, 7, 8, 9, 10, 11, 12, 13, 14, 15, 16, 17, 18, 19, 20, 21, 22, 23, 24, 25, 26, 27, 28, 29, 30, 31, 32, 33, 34, 35, 36, 37, 38, 39], "total events": 40}, "Reuse Password Compromises": {"record name": "Reuse Password Compromises", "x": [3562, 8827, 10933, 12388, 21873, 63987, 80735, 82453, 85671, 90648, 99934, 180051, 192514, 215866, 217598, 217730, 217815, 226257], "y": ["windows 10", "centos 7", "ubuntu 20.04", "centos 3", "ubuntu 10.04", "freebsd 13", "ubuntu 16.04", "freebsd 11", "windows 8.1", "windows 8", "freebsd 13", "ubuntu 20.04", "freebsd 13", "freebsd 13", "ubuntu 16.04", "freebsd 10", "windows 8", "centos 8"], "cumulative y": [0, 1, 2, 3, 4, 5, 6, 7, 8, 9, 10, 11, 12, 13, 14, 15, 16, 17], "total events": 18}, "Password Spray Compromises": {"record name": "Password Spray Compromises", "x": [27202, 78273, 92022, 189559], "y": ["ubuntu 16.04", "ubuntu 14.04", "ubuntu 18.04", "centos 8"], "cumulative y": [0, 1, 2, 3], "total events": 4}, "User Account Leaks": {"record name": "User Account Has Been Leaked By Compromise", "x": [2202, 2202, 2202, 3504, 3504, 3504, 3562, 3562, 3910, 3910, 3910, 8790, 8790, 8790, 8827, 8827, 9222, 9222, 10933, 10933, 12388, 12549, 12549, 12549, 21585, 21585, 21806, 21873, 27202, 32210, 32210, 40825, 40825, 45115, 45115, 49339, 49339, 53024, 75576, 78273, 78273, 79506, 79506, 80527, 80527, 80622, 80735, 80735, 84604, 85810, 87584, 90648, 92022, 94638, 94638, 117830, 117830, 179052, 180051, 215866, 217598, 220896, 230571], "y": ["Jan", "Lu", "Dani", "Nedi", "Phoebe", "Maybelle", "Analise", "Bambi", "Barbaraanne", "Phillida", "Inez", "Crissy", "Ora", "Ginelle", "Alyss", "Brigit", "Latisha", "Pat", "Cortney", "Madalena", "Vitoria", "Philippe", "Gertruda", "Viviene", "Fidelia", "Teddy", "Wendeline", "Felicle", "Katherina", "Celia", "Gabriellia", "Evania", "Maritsa", "Trista", "Ardyce", "Koral", "Cassandra", "Jane", "Gerhardine", "Alisun", "Perrine", "Petronia", "Marian", "Laura", "Aurie", "Morna", "Dulcy", "Aubree", "Katey", "Galina", "Issie", "Joletta", "Clem", "Lainey", "Ardenia", "Arabelle", "Tybie", "Bella", "Alberta", "Andi", "Suzanna", "Kamillah", "Katerine"], "cumulative y": [0, 1, 2, 3, 4, 5, 6, 7, 8, 9, 10, 11, 12, 13, 14, 15, 16, 17, 18, 19, 20, 21, 22, 23, 24, 25, 26, 27, 28, 29, 30, 31, 32, 33, 34, 35, 36, 37, 38, 39, 40, 41, 42, 43, 44, 45, 46, 47, 48, 49, 50, 51, 52, 53, 54, 55, 56, 57, 58, 59, 60, 61, 62], "total events": 63}, "Vulnerabilities Exploited": {"record name": "Vulnerabilities Exploited", "x": [512, 800, 800, 800, 800, 800, 800, 800, 873, 873, 1108, 1497, 1692, 2202, 2202, 2202, 2202, 2202, 2402, 2926, 2926, 2926, 2926, 2926, 2926, 2926, 2926, 2926, 3250, 3699, 3910, 3910, 4471, 4471, 4471, 4471, 4643, 4643, 4643, 4643, 5176, 5176, 5419, 5419, 5419, 6390, 6390, 7062, 8023, 8147, 8929, 9222, 9534, 11753, 11753, 11753, 11753, 11753, 11753, 12549, 12549, 12916, 14205, 14528, 14758, 14758, 15096, 15096, 17654, 21585, 21585, 21585, 21585, 21585, 21585, 21585, 21806, 27062, 27562, 28120, 28120, 28916, 29795, 32210, 36327, 39593, 41608, 45115, 45704, 46968, 50438, 52315, 53631, 61282, 61282, 63087, 63484, 64419, 64419, 70622, 75576, 78078, 78078, 78078, 78691, 79594, 81401, 83661, 85229, 85229, 103045, 103045, 107594, 110239, 117830, 133078, 136028, 136028, 145253, 160439, 160439, 179052, 179052, 188016, 188455, 188455, 188455, 206887, 206887, 227691, 227691, 230136, 232777, 232777],