{"Total Initial Vulnerabilities": 622, "Initial Vulns Per OS": {"centos": {"6": 31, "7": 17, "4": 28, "8": 8, "5": 18, "3": 41}, "ubuntu": {"16.04": 13, "20.04": 13, "18.04": 19, "12.04": 27, "14.04": 3, "10.04": 22}, "windows": {"7": 21, "8": 31, "vista": 22, "8.1": 25, "10": 10, "xp": 115}, "freebsd": {"11": 30, "13": 7, "12": 9, "9": 17, "8": 85, "10": 10}}, "Average Initial RoA Per OS": {"centos": {"6": 0.035582092647765164, "7": 0.08388724320938382, "4": 0.06463978156790576, "8": 0.054733805069650886, "5": 0.03884939263207542, "3": 0.03844194393143471}, "ubuntu": {"16.04": 0.021534254280787347, "20.04": 0.08627841306236418, "18.04": 0.02203689761719946, "12.04": 0.043325671741782756, "14.04": 0.04877084621952829, "10.04": 0.039840228876393324}, "windows": {"7": 0.034154504729232635, "8": 0.04977928149537795, "vista": 0.021736279970728602, "8.1": 0.023183528900219776, "10": 0.02017949188603451, "xp": 0.05849743302060677}, "freebsd": {"11": 0.04613454377385232, "13": 0.08694613326723559, "12": 0.042729168801324255, "9": 0.030772260513740282, "8": 0.0553685623931935, "10": 0.018007643833152336}}, "OS Types In Initial Network": {"windows 8.1": 17, "ubuntu 20.04": 12, "centos 6": 14, "ubuntu 16.04": 10, "windows 10": 13, "windows 7": 11, "centos 7": 13, "windows 8": 9, "freebsd 11": 10, "freebsd 13": 10, "ubuntu 18.04": 15, "windows vista": 4, "ubuntu 12.04": 4, "freebsd 12": 8, "freebsd 9": 5, "freebsd 8": 3, "centos 4": 7, "centos 5": 8, "freebsd 10": 5, "centos 8": 10, "ubuntu 14.04": 4, "windows xp": 6, "ubuntu 10.04": 1, "centos 3": 1}, "Initial Hosts Without Vulnerabilities": 48, "Host Compromises": {"record name": "Host Compromises", "x": [1132, 8498, 9274, 11809, 11878, 16855, 21200, 31915, 37244, 38240, 50329, 53368, 57571, 62162, 64231, 64337, 65156, 67732, 68740, 71836, 71976, 72672, 75011, 78786, 78882, 82696, 91752, 97145, 100747, 100842, 103013, 103140, 103626, 104818, 105366, 108346, 111378, 115301, 116136, 120418, 123875, 130364, 130840, 138817, 147183, 147514, 155701, 159703, 173644, 187275, 190767, 205689, 207195, 215188, 215317, 215561, 216665, 221319, 221845, 223645, 226473], "y": ["windows 8", "windows vista", "ubuntu 16.04", "freebsd 8", "windows 7", "windows 8.1", "centos 5", "windows 7", "freebsd 11", "freebsd 12", "ubuntu 16.04", "ubuntu 14.04", "windows 8.1", "ubuntu 16.04", "windows 7", "ubuntu 18.04", "freebsd 10", "freebsd 13", "ubuntu 16.04", "freebsd 11", "windows 8", "ubuntu 10.04", "freebsd 11", "freebsd 11", "freebsd 9", "centos 5", "centos 6", "centos 6", "freebsd 12", "windows 8.1", "centos 3", "ubuntu 18.04", "freebsd 12", "ubuntu 18.04", "centos 5", "centos 6", "windows 8.1", "ubuntu 16.04", "windows 7", "windows 8.1", "centos 6", "ubuntu 16.04", "ubuntu 12.04", "centos 7", "windows 8.1", "freebsd 8", "centos 7", "ubuntu 18.04", "windows xp", "centos 7", "freebsd 13", "ubuntu 18.04", "freebsd 11", "windows vista", "ubuntu 14.04", "centos 4", "windows xp", "windows 8.1", "ubuntu 12.04", "freebsd 8", "freebsd 11"], "cumulative y": [0, 1, 2, 3, 4, 5, 6, 7, 8, 9, 10, 11, 12, 13, 14, 15, 16, 17, 18, 19, 20, 21, 22, 23, 24, 25, 26, 27, 28, 29, 30, 31, 32, 33, 34, 35, 36, 37, 38, 39, 40, 41, 42, 43, 44, 45, 46, 47, 48, 49, 50, 51, 52, 53, 54, 55, 56, 57, 58, 59, 60], "total events": 61}, "Vuln Compromises": {"record name": "Vuln Compromises", "x": [1132, 8498, 9274, 11809, 11878, 16855, 21200, 31915, 37244, 50329, 53368, 64337, 68740, 71836, 71976, 72672, 75011, 78786, 78882, 82696, 97145, 100747, 100842, 103013, 103140, 103626, 105366, 108346, 111378, 115301, 116136, 120418, 147514, 159703, 173644, 205689, 207195, 215188, 215317, 215561, 216665, 221319, 221845, 223645, 226473], "y": ["windows 8", "windows vista", "ubuntu 16.04", "freebsd 8", "windows 7", "windows 8.1", "centos 5", "windows 7", "freebsd 11", "ubuntu 16.04", "ubuntu 14.04", "ubuntu 18.04", "ubuntu 16.04", "freebsd 11", "windows 8", "ubuntu 10.04", "freebsd 11", "freebsd 11", "freebsd 9", "centos 5", "centos 6", "freebsd 12", "windows 8.1", "centos 3", "ubuntu 18.04", "freebsd 12", "centos 5", "centos 6", "windows 8.1", "ubuntu 16.04", "windows 7", "windows 8.1", "freebsd 8", "ubuntu 18.04", "windows xp", "ubuntu 18.04", "freebsd 11", "windows vista", "ubuntu 14.04", "centos 4", "windows xp", "windows 8.1", "ubuntu 12.04", "freebsd 8", "freebsd 11"], "cumulative y": [0, 1, 2, 3, 4, 5, 6, 7, 8, 9, 10, 11, 12, 13, 14, 15, 16, 17, 18, 19, 20, 21, 22, 23, 24, 25, 26, 27, 28, 29, 30, 31, 32, 33, 34, 35, 36, 37, 38, 39, 40, 41, 42, 43, 44], "total events": 45}, "Reuse Password Compromises": {"record name": "Reuse Password Compromises", "x": [104818, 130840, 147183], "y": ["ubuntu 18.04", "ubuntu 12.04", "windows 8.1"], "cumulative y": [0, 1, 2], "total events": 3}, "Password Spray Compromises": {"record name": "Password Spray Compromises", "x": [38240, 57571, 62162, 64231, 65156, 67732, 91752, 123875, 130364, 138817, 155701, 187275, 190767], "y": ["freebsd 12", "windows 8.1", "ubuntu 16.04", "windows 7", "freebsd 10", "freebsd 13", "centos 6", "centos 6", "ubuntu 16.04", "centos 7", "centos 7", "centos 7", "freebsd 13"], "cumulative y": [0, 1, 2, 3, 4, 5, 6, 7, 8, 9, 10, 11, 12], "total events": 13}, "User Account Leaks": {"record name": "User Account Has Been Leaked By Compromise", "x": [1132, 1132, 1132, 8498, 8498, 9274, 9274, 9274, 11809, 11809, 11809, 11878, 11878, 16855, 16855, 16855, 31915, 31915, 37244, 37244, 38240, 38240, 50329, 50329, 50329, 53368, 53368, 57571, 57571, 62162, 62162, 64231, 65156, 67732, 68740, 68740, 72672, 75011, 78786, 78786, 78882, 78882, 91752, 100842, 100842, 103013, 103013, 103013, 103140, 103626, 103626, 104818, 105366, 111378, 115301, 130364, 130840, 130840, 138817, 147183, 155701, 205689], "y": ["Sioux", "Dreddy", "Lillian", "Timi", "Korrie", "Donetta", "Antoinette", "Keri", "Penelopa", "Kelly", "Hanna", "Norine", "Camila", "Felipa", "Harlie", "Ketti", "Adelheid", "Zorah", "Amber", "Pamella", "Maribelle", "Mada", "Beret", "Renell", "Marilee", "Joellen", "Lari", "Phoebe", "Josi", "Melisenda", "Phylys", "Merrily", "Chad", "Gwenette", "Dianne", "Ingeborg", "Rosita", "Lynde", "Tandy", "Trista", "Stephine", "Ashely", "Milka", "Wally", "Zia", "Lilia", "Brandise", "Magdalen", "Gabbi", "Cherida", "Lilli", "Milly", "Hildagarde", "Annelise", "Dionne", "Janaya", "Friederike", "Karon", "Lind", "Margette", "Odessa", "Nina"], "cumulative y": [0, 1, 2, 3, 4, 5, 6, 7, 8, 9, 10, 11, 12, 13, 14, 15, 16, 17, 18, 19, 20, 21, 22, 23, 24, 25, 26, 27, 28, 29, 30, 31, 32, 33, 34, 35, 36, 37, 38, 39, 40, 41, 42, 43, 44, 45, 46, 47, 48, 49, 50, 51, 52, 53, 54, 55, 56, 57, 58, 59, 60, 61], "total events": 62}, "Vulnerabilities Exploited": {"record name": "Vulnerabilities Exploited", "x": [482, 482, 935, 1132, 1262, 1325, 1486, 1773, 1773, 1960, 2917, 2980, 3283, 3283, 3451, 3540, 3813, 4466, 4608, 5017, 5714, 5714, 6241, 6241, 6241, 6790, 7018, 7833, 8498, 8498, 8498, 8848, 9274, 9904, 10323, 10567, 10709, 11809, 11809, 11809, 11809, 11878, 12856, 13283, 13283, 13283, 13922, 14088, 16925, 21903, 24763, 27094, 30502, 30502, 30672, 30672, 31776, 32179, 32179, 37244, 41084, 42070, 45313, 47610, 50329, 50329, 52711, 52711, 53131, 64337, 64441, 68740, 72672, 72672, 72672, 72672, 75588, 75588, 78228, 78228, 82696, 83113, 83113, 97145, 97145, 98245, 99872, 102031, 103013, 103013, 103013, 103013, 103264, 104993, 107231, 107231, 117841, 117841, 118245, 118760, 120008, 120418, 121789, 142355, 147514, 147514, 148122, 150856, 153722, 153722, 155401, 155401, 158781, 162016, 167139, 168024, 173644, 173644, 216665, 216665, 216665, 216665, 216665, 216665, 221845, 223645, 223645, 223645],