{"Total Initial Vulnerabilities": 599, "Initial Vulns Per OS": {"centos": {"4": 44, "8": 7, "7": 31, "6": 17, "3": 57, "5": 18}, "windows": {"10": 14, "8": 25, "8.1": 5, "7": 21, "xp": 65, "vista": 8}, "ubuntu": {"18.04": 11, "12.04": 35, "20.04": 15, "14.04": 31, "16.04": 26, "10.04": 34}, "freebsd": {"9": 15, "12": 31, "10": 21, "13": 7, "11": 33, "8": 28}}, "Average Initial RoA Per OS": {"centos": {"4": 0.04369380087991998, "8": 0.06003865792855315, "7": 0.02765768734279436, "6": 0.04047162432043789, "3": 0.0747404023681799, "5": 0.13447556159444485}, "windows": {"10": 0.07322022364795663, "8": 0.04082845526136201, "8.1": 0.07420004177248665, "7": 0.08134548169713932, "xp": 0.07596700609439094, "vista": 0.018500702085560337}, "ubuntu": {"18.04": 0.032288439571208555, "12.04": 0.039625218725764515, "20.04": 0.09843389444979606, "14.04": 0.10591019118448924, "16.04": 0.06568288935211027, "10.04": 0.06518418905295864}, "freebsd": {"9": 0.04572448206647186, "12": 0.056958073115183264, "10": 0.08802528448334475, "13": 0.048933545647268914, "11": 0.040853358758172226, "8": 0.06905348158650955}}, "OS Types In Initial Network": {"centos 4": 10, "centos 8": 16, "ubuntu 20.04": 20, "windows 10": 14, "ubuntu 18.04": 6, "ubuntu 12.04": 6, "freebsd 13": 8, "centos 7": 15, "windows 8": 13, "windows 8.1": 6, "freebsd 9": 3, "freebsd 12": 14, "centos 6": 7, "ubuntu 16.04": 12, "windows 7": 8, "ubuntu 14.04": 9, "freebsd 10": 9, "centos 3": 3, "freebsd 11": 9, "windows xp": 2, "centos 5": 5, "ubuntu 10.04": 2, "windows vista": 2, "freebsd 8": 1}, "Initial Hosts Without Vulnerabilities": 51, "Host Compromises": {"record name": "Host Compromises", "x": [2023, 3080, 3214, 3248, 3705, 5026, 7422, 9292, 9561, 9686, 13326, 15787, 18516, 22048, 23610, 25390, 26350, 30413, 31700, 33764, 37761, 42816, 47714, 51868, 53995, 63113, 68309, 70575, 77783, 88559, 91198, 95752, 95859, 95961, 96660, 102138, 102258, 104976, 106217, 106914, 107095, 108666, 120213, 120326, 124008, 128175, 135708, 135839, 146712, 148074, 149602, 150752, 153667, 153754, 153885, 154844, 155717, 156284, 156871, 157261, 162810, 164252, 164364, 166067, 167870, 169222, 169323, 170351, 170452, 171011, 172800, 180817, 185352, 185441, 200060, 213608, 214127, 218284, 223037, 225691, 227504, 236102, 237105, 238059, 238183, 239689, 241116, 241215, 243496, 246184, 249587, 249680], "y": ["centos 8", "ubuntu 12.04", "centos 7", "freebsd 9", "centos 4", "freebsd 12", "ubuntu 14.04", "windows 8.1", "ubuntu 12.04", "freebsd 11", "centos 4", "freebsd 12", "windows 8.1", "centos 4", "ubuntu 18.04", "freebsd 12", "ubuntu 20.04", "centos 7", "freebsd 9", "windows 10", "ubuntu 12.04", "ubuntu 12.04", "ubuntu 18.04", "centos 4", "freebsd 12", "centos 6", "windows 8", "windows 10", "centos 6", "ubuntu 16.04", "ubuntu 14.04", "windows 8.1", "ubuntu 16.04", "ubuntu 16.04", "centos 8", "windows 8", "freebsd 9", "centos 5", "centos 7", "ubuntu 16.04", "freebsd 11", "windows 10", "windows 7", "ubuntu 16.04", "freebsd 9", "windows 7", "freebsd 11", "ubuntu 18.04", "centos 4", "windows 7", "freebsd 11", "windows 7", "centos 5", "ubuntu 14.04", "freebsd 12", "freebsd 11", "centos 6", "centos 5", "freebsd 10", "ubuntu 20.04", "centos 6", "freebsd 13", "windows vista", "windows vista", "centos 4", "centos 4", "ubuntu 20.04", "ubuntu 16.04", "freebsd 12", "ubuntu 14.04", "ubuntu 16.04", "ubuntu 20.04", "windows 7", "centos 5", "ubuntu 18.04", "ubuntu 14.04", "freebsd 10", "freebsd 12", "centos 7", "centos 6", "centos 7", "centos 4", "freebsd 9", "ubuntu 14.04", "windows 8.1", "ubuntu 18.04", "ubuntu 12.04", "centos 3", "freebsd 12", "centos 7", "centos 7", "freebsd 12"], "cumulative y": [0, 1, 2, 3, 4, 5, 6, 7, 8, 9, 10, 11, 12, 13, 14, 15, 16, 17, 18, 19, 20, 21, 22, 23, 24, 25, 26, 27, 28, 29, 30, 31, 32, 33, 34, 35, 36, 37, 38, 39, 40, 41, 42, 43, 44, 45, 46, 47, 48, 49, 50, 51, 52, 53, 54, 55, 56, 57, 58, 59, 60, 61, 62, 63, 64, 65, 66, 67, 68, 69, 70, 71, 72, 73, 74, 75, 76, 77, 78, 79, 80, 81, 82, 83, 84, 85, 86, 87, 88, 89, 90, 91], "total events": 92}, "Vuln Compromises": {"record name": "Vuln Compromises", "x": [2023, 3080, 3214, 3705, 5026, 7422, 9561, 9686, 13326, 15787, 18516, 22048, 31700, 37761, 42816, 51868, 53995, 63113, 68309, 77783, 88559, 91198, 95752, 104976, 106914, 107095, 120213, 120326, 124008, 128175, 135708, 135839, 146712, 148074, 149602, 153667, 153885, 154844, 155717, 156284, 156871, 162810, 164364, 166067, 167870, 169222, 170351, 171011, 172800, 185352, 200060, 213608, 214127, 218284, 225691, 227504, 236102, 237105, 238059, 238183, 241116, 243496, 246184, 249587, 249680], "y": ["centos 8", "ubuntu 12.04", "centos 7", "centos 4", "freebsd 12", "ubuntu 14.04", "ubuntu 12.04", "freebsd 11", "centos 4", "freebsd 12", "windows 8.1", "centos 4", "freebsd 9", "ubuntu 12.04", "ubuntu 12.04", "centos 4", "freebsd 12", "centos 6", "windows 8", "centos 6", "ubuntu 16.04", "ubuntu 14.04", "windows 8.1", "centos 5", "ubuntu 16.04", "freebsd 11", "windows 7", "ubuntu 16.04", "freebsd 9", "windows 7", "freebsd 11", "ubuntu 18.04", "centos 4", "windows 7", "freebsd 11", "centos 5", "freebsd 12", "freebsd 11", "centos 6", "centos 5", "freebsd 10", "centos 6", "windows vista", "windows vista", "centos 4", "centos 4", "ubuntu 16.04", "ubuntu 14.04", "ubuntu 16.04", "windows 7", "ubuntu 18.04", "ubuntu 14.04", "freebsd 10", "freebsd 12", "centos 6", "centos 7", "centos 4", "freebsd 9", "ubuntu 14.04", "windows 8.1", "ubuntu 12.04", "freebsd 12", "centos 7", "centos 7", "freebsd 12"], "cumulative y": [0, 1, 2, 3, 4, 5, 6, 7, 8, 9, 10, 11, 12, 13, 14, 15, 16, 17, 18, 19, 20, 21, 22, 23, 24, 25, 26, 27, 28, 29, 30, 31, 32, 33, 34, 35, 36, 37, 38, 39, 40, 41, 42, 43, 44, 45, 46, 47, 48, 49, 50, 51, 52, 53, 54, 55, 56, 57, 58, 59, 60, 61, 62, 63, 64], "total events": 65}, "Reuse Password Compromises": {"record name": "Reuse Password Compromises", "x": [3248, 9292, 23610, 25390, 26350, 30413, 95859, 95961, 102138, 102258, 106217, 108666, 153754, 164252, 169323, 170452, 185441, 239689, 241215], "y": ["freebsd 9", "windows 8.1", "ubuntu 18.04", "freebsd 12", "ubuntu 20.04", "centos 7", "ubuntu 16.04", "ubuntu 16.04", "windows 8", "freebsd 9", "centos 7", "windows 10", "ubuntu 14.04", "freebsd 13", "ubuntu 20.04", "freebsd 12", "centos 5", "ubuntu 18.04", "centos 3"], "cumulative y": [0, 1, 2, 3, 4, 5, 6, 7, 8, 9, 10, 11, 12, 13, 14, 15, 16, 17, 18], "total events": 19}, "Password Spray Compromises": {"record name": "Password Spray Compromises", "x": [33764, 47714, 70575, 96660, 150752, 157261, 180817, 223037], "y": ["windows 10", "ubuntu 18.04", "windows 10", "centos 8", "windows 7", "ubuntu 20.04", "ubuntu 20.04", "centos 7"], "cumulative y": [0, 1, 2, 3, 4, 5, 6, 7], "total events": 8}, "User Account Leaks": {"record name": "User Account Has Been Leaked By Compromise", "x": [2023, 2023, 2023, 3080, 3080, 3080, 3214, 3214, 3214, 3248, 3705, 3705, 3705, 5026, 5026, 7422, 7422, 9292, 9292, 9561, 9561, 9686, 9686, 13326, 13326, 15787, 15787, 18516, 22048, 23610, 25390, 25390, 26350, 30413, 30413, 31700, 33764, 37761, 37761, 42816, 42816, 47714, 51868, 53995, 63113, 63113, 68309, 68309, 70575, 95752, 102138, 106914, 107095, 146712, 149602, 150752, 153885, 154844, 155717, 157261, 170351, 213608, 218284, 223037], "y": ["Sarita", "Simone", "Hildagarde", "Deana", "Lorianne", "Farica", "Isabella", "Samantha", "Nettle", "Jacquette", "Roze", "Dalia", "Vina", "Candice", "Sibylla", "La Verne", "Brande", "Mag", "Jaine", "Gillie", "Malina", "Laraine", "Saraann", "Shalne", "Wenonah", "Stace", "Karna", "Sherill", "Rae", "Bobette", "Coralie", "Natassia", "Tera", "Bryana", "Merla", "Robinet", "Linnie", "Ailey", "Daisi", "Nolie", "Leilah", "Ophelie", "Kristine", "Lisabeth", "Barbie", "Lurette", "Karita", "Verene", "Noami", "Brandise", "Mariele", "Lettie", "Niki", "Jourdan", "Petronille", "Tyne", "Aubry", "Wally", "Trish", "Evaleen", "Fiann", "Theo", "Amelie", "Sherie"],