{"Total Initial Vulnerabilities": 733, "Initial Vulns Per OS": {"freebsd": {"10": 45, "13": 18, "12": 25, "11": 17, "9": 5, "8": 26}, "ubuntu": {"18.04": 15, "16.04": 26, "10.04": 28, "12.04": 21, "20.04": 28, "14.04": 5}, "centos": {"5": 19, "8": 26, "3": 175, "7": 2, "6": 7, "4": 21}, "windows": {"10": 31, "vista": 22, "8.1": 14, "7": 35, "xp": 96, "8": 26}}, "Average Initial RoA Per OS": {"freebsd": {"10": 0.07217739632990298, "13": 0.13665071548712537, "12": 0.08364266850962929, "11": 0.03430223172948285, "9": 0.012255865078108451, "8": 0.02788035366193675}, "ubuntu": {"18.04": 0.06698818602920024, "16.04": 0.07133154011414868, "10.04": 0.07557973475977146, "12.04": 0.07417186104908592, "20.04": 0.05725105514658899, "14.04": 0.2162290836123159}, "centos": {"5": 0.06958824192121058, "8": 0.06802753041556805, "3": 0.040034727824598604, "7": 0.28813241128079625, "6": 0.07260485371804863, "4": 0.06376230165556081}, "windows": {"10": 0.0843489783129305, "vista": 0.04292552231113025, "8.1": 0.04141422203990706, "7": 0.0861472900197333, "xp": 0.05203104909827241, "8": 0.0812970826726522}}, "OS Types In Initial Network": {"ubuntu 20.04": 20, "freebsd 10": 11, "freebsd 13": 14, "ubuntu 18.04": 12, "centos 5": 6, "windows 10": 21, "freebsd 12": 15, "centos 8": 15, "ubuntu 16.04": 10, "windows vista": 6, "windows 8.1": 7, "windows 7": 9, "windows xp": 2, "freebsd 11": 8, "freebsd 9": 3, "ubuntu 10.04": 2, "windows 8": 10, "ubuntu 14.04": 5, "centos 3": 5, "centos 4": 5, "centos 7": 2, "ubuntu 12.04": 7, "centos 6": 4, "freebsd 8": 1}, "Initial Hosts Without Vulnerabilities": 38, "Host Compromises": {"record name": "Host Compromises", "x": [3111, 3635, 3946, 6890, 7215, 8247, 9842, 9889, 11276, 11756, 15250, 28130, 35545, 39271, 39327, 39657, 51042, 54460, 82533, 203294, 208802, 223858], "y": ["freebsd 13", "freebsd 10", "windows 10", "centos 3", "centos 7", "freebsd 10", "windows 7", "windows 10", "windows xp", "freebsd 12", "ubuntu 10.04", "ubuntu 16.04", "freebsd 13", "freebsd 10", "windows 8", "ubuntu 20.04", "windows vista", "centos 3", "centos 3", "centos 8", "centos 5", "freebsd 11"], "cumulative y": [0, 1, 2, 3, 4, 5, 6, 7, 8, 9, 10, 11, 12, 13, 14, 15, 16, 17, 18, 19, 20, 21], "total events": 22}, "Vuln Compromises": {"record name": "Vuln Compromises", "x": [3111, 3635, 6890, 7215, 8247, 9889, 11276, 15250, 39657, 54460, 82533, 223858], "y": ["freebsd 13", "freebsd 10", "centos 3", "centos 7", "freebsd 10", "windows 10", "windows xp", "ubuntu 10.04", "ubuntu 20.04", "centos 3", "centos 3", "freebsd 11"], "cumulative y": [0, 1, 2, 3, 4, 5, 6, 7, 8, 9, 10, 11], "total events": 12}, "Reuse Password Compromises": {"record name": "Reuse Password Compromises", "x": [3946, 9842, 39327, 208802], "y": ["windows 10", "windows 7", "windows 8", "centos 5"], "cumulative y": [0, 1, 2, 3], "total events": 4}, "Password Spray Compromises": {"record name": "Password Spray Compromises", "x": [11756, 28130, 35545, 39271, 51042, 203294], "y": ["freebsd 12", "ubuntu 16.04", "freebsd 13", "freebsd 10", "windows vista", "centos 8"], "cumulative y": [0, 1, 2, 3, 4, 5], "total events": 6}, "User Account Leaks": {"record name": "User Account Has Been Leaked By Compromise", "x": [3111, 3111, 3111, 3635, 3635, 3635, 3946, 3946, 6890, 6890, 6890, 7215, 7215, 8247, 8247, 9842, 9842, 9889, 9889, 9889, 11276, 11276, 11276, 11756, 11756, 15250, 15250, 28130, 28130, 39327, 39327, 39657, 51042, 54460, 82533, 82533, 203294, 203294, 208802, 223858], "y": ["Florence", "Tomasina", "Sonni", "Marlena", "Erda", "Myrah", "Winnie", "Dorri", "Sharline", "Essy", "Aloisia", "Tammy", "Nananne", "Kiah", "Georgine", "Beatrix", "Mei", "Marleen", "Rebbecca", "Noni", "Sallie", "Betsy", "Zilvia", "Georgena", "Alexia", "Annabell", "Emlynn", "Lindsay", "Gladi", "Ebonee", "Mitzi", "Hesther", "Perry", "Berry", "Aubine", "Antonina", "Eveleen", "Shandra", "Carlyn", "Paulina"], "cumulative y": [0, 1, 2, 3, 4, 5, 6, 7, 8, 9, 10, 11, 12, 13, 14, 15, 16, 17, 18, 19, 20, 21, 22, 23, 24, 25, 26, 27, 28, 29, 30, 31, 32, 33, 34, 35, 36, 37, 38, 39], "total events": 40}, "Vulnerabilities Exploited": {"record name": "Vulnerabilities Exploited", "x": [244, 376, 521, 691, 762, 952, 952, 1147, 1147, 1239, 1239, 1968, 1968, 1968, 1968, 2914, 2914, 2914, 2914, 2914, 2914, 2914, 2914, 2914, 2914, 2914, 3111, 3214, 3214, 3276, 3635, 3635, 4326, 4326, 4562, 4764, 4764, 5414, 5414, 5414, 5414, 5699, 5699, 5794, 6890, 6890, 6890, 6890, 6890, 6890, 6890, 6890, 6890, 6890, 6890, 6890, 6890, 7087, 7215, 7511, 8478, 8611, 9738, 11276, 11276, 11276, 11276, 11276, 11276, 11276, 11276, 11276, 11276, 11276, 12386, 15250, 15250, 18114, 19723, 20119, 27401, 36263, 39657, 42002, 42002, 42002, 42002, 42002, 42002, 42002, 42002, 42002, 42002, 42002, 42002, 42002, 42002, 42002, 42002, 42002, 42002, 42002, 43085, 49297, 51122, 54460, 54460, 54460, 54460, 54460, 54881, 54881, 54881, 54881, 55135, 57987, 67928, 69643, 69643, 69643, 82533, 82533, 82533, 84585, 90362, 209565, 223272, 223858], "cumulative exploited vulns": [0, 1, 2, 3, 4, 5, 6, 7, 8, 9, 10, 11, 12, 13, 14, 15, 16, 17, 18, 19, 20, 21, 22, 23, 24, 25, 26, 27, 28, 29, 30, 31, 32, 33, 34, 35, 36, 37, 38, 39, 40, 41, 42, 43, 44, 45, 46, 47, 48, 49, 50, 51, 52, 53, 54, 55, 56, 57, 58, 59, 60, 61, 62, 63, 64, 65, 66, 67, 68, 69, 70, 71, 72, 73, 74, 75, 76, 77, 78, 79, 80, 81, 82, 83, 84, 85, 86, 87, 88, 89, 90, 91, 92, 93, 94, 95, 96, 97, 98, 99, 100, 101, 102, 103, 104, 105, 106, 107, 108, 109, 110, 111, 112, 113, 114, 115, 116, 117, 118, 119, 120, 121, 122, 123, 124, 125, 126, 127],