{"Total Initial Vulnerabilities": 579, "Initial Vulns Per OS": {"windows": {"7": 27, "8.1": 27, "8": 15, "10": 11, "vista": 13, "xp": 39}, "ubuntu": {"16.04": 36, "18.04": 13, "14.04": 46, "20.04": 7, "12.04": 38, "10.04": 23}, "centos": {"7": 18, "6": 49, "4": 10, "8": 4, "5": 36, "3": 31}, "freebsd": {"11": 36, "12": 31, "10": 3, "9": 21, "13": 10, "8": 35}}, "Average Initial RoA Per OS": {"windows": {"7": 0.04230088682433055, "8.1": 0.07401458713581045, "8": 0.01749529612322283, "10": 0.02160058588817916, "vista": 0.03410182716590283, "xp": 0.08118912908392951}, "ubuntu": {"16.04": 0.02870326406248546, "18.04": 0.06526479471308305, "14.04": 0.041419557493991364, "20.04": 0.12428503340408335, "12.04": 0.05164314906216979, "10.04": 0.04135547894696149}, "centos": {"7": 0.07098829949835024, "6": 0.047199138349316695, "4": 0.028398188098701777, "8": 0.06437940326060866, "5": 0.050959977942423317, "3": 0.09038611094795404}, "freebsd": {"11": 0.030498606886188027, "12": 0.06507331314999572, "10": 0.05525046679437425, "9": 0.05685575096149141, "13": 0.11251222624689468, "8": 0.05468043050066634}}, "OS Types In Initial Network": {"windows 7": 6, "ubuntu 16.04": 14, "ubuntu 18.04": 8, "centos 7": 16, "freebsd 11": 12, "windows 8.1": 15, "ubuntu 14.04": 11, "centos 8": 11, "freebsd 12": 13, "windows 8": 10, "centos 6": 12, "freebsd 10": 1, "centos 4": 3, "freebsd 13": 14, "ubuntu 20.04": 15, "windows 10": 16, "freebsd 9": 5, "windows vista": 3, "centos 5": 5, "ubuntu 12.04": 5, "windows xp": 1, "ubuntu 10.04": 2, "freebsd 8": 1, "centos 3": 1}, "Initial Hosts Without Vulnerabilities": 56, "Host Compromises": {"record name": "Host Compromises", "x": [819, 4287, 4655, 5638, 8312, 8465, 11969, 15532, 17105, 26366, 62516, 107630, 163716], "y": ["centos 7", "freebsd 11", "ubuntu 18.04", "windows 10", "windows 8.1", "ubuntu 16.04", "freebsd 12", "windows 7", "ubuntu 14.04", "windows 8.1", "freebsd 11", "windows 8", "freebsd 10"], "cumulative y": [0, 1, 2, 3, 4, 5, 6, 7, 8, 9, 10, 11, 12], "total events": 13}, "Vuln Compromises": {"record name": "Vuln Compromises", "x": [819, 4655, 5638, 8312, 8465, 11969, 15532, 17105, 26366, 62516], "y": ["centos 7", "ubuntu 18.04", "windows 10", "windows 8.1", "ubuntu 16.04", "freebsd 12", "windows 7", "ubuntu 14.04", "windows 8.1", "freebsd 11"], "cumulative y": [0, 1, 2, 3, 4, 5, 6, 7, 8, 9], "total events": 10}, "Reuse Password Compromises": {"record name": "Reuse Password Compromises", "x": [4287], "y": ["freebsd 11"], "cumulative y": [0], "total events": 1}, "Password Spray Compromises": {"record name": "Password Spray Compromises", "x": [107630, 163716], "y": ["windows 8", "freebsd 10"], "cumulative y": [0, 1], "total events": 2}, "User Account Leaks": {"record name": "User Account Has Been Leaked By Compromise", "x": [819, 819, 819, 4287, 4287, 4655, 4655, 4655, 5638, 5638, 5638, 8312, 8312, 8312, 8465, 8465, 8465, 11969, 15532, 17105, 17105, 26366, 26366, 26366, 107630, 163716], "y": ["Myrilla", "Millie", "Gianna", "Darya", "Frances", "Debby", "Cati", "Ali", "Emmy", "Kacey", "Loraine", "Marney", "Jillene", "Dominique", "Cherish", "Lanae", "Marleah", "Rosabel", "Gilberta", "Bill", "Anestassia", "Zita", "Happy", "Nady", "Sorcha", "Vina"], "cumulative y": [0, 1, 2, 3, 4, 5, 6, 7, 8, 9, 10, 11, 12, 13, 14, 15, 16, 17, 18, 19, 20, 21, 22, 23, 24, 25], "total events": 26}, "Vulnerabilities Exploited": {"record name": "Vulnerabilities Exploited", "x": [194, 194, 589, 650, 650, 819, 819, 1112, 1112, 1112, 2358, 2556, 2556, 3030, 3030, 3186, 3186, 3463, 4066, 4229, 4655, 4655, 5199, 5199, 5199, 5199, 5199, 7258, 7258, 7399, 7399, 8312, 8362, 9095, 10266, 10883, 13008, 13008, 13463, 15532, 17105, 19398, 20801, 24716, 26366, 26491, 31523, 38169, 41457, 62516, 64339, 70527, 77187, 81322, 163979, 217109], "cumulative exploited vulns": [0, 1, 2, 3, 4, 5, 6, 7, 8, 9, 10, 11, 12, 13, 14, 15, 16, 17, 18, 19, 20, 21, 22, 23, 24, 25, 26, 27, 28, 29, 30, 31, 32, 33, 34, 35, 36, 37, 38, 39, 40, 41, 42, 43, 44, 45, 46, 47, 48, 49, 50, 51, 52, 53, 54, 55], "roa": [0.30967576824676335, 0.17298896945422862, 0.26455053695891123, 0.5648773829943736, 0.04442613904701194, 0.5837978150795944, 0.12965978360451083, 0.597140688248135, 0.01754746014749791, 0.01754746014749791, 0.1459660919562234, 0.35796426379716945, 0.08112338485915258, 0.29655799307517333, 0.29655799307517333, 0.7519469609529119, 0.042884727005811835, 0.4625065219592087, 0.23064444927266275, 0.1551458751312758, 0.7480963136522473, 0.4331424916729837, 0.4970967075753888, 0.31397046022525577, 0.7159319730543985, 0.21678411796225175, 0.003865005591452955, 0.004983108218046128, 0.536098433307825, 0.23844493829641694, 0.17504361928371365, 0.2232348299125774, 0.08690171444836996, 0.04475231428845606, 0.04783452521636493, 0.43091736875761555, 0.17764246762391267, 0.27118897458312213, 0.3540342235691791, 0.19359651492511992, 0.10418368357332072, 0.10635646378415795, 0.2662270529398661, 0.2767809289767207, 0.334118336290553, 0.15640709449560422, 0.3328230917867733, 0.033363575956477994, 0.45058327144326604, 0.05981619153786148, 0.09000292853246097, 0.041149291503219596, 0.012737277155887688, 0.007349680630656802, 0.024327953189904574, 0.11403992811209998], "impact": [3.611303547896896, 7.498015502033803, 3.4365994375486277, 5.688961510944677, 1.253137649383339, 8.388633984011026, 6.82482979360744, 6.209852029848855, 0.2799647545729034, 0.2799647545729034, 5.907106612940396, 5.14493449719282, 0.9733915298259155, 7.1127280624774105, 7.1127280624774105, 9.346075437650846, 1.368144323456152, 8.319567136555843, 8.510355777273302, 2.759939056522639, 9.321529298566132, 8.799863634880795, 5.252689918075659, 6.246457805203831, 8.824274711837619, 2.756106580811651, 0.09258196686259157, 0.09267941997603169, 6.159366995100157, 4.702840997403554, 6.780684498330136, 9.274776853261786, 2.409684294068825, 0.6420429055770127, 1.863112540365951, 8.255705831105782, 2.9230489400861592, 8.698280269141797, 5.21584387465564, 6.9758268988918415, 4.29872439960897, 3.1426390374743898, 9.347240612688086, 5.598266711738108, 8.189270651591801, 2.934072682127801, 6.817558615083899, 2.110828743177322, 6.905945383951543, 9.482029810243468, 3.3254628789104634, 1.9185040551376797, 0.8981198384273936, 0.24872779899568265, 0.926799093403472, 9.228635182524197], "complexity": [0.8575179686213537, 0.230713005871095, 0.7698032365029386, 0.9929358493771445, 0.3545192267495415, 0.6959390720733907, 0.18998244282364118, 0.9616021209166705, 0.6267739013886663, 0.6267739013886663, 0.2471025182387312, 0.6957605854700034, 0.8334096031600042, 0.4169398723952905, 0.4169398723952905, 0.804559053657623, 0.3134517774957991, 0.555926185061929, 0.27101622459614805, 0.5621351484722654, 0.8025467599692272, 0.4922150042826785, 0.946365986434436, 0.5026376068108419, 0.8113210393302778, 0.7865592697739962, 0.4174685116799608, 0.5376714937722782, 0.8703791050838456, 0.5070231769010749, 0.25815036715957107, 0.24069024348986834, 0.3606352693681453, 0.6970299632582427, 0.25674522703265856, 0.5219630853778832, 0.6077300492227699, 0.31177309329201297, 0.6787669111214589, 0.2775248264200393, 0.2423595324761869, 0.3384304163345221, 0.28481887219045743, 0.4944046849293249, 0.4079952299849905, 0.5330716428680191, 0.48818515626752323, 0.1580591322925493, 0.6524570444625278, 0.06308374128210592, 0.2706478220016969, 0.21448634102713193, 0.14182157670841167, 0.2954909206101396, 0.26249435679274735, 0.12357182384677168], "total had os dependency": 4, "total were dependent on another vuln": 0}, "MTD Statistics": [{"record name": "PortShuffle",