{"Total Initial Vulnerabilities": 750, "Initial Vulns Per OS": {"freebsd": {"13": 13, "11": 42, "10": 26, "12": 19, "9": 30, "8": 87}, "windows": {"xp": 143, "10": 17, "8": 54, "7": 39, "vista": 12, "8.1": 26}, "centos": {"8": 18, "6": 20, "5": 10, "7": 45, "4": 8, "3": 48}, "ubuntu": {"16.04": 28, "20.04": 8, "18.04": 19, "14.04": 28, "12.04": 10}}, "Average Initial RoA Per OS": {"freebsd": {"13": 0.0811814842714281, "11": 0.15936890398207249, "10": 0.09293077214496341, "12": 0.059923194902421824, "9": 0.05398425173643349, "8": 0.05501924195237355}, "windows": {"xp": 0.05497564216294633, "10": 0.10417213742009562, "8": 0.0920028807804232, "7": 0.09341825352465098, "vista": 0.08117133602617231, "8.1": 0.053941041164226315}, "centos": {"8": 0.06019455323813713, "6": 0.015671383870893407, "5": 0.07666028923063786, "7": 0.04735978735557289, "4": 0.06572572096300963, "3": 0.05282013404807943}, "ubuntu": {"16.04": 0.1179403042341021, "20.04": 0.12372371155415363, "18.04": 0.027731487606343124, "14.04": 0.1077996092133472, "12.04": 0.02703512317145933}}, "OS Types In Initial Network": {"freebsd 13": 12, "freebsd 11": 10, "windows xp": 6, "windows 10": 17, "centos 8": 16, "centos 6": 8, "ubuntu 16.04": 6, "freebsd 10": 8, "ubuntu 20.04": 14, "freebsd 12": 9, "ubuntu 18.04": 14, "centos 5": 3, "centos 7": 17, "windows 8": 11, "windows 8.1": 11, "windows 7": 9, "ubuntu 14.04": 7, "freebsd 9": 6, "freebsd 8": 3, "ubuntu 12.04": 4, "windows vista": 4, "centos 4": 3, "centos 3": 2}, "Initial Hosts Without Vulnerabilities": 38, "Host Compromises": {"record name": "Host Compromises", "x": [2972, 3104, 6614, 6873, 7494, 8006, 8091, 11528, 12388, 16488, 18045, 18515, 24669, 25983, 31044, 36004, 37682, 41864, 48229, 48526, 53039, 57055, 58046, 64263, 69949, 70087, 77220, 82792, 84473, 84931, 86233, 89377, 89908, 97695, 99021, 104229, 110119, 111984, 112477, 118611, 120259, 120749, 124942, 128718, 131537, 132687, 134330, 136320, 142392, 150940, 151035, 166121, 169688, 170244, 197692, 197801, 198478, 199414, 199645, 200765, 201976, 206787, 207325, 208270, 213231, 219496, 221663, 234003, 240017, 240142, 242035, 248423], "y": ["windows 10", "ubuntu 18.04", "ubuntu 20.04", "windows 7", "ubuntu 14.04", "windows 7", "windows 8.1", "centos 4", "centos 8", "freebsd 13", "centos 8", "windows 7", "centos 5", "windows 7", "centos 5", "centos 8", "freebsd 13", "freebsd 13", "freebsd 10", "centos 7", "windows 7", "centos 7", "centos 8", "freebsd 10", "freebsd 12", "centos 6", "ubuntu 18.04", "windows xp", "ubuntu 16.04", "ubuntu 20.04", "centos 7", "freebsd 9", "freebsd 10", "ubuntu 14.04", "windows vista", "freebsd 11", "ubuntu 14.04", "centos 6", "ubuntu 16.04", "windows 8", "ubuntu 20.04", "freebsd 13", "ubuntu 12.04", "centos 6", "ubuntu 20.04", "windows 10", "windows 10", "ubuntu 20.04", "centos 6", "freebsd 11", "freebsd 9", "centos 6", "windows 10", "windows vista", "ubuntu 12.04", "centos 7", "windows xp", "centos 7", "centos 5", "freebsd 10", "centos 4", "windows 8", "windows 7", "ubuntu 18.04", "freebsd 8", "windows 10", "freebsd 10", "freebsd 12", "ubuntu 18.04", "windows 7", "windows 8.1", "freebsd 13"], "cumulative y": [0, 1, 2, 3, 4, 5, 6, 7, 8, 9, 10, 11, 12, 13, 14, 15, 16, 17, 18, 19, 20, 21, 22, 23, 24, 25, 26, 27, 28, 29, 30, 31, 32, 33, 34, 35, 36, 37, 38, 39, 40, 41, 42, 43, 44, 45, 46, 47, 48, 49, 50, 51, 52, 53, 54, 55, 56, 57, 58, 59, 60, 61, 62, 63, 64, 65, 66, 67, 68, 69, 70, 71], "total events": 72}, "Vuln Compromises": {"record name": "Vuln Compromises", "x": [2972, 3104, 6614, 6873, 7494, 8006, 8091, 11528, 16488, 18515, 24669, 25983, 31044, 36004, 37682, 48229, 48526, 53039, 57055, 58046, 64263, 69949, 70087, 77220, 82792, 84931, 86233, 89377, 89908, 97695, 99021, 104229, 110119, 111984, 112477, 118611, 124942, 128718, 131537, 142392, 150940, 166121, 169688, 170244, 197692, 198478, 199645, 201976, 206787, 207325, 208270, 213231, 221663, 240142, 248423], "y": ["windows 10", "ubuntu 18.04", "ubuntu 20.04", "windows 7", "ubuntu 14.04", "windows 7", "windows 8.1", "centos 4", "freebsd 13", "windows 7", "centos 5", "windows 7", "centos 5", "centos 8", "freebsd 13", "freebsd 10", "centos 7", "windows 7", "centos 7", "centos 8", "freebsd 10", "freebsd 12", "centos 6", "ubuntu 18.04", "windows xp", "ubuntu 20.04", "centos 7", "freebsd 9", "freebsd 10", "ubuntu 14.04", "windows vista", "freebsd 11", "ubuntu 14.04", "centos 6", "ubuntu 16.04", "windows 8", "ubuntu 12.04", "centos 6", "ubuntu 20.04", "centos 6", "freebsd 11", "centos 6", "windows 10", "windows vista", "ubuntu 12.04", "windows xp", "centos 5", "centos 4", "windows 8", "windows 7", "ubuntu 18.04", "freebsd 8", "freebsd 10", "windows 7", "freebsd 13"], "cumulative y": [0, 1, 2, 3, 4, 5, 6, 7, 8, 9, 10, 11, 12, 13, 14, 15, 16, 17, 18, 19, 20, 21, 22, 23, 24, 25, 26, 27, 28, 29, 30, 31, 32, 33, 34, 35, 36, 37, 38, 39, 40, 41, 42, 43, 44, 45, 46, 47, 48, 49, 50, 51, 52, 53, 54], "total events": 55}, "Reuse Password Compromises": {"record name": "Reuse Password Compromises", "x": [12388, 18045, 41864, 120259, 120749, 151035, 197801, 199414, 200765, 242035], "y": ["centos 8", "centos 8", "freebsd 13", "ubuntu 20.04", "freebsd 13", "freebsd 9", "centos 7", "centos 7", "freebsd 10", "windows 8.1"], "cumulative y": [0, 1, 2, 3, 4, 5, 6, 7, 8, 9], "total events": 10}, "Password Spray Compromises": {"record name": "Password Spray Compromises", "x": [84473, 132687, 134330, 136320, 219496, 234003, 240017], "y": ["ubuntu 16.04", "windows 10", "windows 10", "ubuntu 20.04", "windows 10", "freebsd 12", "ubuntu 18.04"], "cumulative y": [0, 1, 2, 3, 4, 5, 6], "total events": 7}, "User Account Leaks": {"record name": "User Account Has Been Leaked By Compromise", "x": [2972, 2972, 2972, 3104, 3104, 3104, 6614, 6614, 6614, 6873, 6873, 7494, 7494, 8006, 8006, 8091, 8091, 8091, 11528, 11528, 11528, 12388, 16488, 18045, 18045, 18515, 18515, 24669, 25983, 25983, 31044, 36004, 36004, 37682, 37682, 48526, 53039, 53039, 58046, 58046, 70087, 77220, 82792, 82792, 84473, 84473, 86233, 89377, 89908, 99021, 110119, 111984, 112477, 118611, 120259, 128718, 131537, 131537, 132687, 134330, 136320, 142392, 201976, 213231], "y": ["Brana", "Kippie", "Stevana", "Trudey", "Martica", "Amity", "Hildagarde", "Lizette", "Livvyy", "Sabina", "Beatrix", "Harriett", "Mara", "Janna", "Dot", "Jane", "Korney", "Lauri", "Rosabel", "Nonah", "Iona", "Mercie", "Tony", "Merralee", "Jewelle", "Karna", "Yetta", "Cherianne", "Corenda", "Elane", "Madelin", "Christiane", "Rhea", "Arly", "Ramona", "Adrianne", "Sara-Ann", "Sela", "Amil", "Melisse", "Joellyn", "Sheryl", "Karalynn", "Caren", "Lida", "Sonnnie", "Riannon", "Margaret", "Sheela", "Agathe", "Dayle", "Ursulina", "Fey", "Andriette", "Elsey", "Mindy", "Batsheva", "Fifi", "Carolann", "Kania", "Adora", "Tessi", "Gretta", "Eryn"], "cumulative y": [0, 1, 2, 3, 4, 5, 6, 7, 8, 9, 10, 11, 12, 13, 14, 15, 16, 17, 18, 19, 20, 21, 22, 23, 24, 25, 26, 27, 28, 29, 30, 31, 32, 33, 34, 35, 36, 37, 38, 39, 40, 41, 42, 43, 44, 45, 46, 47, 48, 49, 50, 51, 52, 53, 54, 55, 56, 57, 58, 59, 60, 61, 62, 63], "total events": 64}, "Vulnerabilities Exploited": {"record name": "Vulnerabilities Exploited",