{"Total Initial Vulnerabilities": 588, "Initial Vulns Per OS": {"freebsd": {"11": 21, "13": 12, "12": 14, "10": 9, "9": 31, "8": 24}, "centos": {"8": 4, "6": 35, "5": 9, "4": 11, "7": 18, "3": 51}, "ubuntu": {"18.04": 28, "20.04": 4, "14.04": 14, "16.04": 16, "10.04": 71, "12.04": 8}, "windows": {"7": 41, "vista": 31, "8.1": 30, "8": 29, "10": 15, "xp": 62}}, "Average Initial RoA Per OS": {"freebsd": {"11": 0.057116715812346265, "13": 0.058541922304847886, "12": 0.02174867969102911, "10": 0.018553299038573945, "9": 0.055549832325831945, "8": 0.07615531738410973}, "centos": {"8": 0.05222620282110516, "6": 0.061661109525512105, "5": 0.06909956015578438, "4": 0.05499293009010556, "7": 0.033919518109676756, "3": 0.04844200658490704}, "ubuntu": {"18.04": 0.0295214710620763, "20.04": 0.06796515644943837, "14.04": 0.0924674650711147, "16.04": 0.037009274143934005, "10.04": 0.06182782272687482, "12.04": 0.047522525681496314}, "windows": {"7": 0.048013761841495195, "vista": 0.07576064785320014, "8.1": 0.029861703715786097, "8": 0.05862921690994701, "10": 0.09344696136608835, "xp": 0.06622397988813701}}, "OS Types In Initial Network": {"windows 10": 18, "freebsd 11": 9, "freebsd 13": 19, "centos 8": 9, "centos 7": 16, "centos 6": 11, "centos 5": 3, "ubuntu 20.04": 16, "ubuntu 18.04": 12, "windows 7": 9, "windows vista": 6, "centos 4": 2, "ubuntu 14.04": 6, "freebsd 12": 11, "windows 8.1": 11, "windows 8": 9, "ubuntu 16.04": 9, "windows xp": 3, "freebsd 10": 4, "freebsd 9": 7, "ubuntu 12.04": 4, "ubuntu 10.04": 3, "centos 3": 2, "freebsd 8": 1}, "Initial Hosts Without Vulnerabilities": 59, "Host Compromises": {"record name": "Host Compromises", "x": [1666, 2973, 3121, 3487, 6397, 8035, 8211, 8602, 15854, 22114, 22939, 25822, 26080, 26610, 27232, 27994, 29867, 31255, 32150, 32329, 32428, 33637, 34974, 36142, 38940, 41121, 42395, 43724, 48207, 49634, 53960, 54963, 57517, 57873, 60832, 61881, 63037, 65515, 66275, 70836, 70911, 72427, 72556, 74363, 75880, 76308, 79318, 83716, 86623, 87917, 127922, 136168, 160195, 162270, 175297], "y": ["freebsd 11", "windows 8.1", "windows 8", "windows 10", "freebsd 9", "windows xp", "windows 8", "freebsd 11", "windows vista", "ubuntu 10.04", "windows 8.1", "centos 8", "freebsd 12", "freebsd 9", "freebsd 10", "centos 5", "windows 8.1", "windows 8", "windows 7", "windows 8.1", "ubuntu 16.04", "freebsd 9", "centos 8", "windows 8", "windows 10", "centos 6", "ubuntu 20.04", "freebsd 13", "freebsd 13", "ubuntu 18.04", "ubuntu 10.04", "ubuntu 16.04", "ubuntu 10.04", "windows 7", "freebsd 12", "centos 7", "centos 3", "ubuntu 18.04", "freebsd 12", "centos 6", "ubuntu 14.04", "centos 8", "windows 7", "freebsd 10", "freebsd 11", "freebsd 13", "windows 7", "ubuntu 20.04", "windows xp", "freebsd 12", "centos 7", "ubuntu 16.04", "windows 8.1", "windows xp", "ubuntu 20.04"], "cumulative y": [0, 1, 2, 3, 4, 5, 6, 7, 8, 9, 10, 11, 12, 13, 14, 15, 16, 17, 18, 19, 20, 21, 22, 23, 24, 25, 26, 27, 28, 29, 30, 31, 32, 33, 34, 35, 36, 37, 38, 39, 40, 41, 42, 43, 44, 45, 46, 47, 48, 49, 50, 51, 52, 53, 54], "total events": 55}, "Vuln Compromises": {"record name": "Vuln Compromises", "x": [1666, 2973, 3121, 3487, 6397, 8035, 8211, 8602, 15854, 22114, 22939, 26080, 26610, 27994, 29867, 32150, 32329, 33637, 38940, 41121, 49634, 53960, 57517, 57873, 65515, 75880, 86623, 162270], "y": ["freebsd 11", "windows 8.1", "windows 8", "windows 10", "freebsd 9", "windows xp", "windows 8", "freebsd 11", "windows vista", "ubuntu 10.04", "windows 8.1", "freebsd 12", "freebsd 9", "centos 5", "windows 8.1", "windows 7", "windows 8.1", "freebsd 9", "windows 10", "centos 6", "ubuntu 18.04", "ubuntu 10.04", "ubuntu 10.04", "windows 7", "ubuntu 18.04", "freebsd 11", "windows xp", "windows xp"], "cumulative y": [0, 1, 2, 3, 4, 5, 6, 7, 8, 9, 10, 11, 12, 13, 14, 15, 16, 17, 18, 19, 20, 21, 22, 23, 24, 25, 26, 27], "total events": 28}, "Reuse Password Compromises": {"record name": "Reuse Password Compromises", "x": [27232, 31255, 32428, 34974, 36142, 42395, 43724, 48207, 54963, 60832, 61881, 63037, 66275, 70836, 70911, 72427, 72556, 74363, 76308, 79318, 83716, 87917, 136168, 160195], "y": ["freebsd 10", "windows 8", "ubuntu 16.04", "centos 8", "windows 8", "ubuntu 20.04", "freebsd 13", "freebsd 13", "ubuntu 16.04", "freebsd 12", "centos 7", "centos 3", "freebsd 12", "centos 6", "ubuntu 14.04", "centos 8", "windows 7", "freebsd 10", "freebsd 13", "windows 7", "ubuntu 20.04", "freebsd 12", "ubuntu 16.04", "windows 8.1"], "cumulative y": [0, 1, 2, 3, 4, 5, 6, 7, 8, 9, 10, 11, 12, 13, 14, 15, 16, 17, 18, 19, 20, 21, 22, 23], "total events": 24}, "Password Spray Compromises": {"record name": "Password Spray Compromises", "x": [25822, 127922, 175297], "y": ["centos 8", "centos 7", "ubuntu 20.04"], "cumulative y": [0, 1, 2], "total events": 3}, "User Account Leaks": {"record name": "User Account Has Been Leaked By Compromise", "x": [1666, 1666, 1666, 2973, 2973, 2973, 3121, 3121, 3121, 3487, 6397, 6397, 6397, 8035, 8035, 8211, 8211, 8602, 8602, 15854, 22114, 22114, 22939, 22939, 22939, 25822, 26080, 26610, 27232, 27994, 29867, 29867, 32150, 32428, 33637, 34974, 36142, 38940, 41121, 41121, 41121, 43724, 53960, 53960, 54963, 57873, 57873, 60832, 61881, 66275, 70911, 72427, 75880, 83716, 86623, 160195], "y": ["Maddy", "Catha", "Hildagard", "Madelon", "Nicol", "Flo", "Amie", "Ronna", "Rana", "Marsiella", "Annabela", "Cyndia", "Rhiamon", "Winna", "Annabel", "Sabine", "Mari", "Carin", "Jannelle", "Willette", "Codi", "Averil", "Augustine", "Marillin", "Kaylee", "Scarlett", "Ninon", "Karee", "Sioux", "Andy", "Carmon", "Barbee", "Marcile", "Carmella", "Dyane", "Gwen", "Erinn", "Kissee", "Fleur", "Valina", "Thekla", "Constantia", "Jenda", "Annemarie", "Velma", "Sybyl", "Sibelle", "Shelli", "Marley", "Janela", "Aida", "Hendrika", "Evangelia", "Meggy", "Jammie", "Sybilla"], "cumulative y": [0, 1, 2, 3, 4, 5, 6, 7, 8, 9, 10, 11, 12, 13, 14, 15, 16, 17, 18, 19, 20, 21, 22, 23, 24, 25, 26, 27, 28, 29, 30, 31, 32, 33, 34, 35, 36, 37, 38, 39, 40, 41, 42, 43, 44, 45, 46, 47, 48, 49, 50, 51, 52, 53, 54, 55], "total events": 56}, "Vulnerabilities Exploited": {"record name": "Vulnerabilities Exploited", "x": [319, 535, 535, 698, 847, 847, 1181, 1181, 1181, 1181, 1540, 1666, 1666, 1666, 1666, 1971, 2284, 2703, 2703, 3021, 3121, 3121, 3487, 4186, 4186, 4186, 4186, 4186, 4186, 4186, 4186, 4186, 4746, 4746, 4746, 4849, 5043, 5344, 5344, 5758, 6031, 6397, 6397, 6397, 6397, 6397, 8035, 8211, 8211, 8318, 8602, 8602, 9207, 9207, 9382, 11939, 13212, 13212, 13676, 14247, 14247, 14247, 14247, 14247, 15854, 15854, 16923, 16923, 18389, 19722, 22114, 22114, 22939, 23661, 24288, 26610, 26610, 26610, 26792, 27029, 27994, 28098, 28985, 30069, 30069, 32150, 32150, 33637, 43420, 43420, 43420, 43420, 43420, 43420, 43827, 49634, 53960, 53960, 53960, 53960, 53960, 53960, 53960, 53960, 53960, 53960, 56537, 57517, 57517, 57517, 63341, 77528, 77528, 80320, 81568, 86623, 86623, 86623, 86623, 86623, 86623, 86623, 86623, 86623, 86623, 86623, 86623, 87559, 92663, 100273, 130155, 159809, 162270, 165337, 171134, 176910, 179810, 181478, 237255], "cumulative exploited vulns": [0, 1, 2, 3, 4, 5, 6, 7, 8, 9, 10, 11, 12, 13, 14, 15, 16, 17, 18, 19, 20, 21, 22, 23, 24, 25, 26, 27, 28, 29, 30, 31, 32, 33, 34, 35, 36, 37, 38, 39, 40, 41, 42, 43, 44, 45, 46, 47, 48, 49, 50, 51, 52, 53, 54, 55, 56, 57, 58, 59, 60, 61, 62, 63, 64, 65, 66, 67, 68, 69, 70, 71, 72, 73, 74, 75, 76, 77, 78, 79, 80, 81, 82, 83, 84, 85, 86, 87, 88, 89, 90, 91, 92, 93, 94, 95, 96, 97, 98, 99, 100, 101, 102, 103, 104, 105, 106, 107, 108, 109, 110, 111, 112, 113, 114, 115, 116, 117, 118, 119, 120, 121, 122, 123, 124, 125, 126, 127, 128, 129, 130, 131, 132, 133, 134, 135, 136, 137, 138],