{"Total Initial Vulnerabilities": 761, "Initial Vulns Per OS": {"windows": {"10": 7, "8": 36, "8.1": 13, "vista": 3, "xp": 46, "7": 11}, "centos": {"3": 109, "8": 9, "7": 31, "6": 43, "4": 13, "5": 5}, "freebsd": {"11": 18, "10": 33, "9": 34, "13": 4, "12": 37, "8": 115}, "ubuntu": {"10.04": 96, "12.04": 18, "16.04": 20, "14.04": 36, "18.04": 12, "20.04": 12}}, "Average Initial RoA Per OS": {"windows": {"10": 0.0038041917945114867, "8": 0.0630169823377103, "8.1": 0.0693370149162351, "vista": 0.009160896965062953, "xp": 0.07207344889103366, "7": 0.028473020080601517}, "centos": {"3": 0.062034782733375864, "8": 0.04882508804345051, "7": 0.08355624866337083, "6": 0.059876963264576116, "4": 0.007645205647084003, "5": 0.019536827446298675}, "freebsd": {"11": 0.07540260507940189, "10": 0.08166779509728446, "9": 0.055351561029475735, "13": 0.012588262904250228, "12": 0.033571744295185994, "8": 0.07964607384985692}, "ubuntu": {"10.04": 0.06838870522238244, "12.04": 0.03035640128380405, "16.04": 0.06515414160264245, "14.04": 0.06951944720759992, "18.04": 0.05325479187370979, "20.04": 0.03736739099665764}}, "OS Types In Initial Network": {"windows 10": 18, "ubuntu 20.04": 16, "centos 3": 4, "ubuntu 12.04": 4, "centos 8": 15, "freebsd 11": 6, "windows 8": 10, "windows 8.1": 9, "ubuntu 10.04": 5, "centos 6": 11, "freebsd 10": 11, "freebsd 9": 4, "centos 7": 17, "freebsd 13": 6, "ubuntu 18.04": 10, "windows vista": 2, "freebsd 12": 16, "ubuntu 16.04": 8, "ubuntu 14.04": 8, "freebsd 8": 5, "centos 4": 6, "windows xp": 2, "windows 7": 5, "centos 5": 2}, "Initial Hosts Without Vulnerabilities": 57, "Host Compromises": {"record name": "Host Compromises", "x": [715, 2186, 6441, 7136, 9894, 16050, 22981, 203738], "y": ["centos 3", "ubuntu 10.04", "centos 3", "freebsd 8", "freebsd 8", "centos 6", "freebsd 9", "freebsd 11"], "cumulative y": [0, 1, 2, 3, 4, 5, 6, 7], "total events": 8}, "Vuln Compromises": {"record name": "Vuln Compromises", "x": [715, 2186, 6441, 7136, 9894, 16050, 22981, 203738], "y": ["centos 3", "ubuntu 10.04", "centos 3", "freebsd 8", "freebsd 8", "centos 6", "freebsd 9", "freebsd 11"], "cumulative y": [0, 1, 2, 3, 4, 5, 6, 7], "total events": 8}, "Reuse Password Compromises": {"record name": "Reuse Password Compromises", "x": [], "y": [], "cumulative y": [], "total events": 0}, "Password Spray Compromises": {"record name": "Password Spray Compromises", "x": [], "y": [], "cumulative y": [], "total events": 0}, "User Account Leaks": {"record name": "User Account Has Been Leaked By Compromise", "x": [715, 715, 715, 2186, 2186, 6441, 6441, 6441, 7136, 7136, 7136, 9894, 9894, 16050, 22981, 22981, 203738, 203738, 203738], "y": ["Jinny", "Glory", "Bridie", "Georgeanne", "Kaile", "Arleta", "Dacie", "Arlette", "Cayla", "Amii", "Ferdinande", "Joannes", "Aline", "Chloris", "Judy", "Jesselyn", "Marie-Ann", "Valentine", "Renee"], "cumulative y": [0, 1, 2, 3, 4, 5, 6, 7, 8, 9, 10, 11, 12, 13, 14, 15, 16, 17, 18], "total events": 19}, "Vulnerabilities Exploited": {"record name": "Vulnerabilities Exploited", "x": [205, 715, 715, 715, 715, 715, 715, 715, 796, 1595, 1595, 1923, 1923, 2186, 2186, 2186, 2186, 2424, 2424, 2595, 2786, 3196, 4116, 4690, 4839, 5064, 5256, 5369, 5369, 5369, 6441, 6441, 6441, 6441, 6441, 6441, 6441, 6441, 6441, 6441, 6441, 6571, 6817, 6817, 6998, 7136, 7136, 7889, 7999, 9894, 9894, 9894, 9894, 9894, 9894, 9894, 9894, 9894, 9894, 9894, 9894, 9894, 9894, 9894, 9894, 10181, 10181, 10589, 13567, 15101, 15101, 15213, 16050, 17583, 17983, 19002, 20374, 20548, 21379, 22981, 22981, 23746, 26394, 26394, 29272, 29749, 33722, 34500, 34806, 41666, 48957, 53882, 83651, 166609, 197164, 203738, 241081], "cumulative exploited vulns": [0, 1, 2, 3, 4, 5, 6, 7, 8, 9, 10, 11, 12, 13, 14, 15, 16, 17, 18, 19, 20, 21, 22, 23, 24, 25, 26, 27, 28, 29, 30, 31, 32, 33, 34, 35, 36, 37, 38, 39, 40, 41, 42, 43, 44, 45, 46, 47, 48, 49, 50, 51, 52, 53, 54, 55, 56, 57, 58, 59, 60, 61, 62, 63, 64, 65, 66, 67, 68, 69, 70, 71, 72, 73, 74, 75, 76, 77, 78, 79, 80, 81, 82, 83, 84, 85, 86, 87, 88, 89, 90, 91, 92, 93, 94, 95, 96], "roa": [0.06603312869887497, 0.46201087290641485, 0.521576324892106, 0.5442908867646562, 0.0255003164656372, 0.6103424050879317, 0.704723408555253, 0.1461167464024517, 0.7753954176744455, 0.8736769608683428, 0.8736769608683428, 0.07159430130866558, 0.009684841875401248, 0.5619370387584144, 0.7833633819492005, 0.19306677538503364, 0.09313062042588201, 0.6528311595532094, 0.6528311595532094, 0.08459154193651479, 0.23371073664000314, 0.107147390311787, 0.6522224740817821, 0.657981350252373, 0.1335781961813479, 0.04691909790481676, 0.14200759305299382, 0.7434223366281028, 0.34301230496222196, 0.4744900198021564, 0.4399428552562165, 0.4399428552562165, 0.12431423037496954, 0.23404287811894622, 0.16749480063494468, 0.36515889291714854, 0.08047418920561797, 0.665238213729435, 0.168390300581395, 0.1053218733107146, 0.164075964179795, 0.3034503361881393, 0.12322765337390525, 0.11114520934421115, 0.3913536796552779, 0.6939238704187785, 0.10693381784631673, 0.439565997432077, 0.0171419233767215, 0.8593666557000335, 0.8155453069594542, 0.065675193559131, 0.7831456163989123, 0.5920729236660709, 0.7391551952654033, 0.11686870101624636, 0.07049798043661026, 0.6239430153595533, 0.14831613317078232, 0.3992296223671308, 0.8155453069594542, 0.7140817628471066, 0.2389110528494601, 0.6985713706717886, 0.3170079530251938, 0.64251884517392, 0.060953127172699476, 0.13039933498150727, 0.03938574992068405, 0.011578565317882941, 0.5615448123836647, 0.140536242469295, 0.6366029553899919, 0.09027279263712469, 0.008145277572825713, 0.042246727192946414, 0.32890315742250936, 0.43206695057575234, 0.4005542328097997, 0.4468547144835434, 0.03249843350790412, 0.5591266062186154, 0.06250122497261985, 0.07393081149310418, 0.13457545208195923, 0.16659058693626722, 0.0829485386990721, 0.3078314319978734, 0.24004357832980133, 0.0006430498227760354, 0.1993038645587882, 0.08400925177181884, 0.02492276279426926, 0.0031343712484664136, 0.025283917071846896, 0.7160246077643004, 0.015451729572254682], "impact": [1.0987642884854565, 4.678148977301577, 6.164112738806583, 9.341188279691288, 0.3410548223886689, 7.149280315883308, 9.670084006796174, 1.553323013042418, 9.780439808253588, 9.69996795802219, 9.69996795802219, 1.6617565538095624, 0.11705869812817848, 6.316523968535359, 9.840525241819636, 2.1621044586778293, 1.0661459927747863, 9.335249295263031, 9.335249295263031, 3.2715512269281555, 3.3239716840483124, 6.076936497020631, 9.751546376629912, 9.963991873064431, 1.587013822500094, 0.49599854103083874, 3.5074524628602424, 7.7396633988191095, 5.744631168261365, 5.433249760815986, 9.033300288430011, 9.033300288430011, 1.8754047818075048, 5.277507749504049, 2.0726801123471783, 7.356920607916825, 2.3817742133058784, 7.953267564479452, 9.940465255143158, 3.80430439469282, 1.9777681541901493, 3.3781694899077053, 6.6049023820434725, 5.565524622330197, 8.639293515759864, 9.22897748200995, 1.649098250627451, 5.349771157159315, 0.5725429291474415, 8.720825919445831, 9.287856870057666, 0.6857364357464235, 8.010560609455464, 5.974389110569561, 7.8384387584353075, 4.632931107863404, 8.04639751525128, 6.650881551445763, 1.5651539876640042, 8.28735495512228, 9.287856870057666, 8.056436868909923, 6.849098416574537, 9.427826159378501, 4.816626746204969, 6.822909405496186, 3.50851374791565, 5.140523787914679, 4.922202239754312, 2.6326456751811, 6.011398891000324, 2.8120661776892133, 7.58266844327669, 9.129720140723695, 0.7973704641772994, 5.948106146092879, 5.448898678393347, 6.311560732528373, 6.331085103333427, 8.386581627158959, 6.458974608203856, 9.94886694642256, 1.668294527994505, 9.1767863203408, 3.051516158404631, 1.685904771085679, 3.1284630356525844, 4.44623655511056, 9.48468702648553, 0.03346195624503889, 9.928435364698325, 3.8527891805374614, 1.6089954117866612, 0.5499600830954887, 4.50163721676036, 8.309689845072874, 4.094016112167191],