{"Total Initial Vulnerabilities": 620, "Initial Vulns Per OS": {"ubuntu": {"16.04": 52, "20.04": 8, "18.04": 27, "14.04": 24, "10.04": 47}, "centos": {"5": 34, "4": 17, "8": 10, "6": 28, "7": 10, "3": 75}, "windows": {"10": 7, "8.1": 13, "7": 40, "8": 27, "vista": 14}, "freebsd": {"10": 28, "9": 30, "12": 34, "11": 31, "13": 12, "8": 52}}, "Average Initial RoA Per OS": {"ubuntu": {"16.04": 0.03928799277290411, "20.04": 0.04456626451062449, "18.04": 0.07516640311563039, "14.04": 0.04114204710855905, "10.04": 0.04482153692215366}, "centos": {"5": 0.05082066522162547, "4": 0.06712047545941104, "8": 0.026577492746358983, "6": 0.06237092047180454, "7": 0.029619499544047873, "3": 0.05852273891295599}, "windows": {"10": 0.041658709701992445, "8.1": 0.03224581030646443, "7": 0.033303890709131215, "8": 0.06853685292031825, "vista": 0.09597202984713694}, "freebsd": {"10": 0.0567325999315396, "9": 0.038370321648169455, "12": 0.05053113262152781, "11": 0.046942689575395706, "13": 0.021878878689525705, "8": 0.08298986118513464}}, "OS Types In Initial Network": {"ubuntu 16.04": 17, "centos 5": 9, "windows 10": 13, "freebsd 10": 9, "centos 4": 4, "freebsd 12": 15, "centos 8": 14, "freebsd 9": 7, "ubuntu 20.04": 13, "windows 8.1": 9, "windows 8": 11, "centos 6": 8, "centos 7": 8, "ubuntu 18.04": 10, "ubuntu 14.04": 8, "freebsd 13": 15, "windows 7": 9, "freebsd 11": 10, "centos 3": 3, "windows vista": 5, "freebsd 8": 2, "ubuntu 10.04": 1}, "Initial Hosts Without Vulnerabilities": 49, "Host Compromises": {"record name": "Host Compromises", "x": [280, 6016, 8007, 8532, 8780, 12741, 12947, 13788, 16881, 20088, 26399, 28998, 29887, 30739, 31430, 34941, 40714, 43290, 44724, 50245, 51965, 55517, 57925, 58096, 61271, 67889, 67973, 68062, 69849, 71227, 82294, 89063, 89742, 206212, 215016, 238964, 242646, 244416, 246346], "y": ["centos 5", "ubuntu 16.04", "windows 8.1", "centos 6", "windows 7", "freebsd 11", "freebsd 12", "centos 8", "centos 8", "centos 6", "ubuntu 16.04", "ubuntu 18.04", "centos 4", "ubuntu 14.04", "ubuntu 18.04", "ubuntu 16.04", "windows 8.1", "ubuntu 10.04", "centos 8", "freebsd 9", "freebsd 10", "freebsd 13", "centos 6", "windows 8", "windows 10", "freebsd 9", "ubuntu 16.04", "centos 6", "freebsd 11", "windows 10", "freebsd 12", "centos 7", "freebsd 12", "centos 4", "ubuntu 14.04", "ubuntu 20.04", "freebsd 10", "windows 10", "windows 8"], "cumulative y": [0, 1, 2, 3, 4, 5, 6, 7, 8, 9, 10, 11, 12, 13, 14, 15, 16, 17, 18, 19, 20, 21, 22, 23, 24, 25, 26, 27, 28, 29, 30, 31, 32, 33, 34, 35, 36, 37, 38], "total events": 39}, "Vuln Compromises": {"record name": "Vuln Compromises", "x": [280, 6016, 8007, 8532, 8780, 12741, 12947, 13788, 16881, 20088, 34941, 43290, 58096, 82294, 206212, 215016], "y": ["centos 5", "ubuntu 16.04", "windows 8.1", "centos 6", "windows 7", "freebsd 11", "freebsd 12", "centos 8", "centos 8", "centos 6", "ubuntu 16.04", "ubuntu 10.04", "windows 8", "freebsd 12", "centos 4", "ubuntu 14.04"], "cumulative y": [0, 1, 2, 3, 4, 5, 6, 7, 8, 9, 10, 11, 12, 13, 14, 15], "total events": 16}, "Reuse Password Compromises": {"record name": "Reuse Password Compromises", "x": [28998, 29887, 30739, 31430, 40714, 44724, 50245, 51965, 55517, 57925, 61271, 67889, 67973, 68062, 69849, 71227, 244416, 246346], "y": ["ubuntu 18.04", "centos 4", "ubuntu 14.04", "ubuntu 18.04", "windows 8.1", "centos 8", "freebsd 9", "freebsd 10", "freebsd 13", "centos 6", "windows 10", "freebsd 9", "ubuntu 16.04", "centos 6", "freebsd 11", "windows 10", "windows 10", "windows 8"], "cumulative y": [0, 1, 2, 3, 4, 5, 6, 7, 8, 9, 10, 11, 12, 13, 14, 15, 16, 17], "total events": 18}, "Password Spray Compromises": {"record name": "Password Spray Compromises", "x": [26399, 89063, 89742, 238964, 242646], "y": ["ubuntu 16.04", "centos 7", "freebsd 12", "ubuntu 20.04", "freebsd 10"], "cumulative y": [0, 1, 2, 3, 4], "total events": 5}, "User Account Leaks": {"record name": "User Account Has Been Leaked By Compromise", "x": [280, 280, 280, 6016, 6016, 6016, 8007, 8007, 8007, 8532, 8532, 8532, 8780, 8780, 8780, 12741, 12741, 12741, 12947, 12947, 13788, 16881, 16881, 16881, 20088, 20088, 20088, 26399, 26399, 28998, 31430, 34941, 40714, 40714, 43290, 43290, 44724, 50245, 51965, 57925, 58096, 58096, 67973, 68062, 69849, 89742, 89742, 215016, 215016, 238964, 242646, 242646], "y": ["Dorrie", "Othelia", "Wilie", "Nada", "Maxine", "Jillie", "Eleanora", "Amargo", "Rosaleen", "Janina", "Catherin", "Carey", "Buffy", "Harriette", "Sonnnie", "Dalia", "Kassey", "Halley", "Dian", "Kizzee", "Doll", "Stephie", "Althea", "Zorina", "Shela", "Barbara", "Matilda", "Lanni", "Charlena", "Shalna", "Harriet", "Aubrie", "Tomasina", "Quinta", "Elwira", "Stevena", "Dominique", "TEirtza", "Elissa", "Anallise", "Trenna", "Jenn", "Annora", "Elsey", "Alta", "Kristan", "Merrie", "Ricki", "Etheline", "Honoria", "Sibeal", "Ceciley"], "cumulative y": [0, 1, 2, 3, 4, 5, 6, 7, 8, 9, 10, 11, 12, 13, 14, 15, 16, 17, 18, 19, 20, 21, 22, 23, 24, 25, 26, 27, 28, 29, 30, 31, 32, 33, 34, 35, 36, 37, 38, 39, 40, 41, 42, 43, 44, 45, 46, 47, 48, 49, 50, 51], "total events": 52}, "Vulnerabilities Exploited": {"record name": "Vulnerabilities Exploited", "x": [171, 280, 280, 280, 1423, 1481, 2004, 2004, 2086, 2250, 2789, 2789, 2789, 3061, 3788, 3788, 3788, 4652, 4876, 4876, 5105, 5266, 6248, 6248, 6248, 6565, 6565, 6565, 6866, 7041, 7208, 8780, 9068, 9408, 10566, 10731, 11073, 11436, 12741, 13788, 15791, 16994, 19891, 19891, 19891, 19891, 19891, 19891, 19891, 19891, 19891, 19891, 19891, 19891, 19891, 19891, 19891, 19891, 19891, 19891, 19891, 19891, 20088, 21272, 21272, 21644, 21644, 26264, 26483, 27187, 29668, 31025, 31643, 33119, 33119, 34941, 38720, 38720, 38720, 43290, 43290, 43290, 43290, 43290, 43290, 43290, 43290, 43290, 43290, 43290, 43290, 45492, 47264, 53810, 54679, 55891, 58096, 68903, 68903, 68903, 69938, 70263, 78280, 79450, 79450, 86845, 91042, 100884, 101278, 107093, 117283, 157181, 162814, 205994, 206212, 213110, 213110, 215237], "cumulative exploited vulns": [0, 1, 2, 3, 4, 5, 6, 7, 8, 9, 10, 11, 12, 13, 14, 15, 16, 17, 18, 19, 20, 21, 22, 23, 24, 25, 26, 27, 28, 29, 30, 31, 32, 33, 34, 35, 36, 37, 38, 39, 40, 41, 42, 43, 44, 45, 46, 47, 48, 49, 50, 51, 52, 53, 54, 55, 56, 57, 58, 59, 60, 61, 62, 63, 64, 65, 66, 67, 68, 69, 70, 71, 72, 73, 74, 75, 76, 77, 78, 79, 80, 81, 82, 83, 84, 85, 86, 87, 88, 89, 90, 91, 92, 93, 94, 95, 96, 97, 98, 99, 100, 101, 102, 103, 104, 105, 106, 107, 108, 109, 110, 111, 112, 113, 114, 115, 116, 117],