{"Total Initial Vulnerabilities": 669, "Initial Vulns Per OS": {"ubuntu": {"16.04": 34, "18.04": 21, "20.04": 14, "10.04": 6, "12.04": 41, "14.04": 13}, "windows": {"8.1": 31, "8": 17, "vista": 31, "xp": 62, "7": 24, "10": 11}, "centos": {"7": 24, "4": 18, "5": 48, "6": 27, "8": 8, "3": 57}, "freebsd": {"13": 10, "8": 69, "10": 24, "11": 32, "12": 17, "9": 30}}, "Average Initial RoA Per OS": {"ubuntu": {"16.04": 0.09833185413626601, "18.04": 0.1059009319839787, "20.04": 0.020054609856546054, "10.04": 0.01720751103255931, "12.04": 0.062081353424384304, "14.04": 0.03349884777316066}, "windows": {"8.1": 0.08535560652294158, "8": 0.12193000088386415, "vista": 0.03193843268122219, "xp": 0.04003356419885021, "7": 0.05484389526075586, "10": 0.014189490797964471}, "centos": {"7": 0.05839376188925203, "4": 0.06108779093532019, "5": 0.05642570161636198, "6": 0.030759680275700283, "8": 0.026780535099230132, "3": 0.042629657998276296}, "freebsd": {"13": 0.019861507997415262, "8": 0.08201189624435945, "10": 0.11484492781382827, "11": 0.06286803850032467, "12": 0.027302231261386506, "9": 0.04741061814193751}}, "OS Types In Initial Network": {"ubuntu 20.04": 15, "ubuntu 16.04": 8, "windows 8.1": 17, "centos 7": 14, "ubuntu 18.04": 13, "centos 6": 11, "freebsd 13": 12, "windows 7": 9, "freebsd 10": 7, "freebsd 8": 3, "windows 8": 7, "centos 4": 6, "centos 5": 12, "windows vista": 6, "windows xp": 2, "ubuntu 10.04": 2, "centos 8": 11, "windows 10": 14, "ubuntu 12.04": 5, "freebsd 11": 10, "centos 3": 2, "freebsd 12": 7, "freebsd 9": 4, "ubuntu 14.04": 3}, "Initial Hosts Without Vulnerabilities": 48, "Host Compromises": {"record name": "Host Compromises", "x": [382, 627, 1258, 1295, 1636, 7605, 10204, 11986, 13010, 13793, 19044, 19636, 19905, 25045, 26951, 31984, 32344, 37018, 38566, 38906, 50733, 58323, 65727, 69918, 85586, 88121, 88256, 143858, 147301, 173636, 193236], "y": ["ubuntu 16.04", "windows 8.1", "windows 8.1", "ubuntu 20.04", "centos 3", "centos 4", "windows 8", "centos 4", "windows 7", "windows xp", "centos 5", "windows vista", "ubuntu 16.04", "windows 8.1", "freebsd 8", "windows xp", "ubuntu 10.04", "freebsd 10", "ubuntu 16.04", "ubuntu 18.04", "freebsd 13", "freebsd 11", "ubuntu 12.04", "centos 5", "ubuntu 14.04", "centos 6", "windows 8.1", "windows 8.1", "ubuntu 18.04", "centos 7", "freebsd 13"], "cumulative y": [0, 1, 2, 3, 4, 5, 6, 7, 8, 9, 10, 11, 12, 13, 14, 15, 16, 17, 18, 19, 20, 21, 22, 23, 24, 25, 26, 27, 28, 29, 30], "total events": 31}, "Vuln Compromises": {"record name": "Vuln Compromises", "x": [382, 627, 1258, 1636, 7605, 10204, 11986, 13793, 19044, 19636, 19905, 25045, 26951, 31984, 32344, 38566, 58323, 65727, 85586, 88121, 88256, 147301, 173636], "y": ["ubuntu 16.04", "windows 8.1", "windows 8.1", "centos 3", "centos 4", "windows 8", "centos 4", "windows xp", "centos 5", "windows vista", "ubuntu 16.04", "windows 8.1", "freebsd 8", "windows xp", "ubuntu 10.04", "ubuntu 16.04", "freebsd 11", "ubuntu 12.04", "ubuntu 14.04", "centos 6", "windows 8.1", "ubuntu 18.04", "centos 7"], "cumulative y": [0, 1, 2, 3, 4, 5, 6, 7, 8, 9, 10, 11, 12, 13, 14, 15, 16, 17, 18, 19, 20, 21, 22], "total events": 23}, "Reuse Password Compromises": {"record name": "Reuse Password Compromises", "x": [1295, 13010, 37018, 38906, 69918], "y": ["ubuntu 20.04", "windows 7", "freebsd 10", "ubuntu 18.04", "centos 5"], "cumulative y": [0, 1, 2, 3, 4], "total events": 5}, "Password Spray Compromises": {"record name": "Password Spray Compromises", "x": [50733, 143858, 193236], "y": ["freebsd 13", "windows 8.1", "freebsd 13"], "cumulative y": [0, 1, 2], "total events": 3}, "User Account Leaks": {"record name": "User Account Has Been Leaked By Compromise", "x": [382, 382, 382, 627, 627, 627, 1258, 1258, 1258, 1295, 1295, 1636, 1636, 7605, 10204, 10204, 10204, 11986, 11986, 11986, 13010, 13010, 13793, 19044, 19905, 25045, 25045, 25045, 26951, 26951, 31984, 31984, 32344, 32344, 38566, 38566, 65727, 65727, 65727, 88121, 88121, 147301, 147301, 173636, 193236], "y": ["Josselyn", "Calypso", "Tybi", "Amie", "Rochell", "Julita", "Jillane", "Luci", "Theressa", "Henrie", "Nellie", "Marleah", "Kirsteni", "Andrei", "Tarah", "Pia", "Maible", "Marjie", "Kasey", "Reeta", "Veda", "Merry", "Sileas", "Keely", "Janka", "Lisha", "Jemmy", "Birgit", "Hannie", "Pippa", "Gerty", "Lacee", "Dinah", "Katherine", "Charo", "Phaedra", "Gratiana", "Barbabra", "Blythe", "Shelia", "Amii", "Rosanne", "Robin", "Melisenda", "Kaitlin"], "cumulative y": [0, 1, 2, 3, 4, 5, 6, 7, 8, 9, 10, 11, 12, 13, 14, 15, 16, 17, 18, 19, 20, 21, 22, 23, 24, 25, 26, 27, 28, 29, 30, 31, 32, 33, 34, 35, 36, 37, 38, 39, 40, 41, 42, 43, 44], "total events": 45}, "Vulnerabilities Exploited": {"record name": "Vulnerabilities Exploited", "x": [382, 382, 627, 1111, 1636, 1636, 1931, 2332, 2332, 2332, 2959, 4303, 4750, 5272, 5416, 7172, 7172, 7172, 7172, 7172, 7172, 7172, 7172, 7172, 7172, 7172, 7172, 7172, 7172, 7172, 7172, 7172, 7172, 7172, 7172, 7172, 7172, 7172, 7172, 7172, 7302, 7421, 7605, 7605, 7605, 7963, 7963, 7963, 8596, 8755, 9883, 9883, 9883, 9883, 9883, 9883, 9883, 9883, 9883, 10204, 10482, 10947, 10947, 10947, 10947, 11552, 12194, 12688, 12688, 12856, 13091, 13793, 13793, 13793, 13793, 14244, 14244, 14244, 14244, 14244, 14504, 14795, 15077, 16170, 16170, 17851, 18232, 18232, 19044, 19044, 19636, 19905, 20603, 20603, 20603, 20603, 20603, 20603, 20603, 20603, 20603, 21035, 21230, 21421, 21832, 21832, 21832, 23574, 26951, 26951, 26951, 26951, 26951, 26951, 26951, 26951, 27048, 31984, 31984, 31984, 31984, 31984, 31984, 31984, 31984, 31984, 32854, 36204, 36565, 37279, 37558, 40429, 47938, 48765, 53503, 58323, 58458, 58458, 61186, 65727, 65727, 70065, 75410, 83317, 88121, 94728, 104095, 116019, 122639, 147301, 169511, 173636, 183055, 216704, 220685], "cumulative exploited vulns": [0, 1, 2, 3, 4, 5, 6, 7, 8, 9, 10, 11, 12, 13, 14, 15, 16, 17, 18, 19, 20, 21, 22, 23, 24, 25, 26, 27, 28, 29, 30, 31, 32, 33, 34, 35, 36, 37, 38, 39, 40, 41, 42, 43, 44, 45, 46, 47, 48, 49, 50, 51, 52, 53, 54, 55, 56, 57, 58, 59, 60, 61, 62, 63, 64, 65, 66, 67, 68, 69, 70, 71, 72, 73, 74, 75, 76, 77, 78, 79, 80, 81, 82, 83, 84, 85, 86, 87, 88, 89, 90, 91, 92, 93, 94, 95, 96, 97, 98, 99, 100, 101, 102, 103, 104, 105, 106, 107, 108, 109, 110, 111, 112, 113, 114, 115, 116, 117, 118, 119, 120, 121, 122, 123, 124, 125, 126, 127, 128, 129, 130, 131, 132, 133, 134, 135, 136, 137, 138, 139, 140, 141, 142, 143, 144, 145, 146, 147, 148, 149, 150, 151, 152, 153, 154],