{"Total Initial Vulnerabilities": 672, "Initial Vulns Per OS": {"ubuntu": {"20.04": 9, "16.04": 13, "14.04": 27, "18.04": 14, "10.04": 23, "12.04": 24}, "freebsd": {"12": 26, "10": 56, "9": 26, "13": 16, "11": 24}, "windows": {"8.1": 41, "7": 26, "vista": 34, "xp": 71, "10": 25, "8": 9}, "centos": {"5": 57, "4": 37, "3": 64, "7": 21, "8": 11, "6": 18}}, "Average Initial RoA Per OS": {"ubuntu": {"20.04": 0.003839952545564397, "16.04": 0.04218732474972264, "14.04": 0.041882940292552934, "18.04": 0.02694688104955381, "10.04": 0.02052624684617804, "12.04": 0.04405049049996152}, "freebsd": {"12": 0.018028807852206903, "10": 0.038792304931959586, "9": 0.04878655543706967, "13": 0.027853668972530735, "11": 0.02848084934442882}, "windows": {"8.1": 0.0566611179732569, "7": 0.025047448034302682, "vista": 0.0454733484461524, "xp": 0.07046369644532771, "10": 0.04435728309033252, "8": 0.06961892346249249}, "centos": {"5": 0.05041101046400604, "4": 0.03955543752009325, "3": 0.06334254552810836, "7": 0.027917872718131072, "8": 0.02032312108821605, "6": 0.08473605612590542}}, "OS Types In Initial Network": {"ubuntu 20.04": 9, "freebsd 12": 13, "freebsd 13": 14, "ubuntu 16.04": 8, "windows 8.1": 13, "freebsd 10": 13, "ubuntu 18.04": 9, "centos 5": 15, "centos 4": 6, "freebsd 9": 4, "centos 3": 2, "windows 7": 7, "centos 7": 13, "windows vista": 6, "centos 8": 12, "windows 10": 17, "ubuntu 14.04": 8, "centos 6": 7, "windows xp": 4, "windows 8": 8, "ubuntu 10.04": 1, "ubuntu 12.04": 2, "freebsd 11": 9}, "Initial Hosts Without Vulnerabilities": 39, "Host Compromises": {"record name": "Host Compromises", "x": [2374, 3975, 8370, 9318, 12851, 13230, 13271, 15462, 16183, 19704, 19956, 21373, 21890, 30649, 31296, 31406, 36619, 47658, 48235, 54495, 66587, 69982, 86714, 87561, 98727, 107107, 108143, 112747, 114738, 116043, 119803, 131181, 134904, 135896, 141094, 143940, 146231, 164545, 164648, 164763, 167560, 167941, 170959, 174918, 175420, 178187, 181991, 182065, 182152, 183867, 183969, 197922, 198866, 198966, 199535, 200876, 200996, 204558, 208583, 216371, 220526, 222291, 222810, 228460, 249000], "y": ["freebsd 9", "centos 3", "windows xp", "freebsd 9", "windows 7", "windows vista", "centos 8", "centos 7", "centos 5", "freebsd 12", "ubuntu 16.04", "centos 4", "freebsd 9", "windows 8.1", "centos 5", "centos 5", "centos 6", "centos 3", "centos 5", "freebsd 10", "ubuntu 16.04", "freebsd 12", "windows vista", "freebsd 10", "centos 5", "ubuntu 14.04", "freebsd 12", "centos 6", "ubuntu 10.04", "ubuntu 18.04", "centos 7", "windows 8.1", "windows 8", "ubuntu 18.04", "centos 4", "windows 8.1", "windows 7", "freebsd 13", "freebsd 13", "windows 10", "freebsd 13", "windows 10", "ubuntu 16.04", "freebsd 10", "freebsd 10", "freebsd 10", "freebsd 12", "ubuntu 18.04", "centos 5", "freebsd 12", "centos 6", "centos 7", "windows 10", "ubuntu 20.04", "windows 7", "ubuntu 14.04", "freebsd 11", "ubuntu 14.04", "ubuntu 16.04", "centos 6", "windows 8.1", "windows 7", "windows 8", "freebsd 13", "centos 5"], "cumulative y": [0, 1, 2, 3, 4, 5, 6, 7, 8, 9, 10, 11, 12, 13, 14, 15, 16, 17, 18, 19, 20, 21, 22, 23, 24, 25, 26, 27, 28, 29, 30, 31, 32, 33, 34, 35, 36, 37, 38, 39, 40, 41, 42, 43, 44, 45, 46, 47, 48, 49, 50, 51, 52, 53, 54, 55, 56, 57, 58, 59, 60, 61, 62, 63, 64], "total events": 65}, "Vuln Compromises": {"record name": "Vuln Compromises", "x": [2374, 3975, 8370, 9318, 12851, 13230, 21373, 21890, 30649, 31296, 31406, 36619, 47658, 48235, 54495, 86714, 87561, 98727, 107107, 108143, 112747, 114738, 116043, 119803, 131181, 134904, 135896, 141094, 143940, 164545, 164763, 178187, 182152, 183867, 183969, 197922, 198866, 199535, 200876, 208583, 216371, 220526, 222291, 222810, 249000], "y": ["freebsd 9", "centos 3", "windows xp", "freebsd 9", "windows 7", "windows vista", "centos 4", "freebsd 9", "windows 8.1", "centos 5", "centos 5", "centos 6", "centos 3", "centos 5", "freebsd 10", "windows vista", "freebsd 10", "centos 5", "ubuntu 14.04", "freebsd 12", "centos 6", "ubuntu 10.04", "ubuntu 18.04", "centos 7", "windows 8.1", "windows 8", "ubuntu 18.04", "centos 4", "windows 8.1", "freebsd 13", "windows 10", "freebsd 10", "centos 5", "freebsd 12", "centos 6", "centos 7", "windows 10", "windows 7", "ubuntu 14.04", "ubuntu 16.04", "centos 6", "windows 8.1", "windows 7", "windows 8", "centos 5"], "cumulative y": [0, 1, 2, 3, 4, 5, 6, 7, 8, 9, 10, 11, 12, 13, 14, 15, 16, 17, 18, 19, 20, 21, 22, 23, 24, 25, 26, 27, 28, 29, 30, 31, 32, 33, 34, 35, 36, 37, 38, 39, 40, 41, 42, 43, 44], "total events": 45}, "Reuse Password Compromises": {"record name": "Reuse Password Compromises", "x": [13271, 15462, 16183, 19704, 19956, 146231, 164648, 170959, 174918, 175420, 181991, 182065, 198966, 200996, 204558], "y": ["centos 8", "centos 7", "centos 5", "freebsd 12", "ubuntu 16.04", "windows 7", "freebsd 13", "ubuntu 16.04", "freebsd 10", "freebsd 10", "freebsd 12", "ubuntu 18.04", "ubuntu 20.04", "freebsd 11", "ubuntu 14.04"], "cumulative y": [0, 1, 2, 3, 4, 5, 6, 7, 8, 9, 10, 11, 12, 13, 14], "total events": 15}, "Password Spray Compromises": {"record name": "Password Spray Compromises", "x": [66587, 69982, 167560, 167941, 228460], "y": ["ubuntu 16.04", "freebsd 12", "freebsd 13", "windows 10", "freebsd 13"], "cumulative y": [0, 1, 2, 3, 4], "total events": 5}, "User Account Leaks": {"record name": "User Account Has Been Leaked By Compromise", "x": [2374, 2374, 2374, 3975, 3975, 3975, 8370, 8370, 8370, 9318, 9318, 12851, 12851, 12851, 13230, 13230, 13230, 13271, 13271, 15462, 16183, 19704, 19956, 21373, 21373, 21373, 21890, 30649, 30649, 30649, 31296, 31296, 31406, 36619, 48235, 48235, 54495, 54495, 69982, 86714, 86714, 87561, 87561, 107107, 107107, 114738, 131181, 131181, 134904, 135896, 143940, 146231, 164545, 164648, 164763, 164763, 182152, 183969, 197922, 198966, 200876, 249000], "y": ["Sari", "Annice", "Karlie", "Lorianne", "Alisun", "Rosalynd", "Violetta", "Petrina", "Jennette", "Dulcine", "Rana", "Bambi", "Annetta", "Gael", "Edwina", "Karoly", "Aili", "Valaree", "Elsinore", "Stephanie", "Aurie", "Stella", "Dehlia", "Merrily", "Adah", "Aggy", "Sharlene", "Gwenni", "Alexis", "Deanne", "Roxanna", "Sela", "Vera", "Melina", "Eba", "Libbie", "Diannne", "Darsie", "Sharla", "Cristi", "Christiana", "Vanni", "Ingunna", "Cathee", "Dayle", "Gene", "Roana", "Renie", "Corinne", "Beatriz", "Angelita", "Golda", "Hildegarde", "Alikee", "Lilah", "Cissy", "Cloris", "Aurelia", "Kalli", "Michelina", "Hester", "Susanna"], "cumulative y": [0, 1, 2, 3, 4, 5, 6, 7, 8, 9, 10, 11, 12, 13, 14, 15, 16, 17, 18, 19, 20, 21, 22, 23, 24, 25, 26, 27, 28, 29, 30, 31, 32, 33, 34, 35, 36, 37, 38, 39, 40, 41, 42, 43, 44, 45, 46, 47, 48, 49, 50, 51, 52, 53, 54, 55, 56, 57, 58, 59, 60, 61], "total events": 62}, "Vulnerabilities Exploited": {"record name": "Vulnerabilities Exploited", "x": [433, 596, 596, 640, 715, 715, 858, 2328, 2328, 2328, 2374, 2610, 3975, 3975, 3975, 3975, 3975, 3975, 3975, 3975, 3975, 3975, 4803, 5443, 5443, 5443, 5443, 5887, 5887, 6444, 7110, 7110, 7110, 7194, 7383, 7383, 7383, 7538, 7538, 8370, 8370, 8370, 8370, 9150, 9150, 9150, 9150, 9150, 9150, 9150, 9150, 9150, 9421, 9421, 9748, 10331, 10959, 11547, 11547, 12264, 12264, 12264, 12545, 12545, 12851, 12851, 13230, 14057, 14387, 15169, 15697, 15697, 17341, 17341, 17341, 21049, 21373, 21996, 23480, 24377, 25165, 26842, 26842, 26842, 26842, 27617, 27917, 27917, 30649, 31296, 31406, 31406, 31573, 34078, 34561, 35358, 36619, 36619, 37439, 37439, 37439, 37439, 37439, 40787, 44195, 47658, 47658, 47658, 47658, 47658, 47658, 51354, 54495, 55773, 66927, 70630, 72152, 76385, 86714, 91306, 91306, 97213, 113803, 114738, 114738, 114738, 127318, 127318, 129544, 130539, 136012, 146694, 164919, 164919, 178187, 189468, 192502, 199535, 202073, 204146, 215372, 216371, 216371, 216371, 216371, 245083],