{"Total Initial Vulnerabilities": 796, "Initial Vulns Per OS": {"windows": {"8": 43, "10": 26, "7": 24, "xp": 88, "8.1": 17, "vista": 11}, "centos": {"6": 30, "8": 17, "4": 50, "5": 13, "7": 33, "3": 37}, "freebsd": {"8": 129, "12": 23, "13": 22, "10": 23, "9": 19, "11": 26}, "ubuntu": {"20.04": 25, "18.04": 28, "16.04": 26, "12.04": 38, "14.04": 11, "10.04": 37}}, "Average Initial RoA Per OS": {"windows": {"8": 0.0552753999915396, "10": 0.04545460370343325, "7": 0.03663528225988502, "xp": 0.04387311397208113, "8.1": 0.03434519569449924, "vista": 0.01359954220961183}, "centos": {"6": 0.020970533521418613, "8": 0.07136778448586985, "4": 0.057560596284161686, "5": 0.06803228641328113, "7": 0.03128241394571254, "3": 0.02547359000184609}, "freebsd": {"8": 0.05951437772544172, "12": 0.06502095377117162, "13": 0.019150525107018288, "10": 0.05508217526051743, "9": 0.04297556315992744, "11": 0.11386179521288449}, "ubuntu": {"20.04": 0.09669888282924365, "18.04": 0.06098287384782076, "16.04": 0.03870037966961564, "12.04": 0.06496504292646565, "14.04": 0.04040210933657132, "10.04": 0.0550202855401903}}, "OS Types In Initial Network": {"windows 8": 13, "centos 6": 11, "freebsd 8": 4, "freebsd 12": 13, "windows 10": 17, "freebsd 13": 16, "ubuntu 20.04": 16, "ubuntu 18.04": 13, "centos 8": 8, "freebsd 10": 6, "freebsd 9": 4, "ubuntu 16.04": 7, "centos 4": 8, "centos 7": 13, "windows 7": 8, "centos 5": 6, "freebsd 11": 9, "ubuntu 12.04": 7, "ubuntu 14.04": 5, "windows xp": 2, "windows 8.1": 7, "windows vista": 4, "ubuntu 10.04": 1, "centos 3": 2}, "Initial Hosts Without Vulnerabilities": 24, "Host Compromises": {"record name": "Host Compromises", "x": [1248, 5649, 11308, 13311, 14614, 15065, 15115, 15504, 17467, 18675, 23345, 24274, 25625, 47031, 50178, 58695, 59275, 60120, 63601, 69256, 70631, 74747, 76405, 79225, 81572, 90103, 92114, 92878, 92995, 93631, 95606, 100125, 101234, 102229, 103435, 103880, 105871, 106712, 114377, 115258, 116585, 117796, 120209, 130919, 135209, 145121, 148145, 150341, 160364, 164588, 176926, 184905, 200924, 211546, 213346, 213512, 215783, 215902, 235734, 243687, 244985], "y": ["freebsd 8", "freebsd 9", "windows 7", "centos 6", "freebsd 9", "freebsd 10", "freebsd 12", "centos 7", "ubuntu 18.04", "centos 6", "centos 8", "centos 7", "freebsd 12", "ubuntu 14.04", "windows 8", "centos 7", "freebsd 12", "freebsd 11", "windows 8", "centos 7", "windows 7", "freebsd 10", "freebsd 9", "freebsd 11", "freebsd 10", "ubuntu 10.04", "freebsd 12", "ubuntu 18.04", "ubuntu 18.04", "windows vista", "freebsd 12", "ubuntu 12.04", "windows vista", "ubuntu 16.04", "ubuntu 16.04", "windows 8", "windows 8", "freebsd 9", "windows 8", "centos 6", "centos 4", "windows 8", "windows 8", "centos 3", "windows 7", "ubuntu 12.04", "centos 7", "windows 8", "ubuntu 16.04", "ubuntu 16.04", "freebsd 12", "windows 8.1", "windows 8", "freebsd 10", "ubuntu 18.04", "freebsd 11", "freebsd 12", "windows 8.1", "centos 5", "freebsd 12", "ubuntu 18.04"], "cumulative y": [0, 1, 2, 3, 4, 5, 6, 7, 8, 9, 10, 11, 12, 13, 14, 15, 16, 17, 18, 19, 20, 21, 22, 23, 24, 25, 26, 27, 28, 29, 30, 31, 32, 33, 34, 35, 36, 37, 38, 39, 40, 41, 42, 43, 44, 45, 46, 47, 48, 49, 50, 51, 52, 53, 54, 55, 56, 57, 58, 59, 60], "total events": 61}, "Vuln Compromises": {"record name": "Vuln Compromises", "x": [1248, 5649, 11308, 13311, 14614, 15065, 17467, 24274, 25625, 47031, 50178, 58695, 59275, 60120, 63601, 70631, 74747, 76405, 79225, 81572, 90103, 92114, 92878, 92995, 93631, 100125, 101234, 102229, 103435, 103880, 105871, 106712, 114377, 115258, 116585, 117796, 130919, 135209, 145121, 148145, 150341, 160364, 164588, 176926, 184905, 200924, 211546, 213346, 213512, 215783, 235734, 243687, 244985], "y": ["freebsd 8", "freebsd 9", "windows 7", "centos 6", "freebsd 9", "freebsd 10", "ubuntu 18.04", "centos 7", "freebsd 12", "ubuntu 14.04", "windows 8", "centos 7", "freebsd 12", "freebsd 11", "windows 8", "windows 7", "freebsd 10", "freebsd 9", "freebsd 11", "freebsd 10", "ubuntu 10.04", "freebsd 12", "ubuntu 18.04", "ubuntu 18.04", "windows vista", "ubuntu 12.04", "windows vista", "ubuntu 16.04", "ubuntu 16.04", "windows 8", "windows 8", "freebsd 9", "windows 8", "centos 6", "centos 4", "windows 8", "centos 3", "windows 7", "ubuntu 12.04", "centos 7", "windows 8", "ubuntu 16.04", "ubuntu 16.04", "freebsd 12", "windows 8.1", "windows 8", "freebsd 10", "ubuntu 18.04", "freebsd 11", "freebsd 12", "centos 5", "freebsd 12", "ubuntu 18.04"], "cumulative y": [0, 1, 2, 3, 4, 5, 6, 7, 8, 9, 10, 11, 12, 13, 14, 15, 16, 17, 18, 19, 20, 21, 22, 23, 24, 25, 26, 27, 28, 29, 30, 31, 32, 33, 34, 35, 36, 37, 38, 39, 40, 41, 42, 43, 44, 45, 46, 47, 48, 49, 50, 51, 52], "total events": 53}, "Reuse Password Compromises": {"record name": "Reuse Password Compromises", "x": [15115, 15504, 18675, 23345, 95606, 215902], "y": ["freebsd 12", "centos 7", "centos 6", "centos 8", "freebsd 12", "windows 8.1"], "cumulative y": [0, 1, 2, 3, 4, 5], "total events": 6}, "Password Spray Compromises": {"record name": "Password Spray Compromises", "x": [69256, 120209], "y": ["centos 7", "windows 8"], "cumulative y": [0, 1], "total events": 2}, "User Account Leaks": {"record name": "User Account Has Been Leaked By Compromise", "x": [1248, 1248, 1248, 5649, 5649, 5649, 11308, 11308, 11308, 13311, 13311, 14614, 14614, 15065, 15065, 15065, 15115, 15115, 15504, 15504, 17467, 17467, 17467, 18675, 18675, 23345, 24274, 25625, 47031, 47031, 50178, 50178, 58695, 58695, 58695, 60120, 63601, 74747, 76405, 76405, 79225, 79225, 81572, 90103, 92114, 92878, 95606, 95606, 100125, 100125, 101234, 106712, 114377, 115258, 115258, 116585, 117796, 145121, 150341, 184905], "y": ["Corry", "Brynne", "Honor", "Ainsley", "Angelia", "Allyn", "Noella", "Rory", "Marty", "Sal", "Frieda", "Alex", "Maddie", "Desiree", "Nelly", "Nadean", "Amelie", "Celie", "Mufinella", "Wren", "Gert", "Clea", "Minerva", "TEirtza", "Caria", "Marieann", "Charline", "Clara", "Norah", "Carmine", "Valencia", "Alethea", "Veriee", "Kathlin", "Hedvig", "Conchita", "Euphemia", "Elianora", "Yalonda", "Ira", "Selene", "Jeane", "Arlene", "Nanette", "Carmella", "Jacinthe", "Olva", "Scarlet", "Hulda", "Moreen", "Zarah", "Lucie", "Vinny", "Merola", "Coletta", "Bree", "Faydra", "Anastasie", "Harmonia", "Zitella"], "cumulative y": [0, 1, 2, 3, 4, 5, 6, 7, 8, 9, 10, 11, 12, 13, 14, 15, 16, 17, 18, 19, 20, 21, 22, 23, 24, 25, 26, 27, 28, 29, 30, 31, 32, 33, 34, 35, 36, 37, 38, 39, 40, 41, 42, 43, 44, 45, 46, 47, 48, 49, 50, 51, 52, 53, 54, 55, 56, 57, 58, 59], "total events": 60}, "Vulnerabilities Exploited": {"record name": "Vulnerabilities Exploited", "x": [283, 283, 1248, 1248, 1248, 1248, 1248, 1248, 1248, 1248, 1248, 1248, 1509, 2236, 2359, 2418, 2505, 2689, 3143, 4199, 5111, 5111, 5649, 5649, 5649, 5649, 5649, 5876, 5876, 6133, 7440, 7440, 7917, 7917, 7917, 7917, 8300, 8467, 8567, 9274, 9887, 10144, 11124, 11735, 11735, 12653, 12768, 12878, 14614, 15065, 15354, 15354, 17152, 17152, 20967, 21334, 22424, 22863, 23960, 25625, 27338, 27338, 31254, 35780, 35780, 37091, 38155, 41322, 42390, 43770, 44400, 50178, 50926, 51342, 51342, 51342, 51342, 51779, 58695, 65490, 65490, 65490, 65490, 65490, 66370, 70631, 70631, 70920, 75742, 75742, 76405, 76996, 84476, 90103, 90103, 90103, 90103, 90103, 90103, 90874, 93109, 93631, 93631, 95264, 95940, 95940, 98734, 98734, 100375, 100375, 100375, 100375, 102229, 103435, 104795, 106712, 109502, 123505, 126425, 127642, 127642, 130919, 144213, 144213, 145121, 155206, 179155, 199244, 208731, 228226, 239824],