{"Total Initial Vulnerabilities": 643, "Initial Vulns Per OS": {"ubuntu": {"14.04": 23, "18.04": 15, "10.04": 33, "20.04": 10, "16.04": 16, "12.04": 15}, "windows": {"vista": 37, "10": 12, "7": 31, "8": 13, "8.1": 16, "xp": 28}, "freebsd": {"10": 57, "13": 5, "11": 21, "12": 15, "9": 9, "8": 34}, "centos": {"6": 35, "7": 27, "3": 151, "5": 11, "4": 23, "8": 6}}, "Average Initial RoA Per OS": {"ubuntu": {"14.04": 0.042777142757483545, "18.04": 0.08197793763312398, "10.04": 0.09555886529149164, "20.04": 0.08596268332311863, "16.04": 0.07422682762085933, "12.04": 0.11553054951329288}, "windows": {"vista": 0.09147699548162481, "10": 0.026547649655279466, "7": 0.046678448833225465, "8": 0.058651691399335265, "8.1": 0.09555072119457377, "xp": 0.05111612759936842}, "freebsd": {"10": 0.047354682585186915, "13": 0.0577565819122028, "11": 0.10330151273288621, "12": 0.05643141741569964, "9": 0.1294669437567394, "8": 0.04471223366969574}, "centos": {"6": 0.0655733678104003, "7": 0.027751667462919776, "3": 0.06772310854721939, "5": 0.086444401945705, "4": 0.08706672505799423, "8": 0.06589002568878499}}, "OS Types In Initial Network": {"ubuntu 14.04": 7, "ubuntu 18.04": 11, "windows vista": 12, "windows 10": 16, "ubuntu 10.04": 1, "windows 7": 10, "windows 8.1": 10, "freebsd 10": 13, "ubuntu 20.04": 13, "centos 6": 11, "centos 7": 14, "freebsd 11": 7, "centos 3": 5, "freebsd 13": 11, "centos 8": 12, "windows 8": 6, "ubuntu 16.04": 6, "ubuntu 12.04": 4, "freebsd 12": 12, "centos 5": 6, "centos 4": 7, "freebsd 9": 4, "windows xp": 1, "freebsd 8": 1}, "Initial Hosts Without Vulnerabilities": 46, "Host Compromises": {"record name": "Host Compromises", "x": [122, 2783, 4429, 8337, 9723, 10413, 10730, 13690, 15234, 17218, 22087, 23602, 24474, 26801, 28562, 33951, 34039, 35749, 41521, 41595, 41961, 42683, 45569, 45967, 46055, 48664, 48764, 49539, 51473, 53910, 54828, 56593, 56763, 58878, 61312, 73855, 79169, 82810, 82909, 83927, 85704, 89815, 93974, 105230, 105690, 106869, 109469, 110061, 112310, 115915, 124548, 135125, 143738, 170362, 173438, 177464, 185986, 224491, 225050, 229059, 229982, 230193, 234158, 240458], "y": ["ubuntu 14.04", "ubuntu 10.04", "centos 7", "windows vista", "centos 5", "centos 7", "windows vista", "windows vista", "windows 7", "freebsd 10", "freebsd 12", "windows 10", "ubuntu 16.04", "windows 8.1", "windows vista", "centos 3", "centos 7", "freebsd 11", "centos 5", "freebsd 10", "windows 10", "centos 4", "windows 7", "freebsd 11", "freebsd 10", "centos 3", "centos 4", "centos 6", "ubuntu 20.04", "ubuntu 14.04", "freebsd 10", "ubuntu 18.04", "centos 5", "ubuntu 14.04", "freebsd 10", "freebsd 11", "centos 6", "centos 6", "freebsd 12", "centos 6", "windows 7", "windows 8", "windows 7", "ubuntu 14.04", "centos 3", "windows vista", "ubuntu 18.04", "windows vista", "ubuntu 18.04", "freebsd 11", "centos 4", "ubuntu 18.04", "ubuntu 14.04", "freebsd 12", "windows vista", "ubuntu 16.04", "windows 8.1", "centos 6", "centos 7", "freebsd 10", "windows vista", "freebsd 9", "windows 8.1", "centos 7"], "cumulative y": [0, 1, 2, 3, 4, 5, 6, 7, 8, 9, 10, 11, 12, 13, 14, 15, 16, 17, 18, 19, 20, 21, 22, 23, 24, 25, 26, 27, 28, 29, 30, 31, 32, 33, 34, 35, 36, 37, 38, 39, 40, 41, 42, 43, 44, 45, 46, 47, 48, 49, 50, 51, 52, 53, 54, 55, 56, 57, 58, 59, 60, 61, 62, 63], "total events": 64}, "Vuln Compromises": {"record name": "Vuln Compromises", "x": [122, 2783, 4429, 8337, 10730, 13690, 17218, 26801, 33951, 34039, 45569, 48664, 48764, 53910, 54828, 56593, 56763, 58878, 61312, 73855, 79169, 82810, 82909, 83927, 85704, 89815, 93974, 105230, 105690, 109469, 110061, 112310, 124548, 143738, 170362, 173438, 177464, 185986, 224491, 225050, 229059, 229982, 230193, 240458], "y": ["ubuntu 14.04", "ubuntu 10.04", "centos 7", "windows vista", "windows vista", "windows vista", "freebsd 10", "windows 8.1", "centos 3", "centos 7", "windows 7", "centos 3", "centos 4", "ubuntu 14.04", "freebsd 10", "ubuntu 18.04", "centos 5", "ubuntu 14.04", "freebsd 10", "freebsd 11", "centos 6", "centos 6", "freebsd 12", "centos 6", "windows 7", "windows 8", "windows 7", "ubuntu 14.04", "centos 3", "ubuntu 18.04", "windows vista", "ubuntu 18.04", "centos 4", "ubuntu 14.04", "freebsd 12", "windows vista", "ubuntu 16.04", "windows 8.1", "centos 6", "centos 7", "freebsd 10", "windows vista", "freebsd 9", "centos 7"], "cumulative y": [0, 1, 2, 3, 4, 5, 6, 7, 8, 9, 10, 11, 12, 13, 14, 15, 16, 17, 18, 19, 20, 21, 22, 23, 24, 25, 26, 27, 28, 29, 30, 31, 32, 33, 34, 35, 36, 37, 38, 39, 40, 41, 42, 43], "total events": 44}, "Reuse Password Compromises": {"record name": "Reuse Password Compromises", "x": [10413, 15234, 22087, 35749, 41521, 41595, 41961, 42683, 45967, 46055, 49539, 135125], "y": ["centos 7", "windows 7", "freebsd 12", "freebsd 11", "centos 5", "freebsd 10", "windows 10", "centos 4", "freebsd 11", "freebsd 10", "centos 6", "ubuntu 18.04"], "cumulative y": [0, 1, 2, 3, 4, 5, 6, 7, 8, 9, 10, 11], "total events": 12}, "Password Spray Compromises": {"record name": "Password Spray Compromises", "x": [9723, 23602, 24474, 28562, 51473, 106869, 115915, 234158], "y": ["centos 5", "windows 10", "ubuntu 16.04", "windows vista", "ubuntu 20.04", "windows vista", "freebsd 11", "windows 8.1"], "cumulative y": [0, 1, 2, 3, 4, 5, 6, 7], "total events": 8}, "User Account Leaks": {"record name": "User Account Has Been Leaked By Compromise", "x": [122, 122, 122, 2783, 2783, 4429, 4429, 4429, 8337, 8337, 8337, 9723, 9723, 10413, 10413, 10730, 10730, 10730, 13690, 13690, 13690, 15234, 15234, 17218, 17218, 23602, 23602, 24474, 26801, 26801, 28562, 28562, 33951, 33951, 33951, 34039, 35749, 35749, 41521, 41521, 41595, 42683, 45569, 45569, 48664, 51473, 53910, 53910, 56593, 58878, 79169, 82810, 82810, 83927, 85704, 105690, 112310, 135125, 170362, 170362, 177464, 224491, 229059], "y": ["Mariska", "Lucinda", "Lexie", "Brook", "Merry", "Dyane", "Margarete", "Evanne", "Bessie", "Inge", "Letty", "Kora", "Joya", "Philippine", "Riane", "Tracie", "Liv", "Florrie", "Ashlie", "Morena", "Tanya", "Cyb", "Lenee", "Paige", "Allyson", "Astrid", "Sande", "Nicoline", "Karyl", "Ruthann", "Bertha", "Jacquette", "Chrysler", "Christina", "Susi", "Michaeline", "Dian", "Laina", "Mechelle", "Filippa", "Phylis", "Lonna", "Blakelee", "Cari", "Gretel", "Deane", "Fleur", "Cassi", "Evita", "Kellsie", "Vin", "Melanie", "Jacquenetta", "Katinka", "Sascha", "Kellina", "Francyne", "Calypso", "Danell", "Beverlee", "Ardelis", "Morgen", "Kial"], "cumulative y": [0, 1, 2, 3, 4, 5, 6, 7, 8, 9, 10, 11, 12, 13, 14, 15, 16, 17, 18, 19, 20, 21, 22, 23, 24, 25, 26, 27, 28, 29, 30, 31, 32, 33, 34, 35, 36, 37, 38, 39, 40, 41, 42, 43, 44, 45, 46, 47, 48, 49, 50, 51, 52, 53, 54, 55, 56, 57, 58, 59, 60, 61, 62], "total events": 63}, "Vulnerabilities Exploited": {"record name": "Vulnerabilities Exploited", "x": [122, 122, 122, 178, 351, 1124, 1124, 1124, 1124, 2783, 2783, 2783, 2783, 2783, 2783, 2783, 2783, 2783, 2783, 2783, 2783, 2783, 2783, 3171, 3443, 3978, 4146, 4429, 4489, 5337, 5337, 5510, 5510, 6410, 6777, 6777, 6777, 6777, 7665, 7917, 8337, 8486, 9104, 10730, 10730, 11153, 13690, 14558, 14558, 15057, 16484, 16735, 18188, 18997, 18997, 18997, 18997, 18997, 18997, 18997, 18997, 18997, 18997, 19408, 19965, 20407, 20407, 24767, 26291, 28412, 28412, 28412, 29178, 29423, 29671, 30150, 30734, 30734, 30734, 30966, 31504, 31504, 31504, 32224, 33951, 33951, 33951, 33951, 33951, 33951, 37404, 39777, 46573, 46573, 46573, 48664, 48664, 48664, 48764, 50005, 53608, 56258, 58878, 61312, 61312, 61312, 61312, 63181, 73855, 89936, 91538, 96693, 101271, 105690, 105690, 105690, 105690, 105690, 105690, 105690, 105690, 105690, 108169, 110061, 115240, 115240, 119828, 120640, 124548, 143738, 162098, 229059, 229059, 229059, 229059, 230193],