{"Total Initial Vulnerabilities": 474, "Initial Vulns Per OS": {"freebsd": {"12": 20, "10": 13, "11": 11, "13": 16, "9": 9, "8": 10}, "centos": {"8": 4, "6": 10, "4": 28, "5": 34, "7": 26}, "ubuntu": {"14.04": 23, "20.04": 18, "18.04": 15, "12.04": 26, "10.04": 29, "16.04": 11}, "windows": {"vista": 16, "xp": 88, "8.1": 26, "8": 28, "10": 10, "7": 3}}, "Average Initial RoA Per OS": {"freebsd": {"12": 0.04503630106199173, "10": 0.0401955818215948, "11": 0.026428670936627277, "13": 0.054516569991482175, "9": 0.10790057660708033, "8": 0.041912791617217955}, "centos": {"8": 0.07713765292885152, "6": 0.027650252888618297, "4": 0.04903133184352811, "5": 0.03593010612529388, "7": 0.07012063852815034}, "ubuntu": {"14.04": 0.043402710231625626, "20.04": 0.033625112674550046, "18.04": 0.03943714174225372, "12.04": 0.09388679952780297, "10.04": 0.059020080892443386, "16.04": 0.03383071759852236}, "windows": {"vista": 0.0696678743372689, "xp": 0.05811035441404871, "8.1": 0.04505282129588358, "8": 0.035895395554422616, "10": 0.009430066483478472, "7": 0.010199160045857475}}, "OS Types In Initial Network": {"freebsd 12": 11, "centos 8": 12, "windows 8.1": 16, "freebsd 10": 6, "ubuntu 14.04": 7, "windows 8": 10, "freebsd 9": 6, "ubuntu 20.04": 22, "centos 7": 14, "ubuntu 12.04": 8, "ubuntu 18.04": 12, "windows vista": 5, "freebsd 13": 16, "windows xp": 2, "freebsd 11": 10, "centos 6": 4, "centos 4": 6, "centos 5": 11, "ubuntu 10.04": 1, "ubuntu 16.04": 8, "windows 10": 9, "windows 7": 3, "freebsd 8": 1}, "Initial Hosts Without Vulnerabilities": 57, "Host Compromises": {"record name": "Host Compromises", "x": [901, 2008, 5407, 5729, 7436, 8265, 9200, 13508, 13783, 15569, 16095, 16990, 17514, 19778, 35628, 38396, 42705, 50081, 76986, 89750, 91788, 93599, 94331, 95398, 97603, 98432, 108677, 118220, 120038, 121550, 122905, 125179, 126609, 127784, 128356, 129566, 151146, 154646, 155183, 155655, 155739, 157437, 160498, 164100, 166913, 167396, 171562, 178389, 187745, 193193, 196274, 198126, 199835, 199958, 210695, 212811, 219368, 222520, 223091, 238085, 238634], "y": ["ubuntu 14.04", "freebsd 10", "centos 4", "centos 5", "ubuntu 12.04", "freebsd 13", "ubuntu 10.04", "windows vista", "freebsd 10", "windows 8", "freebsd 13", "centos 7", "centos 7", "ubuntu 14.04", "freebsd 9", "freebsd 10", "windows xp", "windows 8", "windows vista", "centos 6", "freebsd 11", "ubuntu 16.04", "centos 5", "centos 5", "windows vista", "windows 8.1", "freebsd 10", "freebsd 8", "centos 4", "windows xp", "centos 7", "windows 10", "freebsd 12", "ubuntu 14.04", "windows vista", "windows 8.1", "freebsd 11", "windows 7", "centos 5", "ubuntu 12.04", "windows 8", "centos 5", "freebsd 11", "freebsd 9", "windows 8", "ubuntu 14.04", "ubuntu 16.04", "windows 8", "ubuntu 18.04", "centos 7", "windows 8", "centos 5", "centos 7", "centos 8", "freebsd 11", "ubuntu 20.04", "freebsd 9", "ubuntu 12.04", "windows 7", "centos 5", "windows vista"], "cumulative y": [0, 1, 2, 3, 4, 5, 6, 7, 8, 9, 10, 11, 12, 13, 14, 15, 16, 17, 18, 19, 20, 21, 22, 23, 24, 25, 26, 27, 28, 29, 30, 31, 32, 33, 34, 35, 36, 37, 38, 39, 40, 41, 42, 43, 44, 45, 46, 47, 48, 49, 50, 51, 52, 53, 54, 55, 56, 57, 58, 59, 60], "total events": 61}, "Vuln Compromises": {"record name": "Vuln Compromises", "x": [901, 2008, 5407, 5729, 7436, 8265, 9200, 13508, 13783, 16990, 17514, 19778, 35628, 38396, 42705, 50081, 76986, 89750, 94331, 95398, 97603, 108677, 118220, 120038, 122905, 128356, 154646, 155183, 155655, 157437, 164100, 167396, 171562, 193193, 196274, 198126, 199835, 210695, 222520, 223091, 238085, 238634], "y": ["ubuntu 14.04", "freebsd 10", "centos 4", "centos 5", "ubuntu 12.04", "freebsd 13", "ubuntu 10.04", "windows vista", "freebsd 10", "centos 7", "centos 7", "ubuntu 14.04", "freebsd 9", "freebsd 10", "windows xp", "windows 8", "windows vista", "centos 6", "centos 5", "centos 5", "windows vista", "freebsd 10", "freebsd 8", "centos 4", "centos 7", "windows vista", "windows 7", "centos 5", "ubuntu 12.04", "centos 5", "freebsd 9", "ubuntu 14.04", "ubuntu 16.04", "centos 7", "windows 8", "centos 5", "centos 7", "freebsd 11", "ubuntu 12.04", "windows 7", "centos 5", "windows vista"], "cumulative y": [0, 1, 2, 3, 4, 5, 6, 7, 8, 9, 10, 11, 12, 13, 14, 15, 16, 17, 18, 19, 20, 21, 22, 23, 24, 25, 26, 27, 28, 29, 30, 31, 32, 33, 34, 35, 36, 37, 38, 39, 40, 41], "total events": 42}, "Reuse Password Compromises": {"record name": "Reuse Password Compromises", "x": [15569, 16095, 93599, 98432, 121550, 125179, 126609, 127784, 129566, 155739, 160498, 187745, 199958, 212811, 219368], "y": ["windows 8", "freebsd 13", "ubuntu 16.04", "windows 8.1", "windows xp", "windows 10", "freebsd 12", "ubuntu 14.04", "windows 8.1", "windows 8", "freebsd 11", "ubuntu 18.04", "centos 8", "ubuntu 20.04", "freebsd 9"], "cumulative y": [0, 1, 2, 3, 4, 5, 6, 7, 8, 9, 10, 11, 12, 13, 14], "total events": 15}, "Password Spray Compromises": {"record name": "Password Spray Compromises", "x": [91788, 151146, 166913, 178389], "y": ["freebsd 11", "freebsd 11", "windows 8", "windows 8"], "cumulative y": [0, 1, 2, 3], "total events": 4}, "User Account Leaks": {"record name": "User Account Has Been Leaked By Compromise", "x": [901, 901, 901, 2008, 2008, 2008, 5407, 5407, 5407, 5729, 5729, 5729, 7436, 7436, 8265, 8265, 8265, 9200, 9200, 13508, 13508, 13508, 13783, 13783, 15569, 16095, 16990, 16990, 17514, 17514, 19778, 35628, 35628, 38396, 38396, 38396, 42705, 50081, 50081, 89750, 89750, 93599, 94331, 95398, 98432, 118220, 120038, 121550, 121550, 122905, 125179, 127784, 128356, 129566, 151146, 154646, 155183, 155739, 164100, 166913, 171562, 187745, 219368], "y": ["Lanna", "Novelia", "Joellen", "Ediva", "Kim", "Lesley", "Elfrida", "Judi", "Sherye", "Appolonia", "Aubine", "Johnna", "Suzy", "Lanette", "Andriana", "Siobhan", "Drusilla", "Grete", "Christalle", "Darryl", "Linea", "Loreen", "Chrissy", "Shandra", "Nanni", "Leonore", "Kristan", "Delilah", "Sher", "Carolyn", "Ashia", "Nicolette", "Gilbertina", "Perry", "Bekki", "Abigale", "Jan", "Cherey", "Fidelia", "Aigneis", "Petronilla", "Goldina", "Betteanne", "Katya", "Terrie", "Larina", "Anastasie", "Jenn", "Anestassia", "Tobye", "Florrie", "Sibilla", "Fanya", "Joete", "Wini", "Susana", "Shanta", "Zola", "Tomasina", "Charla", "Juieta", "Marietta", "Marilee"], "cumulative y": [0, 1, 2, 3, 4, 5, 6, 7, 8, 9, 10, 11, 12, 13, 14, 15, 16, 17, 18, 19, 20, 21, 22, 23, 24, 25, 26, 27, 28, 29, 30, 31, 32, 33, 34, 35, 36, 37, 38, 39, 40, 41, 42, 43, 44, 45, 46, 47, 48, 49, 50, 51, 52, 53, 54, 55, 56, 57, 58, 59, 60, 61, 62], "total events": 63}, "Vulnerabilities Exploited": {"record name": "Vulnerabilities Exploited", "x": [532, 901, 901, 901, 901, 901, 1529, 1750, 1750, 1750, 1896, 2008, 2122, 4715, 4715, 4715, 4715, 4715, 4715, 5619, 6504, 6738, 6738, 7436, 7436, 7436, 7436, 8265, 9200, 9200, 9200, 9200, 9200, 9200, 9200, 9724, 10733, 11084, 12687, 13508, 13783, 13783, 13783, 13783, 14516, 14516, 15200, 15200, 16326, 16326, 16326, 16990, 17330, 17330, 17330, 17840, 17840, 18941, 18941, 19778, 21525, 21841, 22907, 28117, 28117, 28117, 28117, 28117, 28117, 28865, 30994, 33552, 35628, 37052, 38396, 39521, 39521, 39769, 42705, 42705, 42705, 42705, 42705, 42705, 43440, 43440, 44994, 45776, 49375, 50081, 50081, 50081, 54562, 73048, 76075, 76986, 76986, 78847, 94331, 95104, 95104, 95104, 95104, 97603, 100552, 108677, 108677, 108677, 108677, 114805, 114805, 114805, 118220, 118220, 120038, 140056, 150177, 154646, 154751, 157437, 158569, 158569, 158569, 158569, 161350, 162178, 168584, 169903, 180227, 190197, 190646, 190646, 198935, 199835, 214365, 223091, 238634, 247746],