{"Total Initial Vulnerabilities": 569, "Initial Vulns Per OS": {"centos": {"8": 19, "5": 9, "7": 19, "4": 21, "6": 29, "3": 29}, "windows": {"10": 8, "8.1": 16, "vista": 16, "8": 30, "7": 32, "xp": 68}, "ubuntu": {"12.04": 20, "16.04": 18, "18.04": 22, "20.04": 8, "14.04": 19, "10.04": 18}, "freebsd": {"8": 109, "12": 20, "11": 6, "13": 10, "9": 13, "10": 10}}, "Average Initial RoA Per OS": {"centos": {"8": 0.06792804454901263, "5": 0.03860327493581324, "7": 0.07819723763034345, "4": 0.06720600826738055, "6": 0.06087424410308294, "3": 0.06614274509377165}, "windows": {"10": 0.06599024015867506, "8.1": 0.06731402250573765, "vista": 0.04059555352719842, "8": 0.060655725393420595, "7": 0.04488078526319927, "xp": 0.059349111266922425}, "ubuntu": {"12.04": 0.052572577640310855, "16.04": 0.042737298983396996, "18.04": 0.09744721019656105, "20.04": 0.0919207384798453, "14.04": 0.06339589931334244, "10.04": 0.041686054724037955}, "freebsd": {"8": 0.04541159768090845, "12": 0.11406135855070969, "11": 0.025940071115029356, "13": 0.061587097512918444, "9": 0.055477997953579106, "10": 0.04808208036873493}}, "OS Types In Initial Network": {"centos 8": 22, "windows 10": 13, "windows 8.1": 12, "ubuntu 12.04": 8, "freebsd 13": 13, "ubuntu 16.04": 13, "freebsd 8": 4, "freebsd 12": 15, "freebsd 11": 6, "centos 5": 4, "ubuntu 18.04": 14, "ubuntu 20.04": 13, "centos 7": 10, "windows vista": 4, "ubuntu 14.04": 6, "windows 8": 15, "centos 4": 5, "centos 6": 8, "windows 7": 5, "windows xp": 4, "freebsd 9": 3, "centos 3": 1, "ubuntu 10.04": 1, "freebsd 10": 1}, "Initial Hosts Without Vulnerabilities": 55, "Host Compromises": {"record name": "Host Compromises", "x": [2437, 2969, 5799, 8118, 15884, 19939, 20675, 28163, 63621, 64219, 64502, 97459, 108345, 108847, 113799, 118154, 125608, 131276, 133415, 145509, 147287, 152052, 154878, 156514, 157096, 165662, 167349, 171182, 220255, 230279], "y": [22, 26, 44, 5, 48, 18, 23, 7, 58, 84, 107, 54, 56, 57, 156, 124, 192, 126, 97, 164, 112, 98, 131, 72, 82, 104, 113, 65, 62, 159], "cumulative y": [1, 2, 3, 4, 5, 6, 7, 8, 9, 10, 11, 12, 13, 14, 15, 16, 17, 18, 19, 20, 21, 22, 23, 24, 25, 26, 27, 28, 29, 30], "total events": 30, "not exposed x": [63621, 64219, 64502, 97459, 108345, 108847, 113799, 118154, 125608, 131276, 133415, 145509, 147287, 152052, 154878, 156514, 157096, 165662, 167349, 171182, 220255, 230279], "not exposed y": [58, 84, 107, 54, 56, 57, 156, 124, 192, 126, 97, 164, 112, 98, 131, 72, 82, 104, 113, 65, 62, 159], "cumulative not exposed y": [1, 2, 3, 4, 5, 6, 7, 8, 9, 10, 11, 12, 13, 14, 15, 16, 17, 18, 19, 20, 21, 22], "total not exposed events": 22}, "Vuln Compromises": {"record name": "Vuln Compromises", "x": [2437, 5799, 15884, 20675, 28163, 63621, 64219, 64502, 97459, 108345, 108847, 113799, 118154, 131276, 145509, 147287, 152052, 154878, 165662, 167349, 171182], "y": [22, 44, 48, 23, 7, 58, 84, 107, 54, 56, 57, 156, 124, 126, 164, 112, 98, 131, 104, 113, 65], "cumulative y": [1, 2, 3, 4, 5, 6, 7, 8, 9, 10, 11, 12, 13, 14, 15, 16, 17, 18, 19, 20, 21], "total events": 21, "not exposed x": [63621, 64219, 64502, 97459, 108345, 108847, 113799, 118154, 131276, 145509, 147287, 152052, 154878, 165662, 167349, 171182], "not exposed y": [58, 84, 107, 54, 56, 57, 156, 124, 126, 164, 112, 98, 131, 104, 113, 65], "cumulative not exposed y": [1, 2, 3, 4, 5, 6, 7, 8, 9, 10, 11, 12, 13, 14, 15, 16], "total not exposed events": 16}, "Reuse Password Compromises": {"record name": "Reuse Password Compromises", "x": [2969, 8118, 19939, 125608, 133415, 156514, 220255, 230279], "y": [26, 5, 18, 192, 97, 72, 62, 159], "cumulative y": [1, 2, 3, 4, 5, 6, 7, 8], "total events": 8, "not exposed x": [125608, 133415, 156514, 220255, 230279], "not exposed y": [192, 97, 72, 62, 159], "cumulative not exposed y": [1, 2, 3, 4, 5], "total not exposed events": 5}, "Password Spray Compromises": {"record name": "Password Spray Compromises", "x": [157096], "y": [82], "cumulative y": [1], "total events": 1, "not exposed x": [157096], "not exposed y": [82], "cumulative not exposed y": [1], "total not exposed events": 1}, "User Account Leaks": {"record name": "User Account Has Been Leaked By Compromise", "x": [2437, 2437, 2437, 2437, 2437, 2969, 2969, 2969, 2969, 5799, 5799, 5799, 5799, 5799, 8118, 8118, 8118, 15884, 15884, 15884, 15884, 15884, 19939, 19939, 19939, 20675, 20675, 20675, 20675, 20675, 28163, 28163, 28163, 28163, 63621, 63621, 63621, 63621, 64219, 64219, 64219, 64219, 64219, 64502, 64502, 64502, 64502, 97459, 97459, 97459, 108345, 108345, 108345, 108345, 108847, 108847, 108847, 108847, 108847, 113799, 113799, 113799, 113799, 118154, 118154, 118154, 125608, 125608, 125608, 131276, 133415, 133415, 133415, 145509, 145509, 147287, 147287, 147287, 152052, 152052, 152052, 152052, 154878, 154878, 156514, 156514, 156514, 157096, 157096, 165662, 165662, 167349, 171182, 171182, 171182, 220255, 220255, 220255, 230279, 230279], "y": ["Charlotta", "Johannah", "Jillene", "Shandee", "Nananne", "Agatha", "Jilleen", "Tamra", "Elsy", "Eden", "Dionne", "Clementia", "Hyacinth", "Anita", "Kimberlee", "Donnamarie", "Lura", "Norri", "Lilian", "Niki", "Tonia", "Minni", "Mirelle", "Livvy", "Lynna", "Sophronia", "Lynnet", "Kerrin", "Ilise", "Yettie", "Corabel", "Flossi", "Gail", "Breanne", "Judi", "Margaret", "Julianna", "Elinore", "Edna", "Natalina", "Candi", "Ramonda", "Maribeth", "Ermengarde", "Eve", "Irene", "Terrijo", "Stepha", "Darell", "Elaina", "Roberta", "Sharon", "Kessia", "Korrie", "Teresina", "Starlin", "Kiele", "Rosina", "Yvonne", "Mechelle", "Rosamund", "Nettie", "Meredith", "Karena", "Sheilah", "Dosi", "Ursola", "Suzanne", "Charmain", "Fiona", "Carlynne", "Pat", "Maribel", "Harmonie", "Celie", "Nicol", "Lorrin", "Kathryne", "Corly", "Silvia", "Eveleen", "Jasmine", "Nydia", "Delia", "Mariel", "Perl", "Ileane", "Corilla", "Malorie", "Micheline", "Persis", "Leonie", "Morganica", "Luciana", "Nixie", "Jammie", "Merry", "Diana", "Dita", "Hermia"], "cumulative y": [1, 2, 3, 4, 5, 6, 7, 8, 9, 10, 11, 12, 13, 14, 15, 16, 17, 18, 19, 20, 21, 22, 23, 24, 25, 26, 27, 28, 29, 30, 31, 32, 33, 34, 35, 36, 37, 38, 39, 40, 41, 42, 43, 44, 45, 46, 47, 48, 49, 50, 51, 52, 53, 54, 55, 56, 57, 58, 59, 60, 61, 62, 63, 64, 65, 66, 67, 68, 69, 70, 71, 72, 73, 74, 75, 76, 77, 78, 79, 80, 81, 82, 83, 84, 85, 86, 87, 88, 89, 90, 91, 92, 93, 94, 95, 96, 97, 98, 99, 100], "total events": 100}, "Vulnerabilities Exploited": {"record name": "Vulnerabilities Exploited", "x": [216, 447, 1215, 1215, 1215, 1215, 1215, 1215, 1215, 1215, 1215, 1780, 2177, 2177, 2219, 2311, 2311, 2596, 2806, 2806, 3219, 3481, 3838, 3838, 3949, 3949, 4558, 5265, 5265, 5265, 5265, 5265, 5523, 5799, 6686, 6686, 6686, 6686, 6686, 6686, 6686, 6686, 7019, 7887, 8950, 8950, 8950, 9569, 10140, 10140, 10497, 12254, 12254, 12608, 14014, 14014, 14179, 15884, 15884, 15884, 15884, 15884, 15884, 15884, 15884, 15884, 17983, 17983, 18176, 20675, 26043, 26043, 28163, 28163, 30199, 33156, 35197, 37845, 37845, 49378, 49378, 63736, 63736, 64219, 64219, 64502, 66179, 68853, 78765, 87558, 89012, 89012, 89012, 89012, 89012, 89012, 89012, 102354, 108345, 108847, 108977, 113799, 118154, 118877, 118877, 120766, 120766, 131276, 144527, 147287, 167349, 167349, 171182, 171346, 175388, 194247, 197301, 197301, 197301, 197301, 197301, 199652, 199652, 199652, 199652, 199652, 199652, 199652, 199652, 199652, 199652, 199652, 199652, 211937, 230678], "cumulative exploited vulns": [1, 2, 3, 4, 5, 6, 7, 8, 9, 10, 11, 12, 13, 14, 15, 16, 17, 18, 19, 20, 21, 22, 23, 24, 25, 26, 27, 28, 29, 30, 31, 32, 33, 34, 35, 36, 37, 38, 39, 40, 41, 42, 43, 44, 45, 46, 47, 48, 49, 50, 51, 52, 53, 54, 55, 56, 57, 58, 59, 60, 61, 62, 63, 64, 65, 66, 67, 68, 69, 70, 71, 72, 73, 74, 75, 76, 77, 78, 79, 80, 81, 82, 83, 84, 85, 86, 87, 88, 89, 90, 91, 92, 93, 94, 95, 96, 97, 98, 99, 100, 101, 102, 103, 104, 105, 106, 107, 108, 109, 110, 111, 112, 113, 114, 115, 116, 117, 118, 119, 120, 121, 122, 123, 124, 125, 126, 127, 128, 129, 130, 131, 132, 133, 134, 135],