{"Total Initial Vulnerabilities": 677, "Initial Vulns Per OS": {"windows": {"8.1": 27, "8": 25, "vista": 29, "10": 12, "xp": 66, "7": 25}, "ubuntu": {"18.04": 15, "14.04": 21, "16.04": 5, "10.04": 88, "20.04": 9, "12.04": 26}, "freebsd": {"10": 14, "12": 22, "13": 14, "11": 37, "8": 82, "9": 26}, "centos": {"5": 24, "4": 26, "6": 15, "7": 7, "8": 5, "3": 57}}, "Average Initial RoA Per OS": {"windows": {"8.1": 0.020447257405382033, "8": 0.05550444652366873, "vista": 0.027131299951938546, "10": 0.04393237875213087, "xp": 0.053290414217852966, "7": 0.07705947242421077}, "ubuntu": {"18.04": 0.019058478397968055, "14.04": 0.0398333280559937, "16.04": 0.020066401007780833, "10.04": 0.041918028556626845, "20.04": 0.06214399948997699, "12.04": 0.03470332638651122}, "freebsd": {"10": 0.047496665146803015, "12": 0.02619203944211733, "13": 0.056250342091790285, "11": 0.06209596129623181, "8": 0.057904673108069966, "9": 0.035841559805804675}, "centos": {"5": 0.08170232257115169, "4": 0.03387688682826803, "6": 0.03214994571746461, "7": 0.022215028362962002, "8": 0.06247054099056505, "3": 0.03849685280627761}}, "OS Types In Initial Network": {"windows 8.1": 15, "windows 8": 14, "ubuntu 18.04": 12, "centos 8": 15, "windows vista": 5, "windows 10": 10, "ubuntu 14.04": 7, "freebsd 10": 5, "freebsd 12": 13, "centos 5": 6, "centos 4": 7, "centos 7": 8, "freebsd 13": 21, "freebsd 11": 17, "ubuntu 16.04": 3, "windows xp": 3, "centos 6": 5, "ubuntu 10.04": 3, "ubuntu 20.04": 6, "centos 3": 3, "windows 7": 8, "freebsd 8": 4, "freebsd 9": 4, "ubuntu 12.04": 6}, "Initial Hosts Without Vulnerabilities": 45, "Host Compromises": {"record name": "Host Compromises", "x": [1279, 2918, 5195, 5286, 6584, 6626, 6876, 9607, 11263, 11793, 12843, 15680, 17952, 20109, 20361, 20436, 23872, 33901, 46608, 46756, 62257, 65992, 68945, 73080, 81567, 82287, 94438, 96853, 102568, 105804, 121451, 129049, 136842, 146848, 149926, 150087, 154836, 158668, 191294, 202279, 203230, 210683, 213868, 215202, 222982], "y": [10, 20, 35, 36, 42, 43, 45, 49, 61, 64, 57, 63, 0, 6, 7, 8, 17, 38, 101, 89, 145, 106, 50, 85, 54, 96, 137, 97, 60, 95, 52, 53, 94, 81, 135, 138, 59, 179, 51, 104, 110, 119, 98, 71, 125], "cumulative y": [1, 2, 3, 4, 5, 6, 7, 8, 9, 10, 11, 12, 13, 14, 15, 16, 17, 18, 19, 20, 21, 22, 23, 24, 25, 26, 27, 28, 29, 30, 31, 32, 33, 34, 35, 36, 37, 38, 39, 40, 41, 42, 43, 44, 45], "total events": 45, "not exposed x": [11263, 11793, 12843, 15680, 46608, 46756, 62257, 65992, 68945, 73080, 81567, 82287, 94438, 96853, 102568, 105804, 121451, 129049, 136842, 146848, 149926, 150087, 154836, 158668, 191294, 202279, 203230, 210683, 213868, 215202, 222982], "not exposed y": [61, 64, 57, 63, 101, 89, 145, 106, 50, 85, 54, 96, 137, 97, 60, 95, 52, 53, 94, 81, 135, 138, 59, 179, 51, 104, 110, 119, 98, 71, 125], "cumulative not exposed y": [1, 2, 3, 4, 5, 6, 7, 8, 9, 10, 11, 12, 13, 14, 15, 16, 17, 18, 19, 20, 21, 22, 23, 24, 25, 26, 27, 28, 29, 30, 31], "total not exposed events": 31}, "Vuln Compromises": {"record name": "Vuln Compromises", "x": [1279, 2918, 5195, 5286, 6876, 9607, 11263, 11793, 17952, 20361, 23872, 33901, 62257, 65992, 94438, 96853, 102568, 105804, 129049, 136842, 146848, 154836, 191294, 202279, 213868], "y": [10, 20, 35, 36, 45, 49, 61, 64, 0, 7, 17, 38, 145, 106, 137, 97, 60, 95, 53, 94, 81, 59, 51, 104, 98], "cumulative y": [1, 2, 3, 4, 5, 6, 7, 8, 9, 10, 11, 12, 13, 14, 15, 16, 17, 18, 19, 20, 21, 22, 23, 24, 25], "total events": 25, "not exposed x": [11263, 11793, 62257, 65992, 94438, 96853, 102568, 105804, 129049, 136842, 146848, 154836, 191294, 202279, 213868], "not exposed y": [61, 64, 145, 106, 137, 97, 60, 95, 53, 94, 81, 59, 51, 104, 98], "cumulative not exposed y": [1, 2, 3, 4, 5, 6, 7, 8, 9, 10, 11, 12, 13, 14, 15], "total not exposed events": 15}, "Reuse Password Compromises": {"record name": "Reuse Password Compromises", "x": [6584, 6626, 12843, 15680, 20109, 20436, 46608, 46756, 68945, 73080, 81567, 82287, 121451, 149926, 150087, 158668, 203230, 210683, 215202, 222982], "y": [42, 43, 57, 63, 6, 8, 101, 89, 50, 85, 54, 96, 52, 135, 138, 179, 110, 119, 71, 125], "cumulative y": [1, 2, 3, 4, 5, 6, 7, 8, 9, 10, 11, 12, 13, 14, 15, 16, 17, 18, 19, 20], "total events": 20, "not exposed x": [12843, 15680, 46608, 46756, 68945, 73080, 81567, 82287, 121451, 149926, 150087, 158668, 203230, 210683, 215202, 222982], "not exposed y": [57, 63, 101, 89, 50, 85, 54, 96, 52, 135, 138, 179, 110, 119, 71, 125], "cumulative not exposed y": [1, 2, 3, 4, 5, 6, 7, 8, 9, 10, 11, 12, 13, 14, 15, 16], "total not exposed events": 16}, "Password Spray Compromises": {"record name": "Password Spray Compromises", "x": [], "y": [], "cumulative y": [], "total events": 0, "not exposed x": [], "not exposed y": [], "cumulative not exposed y": [], "total not exposed events": 0}, "User Account Leaks": {"record name": "User Account Has Been Leaked By Compromise", "x": [1279, 1279, 1279, 1279, 1279, 2918, 2918, 2918, 2918, 2918, 5195, 5195, 5195, 5195, 5195, 5286, 5286, 6584, 6584, 6584, 6584, 6626, 6626, 6626, 6626, 6876, 6876, 6876, 6876, 9607, 9607, 9607, 9607, 11263, 11263, 11263, 11263, 11793, 11793, 11793, 11793, 12843, 12843, 12843, 12843, 15680, 15680, 15680, 15680, 17952, 17952, 17952, 17952, 17952, 20109, 20109, 20361, 20361, 20361, 20361, 20436, 20436, 23872, 23872, 23872, 23872, 33901, 33901, 33901, 33901, 46608, 46756, 46756, 46756, 62257, 62257, 62257, 65992, 65992, 65992, 68945, 73080, 73080, 73080, 81567, 81567, 81567, 82287, 82287, 94438, 96853, 96853, 96853, 96853, 102568, 105804, 105804, 105804, 121451, 121451, 129049, 129049, 129049, 129049, 129049, 146848, 146848, 149926, 149926, 149926, 150087, 150087, 154836, 154836, 158668, 191294, 191294, 202279, 202279, 202279, 203230, 203230, 203230, 210683, 210683, 213868, 213868, 222982], "y": ["Dorena", "Dorelle", "Winifred", "Valery", "Pattie", "Bridget", "Kati", "Greer", "Phil", "Kissie", "Matilde", "Kary", "Willi", "Nonah", "Berthe", "Milissent", "Ashly", "George", "Vania", "Ethelyn", "Kit", "Yolanthe", "Brandise", "Cristen", "Remy", "Belita", "Galina", "Leisha", "Hazel", "Fayth", "Nolie", "Nanette", "Bobbe", "Hedy", "Joannes", "Liliane", "Felicity", "Christin", "Cory", "Cori", "Teddie", "Malva", "Lian", "Monika", "Silvie", "Winne", "Marita", "Letitia", "Demeter", "Georgetta", "Jacklyn", "Idaline", "Karon", "Magdaia", "Jessie", "Kellie", "Clarie", "Concordia", "Marleah", "Karly", "Isidora", "Jeri", "Nellie", "Rayna", "Jennette", "Corey", "Kaila", "Karee", "Berrie", "Marilin", "Aindrea", "Korney", "Charo", "Coralyn", "Leandra", "Candida", "Megan", "Myrtia", "Etta", "Perry", "Valencia", "Vanni", "Valerie", "Kalinda", "Deirdre", "Maiga", "Johanna", "Abigail", "Madelaine", "Raine", "Donella", "Kara-Lynn", "Brittney", "Beret", "Jonell", "Kirsteni", "Lola", "Melita", "Ninette", "Miriam", "Doralynne", "Elie", "Elonore", "Jean", "Julita", "Emily", "Ammamaria", "Sheeree", "Stephenie", "Anabal", "Gabriel", "Dorey", "Yetta", "Sheena", "Helene", "Cheryl", "Genvieve", "Goldia", "Anastasia", "Florry", "Nonie", "Peggi", "Faythe", "Konstance", "Bevvy", "Ekaterina", "Emma", "Marcy"], "cumulative y": [1, 2, 3, 4, 5, 6, 7, 8, 9, 10, 11, 12, 13, 14, 15, 16, 17, 18, 19, 20, 21, 22, 23, 24, 25, 26, 27, 28, 29, 30, 31, 32, 33, 34, 35, 36, 37, 38, 39, 40, 41, 42, 43, 44, 45, 46, 47, 48, 49, 50, 51, 52, 53, 54, 55, 56, 57, 58, 59, 60, 61, 62, 63, 64, 65, 66, 67, 68, 69, 70, 71, 72, 73, 74, 75, 76, 77, 78, 79, 80, 81, 82, 83, 84, 85, 86, 87, 88, 89, 90, 91, 92, 93, 94, 95, 96, 97, 98, 99, 100, 101, 102, 103, 104, 105, 106, 107, 108, 109, 110, 111, 112, 113, 114, 115, 116, 117, 118, 119, 120, 121, 122, 123, 124, 125, 126, 127, 128], "total events": 128}, "Vulnerabilities Exploited": {"record name": "Vulnerabilities Exploited",