{"Total Initial Vulnerabilities": 567, "Initial Vulns Per OS": {"ubuntu": {"16.04": 23, "20.04": 15, "14.04": 20, "18.04": 13, "12.04": 7}, "windows": {"8": 25, "vista": 45, "8.1": 18, "7": 28, "10": 15, "xp": 25}, "centos": {"7": 22, "6": 22, "5": 31, "8": 16, "4": 37, "3": 106}, "freebsd": {"12": 18, "10": 22, "13": 12, "11": 14, "9": 24, "8": 9}}, "Average Initial RoA Per OS": {"ubuntu": {"16.04": 0.08984182804903358, "20.04": 0.032633655457280496, "14.04": 0.06156562158602598, "18.04": 0.06686491217808904, "12.04": 0.05739692631291834}, "windows": {"8": 0.08801135533428328, "vista": 0.058857545491530355, "8.1": 0.08823280452998926, "7": 0.030601658988702325, "10": 0.05534724563972929, "xp": 0.04651970610228193}, "centos": {"7": 0.04974309440211435, "6": 0.08231236874093979, "5": 0.04689373340442982, "8": 0.04640427830584082, "4": 0.06904167367266685, "3": 0.06376880424995018}, "freebsd": {"12": 0.05829914388236121, "10": 0.06696734512695064, "13": 0.050897477830181705, "11": 0.04548541436033794, "9": 0.06676742006708246, "8": 0.07781403901211399}}, "OS Types In Initial Network": {"ubuntu 16.04": 11, "windows 8": 7, "centos 7": 12, "centos 6": 8, "ubuntu 20.04": 18, "freebsd 12": 10, "windows vista": 8, "ubuntu 14.04": 5, "freebsd 10": 6, "ubuntu 18.04": 9, "windows 8.1": 12, "windows 7": 10, "freebsd 13": 15, "windows 10": 15, "freebsd 11": 10, "centos 5": 10, "centos 8": 15, "freebsd 9": 6, "centos 4": 6, "ubuntu 12.04": 2, "centos 3": 3, "windows xp": 1, "freebsd 8": 1}, "Initial Hosts Without Vulnerabilities": 38, "Host Compromises": {"record name": "Host Compromises", "x": [2148, 4622, 7186, 7775, 16196, 22816, 27216, 28352, 29612, 31457, 39148, 41178, 44115, 54633, 59082, 59207, 65983, 67007, 68451, 68556, 69178, 77911, 78077, 97034, 102759, 107237, 107987, 111456, 111614, 119554, 120338, 123113, 125327, 131014, 141584, 144034, 144185, 155072, 162226, 173611, 174385, 191657, 201268, 205231, 219215, 232526], "y": [9, 25, 40, 43, 33, 12, 30, 36, 41, 45, 8, 16, 22, 89, 90, 92, 70, 57, 64, 78, 123, 73, 67, 63, 101, 106, 55, 56, 107, 60, 110, 75, 71, 94, 59, 113, 160, 96, 114, 85, 77, 82, 194, 79, 72, 112], "cumulative y": [1, 2, 3, 4, 5, 6, 7, 8, 9, 10, 11, 12, 13, 14, 15, 16, 17, 18, 19, 20, 21, 22, 23, 24, 25, 26, 27, 28, 29, 30, 31, 32, 33, 34, 35, 36, 37, 38, 39, 40, 41, 42, 43, 44, 45, 46], "total events": 46, "not exposed x": [54633, 59082, 59207, 65983, 67007, 68451, 68556, 69178, 77911, 78077, 97034, 102759, 107237, 107987, 111456, 111614, 119554, 120338, 123113, 125327, 131014, 141584, 144034, 144185, 155072, 162226, 173611, 174385, 191657, 201268, 205231, 219215, 232526], "not exposed y": [89, 90, 92, 70, 57, 64, 78, 123, 73, 67, 63, 101, 106, 55, 56, 107, 60, 110, 75, 71, 94, 59, 113, 160, 96, 114, 85, 77, 82, 194, 79, 72, 112], "cumulative not exposed y": [1, 2, 3, 4, 5, 6, 7, 8, 9, 10, 11, 12, 13, 14, 15, 16, 17, 18, 19, 20, 21, 22, 23, 24, 25, 26, 27, 28, 29, 30, 31, 32, 33], "total not exposed events": 33}, "Vuln Compromises": {"record name": "Vuln Compromises", "x": [2148, 16196, 22816, 27216, 28352, 29612, 31457, 39148, 54633, 59082, 78077, 97034, 107237, 107987, 111456, 120338, 123113, 125327, 141584, 144185, 173611, 191657, 201268, 219215], "y": [9, 33, 12, 30, 36, 41, 45, 8, 89, 90, 67, 63, 106, 55, 56, 110, 75, 71, 59, 160, 85, 82, 194, 72], "cumulative y": [1, 2, 3, 4, 5, 6, 7, 8, 9, 10, 11, 12, 13, 14, 15, 16, 17, 18, 19, 20, 21, 22, 23, 24], "total events": 24, "not exposed x": [54633, 59082, 78077, 97034, 107237, 107987, 111456, 120338, 123113, 125327, 141584, 144185, 173611, 191657, 201268, 219215], "not exposed y": [89, 90, 67, 63, 106, 55, 56, 110, 75, 71, 59, 160, 85, 82, 194, 72], "cumulative not exposed y": [1, 2, 3, 4, 5, 6, 7, 8, 9, 10, 11, 12, 13, 14, 15, 16], "total not exposed events": 16}, "Reuse Password Compromises": {"record name": "Reuse Password Compromises", "x": [4622, 7186, 7775, 41178, 44115, 59207, 65983, 67007, 68451, 68556, 69178, 77911, 102759, 111614, 119554, 131014, 155072, 162226, 205231, 232526], "y": [25, 40, 43, 16, 22, 92, 70, 57, 64, 78, 123, 73, 101, 107, 60, 94, 96, 114, 79, 112], "cumulative y": [1, 2, 3, 4, 5, 6, 7, 8, 9, 10, 11, 12, 13, 14, 15, 16, 17, 18, 19, 20], "total events": 20, "not exposed x": [59207, 65983, 67007, 68451, 68556, 69178, 77911, 102759, 111614, 119554, 131014, 155072, 162226, 205231, 232526], "not exposed y": [92, 70, 57, 64, 78, 123, 73, 101, 107, 60, 94, 96, 114, 79, 112], "cumulative not exposed y": [1, 2, 3, 4, 5, 6, 7, 8, 9, 10, 11, 12, 13, 14, 15], "total not exposed events": 15}, "Password Spray Compromises": {"record name": "Password Spray Compromises", "x": [144034, 174385], "y": [113, 77], "cumulative y": [1, 2], "total events": 2, "not exposed x": [144034, 174385], "not exposed y": [113, 77], "cumulative not exposed y": [1, 2], "total not exposed events": 2}, "User Account Leaks": {"record name": "User Account Has Been Leaked By Compromise", "x": [2148, 2148, 2148, 2148, 2148, 4622, 4622, 4622, 4622, 7186, 7186, 7186, 7186, 7775, 7775, 7775, 16196, 16196, 16196, 16196, 22816, 22816, 22816, 22816, 22816, 27216, 27216, 27216, 27216, 27216, 28352, 28352, 28352, 28352, 29612, 29612, 29612, 29612, 29612, 31457, 31457, 31457, 31457, 31457, 39148, 39148, 39148, 39148, 41178, 41178, 41178, 44115, 44115, 44115, 54633, 54633, 54633, 54633, 59082, 59082, 59082, 59082, 59207, 59207, 59207, 65983, 67007, 67007, 68451, 68451, 68451, 68451, 68556, 69178, 69178, 69178, 77911, 77911, 77911, 77911, 78077, 78077, 97034, 97034, 102759, 102759, 107237, 107237, 107237, 107237, 107987, 107987, 107987, 111456, 111456, 111614, 119554, 120338, 120338, 120338, 123113, 123113, 125327, 125327, 125327, 125327, 131014, 131014, 141584, 141584, 141584, 144034, 144034, 144034, 144185, 144185, 144185, 144185, 162226, 162226, 173611, 174385, 174385, 174385, 191657, 191657, 191657, 201268, 201268, 219215, 219215, 219215, 232526], "y": ["Ag", "Gilli", "Willie", "Rikki", "Manda", "Tania", "Helen", "Quintana", "Nessie", "Adina", "Jacquenette", "Karel", "Denice", "Kristi", "Leigh", "Clarey", "Kameko", "Page", "Cherice", "Stephani", "Estrella", "Shel", "Gray", "Helaine", "Melisa", "Marci", "Kalindi", "Addy", "Drucill", "Bethany", "Arlette", "Lola", "Aida", "Cody", "Juliette", "Angelica", "Marleen", "Pat", "Brittney", "Zulema", "Trescha", "Gisella", "Mirabella", "Tammy", "Jenilee", "Clea", "Beatrisa", "Dawna", "Keely", "Cinderella", "Toma", "Bernetta", "Vanessa", "Cathi", "Illa", "Venus", "Gabi", "Val", "Renell", "Cristin", "Basia", "Wylma", "Audi", "Flss", "Legra", "Kandace", "Renee", "Debera", "Ferdinande", "Easter", "Gerty", "Rianon", "Maisie", "Fleur", "Susan", "Alexandrina", "Melonie", "Denise", "Zaria", "Ida", "Merrili", "Jen", "Celka", "Kaitlynn", "Ruthie", "Joceline", "Milena", "Sal", "Greer", "Barby", "Lelia", "Lucia", "Freddy", "Carmita", "Goldina", "Martie", "Licha", "Vitoria", "Jyoti", "Rosina", "Bryna", "Em", "Paulita", "Cynthea", "Laurice", "Andromache", "Rafaela", "Maxine", "Demetria", "Clarie", "Jacquetta", "Tressa", "Chrysler", "Janie", "Amabel", "Fallon", "Josee", "Ariela", "Karola", "Velvet", "Josey", "Annalee", "Linn", "Giovanna", "Karolina", "Zenia", "Colene", "Hendrika", "Michaelina", "Trina", "Rory", "Merle", "Abagael"], "cumulative y": [1, 2, 3, 4, 5, 6, 7, 8, 9, 10, 11, 12, 13, 14, 15, 16, 17, 18, 19, 20, 21, 22, 23, 24, 25, 26, 27, 28, 29, 30, 31, 32, 33, 34, 35, 36, 37, 38, 39, 40, 41, 42, 43, 44, 45, 46, 47, 48, 49, 50, 51, 52, 53, 54, 55, 56, 57, 58, 59, 60, 61, 62, 63, 64, 65, 66, 67, 68, 69, 70, 71, 72, 73, 74, 75, 76, 77, 78, 79, 80, 81, 82, 83, 84, 85, 86, 87, 88, 89, 90, 91, 92, 93, 94, 95, 96, 97, 98, 99, 100, 101, 102, 103, 104, 105, 106, 107, 108, 109, 110, 111, 112, 113, 114, 115, 116, 117, 118, 119, 120, 121, 122, 123, 124, 125, 126, 127, 128, 129, 130, 131, 132, 133], "total events": 133}, "Vulnerabilities Exploited": {"record name": "Vulnerabilities Exploited",