{"Total Initial Vulnerabilities": 587, "Initial Vulns Per OS": {"windows": {"8.1": 51, "vista": 11, "10": 5, "8": 29, "7": 11, "xp": 42}, "ubuntu": {"14.04": 57, "18.04": 25, "20.04": 6, "16.04": 14, "12.04": 14}, "freebsd": {"12": 26, "10": 46, "11": 25, "9": 9, "13": 9, "8": 9}, "centos": {"8": 6, "5": 62, "4": 21, "7": 33, "6": 56, "3": 20}}, "Average Initial RoA Per OS": {"windows": {"8.1": 0.028580479216593256, "vista": 0.028730204505756383, "10": 0.03591533543964906, "8": 0.03919480833494298, "7": 0.023910340173482533, "xp": 0.07813563889751905}, "ubuntu": {"14.04": 0.03758911012086986, "18.04": 0.06283087891989995, "20.04": 0.021540778595667495, "16.04": 0.07019316113923595, "12.04": 0.03871174772085847}, "freebsd": {"12": 0.05412199067435269, "10": 0.03883575919643949, "11": 0.03192368627313075, "9": 0.04250470682698021, "13": 0.023058161902161686, "8": 0.028060865977987983}, "centos": {"8": 0.03667858412108759, "5": 0.052168888182758326, "4": 0.07124337812907174, "7": 0.03583832835821531, "6": 0.057520694145433364, "3": 0.10162480092007564}}, "OS Types In Initial Network": {"windows 8.1": 17, "ubuntu 14.04": 9, "freebsd 12": 11, "centos 8": 18, "windows vista": 3, "ubuntu 18.04": 14, "freebsd 10": 9, "ubuntu 20.04": 10, "centos 5": 11, "freebsd 11": 10, "windows 10": 9, "freebsd 9": 2, "freebsd 13": 14, "centos 4": 5, "centos 7": 15, "centos 6": 14, "centos 3": 3, "windows 8": 10, "windows 7": 7, "ubuntu 16.04": 4, "ubuntu 12.04": 2, "freebsd 8": 1, "windows xp": 2}, "Initial Hosts Without Vulnerabilities": 43, "Host Compromises": {"record name": "Host Compromises", "x": [1500, 1556, 4973, 5640, 7803, 9466, 11637, 12488, 17001, 17099, 20261, 21692, 24095, 24642, 26550, 27901, 31969, 33499, 41439, 47907, 66609, 74376, 78016, 78734, 82924, 87825, 91169, 91931, 104310, 108701, 110535, 121740, 127723, 151314, 152416, 152554, 152733, 167878, 171868, 185519, 188184, 198664, 198860, 201087, 204304, 205390, 205594, 206639, 212290, 243365, 244391], "y": [8, 9, 21, 24, 34, 41, 48, 54, 87, 82, 6, 13, 18, 19, 80, 22, 33, 38, 90, 1, 79, 50, 120, 63, 57, 108, 155, 147, 111, 52, 76, 106, 98, 118, 84, 121, 69, 77, 104, 83, 119, 88, 92, 117, 103, 58, 101, 51, 126, 62, 112], "cumulative y": [1, 2, 3, 4, 5, 6, 7, 8, 9, 10, 11, 12, 13, 14, 15, 16, 17, 18, 19, 20, 21, 22, 23, 24, 25, 26, 27, 28, 29, 30, 31, 32, 33, 34, 35, 36, 37, 38, 39, 40, 41, 42, 43, 44, 45, 46, 47, 48, 49, 50, 51], "total events": 51, "not exposed x": [12488, 17001, 17099, 26550, 41439, 66609, 74376, 78016, 78734, 82924, 87825, 91169, 91931, 104310, 108701, 110535, 121740, 127723, 151314, 152416, 152554, 152733, 167878, 171868, 185519, 188184, 198664, 198860, 201087, 204304, 205390, 205594, 206639, 212290, 243365, 244391], "not exposed y": [54, 87, 82, 80, 90, 79, 50, 120, 63, 57, 108, 155, 147, 111, 52, 76, 106, 98, 118, 84, 121, 69, 77, 104, 83, 119, 88, 92, 117, 103, 58, 101, 51, 126, 62, 112], "cumulative not exposed y": [1, 2, 3, 4, 5, 6, 7, 8, 9, 10, 11, 12, 13, 14, 15, 16, 17, 18, 19, 20, 21, 22, 23, 24, 25, 26, 27, 28, 29, 30, 31, 32, 33, 34, 35, 36], "total not exposed events": 36}, "Vuln Compromises": {"record name": "Vuln Compromises", "x": [1500, 1556, 4973, 5640, 7803, 9466, 11637, 12488, 20261, 24642, 26550, 31969, 33499, 41439, 47907, 66609, 74376, 78016, 78734, 82924, 87825, 91169, 91931, 104310, 108701, 121740, 127723, 152416, 152554, 152733, 167878, 171868, 185519, 188184, 198664, 198860, 201087, 204304, 206639, 212290, 243365], "y": [8, 9, 21, 24, 34, 41, 48, 54, 6, 19, 80, 33, 38, 90, 1, 79, 50, 120, 63, 57, 108, 155, 147, 111, 52, 106, 98, 84, 121, 69, 77, 104, 83, 119, 88, 92, 117, 103, 51, 126, 62], "cumulative y": [1, 2, 3, 4, 5, 6, 7, 8, 9, 10, 11, 12, 13, 14, 15, 16, 17, 18, 19, 20, 21, 22, 23, 24, 25, 26, 27, 28, 29, 30, 31, 32, 33, 34, 35, 36, 37, 38, 39, 40, 41], "total events": 41, "not exposed x": [12488, 26550, 41439, 66609, 74376, 78016, 78734, 82924, 87825, 91169, 91931, 104310, 108701, 121740, 127723, 152416, 152554, 152733, 167878, 171868, 185519, 188184, 198664, 198860, 201087, 204304, 206639, 212290, 243365], "not exposed y": [54, 80, 90, 79, 50, 120, 63, 57, 108, 155, 147, 111, 52, 106, 98, 84, 121, 69, 77, 104, 83, 119, 88, 92, 117, 103, 51, 126, 62], "cumulative not exposed y": [1, 2, 3, 4, 5, 6, 7, 8, 9, 10, 11, 12, 13, 14, 15, 16, 17, 18, 19, 20, 21, 22, 23, 24, 25, 26, 27, 28, 29], "total not exposed events": 29}, "Reuse Password Compromises": {"record name": "Reuse Password Compromises", "x": [17001, 17099, 21692, 24095, 27901, 110535, 151314, 205390, 205594, 244391], "y": [87, 82, 13, 18, 22, 76, 118, 58, 101, 112], "cumulative y": [1, 2, 3, 4, 5, 6, 7, 8, 9, 10], "total events": 10, "not exposed x": [17001, 17099, 110535, 151314, 205390, 205594, 244391], "not exposed y": [87, 82, 76, 118, 58, 101, 112], "cumulative not exposed y": [1, 2, 3, 4, 5, 6, 7], "total not exposed events": 7}, "Password Spray Compromises": {"record name": "Password Spray Compromises", "x": [], "y": [], "cumulative y": [], "total events": 0, "not exposed x": [], "not exposed y": [], "cumulative not exposed y": [], "total not exposed events": 0}, "User Account Leaks": {"record name": "User Account Has Been Leaked By Compromise", "x": [1500, 1500, 1500, 1500, 1500, 1556, 1556, 1556, 1556, 1556, 4973, 4973, 4973, 4973, 4973, 5640, 5640, 5640, 7803, 7803, 7803, 7803, 7803, 9466, 9466, 9466, 11637, 11637, 11637, 11637, 12488, 12488, 12488, 12488, 12488, 17001, 17001, 17001, 17001, 17099, 17099, 17099, 20261, 20261, 20261, 20261, 21692, 21692, 21692, 24095, 24095, 24095, 24095, 24642, 24642, 24642, 26550, 26550, 26550, 27901, 27901, 27901, 31969, 31969, 31969, 31969, 33499, 33499, 41439, 41439, 41439, 41439, 47907, 47907, 47907, 47907, 66609, 66609, 66609, 74376, 74376, 78016, 78016, 78734, 78734, 78734, 82924, 82924, 87825, 87825, 91169, 91931, 91931, 104310, 104310, 104310, 104310, 108701, 108701, 110535, 121740, 121740, 121740, 127723, 127723, 151314, 152416, 152416, 152554, 152554, 152554, 152733, 152733, 167878, 167878, 171868, 185519, 185519, 185519, 188184, 188184, 198664, 198664, 198664, 198860, 198860, 201087, 201087, 204304, 204304, 204304, 205390, 212290, 212290, 212290, 243365], "y": ["Kristel", "Caresse", "Karil", "Jeana", "Christin", "Genna", "Alysa", "Morgen", "Marlane", "Charlot", "Jo-Ann", "Shelba", "Lyda", "Bettina", "Lanette", "Carolynn", "Pennie", "Chris", "Fanni", "Carole", "Sharlene", "Nissy", "Linell", "Nicolina", "Teena", "Jehanna", "Deeyn", "Patty", "Amalie", "Ortensia", "Alyssa", "Karie", "Eugine", "Tyne", "Konstance", "Lisetta", "Yoshiko", "Evonne", "Bell", "Junina", "Shayne", "Klarika", "Tish", "Dacie", "Fan", "Damita", "Louisa", "Cosetta", "Pat", "Rosemaria", "Corly", "Jobina", "Julee", "Therine", "Lotty", "Myrlene", "Maitilde", "Aggie", "Elset", "Zenia", "Muire", "Rebecca", "Aleece", "Bren", "Marne", "Karyn", "Cristy", "Janna", "Kali", "Nolana", "Hildegarde", "Andi", "Anne-Corinne", "Kip", "Bridget", "Reggie", "Ursola", "Lauree", "Chloe", "Anabella", "Hali", "Mira", "Francoise", "Chelsie", "Cynthea", "Karin", "Nikoletta", "Con", "Roze", "Francyne", "Sheba", "Imelda", "Stormie", "Verla", "Michel", "Davita", "Emelita", "Marjy", "Malinde", "Ketti", "Malena", "Manda", "Carlen", "Noelle", "Selestina", "Eddie", "Malorie", "Cody", "Judith", "Salaidh", "Rhona", "Lindie", "Cathi", "Alica", "Jourdan", "Aubrey", "Elisha", "Crystie", "Dasi", "Gael", "Nathalie", "Abigail", "Shaylynn", "Avis", "Lynnet", "Sande", "Heath", "Linn", "Katlin", "Nanon", "Katalin", "Joli", "Lynnett", "Betty", "Caren", "Martica"],