{"Total Initial Vulnerabilities": 595, "Initial Vulns Per OS": {"windows": {"8.1": 48, "7": 17, "vista": 11, "10": 5, "8": 30}, "centos": {"3": 54, "7": 39, "5": 24, "6": 35, "4": 19, "8": 14}, "freebsd": {"10": 52, "12": 15, "8": 9, "11": 35, "9": 23, "13": 4}, "ubuntu": {"18.04": 18, "16.04": 27, "12.04": 17, "14.04": 34, "20.04": 7, "10.04": 58}}, "Average Initial RoA Per OS": {"windows": {"8.1": 0.04875501181382306, "7": 0.10901008524202953, "vista": 0.03421824918959673, "10": 0.03890357020771538, "8": 0.03663957398079411}, "centos": {"3": 0.050443228459354346, "7": 0.06635100902348416, "5": 0.07040295791475316, "6": 0.05918747173130453, "4": 0.0300705892331726, "8": 0.11369798054854317}, "freebsd": {"10": 0.0774127938816154, "12": 0.022048140072988023, "8": 0.07386789551562008, "11": 0.07737486836203272, "9": 0.09158451096494019, "13": 0.21007736699010174}, "ubuntu": {"18.04": 0.02909375966923057, "16.04": 0.05729501589694772, "12.04": 0.06382351622322044, "14.04": 0.05778097013631522, "20.04": 0.0733617633723036, "10.04": 0.0518676930338166}}, "OS Types In Initial Network": {"windows 8.1": 19, "windows 10": 15, "centos 3": 4, "freebsd 10": 13, "centos 8": 12, "ubuntu 18.04": 8, "centos 7": 16, "windows 7": 6, "ubuntu 16.04": 12, "ubuntu 12.04": 4, "ubuntu 14.04": 5, "centos 5": 8, "ubuntu 20.04": 13, "windows vista": 2, "centos 6": 12, "freebsd 12": 8, "windows 8": 10, "freebsd 13": 9, "freebsd 8": 1, "centos 4": 3, "freebsd 11": 11, "ubuntu 10.04": 3, "freebsd 9": 6}, "Initial Hosts Without Vulnerabilities": 47, "Host Compromises": {"record name": "Host Compromises", "x": [941, 1412, 1598, 1656, 2819, 3127, 4747, 9753, 13198, 14905, 15934, 16040, 16524, 17106, 18488, 22211, 24187, 24832, 25985, 26116, 37709, 41598, 47492, 50032, 52968, 57642, 63859, 64004, 64146, 64290, 71339, 90838, 91568, 93853, 95430, 96313, 101693, 129916, 142835, 150985, 154930, 158847, 178845, 190209], "y": [3, 5, 6, 7, 13, 14, 120, 26, 35, 41, 45, 46, 48, 88, 102, 71, 171, 115, 119, 51, 79, 110, 122, 81, 101, 72, 153, 63, 60, 62, 76, 111, 99, 83, 77, 67, 56, 59, 114, 108, 89, 124, 91, 58], "cumulative y": [1, 2, 3, 4, 5, 6, 7, 8, 9, 10, 11, 12, 13, 14, 15, 16, 17, 18, 19, 20, 21, 22, 23, 24, 25, 26, 27, 28, 29, 30, 31, 32, 33, 34, 35, 36, 37, 38, 39, 40, 41, 42, 43, 44], "total events": 44, "not exposed x": [4747, 17106, 18488, 22211, 24187, 24832, 25985, 26116, 37709, 41598, 47492, 50032, 52968, 57642, 63859, 64004, 64146, 64290, 71339, 90838, 91568, 93853, 95430, 96313, 101693, 129916, 142835, 150985, 154930, 158847, 178845, 190209], "not exposed y": [120, 88, 102, 71, 171, 115, 119, 51, 79, 110, 122, 81, 101, 72, 153, 63, 60, 62, 76, 111, 99, 83, 77, 67, 56, 59, 114, 108, 89, 124, 91, 58], "cumulative not exposed y": [1, 2, 3, 4, 5, 6, 7, 8, 9, 10, 11, 12, 13, 14, 15, 16, 17, 18, 19, 20, 21, 22, 23, 24, 25, 26, 27, 28, 29, 30, 31, 32], "total not exposed events": 32}, "Vuln Compromises": {"record name": "Vuln Compromises", "x": [941, 1412, 1598, 1656, 3127, 4747, 9753, 13198, 14905, 16040, 16524, 17106, 18488, 24187, 24832, 25985, 47492, 52968, 57642, 71339, 96313, 101693, 142835, 150985, 158847, 178845], "y": [3, 5, 6, 7, 14, 120, 26, 35, 41, 46, 48, 88, 102, 171, 115, 119, 122, 101, 72, 76, 67, 56, 114, 108, 124, 91], "cumulative y": [1, 2, 3, 4, 5, 6, 7, 8, 9, 10, 11, 12, 13, 14, 15, 16, 17, 18, 19, 20, 21, 22, 23, 24, 25, 26], "total events": 26, "not exposed x": [4747, 17106, 18488, 24187, 24832, 25985, 47492, 52968, 57642, 71339, 96313, 101693, 142835, 150985, 158847, 178845], "not exposed y": [120, 88, 102, 171, 115, 119, 122, 101, 72, 76, 67, 56, 114, 108, 124, 91], "cumulative not exposed y": [1, 2, 3, 4, 5, 6, 7, 8, 9, 10, 11, 12, 13, 14, 15, 16], "total not exposed events": 16}, "Reuse Password Compromises": {"record name": "Reuse Password Compromises", "x": [2819, 15934, 22211, 26116, 37709, 41598, 50032, 63859, 64004, 64146, 64290, 90838, 93853, 95430, 129916, 154930, 190209], "y": [13, 45, 71, 51, 79, 110, 81, 153, 63, 60, 62, 111, 83, 77, 59, 89, 58], "cumulative y": [1, 2, 3, 4, 5, 6, 7, 8, 9, 10, 11, 12, 13, 14, 15, 16, 17], "total events": 17, "not exposed x": [22211, 26116, 37709, 41598, 50032, 63859, 64004, 64146, 64290, 90838, 93853, 95430, 129916, 154930, 190209], "not exposed y": [71, 51, 79, 110, 81, 153, 63, 60, 62, 111, 83, 77, 59, 89, 58], "cumulative not exposed y": [1, 2, 3, 4, 5, 6, 7, 8, 9, 10, 11, 12, 13, 14, 15], "total not exposed events": 15}, "Password Spray Compromises": {"record name": "Password Spray Compromises", "x": [91568], "y": [99], "cumulative y": [1], "total events": 1, "not exposed x": [91568], "not exposed y": [99], "cumulative not exposed y": [1], "total not exposed events": 1}, "User Account Leaks": {"record name": "User Account Has Been Leaked By Compromise", "x": [941, 941, 941, 941, 941, 1412, 1412, 1412, 1412, 1412, 1598, 1598, 1598, 1598, 1598, 1656, 1656, 1656, 1656, 1656, 2819, 2819, 3127, 3127, 3127, 3127, 3127, 4747, 4747, 4747, 4747, 4747, 9753, 9753, 9753, 9753, 9753, 13198, 13198, 13198, 13198, 14905, 14905, 14905, 14905, 15934, 15934, 15934, 16040, 16040, 16040, 16040, 16524, 16524, 16524, 16524, 16524, 17106, 17106, 17106, 17106, 18488, 18488, 18488, 18488, 18488, 22211, 22211, 24187, 24187, 24832, 24832, 24832, 25985, 25985, 26116, 26116, 26116, 37709, 37709, 41598, 41598, 41598, 47492, 47492, 47492, 50032, 52968, 52968, 52968, 52968, 57642, 57642, 64004, 64004, 64004, 64146, 64146, 64290, 64290, 64290, 71339, 71339, 71339, 90838, 90838, 90838, 91568, 91568, 93853, 95430, 96313, 101693, 101693, 101693, 129916, 142835, 142835, 150985, 150985, 154930, 158847, 158847, 158847, 178845, 178845, 178845], "y": ["Martica", "Clotilda", "Agatha", "Arlee", "Honoria", "Gabi", "Dael", "Lynette", "Angelia", "Tiffany", "Henryetta", "Sherline", "Aloisia", "Felisha", "Lurlene", "Denyse", "Rivkah", "Shellie", "Danyette", "Jacinta", "Marie", "Mona", "Farica", "Traci", "Gwyneth", "Bevvy", "Jo-Anne", "Athene", "Karyl", "Ora", "Benedikta", "Raphaela", "Anthe", "Tawnya", "Gavrielle", "Chrystal", "Laura", "Sheila-Kathryn", "Stephi", "Georgeta", "Giana", "Kathleen", "Cindie", "Anastasie", "Grier", "Leontyne", "Milli", "Amelie", "Deloria", "Elvina", "Nikolia", "Cristine", "Anneliese", "Hinda", "Janeta", "Priscella", "Delly", "Lorrayne", "Dode", "Maudie", "Binny", "Maye", "Francoise", "Eloise", "Tabatha", "Lyndy", "Ammamaria", "Raina", "Alix", "Del", "Juliette", "Arlinda", "Phyllis", "Ginnie", "Carley", "Hally", "Cyndy", "June", "Carmelle", "Jolyn", "Amargo", "Linea", "Ailyn", "Leonanie", "Simone", "Ulrike", "Cristionna", "Danna", "Dasi", "Alysa", "Esmaria", "Meara", "Estella", "Susana", "Morena", "Olympia", "Petronille", "Lexis", "Mitzi", "Rozina", "Pegeen", "Gwyn", "Bernete", "Merline", "Nady", "Benedicta", "Constancia", "Beverly", "Melisse", "Lorelei", "Rhianna", "Rozanna", "Felecia", "Onida", "Jeanine", "Rennie", "Sal", "Priscilla", "Marcellina", "Saraann", "Steffane", "Blancha", "Merrili", "Manon", "Tanitansy", "Maryanne", "Ursuline"], "cumulative y": [1, 2, 3, 4, 5, 6, 7, 8, 9, 10, 11, 12, 13, 14, 15, 16, 17, 18, 19, 20, 21, 22, 23, 24, 25, 26, 27, 28, 29, 30, 31, 32, 33, 34, 35, 36, 37, 38, 39, 40, 41, 42, 43, 44, 45, 46, 47, 48, 49, 50, 51, 52, 53, 54, 55, 56, 57, 58, 59, 60, 61, 62, 63, 64, 65, 66, 67, 68, 69, 70, 71, 72, 73, 74, 75, 76, 77, 78, 79, 80, 81, 82, 83, 84, 85, 86, 87, 88, 89, 90, 91, 92, 93, 94, 95, 96, 97, 98, 99, 100, 101, 102, 103, 104, 105, 106, 107, 108, 109, 110, 111, 112, 113, 114, 115, 116, 117, 118, 119, 120, 121, 122, 123, 124, 125, 126, 127], "total events": 127}, "Vulnerabilities Exploited": {"record name": "Vulnerabilities Exploited",