{"Total Initial Vulnerabilities": 509, "Initial Vulns Per OS": {"windows": {"7": 40, "8": 34, "10": 12, "8.1": 11, "xp": 46, "vista": 20}, "ubuntu": {"12.04": 36, "20.04": 17, "14.04": 15, "16.04": 33, "18.04": 23}, "centos": {"7": 10, "5": 35, "4": 17, "6": 9, "8": 14}, "freebsd": {"12": 9, "10": 31, "13": 12, "11": 42, "9": 27, "8": 16}}, "Average Initial RoA Per OS": {"windows": {"7": 0.05636587462090522, "8": 0.0370503381406913, "10": 0.046708638447257866, "8.1": 0.027841144466954237, "xp": 0.0639866751882697, "vista": 0.06440248457776955}, "ubuntu": {"12.04": 0.03797811764662277, "20.04": 0.060778761897572156, "14.04": 0.03909778862100319, "16.04": 0.045953738886131246, "18.04": 0.04513552445585629}, "centos": {"7": 0.023827506566235578, "5": 0.04849050666093298, "4": 0.04000810071755671, "6": 0.028544701919901463, "8": 0.03315800680024731}, "freebsd": {"12": 0.013524962705917154, "10": 0.04898007780871376, "13": 0.05581371046207001, "11": 0.027576937815310443, "9": 0.024693852047274405, "8": 0.06294162779587237}}, "OS Types In Initial Network": {"windows 7": 10, "ubuntu 12.04": 6, "centos 7": 9, "ubuntu 20.04": 18, "freebsd 12": 9, "centos 5": 5, "ubuntu 14.04": 5, "windows 10": 21, "centos 4": 4, "freebsd 10": 6, "windows 8": 12, "centos 8": 18, "ubuntu 16.04": 10, "ubuntu 18.04": 11, "freebsd 9": 7, "windows 8.1": 9, "freebsd 13": 17, "freebsd 11": 14, "centos 6": 4, "windows xp": 1, "windows vista": 3, "freebsd 8": 1}, "Initial Hosts Without Vulnerabilities": 67, "Host Compromises": {"record name": "Host Compromises", "x": [1006, 3420, 5627, 6556, 8516, 9745, 12622, 15068, 17344, 22782, 44482, 46941, 49008, 51193, 54242, 59332, 63452, 63584, 79204, 79464, 81291, 81443, 82613, 89507, 89649, 95458, 98622, 103169, 103333, 110461, 115536, 116396, 127266, 129492, 140668, 147416, 156542, 168891, 183964, 200565, 238571], "y": [2, 15, 91, 96, 197, 116, 151, 148, 133, 188, 72, 98, 188, 125, 52, 159, 93, 97, 68, 51, 133, 116, 60, 93, 92, 87, 58, 99, 140, 121, 116, 96, 50, 147, 121, 84, 146, 113, 51, 73, 72], "cumulative y": [1, 2, 3, 4, 5, 6, 7, 8, 9, 10, 11, 12, 13, 14, 15, 16, 17, 18, 19, 20, 21, 22, 23, 24, 25, 26, 27, 28, 29, 30, 31, 32, 33, 34, 35, 36, 37, 38, 39, 40, 41], "total events": 41, "not exposed x": [5627, 6556, 8516, 9745, 12622, 15068, 17344, 22782, 44482, 46941, 49008, 51193, 54242, 59332, 63452, 63584, 79204, 79464, 81291, 81443, 82613, 89507, 89649, 95458, 98622, 103169, 103333, 110461, 115536, 116396, 127266, 129492, 140668, 147416, 156542, 168891, 183964, 200565, 238571], "not exposed y": [91, 96, 197, 116, 151, 148, 133, 188, 72, 98, 188, 125, 52, 159, 93, 97, 68, 51, 133, 116, 60, 93, 92, 87, 58, 99, 140, 121, 116, 96, 50, 147, 121, 84, 146, 113, 51, 73, 72], "cumulative not exposed y": [1, 2, 3, 4, 5, 6, 7, 8, 9, 10, 11, 12, 13, 14, 15, 16, 17, 18, 19, 20, 21, 22, 23, 24, 25, 26, 27, 28, 29, 30, 31, 32, 33, 34, 35, 36, 37, 38, 39], "total not exposed events": 39}, "Vuln Compromises": {"record name": "Vuln Compromises", "x": [1006, 3420, 6556, 8516, 12622, 15068, 22782, 44482, 51193, 63584, 79464, 110461, 116396, 129492, 168891, 183964], "y": [2, 15, 96, 197, 151, 148, 188, 72, 125, 97, 51, 121, 96, 147, 113, 51], "cumulative y": [1, 2, 3, 4, 5, 6, 7, 8, 9, 10, 11, 12, 13, 14, 15, 16], "total events": 16, "not exposed x": [6556, 8516, 12622, 15068, 22782, 44482, 51193, 63584, 79464, 110461, 116396, 129492, 168891, 183964], "not exposed y": [96, 197, 151, 148, 188, 72, 125, 97, 51, 121, 96, 147, 113, 51], "cumulative not exposed y": [1, 2, 3, 4, 5, 6, 7, 8, 9, 10, 11, 12, 13, 14], "total not exposed events": 14}, "Reuse Password Compromises": {"record name": "Reuse Password Compromises", "x": [5627, 17344, 46941, 54242, 59332, 63452, 79204, 81291, 81443, 82613, 89507, 89649, 95458, 98622, 103169, 103333, 115536, 127266, 140668, 147416, 156542, 200565, 238571], "y": [91, 133, 98, 52, 159, 93, 68, 133, 116, 60, 93, 92, 87, 58, 99, 140, 116, 50, 121, 84, 146, 73, 72], "cumulative y": [1, 2, 3, 4, 5, 6, 7, 8, 9, 10, 11, 12, 13, 14, 15, 16, 17, 18, 19, 20, 21, 22, 23], "total events": 23, "not exposed x": [5627, 17344, 46941, 54242, 59332, 63452, 79204, 81291, 81443, 82613, 89507, 89649, 95458, 98622, 103169, 103333, 115536, 127266, 140668, 147416, 156542, 200565, 238571], "not exposed y": [91, 133, 98, 52, 159, 93, 68, 133, 116, 60, 93, 92, 87, 58, 99, 140, 116, 50, 121, 84, 146, 73, 72], "cumulative not exposed y": [1, 2, 3, 4, 5, 6, 7, 8, 9, 10, 11, 12, 13, 14, 15, 16, 17, 18, 19, 20, 21, 22, 23], "total not exposed events": 23}, "Password Spray Compromises": {"record name": "Password Spray Compromises", "x": [9745, 49008], "y": [116, 188], "cumulative y": [1, 2], "total events": 2, "not exposed x": [9745, 49008], "not exposed y": [116, 188], "cumulative not exposed y": [1, 2], "total not exposed events": 2}, "User Account Leaks": {"record name": "User Account Has Been Leaked By Compromise", "x": [1006, 1006, 1006, 1006, 1006, 3420, 3420, 3420, 5627, 5627, 5627, 5627, 6556, 6556, 6556, 6556, 6556, 8516, 8516, 8516, 8516, 8516, 9745, 9745, 12622, 12622, 12622, 12622, 15068, 15068, 15068, 15068, 15068, 17344, 17344, 17344, 17344, 22782, 22782, 22782, 22782, 44482, 44482, 44482, 44482, 46941, 46941, 46941, 49008, 49008, 49008, 51193, 51193, 51193, 51193, 51193, 54242, 54242, 54242, 59332, 59332, 59332, 63452, 63452, 63452, 63584, 63584, 63584, 63584, 63584, 79204, 79204, 79204, 79464, 81291, 81291, 81291, 81443, 81443, 82613, 82613, 82613, 89507, 89507, 89507, 89649, 89649, 95458, 95458, 95458, 98622, 98622, 98622, 103169, 103333, 103333, 103333, 103333, 110461, 110461, 116396, 116396, 127266, 127266, 129492, 129492, 140668, 140668, 140668, 147416, 147416, 147416, 156542, 156542, 168891, 168891, 168891, 168891, 183964, 238571, 238571], "y": ["Lila", "Ardelis", "Goldi", "Coral", "Leigha", "Anya", "Pansy", "Tish", "Gaynor", "Pandora", "Goldarina", "Donnamarie", "Mandi", "Gayleen", "Anetta", "Lillian", "Alysa", "Tobye", "Kirsten", "Corabella", "Donia", "Kiersten", "Maritsa", "Conchita", "Fanchette", "Jazmin", "Elita", "Evaleen", "Bonita", "Jobye", "Teressa", "Chandra", "Jocelin", "Twyla", "Odelinda", "Theodora", "Elenore", "Judy", "Sarajane", "Alvina", "Bernete", "Cass", "Shir", "Mora", "Evie", "Elie", "Leesa", "Daphna", "Adriaens", "Gretal", "Selena", "Lin", "Evy", "Lurleen", "Leshia", "Juline", "Libbie", "Arabela", "Bonnee", "Antonina", "Phyllida", "Coretta", "Orsa", "Tressa", "Dani", "Gerhardine", "Minetta", "Carline", "Aveline", "Karola", "Nanice", "Anett", "Sacha", "Malynda", "Felecia", "Kylen", "Aloisia", "Nevsa", "Dix", "Maxi", "Noelani", "Cami", "Ashli", "Ilsa", "Siana", "Dee Dee", "Nicoline", "Stephenie", "Latrena", "Leola", "Kesley", "Patrice", "Meris", "Stephanie", "Loren", "Tildy", "Devin", "Pearl", "Saidee", "Gunilla", "Francesca", "Hollie", "Auberta", "Rodina", "Darbie", "Vita", "Hanni", "Georgena", "Dulci", "Erminia", "Loise", "Erda", "Sisely", "Sharon", "Caitrin", "Dalila", "Mabelle", "Tandy", "Tabbi", "Filide", "Bethanne"], "cumulative y": [1, 2, 3, 4, 5, 6, 7, 8, 9, 10, 11, 12, 13, 14, 15, 16, 17, 18, 19, 20, 21, 22, 23, 24, 25, 26, 27, 28, 29, 30, 31, 32, 33, 34, 35, 36, 37, 38, 39, 40, 41, 42, 43, 44, 45, 46, 47, 48, 49, 50, 51, 52, 53, 54, 55, 56, 57, 58, 59, 60, 61, 62, 63, 64, 65, 66, 67, 68, 69, 70, 71, 72, 73, 74, 75, 76, 77, 78, 79, 80, 81, 82, 83, 84, 85, 86, 87, 88, 89, 90, 91, 92, 93, 94, 95, 96, 97, 98, 99, 100, 101, 102, 103, 104, 105, 106, 107, 108, 109, 110, 111, 112, 113, 114, 115, 116, 117, 118, 119, 120, 121], "total events": 121}, "Vulnerabilities Exploited": {"record name": "Vulnerabilities Exploited",