{"Total Initial Vulnerabilities": 603, "Initial Vulns Per OS": {"freebsd": {"13": 25, "9": 35, "10": 36, "12": 17, "8": 27, "11": 5}, "ubuntu": {"12.04": 49, "14.04": 30, "18.04": 37, "10.04": 21, "20.04": 7, "16.04": 21}, "centos": {"4": 39, "6": 21, "8": 25, "7": 27, "5": 20}, "windows": {"8": 20, "vista": 22, "10": 17, "7": 31, "8.1": 21, "xp": 50}}, "Average Initial RoA Per OS": {"freebsd": {"13": 0.021857015353723724, "9": 0.06158954007062178, "10": 0.11701323043809414, "12": 0.04019690398511857, "8": 0.04070683437244279, "11": 0.0068759067902183805}, "ubuntu": {"12.04": 0.09007681023960179, "14.04": 0.08344186514349793, "18.04": 0.058250252660810964, "10.04": 0.0660488976883774, "20.04": 0.03465988088596067, "16.04": 0.030152651583521435}, "centos": {"4": 0.08905620306277769, "6": 0.02504869329449757, "8": 0.028496242247560432, "7": 0.0446757855881904, "5": 0.07450779209852068}, "windows": {"8": 0.05008359818832571, "vista": 0.1024101379819986, "10": 0.029465558227696052, "7": 0.09792092722697138, "8.1": 0.023068989414650735, "xp": 0.06134087494985438}}, "OS Types In Initial Network": {"freebsd 13": 20, "freebsd 9": 7, "ubuntu 12.04": 8, "centos 4": 5, "freebsd 10": 7, "centos 6": 8, "centos 8": 22, "windows 8": 6, "ubuntu 14.04": 7, "windows vista": 5, "windows 7": 8, "centos 7": 16, "freebsd 12": 11, "ubuntu 18.04": 17, "centos 5": 9, "windows 10": 14, "ubuntu 10.04": 1, "ubuntu 20.04": 6, "windows 8.1": 9, "freebsd 8": 2, "ubuntu 16.04": 5, "freebsd 11": 6, "windows xp": 1}, "Initial Hosts Without Vulnerabilities": 41, "Host Compromises": {"record name": "Host Compromises", "x": [1180, 2809, 3587, 4227, 6050, 6432, 9202, 10299, 12043, 14168, 15518, 15721, 32167, 37765, 42635, 44090, 44295, 51136, 56033, 58705, 59360, 60595, 65376, 69726, 70199, 70924, 73424, 73554, 79107, 80059, 80913, 81099, 82921, 85410, 86261, 86455, 86626, 107938, 118275, 149756, 158865, 171611, 174881, 175046, 178764, 180781, 182015, 191437, 213880, 240652], "y": [2, 8, 10, 14, 22, 23, 34, 35, 41, 64, 129, 106, 108, 110, 67, 104, 61, 69, 162, 90, 60, 151, 91, 59, 109, 121, 70, 153, 50, 52, 192, 71, 76, 157, 80, 78, 75, 122, 154, 77, 63, 79, 105, 99, 103, 146, 143, 107, 68, 112], "cumulative y": [1, 2, 3, 4, 5, 6, 7, 8, 9, 10, 11, 12, 13, 14, 15, 16, 17, 18, 19, 20, 21, 22, 23, 24, 25, 26, 27, 28, 29, 30, 31, 32, 33, 34, 35, 36, 37, 38, 39, 40, 41, 42, 43, 44, 45, 46, 47, 48, 49, 50], "total events": 50, "not exposed x": [14168, 15518, 15721, 32167, 37765, 42635, 44090, 44295, 51136, 56033, 58705, 59360, 60595, 65376, 69726, 70199, 70924, 73424, 73554, 79107, 80059, 80913, 81099, 82921, 85410, 86261, 86455, 86626, 107938, 118275, 149756, 158865, 171611, 174881, 175046, 178764, 180781, 182015, 191437, 213880, 240652], "not exposed y": [64, 129, 106, 108, 110, 67, 104, 61, 69, 162, 90, 60, 151, 91, 59, 109, 121, 70, 153, 50, 52, 192, 71, 76, 157, 80, 78, 75, 122, 154, 77, 63, 79, 105, 99, 103, 146, 143, 107, 68, 112], "cumulative not exposed y": [1, 2, 3, 4, 5, 6, 7, 8, 9, 10, 11, 12, 13, 14, 15, 16, 17, 18, 19, 20, 21, 22, 23, 24, 25, 26, 27, 28, 29, 30, 31, 32, 33, 34, 35, 36, 37, 38, 39, 40, 41], "total not exposed events": 41}, "Vuln Compromises": {"record name": "Vuln Compromises", "x": [1180, 2809, 3587, 6432, 10299, 12043, 14168, 15518, 15721, 32167, 37765, 42635, 44090, 44295, 51136, 56033, 58705, 59360, 60595, 69726, 70199, 70924, 73424, 73554, 79107, 80059, 81099, 85410, 86455, 118275, 149756, 171611, 178764, 180781, 182015, 191437, 240652], "y": [2, 8, 10, 23, 35, 41, 64, 129, 106, 108, 110, 67, 104, 61, 69, 162, 90, 60, 151, 59, 109, 121, 70, 153, 50, 52, 71, 157, 78, 154, 77, 79, 103, 146, 143, 107, 112], "cumulative y": [1, 2, 3, 4, 5, 6, 7, 8, 9, 10, 11, 12, 13, 14, 15, 16, 17, 18, 19, 20, 21, 22, 23, 24, 25, 26, 27, 28, 29, 30, 31, 32, 33, 34, 35, 36, 37], "total events": 37, "not exposed x": [14168, 15518, 15721, 32167, 37765, 42635, 44090, 44295, 51136, 56033, 58705, 59360, 60595, 69726, 70199, 70924, 73424, 73554, 79107, 80059, 81099, 85410, 86455, 118275, 149756, 171611, 178764, 180781, 182015, 191437, 240652], "not exposed y": [64, 129, 106, 108, 110, 67, 104, 61, 69, 162, 90, 60, 151, 59, 109, 121, 70, 153, 50, 52, 71, 157, 78, 154, 77, 79, 103, 146, 143, 107, 112], "cumulative not exposed y": [1, 2, 3, 4, 5, 6, 7, 8, 9, 10, 11, 12, 13, 14, 15, 16, 17, 18, 19, 20, 21, 22, 23, 24, 25, 26, 27, 28, 29, 30, 31], "total not exposed events": 31}, "Reuse Password Compromises": {"record name": "Reuse Password Compromises", "x": [4227, 6050, 9202, 65376, 80913, 82921, 86261, 86626, 107938, 174881, 175046, 213880], "y": [14, 22, 34, 91, 192, 76, 80, 75, 122, 105, 99, 68], "cumulative y": [1, 2, 3, 4, 5, 6, 7, 8, 9, 10, 11, 12], "total events": 12, "not exposed x": [65376, 80913, 82921, 86261, 86626, 107938, 174881, 175046, 213880], "not exposed y": [91, 192, 76, 80, 75, 122, 105, 99, 68], "cumulative not exposed y": [1, 2, 3, 4, 5, 6, 7, 8, 9], "total not exposed events": 9}, "Password Spray Compromises": {"record name": "Password Spray Compromises", "x": [158865], "y": [63], "cumulative y": [1], "total events": 1, "not exposed x": [158865], "not exposed y": [63], "cumulative not exposed y": [1], "total not exposed events": 1}, "User Account Leaks": {"record name": "User Account Has Been Leaked By Compromise", "x": [1180, 1180, 1180, 1180, 1180, 2809, 2809, 2809, 2809, 2809, 3587, 3587, 3587, 3587, 3587, 4227, 4227, 4227, 4227, 6050, 6050, 6050, 6432, 6432, 6432, 6432, 6432, 9202, 9202, 9202, 9202, 10299, 10299, 10299, 10299, 12043, 12043, 12043, 14168, 14168, 14168, 14168, 14168, 15518, 15518, 15518, 15518, 15721, 15721, 15721, 15721, 15721, 32167, 32167, 32167, 32167, 32167, 37765, 37765, 42635, 42635, 42635, 42635, 44090, 44090, 44295, 44295, 51136, 51136, 51136, 56033, 56033, 56033, 56033, 58705, 58705, 58705, 59360, 59360, 65376, 69726, 69726, 70199, 70199, 70199, 70199, 70199, 70924, 73424, 73424, 73424, 73554, 73554, 73554, 73554, 79107, 79107, 79107, 80059, 80913, 81099, 81099, 81099, 82921, 85410, 85410, 85410, 85410, 86261, 86261, 86455, 86455, 86626, 86626, 107938, 107938, 118275, 149756, 158865, 171611, 171611, 171611, 171611, 174881, 178764, 178764, 178764, 178764, 180781, 180781, 180781, 182015, 182015, 182015, 191437, 240652, 240652, 240652], "y": ["Bamby", "Jere", "Darlleen", "Sharline", "Amity", "Angelica", "Giana", "Becky", "Fredi", "Corina", "Willyt", "Debora", "Issie", "Joyann", "Juliane", "Cathrin", "Tracee", "Rosamund", "Cyb", "Rozalin", "Brandise", "Jeri", "Wilone", "Norine", "Tiffanie", "Carmencita", "Alleen", "Emmeline", "Elvina", "Agnese", "Lenka", "Ashil", "Maryjane", "Christen", "Bevvy", "Bee", "Lory", "Nancee", "Suzann", "Mela", "Brittaney", "Julissa", "Juditha", "Katuscha", "Kelcy", "Robinia", "Karee", "Tory", "Florette", "Allx", "Lani", "Francyne", "Sammy", "Leora", "Elle", "Leigha", "Wilie", "Calla", "Willie", "Starla", "Denyse", "Theodosia", "Hatti", "Faythe", "Filide", "Nelia", "Orelia", "Elset", "Renate", "Reina", "Florencia", "Arlina", "Rena", "Aura", "Ethelda", "Nissy", "Rosella", "Elfie", "Mariele", "Doralyn", "Noreen", "Stephenie", "Abagael", "Alexandrina", "Ines", "Deborah", "Brenna", "Gussi", "Maddalena", "Etti", "Dina", "Consuelo", "Inge", "Shannon", "Allegra", "Tiphany", "Zorah", "Jolynn", "Della", "Lindi", "Andree", "Annabela", "Jordanna", "Claudine", "Alyda", "Willabella", "Dagmar", "Adaline", "Shirline", "Lorna", "Nita", "Elyn", "Caitlin", "Verine", "Kirbie", "Emelita", "Bibby", "Loralyn", "Celestia", "Loralie", "Bekki", "Shelia", "Cherlyn", "Berte", "Dorey", "Harmonie", "Susanne", "Tarah", "Trixy", "Cassondra", "Abbie", "Michell", "Vivienne", "Brett", "Kessiah", "Myrle", "Fredra", "Clair"],