{"Total Initial Vulnerabilities": 637, "Initial Vulns Per OS": {"ubuntu": {"14.04": 44, "18.04": 39, "20.04": 17, "16.04": 62, "12.04": 3}, "windows": {"8": 46, "8.1": 31, "10": 15, "7": 45, "xp": 63, "vista": 1}, "freebsd": {"11": 27, "8": 85, "12": 28, "9": 15, "13": 5, "10": 21}, "centos": {"4": 28, "6": 28, "7": 19, "8": 8, "5": 7}}, "Average Initial RoA Per OS": {"ubuntu": {"14.04": 0.04340033559789138, "18.04": 0.04595349856861671, "20.04": 0.14003208482542479, "16.04": 0.05639716759880888, "12.04": 0.0015697266956079365}, "windows": {"8": 0.061514995105813035, "8.1": 0.07452747425638546, "10": 0.1165689338389487, "7": 0.057095355522825346, "xp": 0.059317047224043906, "vista": 0.0014177624060021756}, "freebsd": {"11": 0.04385312157245494, "8": 0.05775028052721872, "12": 0.057080910606160176, "9": 0.09653030259128699, "13": 0.13792049115558278, "10": 0.0711193057661953}, "centos": {"4": 0.16112436667230345, "6": 0.0906858735960669, "7": 0.09605038096871514, "8": 0.13614595975485977, "5": 0.057843419468150636}}, "OS Types In Initial Network": {"ubuntu 14.04": 12, "centos 7": 9, "windows 8": 15, "freebsd 13": 7, "ubuntu 18.04": 14, "freebsd 11": 9, "windows 8.1": 12, "freebsd 8": 4, "freebsd 12": 21, "ubuntu 20.04": 10, "freebsd 9": 2, "centos 4": 5, "windows 10": 15, "windows 7": 12, "centos 6": 10, "windows xp": 4, "freebsd 10": 10, "centos 5": 4, "centos 8": 9, "ubuntu 16.04": 13, "ubuntu 12.04": 2, "windows vista": 1}, "Initial Hosts Without Vulnerabilities": 38, "Host Compromises": {"record name": "Host Compromises", "x": [3877, 5196, 5249, 12449, 12708, 13179, 25337, 26059, 26899, 28416, 28831, 28942, 29952, 38313, 40885, 44959, 49693, 50799, 50896, 56877, 59584, 60224, 112135, 118803, 120352, 122227, 124741, 124868, 134091, 144201, 149104, 161790, 189969, 191512, 206722, 224390], "y": [17, 26, 27, 6, 77, 83, 19, 22, 25, 28, 30, 31, 35, 138, 80, 141, 74, 65, 63, 4, 10, 12, 180, 3, 8, 13, 20, 21, 42, 53, 120, 51, 121, 139, 56, 61], "cumulative y": [1, 2, 3, 4, 5, 6, 7, 8, 9, 10, 11, 12, 13, 14, 15, 16, 17, 18, 19, 20, 21, 22, 23, 24, 25, 26, 27, 28, 29, 30, 31, 32, 33, 34, 35, 36], "total events": 36, "not exposed x": [12708, 13179, 38313, 40885, 44959, 49693, 50799, 50896, 112135, 144201, 149104, 161790, 189969, 191512, 206722, 224390], "not exposed y": [77, 83, 138, 80, 141, 74, 65, 63, 180, 53, 120, 51, 121, 139, 56, 61], "cumulative not exposed y": [1, 2, 3, 4, 5, 6, 7, 8, 9, 10, 11, 12, 13, 14, 15, 16], "total not exposed events": 16}, "Vuln Compromises": {"record name": "Vuln Compromises", "x": [3877, 5196, 5249, 12449, 12708, 13179, 25337, 28416, 28831, 28942, 38313, 44959, 50799, 59584, 60224, 112135, 118803, 120352, 124868, 134091, 144201, 161790, 189969, 206722, 224390], "y": [17, 26, 27, 6, 77, 83, 19, 28, 30, 31, 138, 141, 65, 10, 12, 180, 3, 8, 21, 42, 53, 51, 121, 56, 61], "cumulative y": [1, 2, 3, 4, 5, 6, 7, 8, 9, 10, 11, 12, 13, 14, 15, 16, 17, 18, 19, 20, 21, 22, 23, 24, 25], "total events": 25, "not exposed x": [12708, 13179, 38313, 44959, 50799, 112135, 144201, 161790, 189969, 206722, 224390], "not exposed y": [77, 83, 138, 141, 65, 180, 53, 51, 121, 56, 61], "cumulative not exposed y": [1, 2, 3, 4, 5, 6, 7, 8, 9, 10, 11], "total not exposed events": 11}, "Reuse Password Compromises": {"record name": "Reuse Password Compromises", "x": [26059, 26899, 29952, 40885, 50896, 122227, 124741, 149104, 191512], "y": [22, 25, 35, 80, 63, 13, 20, 120, 139], "cumulative y": [1, 2, 3, 4, 5, 6, 7, 8, 9], "total events": 9, "not exposed x": [40885, 50896, 149104, 191512], "not exposed y": [80, 63, 120, 139], "cumulative not exposed y": [1, 2, 3, 4], "total not exposed events": 4}, "Password Spray Compromises": {"record name": "Password Spray Compromises", "x": [49693, 56877], "y": [74, 4], "cumulative y": [1, 2], "total events": 2, "not exposed x": [49693], "not exposed y": [74], "cumulative not exposed y": [1], "total not exposed events": 1}, "User Account Leaks": {"record name": "User Account Has Been Leaked By Compromise", "x": [3877, 3877, 3877, 3877, 3877, 5196, 5196, 5196, 5196, 5196, 5249, 5249, 5249, 5249, 5249, 12449, 12449, 12449, 12449, 12449, 12708, 12708, 12708, 12708, 12708, 13179, 13179, 13179, 13179, 25337, 25337, 25337, 26059, 26059, 26059, 26059, 26899, 26899, 26899, 26899, 28416, 28416, 28416, 28416, 28831, 28831, 28942, 28942, 29952, 29952, 29952, 38313, 38313, 38313, 38313, 40885, 40885, 40885, 40885, 44959, 44959, 44959, 44959, 44959, 49693, 49693, 49693, 50799, 50799, 50896, 50896, 50896, 56877, 56877, 59584, 59584, 59584, 59584, 59584, 60224, 60224, 112135, 112135, 112135, 118803, 118803, 118803, 118803, 120352, 122227, 122227, 122227, 124741, 124868, 124868, 124868, 134091, 134091, 134091, 134091, 149104, 189969, 189969, 189969, 189969, 191512, 191512, 191512, 206722, 206722, 224390], "y": ["Ninetta", "Nicoli", "Jaquenetta", "Marinna", "Annabelle", "Bren", "Catarina", "Elsey", "Maryrose", "Dulcea", "Rosaline", "Rickie", "Jourdan", "Catie", "Zita", "Cassey", "Rakel", "Arlee", "Abigale", "Mignon", "Myrlene", "Michal", "Karlyn", "Rubie", "Doris", "Adan", "Merissa", "Jonell", "Carri", "Ollie", "Gabriellia", "Lucinda", "Shanna", "Sher", "Leora", "Adara", "Natty", "Celina", "Joannes", "Carie", "Gerladina", "Chantal", "Calli", "Agnesse", "Ashlan", "Carlyn", "Michele", "Marijo", "Suzi", "Karmen", "Valaree", "Leelah", "Saloma", "Bobbye", "Dredi", "Sue", "Nicolette", "Carla", "Lyssa", "Ingunna", "Saundra", "Una", "Korry", "Constanta", "Blakeley", "Estelle", "Sonni", "Ethelin", "Viole", "Rochell", "Gerrie", "Benny", "Mellisa", "Selie", "Honey", "Ophelia", "Leticia", "Elvera", "Maurita", "Tobe", "Christel", "Ingrid", "Ninette", "Gale", "Sapphira", "Moria", "Crysta", "Wilhelmina", "Lib", "Yetty", "Julissa", "Kameko", "Germaine", "Emiline", "Merrielle", "Bel", "Winnie", "Norry", "Chrystel", "Jane", "Angelica", "Lauryn", "Querida", "Krista", "Carolyne", "Lauri", "Leilah", "Susette", "Ynez", "Rosalynd", "Philomena"], "cumulative y": [1, 2, 3, 4, 5, 6, 7, 8, 9, 10, 11, 12, 13, 14, 15, 16, 17, 18, 19, 20, 21, 22, 23, 24, 25, 26, 27, 28, 29, 30, 31, 32, 33, 34, 35, 36, 37, 38, 39, 40, 41, 42, 43, 44, 45, 46, 47, 48, 49, 50, 51, 52, 53, 54, 55, 56, 57, 58, 59, 60, 61, 62, 63, 64, 65, 66, 67, 68, 69, 70, 71, 72, 73, 74, 75, 76, 77, 78, 79, 80, 81, 82, 83, 84, 85, 86, 87, 88, 89, 90, 91, 92, 93, 94, 95, 96, 97, 98, 99, 100, 101, 102, 103, 104, 105, 106, 107, 108, 109, 110, 111], "total events": 111}, "Vulnerabilities Exploited": {"record name": "Vulnerabilities Exploited", "x": [269, 591, 975, 975, 1324, 1324, 1964, 1964, 1964, 1964, 1964, 2090, 2090, 2090, 3060, 3060, 3060, 3060, 3877, 3877, 3877, 3877, 3877, 3877, 3877, 3877, 3877, 3877, 3877, 3877, 3877, 4043, 5051, 5151, 5151, 5249, 5507, 5507, 5983, 5983, 6425, 6425, 7613, 7613, 7858, 7858, 8546, 8893, 10306, 10306, 10306, 10306, 10855, 13571, 13571, 21598, 22508, 22508, 22508, 22508, 22508, 22508, 22508, 22719, 24457, 24678, 25337, 28416, 28942, 28942, 30588, 31049, 35131, 35131, 35131, 35131, 37289, 44959, 44959, 48961, 49840, 51225, 51225, 51225, 51225, 51225, 51744, 59584, 59584, 63093, 68804, 68804, 75968, 78522, 87185, 96568, 107163, 107926, 107926, 107926, 118803, 119529, 119529, 120352, 122980, 122980, 124868, 136142, 136142, 136142, 159208, 181599, 181599, 187885, 189326, 192814, 224390], "cumulative exploited vulns": [1, 2, 3, 4, 5, 6, 7, 8, 9, 10, 11, 12, 13, 14, 15, 16, 17, 18, 19, 20, 21, 22, 23, 24, 25, 26, 27, 28, 29, 30, 31, 32, 33, 34, 35, 36, 37, 38, 39, 40, 41, 42, 43, 44, 45, 46, 47, 48, 49, 50, 51, 52, 53, 54, 55, 56, 57, 58, 59, 60, 61, 62, 63, 64, 65, 66, 67, 68, 69, 70, 71, 72, 73, 74, 75, 76, 77, 78, 79, 80, 81, 82, 83, 84, 85, 86, 87, 88, 89, 90, 91, 92, 93, 94, 95, 96, 97, 98, 99, 100, 101, 102, 103, 104, 105, 106, 107, 108, 109, 110, 111, 112, 113, 114, 115, 116, 117],