{"Total Initial Vulnerabilities": 705, "Initial Vulns Per OS": {"freebsd": {"11": 21, "13": 19, "8": 64, "12": 27, "9": 17, "10": 36}, "centos": {"5": 24, "3": 42, "4": 19, "7": 20, "6": 30, "8": 30}, "ubuntu": {"16.04": 33, "18.04": 20, "10.04": 50, "20.04": 15, "14.04": 24, "12.04": 42}, "windows": {"8": 46, "8.1": 31, "10": 20, "7": 20, "vista": 24, "xp": 31}}, "Average Initial RoA Per OS": {"freebsd": {"11": 0.04156784949302975, "13": 0.04381326339562307, "8": 0.07728327738697556, "12": 0.044988868956494524, "9": 0.16475522311201385, "10": 0.04589378942155823}, "centos": {"5": 0.03028184110023031, "3": 0.058574874925214834, "4": 0.03033039790369835, "7": 0.03599642481241315, "6": 0.05228370447223719, "8": 0.02473228855463625}, "ubuntu": {"16.04": 0.05557808339902522, "18.04": 0.037344058229274, "10.04": 0.04039044124885255, "20.04": 0.022214163299547788, "14.04": 0.04062722098393146, "12.04": 0.06418897996157494}, "windows": {"8": 0.06013633768543062, "8.1": 0.06750757259336031, "10": 0.03384200117858076, "7": 0.15651153123518133, "vista": 0.0675589211634627, "xp": 0.0597507300272926}}, "OS Types In Initial Network": {"freebsd 11": 7, "centos 5": 6, "ubuntu 16.04": 8, "centos 3": 1, "windows 8": 16, "windows 8.1": 17, "centos 8": 17, "ubuntu 18.04": 10, "windows 10": 14, "windows 7": 5, "freebsd 13": 15, "windows vista": 4, "freebsd 8": 2, "centos 4": 3, "ubuntu 10.04": 2, "centos 7": 13, "centos 6": 10, "freebsd 12": 12, "freebsd 9": 4, "ubuntu 20.04": 13, "ubuntu 14.04": 6, "ubuntu 12.04": 5, "windows xp": 1, "freebsd 10": 9}, "Initial Hosts Without Vulnerabilities": 38, "Host Compromises": {"record name": "Host Compromises", "x": [4136, 5188, 6900, 8910, 9557, 11808, 13830, 15917, 19083, 20018, 20211, 21891, 23558, 196335, 210718, 221967], "y": [15, 17, 23, 34, 37, 47, 1, 3, 14, 16, 100, 103, 101, 8, 48, 156], "cumulative y": [1, 2, 3, 4, 5, 6, 7, 8, 9, 10, 11, 12, 13, 14, 15, 16], "total events": 16, "not exposed x": [20211, 21891, 23558, 221967], "not exposed y": [100, 103, 101, 156], "cumulative not exposed y": [1, 2, 3, 4], "total not exposed events": 4}, "Vuln Compromises": {"record name": "Vuln Compromises", "x": [4136, 5188, 6900, 8910, 9557, 11808, 13830, 15917, 19083, 20018, 20211, 21891, 23558, 196335, 210718], "y": [15, 17, 23, 34, 37, 47, 1, 3, 14, 16, 100, 103, 101, 8, 48], "cumulative y": [1, 2, 3, 4, 5, 6, 7, 8, 9, 10, 11, 12, 13, 14, 15], "total events": 15, "not exposed x": [20211, 21891, 23558], "not exposed y": [100, 103, 101], "cumulative not exposed y": [1, 2, 3], "total not exposed events": 3}, "Reuse Password Compromises": {"record name": "Reuse Password Compromises", "x": [], "y": [], "cumulative y": [], "total events": 0, "not exposed x": [], "not exposed y": [], "cumulative not exposed y": [], "total not exposed events": 0}, "Password Spray Compromises": {"record name": "Password Spray Compromises", "x": [221967], "y": [156], "cumulative y": [1], "total events": 1, "not exposed x": [221967], "not exposed y": [156], "cumulative not exposed y": [1], "total not exposed events": 1}, "User Account Leaks": {"record name": "User Account Has Been Leaked By Compromise", "x": [4136, 4136, 4136, 4136, 4136, 5188, 5188, 5188, 5188, 5188, 6900, 6900, 6900, 6900, 6900, 8910, 8910, 8910, 8910, 8910, 9557, 9557, 9557, 9557, 9557, 11808, 11808, 11808, 11808, 11808, 13830, 13830, 13830, 13830, 15917, 15917, 15917, 15917, 19083, 19083, 19083, 20018, 20018, 20018, 20018, 20211, 20211, 20211, 20211, 20211, 21891, 21891, 21891, 21891, 23558, 23558, 23558, 23558, 23558, 196335, 196335, 196335, 210718, 210718], "y": ["Elayne", "Phelia", "Georgeta", "Jasmin", "Marnie", "Sashenka", "Veronika", "Juliet", "Anette", "Ilise", "Elsbeth", "Ladonna", "Sada", "Selia", "Elena", "Gayel", "Garnet", "Cloe", "Fanya", "Verena", "Emogene", "Karissa", "Merci", "Jackquelin", "Afton", "Denise", "Miriam", "Cher", "Kamila", "Sasha", "Kriste", "Geraldine", "Pat", "Lani", "Mimi", "Chelsy", "Carlita", "Maryanne", "Shannon", "Benny", "Lusa", "Calida", "Dominique", "Mirelle", "Sibeal", "Annaliese", "Ashli", "Aviva", "Devina", "Pollyanna", "Nikoletta", "Rosette", "Saloma", "Nancee", "Kizzee", "Brigid", "Celesta", "Hedi", "Georgianne", "Berti", "Lindy", "Ines", "Nanine", "Jenn"], "cumulative y": [1, 2, 3, 4, 5, 6, 7, 8, 9, 10, 11, 12, 13, 14, 15, 16, 17, 18, 19, 20, 21, 22, 23, 24, 25, 26, 27, 28, 29, 30, 31, 32, 33, 34, 35, 36, 37, 38, 39, 40, 41, 42, 43, 44, 45, 46, 47, 48, 49, 50, 51, 52, 53, 54, 55, 56, 57, 58, 59, 60, 61, 62, 63, 64], "total events": 64}, "Vulnerabilities Exploited": {"record name": "Vulnerabilities Exploited", "x": [454, 454, 454, 2223, 2223, 2223, 2223, 2223, 2223, 2223, 2223, 2223, 2223, 2223, 2376, 2629, 2713, 2713, 2713, 3011, 3125, 3125, 3125, 3125, 3442, 3909, 3909, 4136, 4989, 4989, 4989, 4989, 4989, 4989, 4989, 4989, 4989, 5188, 5252, 5580, 5580, 6021, 6900, 6900, 6900, 6900, 6900, 6900, 6981, 6981, 7569, 7569, 7569, 8209, 8209, 8519, 8910, 9557, 9557, 9557, 10090, 10090, 11393, 11808, 12848, 12848, 12848, 12848, 12848, 12848, 12848, 12848, 12848, 12848, 12848, 12848, 12848, 12848, 12848, 13830, 15917, 15917, 15917, 15917, 15917, 15917, 15917, 15917, 15917, 15917, 16023, 17237, 18308, 20018, 20018, 20018, 20018, 20018, 20018, 20211, 21891, 21891, 23717, 24151, 41757, 136040, 194260, 196335, 199396, 199894, 205670, 210718, 210718, 210718, 210718, 210718, 210718, 210819], "cumulative exploited vulns": [1, 2, 3, 4, 5, 6, 7, 8, 9, 10, 11, 12, 13, 14, 15, 16, 17, 18, 19, 20, 21, 22, 23, 24, 25, 26, 27, 28, 29, 30, 31, 32, 33, 34, 35, 36, 37, 38, 39, 40, 41, 42, 43, 44, 45, 46, 47, 48, 49, 50, 51, 52, 53, 54, 55, 56, 57, 58, 59, 60, 61, 62, 63, 64, 65, 66, 67, 68, 69, 70, 71, 72, 73, 74, 75, 76, 77, 78, 79, 80, 81, 82, 83, 84, 85, 86, 87, 88, 89, 90, 91, 92, 93, 94, 95, 96, 97, 98, 99, 100, 101, 102, 103, 104, 105, 106, 107, 108, 109, 110, 111, 112, 113, 114, 115, 116, 117, 118],