{"Total Initial Vulnerabilities": 644, "Initial Vulns Per OS": {"centos": {"5": 30, "6": 24, "8": 10, "7": 18, "4": 23, "3": 35}, "windows": {"8.1": 16, "10": 27, "8": 18, "7": 15, "vista": 9, "xp": 30}, "ubuntu": {"14.04": 41, "18.04": 41, "16.04": 27, "20.04": 18, "12.04": 59, "10.04": 36}, "freebsd": {"10": 24, "8": 77, "12": 28, "13": 16, "11": 13, "9": 9}}, "Average Initial RoA Per OS": {"centos": {"5": 0.051914611498668425, "6": 0.04911592082040649, "8": 0.06866151645209534, "7": 0.0423737112800639, "4": 0.04188555248235422, "3": 0.05780966311736605}, "windows": {"8.1": 0.02603088360369592, "10": 0.03242422862709304, "8": 0.060413387931864806, "7": 0.08222371047282787, "vista": 0.04215207948106283, "xp": 0.051656771232848404}, "ubuntu": {"14.04": 0.06538102495821757, "18.04": 0.04385374600998383, "16.04": 0.08152678336544528, "20.04": 0.05848945560016364, "12.04": 0.057697223502893795, "10.04": 0.059792087025128025}, "freebsd": {"10": 0.06416397768952427, "8": 0.0640230310136407, "12": 0.040476082125487915, "13": 0.06470402539238307, "11": 0.0874481532164262, "9": 0.038018520443490265}}, "OS Types In Initial Network": {"centos 5": 7, "centos 6": 8, "windows 8.1": 6, "ubuntu 14.04": 9, "ubuntu 18.04": 12, "freebsd 10": 7, "centos 8": 11, "windows 10": 24, "ubuntu 16.04": 9, "ubuntu 20.04": 16, "centos 7": 12, "ubuntu 12.04": 11, "freebsd 8": 4, "windows 8": 8, "windows vista": 5, "centos 4": 5, "freebsd 12": 12, "freebsd 13": 17, "freebsd 11": 6, "windows 7": 4, "freebsd 9": 3, "ubuntu 10.04": 1, "windows xp": 2, "centos 3": 1}, "Initial Hosts Without Vulnerabilities": 36, "Host Compromises": {"record name": "Host Compromises", "x": [2789, 9323, 11042, 15896, 17356, 18731, 43014, 169285], "y": [21, 5, 16, 37, 43, 49, 45, 2], "cumulative y": [1, 2, 3, 4, 5, 6, 7, 8], "total events": 8, "not exposed x": [], "not exposed y": [], "cumulative not exposed y": [], "total not exposed events": 0}, "Vuln Compromises": {"record name": "Vuln Compromises", "x": [2789, 9323, 11042, 15896, 17356, 43014], "y": [21, 5, 16, 37, 43, 45], "cumulative y": [1, 2, 3, 4, 5, 6], "total events": 6, "not exposed x": [], "not exposed y": [], "cumulative not exposed y": [], "total not exposed events": 0}, "Reuse Password Compromises": {"record name": "Reuse Password Compromises", "x": [], "y": [], "cumulative y": [], "total events": 0, "not exposed x": [], "not exposed y": [], "cumulative not exposed y": [], "total not exposed events": 0}, "Password Spray Compromises": {"record name": "Password Spray Compromises", "x": [18731, 169285], "y": [49, 2], "cumulative y": [1, 2], "total events": 2, "not exposed x": [], "not exposed y": [], "cumulative not exposed y": [], "total not exposed events": 0}, "User Account Leaks": {"record name": "User Account Has Been Leaked By Compromise", "x": [2789, 2789, 2789, 2789, 2789, 9323, 9323, 9323, 9323, 9323, 11042, 11042, 11042, 11042, 11042, 15896, 15896, 15896, 15896, 15896, 17356, 17356, 17356, 17356, 18731, 18731, 18731, 18731, 43014, 43014, 43014, 43014, 169285, 169285, 169285], "y": ["Nollie", "Charis", "Geri", "Marcelline", "Carmela", "Kaylil", "Hephzibah", "George", "Arabel", "Dodie", "Josephina", "Aridatha", "Joelly", "Bidget", "Flor", "Jacquelynn", "Dottie", "Madelyn", "Janka", "Bobette", "Stevana", "Gwenny", "Carmita", "Verina", "Vanna", "Mag", "Elora", "Emelda", "Pollyanna", "Willi", "Diandra", "Christean", "Risa", "Daisey", "Noelle"], "cumulative y": [1, 2, 3, 4, 5, 6, 7, 8, 9, 10, 11, 12, 13, 14, 15, 16, 17, 18, 19, 20, 21, 22, 23, 24, 25, 26, 27, 28, 29, 30, 31, 32, 33, 34, 35], "total events": 35}, "Vulnerabilities Exploited": {"record name": "Vulnerabilities Exploited", "x": [454, 1055, 1055, 1055, 1055, 1055, 1237, 1282, 1491, 1639, 1838, 1838, 1935, 2357, 2357, 2357, 2357, 2357, 2357, 2357, 2357, 2744, 2789, 2895, 3078, 3669, 4101, 4402, 4402, 5310, 6480, 6480, 6480, 6480, 6480, 6480, 6591, 6876, 7241, 7241, 7241, 7724, 7917, 7917, 8353, 8573, 9323, 9748, 10113, 11042, 11042, 11042, 11042, 11042, 11042, 11042, 11042, 11110, 13150, 15896, 15896, 15896, 15896, 15896, 15896, 15896, 15896, 15896, 16519, 17356, 17356, 18162, 19224, 22299, 31514, 34268, 34944, 43014, 43658, 45299, 49763, 50772, 51066, 59180, 62734, 64144, 66792, 66792, 75077, 108622, 113128, 141677], "cumulative exploited vulns": [1, 2, 3, 4, 5, 6, 7, 8, 9, 10, 11, 12, 13, 14, 15, 16, 17, 18, 19, 20, 21, 22, 23, 24, 25, 26, 27, 28, 29, 30, 31, 32, 33, 34, 35, 36, 37, 38, 39, 40, 41, 42, 43, 44, 45, 46, 47, 48, 49, 50, 51, 52, 53, 54, 55, 56, 57, 58, 59, 60, 61, 62, 63, 64, 65, 66, 67, 68, 69, 70, 71, 72, 73, 74, 75, 76, 77, 78, 79, 80, 81, 82, 83, 84, 85, 86, 87, 88, 89, 90, 91, 92], "roa": [0.2791079728260887, 0.19341227450890597, 0.2088973900247162, 0.33506283424698186, 0.05883289884432393, 0.0281974701165184, 0.09028465862631077, 0.6535040716371965, 0.566471295194238, 0.5018138924521209, 0.6316026785576526, 0.2867821606581786, 0.1513258057769448, 0.5225238062087281, 0.7198308832854117, 0.5458266369706495, 0.024094598194955404, 0.2621451974856584, 0.3774056379709254, 0.34541650270530927, 0.1885362853819733, 0.23889972849603489, 0.6885075882308744, 0.38318281258949854, 0.17476615372041507, 0.4647814214797109, 0.48164718847044863, 0.6290931391023551, 0.5651951790493275, 0.11728023209285014, 0.5626804529590425, 0.12914709359439486, 0.32042693259827165, 0.7266730662235222, 0.4652386760923816, 0.39561515424090643, 0.15582454576956753, 0.24551474365713677, 0.4245860962930063, 0.39113736668246524, 0.5936803877881972, 0.18107960422213465, 0.6963036501978628, 0.6641162815258415, 0.4931854096347056, 0.1655932583072884, 0.15932220846422734, 0.09846626119040923, 0.259769138452504, 0.45138238678135867, 0.5531211101083683, 0.8275308913371058, 0.5939758640586361, 0.4987553356988871, 0.611423144939027, 0.02204847825874706, 0.026419328149436306, 0.5244638072115176, 0.31280648937416106, 0.5761485371930098, 0.19371393746772808, 0.24752241585077717, 0.14485822839018372, 0.1921171330750771, 0.46376976640490153, 0.36566649821212155, 0.21651147424169834, 0.3403938592164917, 0.0018802353001493386, 0.25542667511804096, 0.13354508300226622, 0.11661685753352824, 0.15348097022015478, 0.24761457300214187, 0.17987455893504983, 0.10294074197047734, 0.007916159328145312, 0.27891157746182116, 0.1280154274974105, 0.11804661636751912, 0.004513914000909897, 0.07668396525621805, 0.02584047380168908, 0.07783832473279735, 0.009907580378706048, 0.0072855718950607384, 0.031078021210123125, 0.031078021210123125, 0.09609149357219085, 0.10424400863715177, 0.07002637378265116, 0.2592713281035647],