{"Total Initial Vulnerabilities": 839, "Initial Vulns Per OS": {"windows": {"8.1": 14, "10": 24, "8": 26, "7": 53, "xp": 146, "vista": 12}, "ubuntu": {"18.04": 28, "16.04": 18, "20.04": 20, "12.04": 13, "10.04": 26, "14.04": 1}, "freebsd": {"12": 38, "13": 19, "11": 52, "10": 30, "8": 129, "9": 28}, "centos": {"4": 21, "7": 33, "6": 36, "8": 15, "5": 26, "3": 31}}, "Average Initial RoA Per OS": {"windows": {"8.1": 0.03497936327076505, "10": 0.07692742511454419, "8": 0.06049485066658471, "7": 0.0470496413664367, "xp": 0.05054345095492448, "vista": 0.045147773062724744}, "ubuntu": {"18.04": 0.0357386475913406, "16.04": 0.04917729268044586, "20.04": 0.051207190931444116, "12.04": 0.04892273837308941, "10.04": 0.032819907777561136, "14.04": 0.009585711512013734}, "freebsd": {"12": 0.034494489324005985, "13": 0.0771846794286405, "11": 0.03766437731876709, "10": 0.03727089218990147, "8": 0.04451604691516035, "9": 0.0664655473135131}, "centos": {"4": 0.056955244390701466, "7": 0.032205662407014314, "6": 0.06239159146074275, "8": 0.025313670233117536, "5": 0.04538940936555258, "3": 0.07169201073236806}}, "OS Types In Initial Network": {"windows 8.1": 10, "ubuntu 18.04": 11, "freebsd 12": 11, "centos 4": 4, "freebsd 13": 12, "windows 10": 17, "freebsd 11": 13, "ubuntu 16.04": 10, "ubuntu 20.04": 11, "centos 7": 14, "freebsd 10": 8, "centos 6": 13, "windows 8": 6, "centos 8": 20, "windows 7": 8, "freebsd 8": 3, "windows xp": 5, "freebsd 9": 6, "centos 5": 7, "centos 3": 1, "ubuntu 12.04": 3, "windows vista": 3, "ubuntu 10.04": 1, "ubuntu 14.04": 3}, "Initial Hosts Without Vulnerabilities": 34, "Host Compromises": {"record name": "Host Compromises", "x": [1247, 1473, 1834, 6907, 8373, 9785, 10382, 10462, 13672, 17492, 20435, 21536, 21743, 26201, 44492, 45373, 48919, 50106, 57118, 68354, 124241, 130874], "y": [5, 7, 10, 32, 38, 40, 43, 85, 1, 17, 22, 26, 27, 39, 3, 63, 56, 67, 57, 65, 68, 19], "cumulative y": [1, 2, 3, 4, 5, 6, 7, 8, 9, 10, 11, 12, 13, 14, 15, 16, 17, 18, 19, 20, 21, 22], "total events": 22, "not exposed x": [10462, 45373, 48919, 50106, 57118, 68354, 124241], "not exposed y": [85, 63, 56, 67, 57, 65, 68], "cumulative not exposed y": [1, 2, 3, 4, 5, 6, 7], "total not exposed events": 7}, "Vuln Compromises": {"record name": "Vuln Compromises", "x": [1247, 6907, 8373, 9785, 10382, 13672, 17492, 20435, 21743, 26201, 44492, 45373, 48919, 50106, 57118, 68354, 124241, 130874], "y": [5, 32, 38, 40, 43, 1, 17, 22, 27, 39, 3, 63, 56, 67, 57, 65, 68, 19], "cumulative y": [1, 2, 3, 4, 5, 6, 7, 8, 9, 10, 11, 12, 13, 14, 15, 16, 17, 18], "total events": 18, "not exposed x": [45373, 48919, 50106, 57118, 68354, 124241], "not exposed y": [63, 56, 67, 57, 65, 68], "cumulative not exposed y": [1, 2, 3, 4, 5, 6], "total not exposed events": 6}, "Reuse Password Compromises": {"record name": "Reuse Password Compromises", "x": [1473, 1834, 10462, 21536], "y": [7, 10, 85, 26], "cumulative y": [1, 2, 3, 4], "total events": 4, "not exposed x": [10462], "not exposed y": [85], "cumulative not exposed y": [1], "total not exposed events": 1}, "Password Spray Compromises": {"record name": "Password Spray Compromises", "x": [], "y": [], "cumulative y": [], "total events": 0, "not exposed x": [], "not exposed y": [], "cumulative not exposed y": [], "total not exposed events": 0}, "User Account Leaks": {"record name": "User Account Has Been Leaked By Compromise", "x": [1247, 1247, 1247, 1247, 1247, 1473, 1473, 1473, 1473, 1834, 1834, 1834, 1834, 6907, 6907, 6907, 6907, 6907, 8373, 8373, 8373, 8373, 9785, 9785, 9785, 9785, 10382, 10382, 10382, 10382, 10462, 10462, 10462, 10462, 13672, 13672, 13672, 17492, 17492, 17492, 20435, 20435, 20435, 20435, 20435, 21536, 21536, 21536, 21536, 21743, 21743, 26201, 26201, 26201, 44492, 44492, 45373, 45373, 45373, 45373, 45373, 48919, 48919, 48919, 48919, 48919, 50106, 50106, 57118, 57118, 68354, 68354, 68354, 124241, 130874, 130874, 130874], "y": ["Mariel", "Serena", "Pooh", "Junie", "Henryetta", "Bonita", "Arly", "Kesley", "Sibilla", "Milena", "Alysia", "Emmeline", "Codie", "Elsi", "Micaela", "Hyacinthie", "Talia", "Addia", "Bryana", "Jacinthe", "Evonne", "Darbie", "Pamella", "Eadith", "Joannes", "Rey", "Bette-Ann", "Roxanne", "Ronnica", "Annadiana", "Gloriane", "Murial", "Hestia", "Ernestine", "Jacintha", "Evania", "Cristy", "Sibby", "Devora", "Arlyn", "Jillane", "Judie", "Emilee", "Beryl", "Aurelie", "Joy", "Clea", "Shara", "Beatrisa", "Natty", "Sharlene", "Steffane", "Dyanna", "Emiline", "Velma", "Saidee", "Barbe", "Hedwiga", "Constancia", "Letta", "Marci", "Dominica", "Belicia", "Norrie", "Beryle", "Aurelia", "Hedy", "Leonora", "Kaycee", "Chelsey", "Eloise", "Mommy", "Kate", "Malory", "Irma", "Merralee", "Trixie"], "cumulative y": [1, 2, 3, 4, 5, 6, 7, 8, 9, 10, 11, 12, 13, 14, 15, 16, 17, 18, 19, 20, 21, 22, 23, 24, 25, 26, 27, 28, 29, 30, 31, 32, 33, 34, 35, 36, 37, 38, 39, 40, 41, 42, 43, 44, 45, 46, 47, 48, 49, 50, 51, 52, 53, 54, 55, 56, 57, 58, 59, 60, 61, 62, 63, 64, 65, 66, 67, 68, 69, 70, 71, 72, 73, 74, 75, 76, 77], "total events": 77}, "Vulnerabilities Exploited": {"record name": "Vulnerabilities Exploited", "x": [371, 580, 580, 1058, 1058, 1058, 1058, 1247, 1247, 1327, 1413, 1641, 1745, 2227, 2519, 2519, 2657, 2916, 2916, 2916, 3668, 3668, 3894, 5313, 5313, 5313, 5313, 5313, 5313, 5313, 5313, 5313, 5313, 5313, 5313, 6192, 6332, 6332, 6565, 8574, 8574, 9491, 9491, 9491, 9491, 9491, 9785, 9785, 9978, 14395, 14395, 14395, 14395, 14650, 16975, 16975, 18954, 20435, 20435, 20435, 20435, 20435, 20435, 20435, 20435, 20435, 20435, 20435, 21743, 26201, 26201, 26201, 26201, 26201, 26201, 27191, 27551, 28585, 28585, 28585, 44492, 44492, 44492, 44935, 44935, 45373, 48919, 48919, 50106, 50106, 50106, 53039, 57118, 63208, 63718, 63718, 66693, 68354, 68354, 68354, 68498, 82585, 84964, 102024, 102986, 123290, 123290, 130874, 130874, 141367, 141367, 151083, 212588, 220189], "cumulative exploited vulns": [1, 2, 3, 4, 5, 6, 7, 8, 9, 10, 11, 12, 13, 14, 15, 16, 17, 18, 19, 20, 21, 22, 23, 24, 25, 26, 27, 28, 29, 30, 31, 32, 33, 34, 35, 36, 37, 38, 39, 40, 41, 42, 43, 44, 45, 46, 47, 48, 49, 50, 51, 52, 53, 54, 55, 56, 57, 58, 59, 60, 61, 62, 63, 64, 65, 66, 67, 68, 69, 70, 71, 72, 73, 74, 75, 76, 77, 78, 79, 80, 81, 82, 83, 84, 85, 86, 87, 88, 89, 90, 91, 92, 93, 94, 95, 96, 97, 98, 99, 100, 101, 102, 103, 104, 105, 106, 107, 108, 109, 110, 111, 112, 113, 114],