{"Total Initial Vulnerabilities": 585, "Initial Vulns Per OS": {"windows": {"vista": 48, "8.1": 13, "7": 20, "8": 22, "10": 9}, "centos": {"6": 19, "4": 55, "7": 42, "8": 13, "3": 61, "5": 30}, "ubuntu": {"18.04": 27, "16.04": 8, "20.04": 12, "12.04": 6, "14.04": 10}, "freebsd": {"12": 36, "8": 64, "13": 18, "10": 28, "11": 14, "9": 30}}, "Average Initial RoA Per OS": {"windows": {"vista": 0.04586431332024311, "8.1": 0.020970430570239004, "7": 0.05570658216249835, "8": 0.040258377564385675, "10": 0.021325303273089062}, "centos": {"6": 0.03158434748518966, "4": 0.06117710105900221, "7": 0.05149652310670422, "8": 0.030504854904509694, "3": 0.059421826196974406, "5": 0.04628787588212122}, "ubuntu": {"18.04": 0.03663029289350622, "16.04": 0.017082265274752477, "20.04": 0.04738851477722119, "12.04": 0.04314938880417241, "14.04": 0.09643190914436742}, "freebsd": {"12": 0.02470257694656949, "8": 0.03692821601240529, "13": 0.04858314420967917, "10": 0.07435353129495383, "11": 0.08034479074771657, "9": 0.06807701401775858}}, "OS Types In Initial Network": {"windows vista": 10, "centos 6": 9, "windows 8.1": 9, "windows 7": 6, "windows 8": 8, "centos 4": 10, "centos 8": 15, "centos 7": 17, "ubuntu 18.04": 11, "freebsd 12": 16, "ubuntu 16.04": 3, "windows 10": 16, "centos 3": 2, "freebsd 8": 2, "freebsd 13": 14, "ubuntu 20.04": 15, "ubuntu 12.04": 2, "freebsd 10": 8, "centos 5": 9, "freebsd 11": 8, "freebsd 9": 6, "ubuntu 14.04": 4}, "Initial Hosts Without Vulnerabilities": 35, "Host Compromises": {"record name": "Host Compromises", "x": [10902, 11233, 12712, 13232, 14964, 20620, 31078, 31663, 33107, 33315, 33406, 37083, 37734, 37843, 38228, 63768, 234323, 238674], "y": [18, 19, 120, 111, 118, 147, 20, 79, 87, 139, 84, 82, 93, 103, 102, 115, 131, 86], "cumulative y": [1, 2, 3, 4, 5, 6, 7, 8, 9, 10, 11, 12, 13, 14, 15, 16, 17, 18], "total events": 18, "not exposed x": [12712, 13232, 14964, 20620, 31663, 33107, 33315, 33406, 37083, 37734, 37843, 38228, 63768, 234323, 238674], "not exposed y": [120, 111, 118, 147, 79, 87, 139, 84, 82, 93, 103, 102, 115, 131, 86], "cumulative not exposed y": [1, 2, 3, 4, 5, 6, 7, 8, 9, 10, 11, 12, 13, 14, 15], "total not exposed events": 15}, "Vuln Compromises": {"record name": "Vuln Compromises", "x": [10902, 11233, 12712, 13232, 14964, 20620, 31078, 31663, 33107, 33315, 37083, 37734, 38228, 63768], "y": [18, 19, 120, 111, 118, 147, 20, 79, 87, 139, 82, 93, 102, 115], "cumulative y": [1, 2, 3, 4, 5, 6, 7, 8, 9, 10, 11, 12, 13, 14], "total events": 14, "not exposed x": [12712, 13232, 14964, 20620, 31663, 33107, 33315, 37083, 37734, 38228, 63768], "not exposed y": [120, 111, 118, 147, 79, 87, 139, 82, 93, 102, 115], "cumulative not exposed y": [1, 2, 3, 4, 5, 6, 7, 8, 9, 10, 11], "total not exposed events": 11}, "Reuse Password Compromises": {"record name": "Reuse Password Compromises", "x": [33406, 37843], "y": [84, 103], "cumulative y": [1, 2], "total events": 2, "not exposed x": [33406, 37843], "not exposed y": [84, 103], "cumulative not exposed y": [1, 2], "total not exposed events": 2}, "Password Spray Compromises": {"record name": "Password Spray Compromises", "x": [234323, 238674], "y": [131, 86], "cumulative y": [1, 2], "total events": 2, "not exposed x": [234323, 238674], "not exposed y": [131, 86], "cumulative not exposed y": [1, 2], "total not exposed events": 2}, "User Account Leaks": {"record name": "User Account Has Been Leaked By Compromise", "x": [10902, 10902, 10902, 10902, 10902, 11233, 11233, 11233, 11233, 11233, 12712, 12712, 12712, 12712, 12712, 13232, 13232, 13232, 13232, 13232, 14964, 14964, 14964, 14964, 14964, 20620, 20620, 20620, 20620, 20620, 31078, 31078, 31078, 31663, 31663, 31663, 31663, 33107, 33107, 33107, 33315, 33315, 33315, 33406, 33406, 33406, 33406, 37083, 37083, 37083, 37734, 37734, 37734, 37843, 37843, 37843, 37843, 38228, 38228, 38228, 63768, 63768, 63768, 63768, 63768, 234323, 238674, 238674, 238674], "y": ["Viviene", "Mariann", "Betta", "Livvie", "Randee", "Roch", "Livvy", "Tatum", "Larisa", "Diannne", "Nonna", "Melanie", "Kora", "Laurie", "Heather", "Holly", "Robenia", "Dyann", "Juliana", "Allyn", "Lorita", "Zarah", "Lanita", "Vanda", "Gertie", "Rori", "Mala", "Orsola", "Alix", "Amber", "Natalee", "Gwenora", "Doti", "Elsie", "Roxanne", "Nessa", "Marcy", "Blinni", "Annabella", "Jeannine", "Elsi", "Almeria", "Aggie", "Laurice", "Grayce", "Maryanne", "Gabriela", "Ebony", "Mandy", "Rosalinde", "Dela", "Salaidh", "Sharia", "Rita", "Kirbee", "Bunny", "Ginevra", "Charyl", "Lonna", "Aaren", "Darleen", "Ramona", "Donica", "Carin", "Isabelle", "Flori", "Marline", "Lanie", "Muffin"], "cumulative y": [1, 2, 3, 4, 5, 6, 7, 8, 9, 10, 11, 12, 13, 14, 15, 16, 17, 18, 19, 20, 21, 22, 23, 24, 25, 26, 27, 28, 29, 30, 31, 32, 33, 34, 35, 36, 37, 38, 39, 40, 41, 42, 43, 44, 45, 46, 47, 48, 49, 50, 51, 52, 53, 54, 55, 56, 57, 58, 59, 60, 61, 62, 63, 64, 65, 66, 67, 68, 69], "total events": 69}, "Vulnerabilities Exploited": {"record name": "Vulnerabilities Exploited", "x": [595, 595, 595, 795, 1255, 1867, 1917, 3961, 3961, 3961, 3961, 3961, 3961, 3961, 3961, 3961, 3961, 3961, 3961, 3961, 3961, 3961, 3961, 3961, 3961, 3961, 3961, 3961, 4009, 4883, 4883, 4883, 4883, 4883, 4883, 4883, 4883, 4883, 4883, 4883, 5187, 5224, 5299, 5721, 6250, 6250, 6535, 6607, 6690, 6732, 6804, 6804, 6921, 6921, 7493, 7493, 7493, 7763, 9103, 9167, 10902, 10902, 10902, 10902, 10902, 10902, 10902, 10902, 10902, 10902, 10902, 10902, 11189, 11189, 11189, 11189, 11189, 11189, 12712, 12775, 13232, 13232, 14964, 14964, 14964, 16687, 16687, 17554, 18677, 20620, 20620, 24117, 24117, 24117, 27995, 31078, 31078, 31078, 31078, 31078, 31663, 31663, 31663, 31663, 31663, 33315, 33315, 34780, 34780, 34780, 34780, 37083, 37083, 37083, 37340, 38228, 38374, 43784, 44282, 47636, 63768, 84913, 89751, 134556, 135008], "cumulative exploited vulns": [1, 2, 3, 4, 5, 6, 7, 8, 9, 10, 11, 12, 13, 14, 15, 16, 17, 18, 19, 20, 21, 22, 23, 24, 25, 26, 27, 28, 29, 30, 31, 32, 33, 34, 35, 36, 37, 38, 39, 40, 41, 42, 43, 44, 45, 46, 47, 48, 49, 50, 51, 52, 53, 54, 55, 56, 57, 58, 59, 60, 61, 62, 63, 64, 65, 66, 67, 68, 69, 70, 71, 72, 73, 74, 75, 76, 77, 78, 79, 80, 81, 82, 83, 84, 85, 86, 87, 88, 89, 90, 91, 92, 93, 94, 95, 96, 97, 98, 99, 100, 101, 102, 103, 104, 105, 106, 107, 108, 109, 110, 111, 112, 113, 114, 115, 116, 117, 118, 119, 120, 121, 122, 123, 124, 125],