{"Total Initial Vulnerabilities": 679, "Initial Vulns Per OS": {"ubuntu": {"18.04": 19, "12.04": 31, "20.04": 5, "16.04": 6, "14.04": 21, "10.04": 102}, "centos": {"4": 2, "7": 15, "8": 11, "5": 17, "6": 28, "3": 79}, "windows": {"7": 25, "10": 9, "8.1": 22, "vista": 31, "xp": 49, "8": 14}, "freebsd": {"11": 27, "12": 31, "9": 30, "10": 15, "8": 84, "13": 6}}, "Average Initial RoA Per OS": {"ubuntu": {"18.04": 0.046106583836198374, "12.04": 0.059757404655446884, "20.04": 0.06516342030458105, "16.04": 0.024738201836773707, "14.04": 0.07799979683823932, "10.04": 0.046120275132486906}, "centos": {"4": 0.06034131423055855, "7": 0.06420374180799006, "8": 0.10383103601832713, "5": 0.03791519014924488, "6": 0.13097826355242953, "3": 0.03906881420095961}, "windows": {"7": 0.05727489188011729, "10": 0.0626232340877841, "8.1": 0.05503161177510947, "vista": 0.061105006582624716, "xp": 0.03210779090024403, "8": 0.033536813564845676}, "freebsd": {"11": 0.059656461516073366, "12": 0.06691798318219405, "9": 0.03777826927429662, "10": 0.037091239765125225, "8": 0.038620589685164144, "13": 0.0547567792778608}}, "OS Types In Initial Network": {"freebsd 10": 8, "freebsd 13": 14, "ubuntu 18.04": 14, "freebsd 11": 9, "ubuntu 12.04": 3, "centos 4": 3, "ubuntu 20.04": 14, "windows 7": 7, "freebsd 12": 19, "centos 8": 18, "ubuntu 16.04": 5, "centos 7": 9, "freebsd 9": 9, "ubuntu 14.04": 6, "windows 10": 12, "windows 8.1": 11, "windows vista": 6, "windows xp": 3, "centos 5": 4, "freebsd 8": 2, "centos 6": 12, "ubuntu 10.04": 5, "windows 8": 5, "centos 3": 2}, "Initial Hosts Without Vulnerabilities": 61, "Host Compromises": {"record name": "Host Compromises", "x": [897, 9382, 15564, 27851, 96692], "y": [5, 22, 12, 35, 33], "cumulative y": [1, 2, 3, 4, 5], "total events": 5, "not exposed x": [], "not exposed y": [], "cumulative not exposed y": [], "total not exposed events": 0}, "Vuln Compromises": {"record name": "Vuln Compromises", "x": [897, 9382, 15564, 27851, 96692], "y": [5, 22, 12, 35, 33], "cumulative y": [1, 2, 3, 4, 5], "total events": 5, "not exposed x": [], "not exposed y": [], "cumulative not exposed y": [], "total not exposed events": 0}, "Reuse Password Compromises": {"record name": "Reuse Password Compromises", "x": [], "y": [], "cumulative y": [], "total events": 0, "not exposed x": [], "not exposed y": [], "cumulative not exposed y": [], "total not exposed events": 0}, "Password Spray Compromises": {"record name": "Password Spray Compromises", "x": [], "y": [], "cumulative y": [], "total events": 0, "not exposed x": [], "not exposed y": [], "cumulative not exposed y": [], "total not exposed events": 0}, "User Account Leaks": {"record name": "User Account Has Been Leaked By Compromise", "x": [897, 897, 897, 897, 897, 9382, 9382, 9382, 9382, 9382, 15564, 15564, 15564, 15564, 15564, 27851, 27851, 27851, 27851, 27851, 96692, 96692, 96692], "y": ["Juieta", "Dody", "Janaya", "Renell", "Bellanca", "Alice", "Clarisse", "Alameda", "Lacey", "Heddie", "Georgeanne", "Minny", "Regine", "Hephzibah", "Lorrin", "Jenna", "Barbabra", "Letty", "Courtenay", "Karon", "Anne-Corinne", "Candie", "Beverlie"], "cumulative y": [1, 2, 3, 4, 5, 6, 7, 8, 9, 10, 11, 12, 13, 14, 15, 16, 17, 18, 19, 20, 21, 22, 23], "total events": 23}, "Vulnerabilities Exploited": {"record name": "Vulnerabilities Exploited", "x": [897, 897, 897, 897, 897, 897, 1087, 1475, 1646, 2256, 2256, 2256, 2256, 2454, 2527, 2668, 2816, 2816, 3145, 3432, 3513, 3989, 4494, 4494, 4739, 4739, 4739, 4739, 5035, 5035, 6048, 6048, 6048, 6137, 6241, 6330, 6330, 6416, 6511, 6794, 6889, 6968, 7931, 7931, 8004, 8680, 9382, 10525, 11366, 11366, 12167, 13204, 15564, 15564, 15675, 15675, 19415, 19415, 19415, 19415, 19415, 27851, 27851, 27851, 27851, 27851, 27851, 34601, 35258, 71150, 96379], "cumulative exploited vulns": [1, 2, 3, 4, 5, 6, 7, 8, 9, 10, 11, 12, 13, 14, 15, 16, 17, 18, 19, 20, 21, 22, 23, 24, 25, 26, 27, 28, 29, 30, 31, 32, 33, 34, 35, 36, 37, 38, 39, 40, 41, 42, 43, 44, 45, 46, 47, 48, 49, 50, 51, 52, 53, 54, 55, 56, 57, 58, 59, 60, 61, 62, 63, 64, 65, 66, 67, 68, 69, 70, 71], "roa": [0.32666219415829867, 0.5923425630672029, 0.4106753097769963, 0.19624590082402263, 0.16931510204921274, 0.3920058832662999, 0.4424492918494213, 0.25309057891588854, 0.2956830144101749, 0.0617222102742113, 0.7513565867199545, 0.37882540634642253, 0.5492145630938968, 0.20235097501130164, 0.5305884294699994, 0.1870781064332931, 0.2787968850035706, 0.36020845782604627, 0.09259663707838342, 0.4516519615685475, 0.4637280250443596, 0.6513525071650272, 0.4770027107030546, 0.08825805305393901, 0.4122114407722597, 0.4122114407722597, 0.19911449394532094, 0.1728691727145689, 0.626119873760315, 0.02247960962366497, 0.483461585980187, 0.030095575225412702, 0.0323003691639943, 0.28151063141568206, 0.3395879652125116, 0.4685136005734263, 0.4685136005734263, 0.1739829229711633, 0.3587979692581951, 0.3323025320946563, 0.0868270851674818, 0.6587527363939463, 0.5368956640903257, 0.03376625853623058, 0.514991489692338, 0.2167155721123415, 0.2894382837633309, 0.1371506875944057, 0.7156109268828059, 0.22000506901866954, 0.09242670237174236, 0.22406325276651531, 0.025304828735955187, 0.4663787447744824, 0.6875640082012457, 0.08032883408745671, 0.4944469310706997, 0.02104089824429362, 0.2497644918817732, 0.1061474911360037, 0.016074278601064453, 0.188071822447784, 0.17875444724069628, 0.4904128336689377, 0.31241038226382906, 0.0855903831860664, 0.05835668609896529, 0.09588859748462816, 0.1684921828048447, 0.048552100370481154, 0.09762525891164911], "impact": [3.494929508877773, 8.61763712455772, 7.230415727024613, 2.906181728894992, 2.021700621889211, 9.330417455464426, 4.484806491555381, 2.793167895574107, 3.3967488390377443, 3.639253442660123, 9.119775973058822, 4.160397437058407, 8.592340665941036, 2.76462601919806, 7.290384487035667, 3.9379326511044086, 2.869342264814392, 5.964585195915635, 1.4362530613483793, 5.707369453988685, 5.783100768627099, 8.720623788346217, 7.82752658488489, 1.5981145896237425, 4.860695675083807, 4.860695675083807, 2.6106128721905106, 4.269181986266491, 7.019908992824307, 0.3697606343959037, 6.346791050683373, 0.4852129194170862, 0.6151922547356259, 5.160367399223922, 4.787041293597279, 6.785515936316625, 6.785515936316625, 2.2356238676450157, 3.6378774615051626, 4.067771788494806, 0.9867009581598418, 7.490068704726042, 6.232159807726616, 0.5842835510895028, 6.364967391884982, 3.788201382514784, 9.38937732037065, 2.687360805191268, 9.865750184725515, 3.254048625300684, 2.5663643096887645, 2.5743414635504847, 0.5637778879799182, 8.853171214345545, 7.890328471265235, 1.312700893443297, 8.579939744053505, 0.3179446833157107, 9.361237310404851, 4.397477987326656, 0.33580394418823767, 4.958511936162342, 1.9007209862967034, 8.42265797718061, 7.2367773786078535, 4.328271167659309, 2.1382552622523354, 4.051556846772569, 7.627416853769243, 5.152895990862416, 8.967700768474469],