{"Total Initial Vulnerabilities": 479, "Initial Vulns Per OS": {"freebsd": {"9": 20, "12": 20, "11": 40, "13": 13, "10": 27}, "windows": {"8": 43, "10": 13, "vista": 23, "7": 20, "8.1": 19}, "centos": {"5": 9, "3": 65, "8": 10, "7": 13, "6": 14, "4": 16}, "ubuntu": {"20.04": 10, "18.04": 18, "12.04": 22, "14.04": 25, "10.04": 28, "16.04": 11}}, "Average Initial RoA Per OS": {"freebsd": {"9": 0.06021384167596398, "12": 0.02824557541714855, "11": 0.07044695485135771, "13": 0.08232685412822269, "10": 0.05501047623951236}, "windows": {"8": 0.04708614649816409, "10": 0.0807253629537671, "vista": 0.10135603238824913, "7": 0.08356264673381524, "8.1": 0.02662915385072748}, "centos": {"5": 0.07710532962940563, "3": 0.04209375141525863, "8": 0.05667572671437916, "7": 0.051342441784371036, "6": 0.0473025746137586, "4": 0.0725026056334651}, "ubuntu": {"20.04": 0.013572576111992463, "18.04": 0.06047483447523188, "12.04": 0.04382053526752441, "14.04": 0.09889708724052611, "10.04": 0.06535192251993756, "16.04": 0.10055751337320372}}, "OS Types In Initial Network": {"freebsd 9": 4, "windows 8": 19, "freebsd 12": 12, "ubuntu 16.04": 5, "freebsd 13": 14, "centos 5": 5, "windows 10": 16, "windows vista": 7, "centos 3": 4, "centos 8": 16, "windows 7": 7, "ubuntu 20.04": 13, "freebsd 11": 14, "centos 7": 11, "centos 6": 8, "ubuntu 18.04": 11, "windows 8.1": 16, "ubuntu 12.04": 4, "centos 4": 4, "ubuntu 14.04": 4, "freebsd 10": 5, "ubuntu 10.04": 1}, "Initial Hosts Without Vulnerabilities": 57, "Host Compromises": {"record name": "Host Compromises", "x": [3397, 11498, 14397, 15634, 21294, 22077, 29634, 31591, 32591, 32704, 34897, 41333, 68195, 71499, 74192, 74268, 75887, 76001, 77015, 77566, 77669, 78298, 78477, 81254, 91328, 95740, 100700, 101422, 130294, 131067, 138207, 160342, 160483, 181351, 184732, 194633, 194812, 195685, 239871, 245382, 246350], "y": [23, 25, 45, 47, 19, 24, 8, 14, 20, 93, 100, 92, 68, 154, 67, 65, 160, 158, 96, 159, 123, 161, 84, 180, 172, 175, 86, 88, 63, 171, 170, 85, 90, 83, 163, 110, 87, 179, 162, 105, 70], "cumulative y": [1, 2, 3, 4, 5, 6, 7, 8, 9, 10, 11, 12, 13, 14, 15, 16, 17, 18, 19, 20, 21, 22, 23, 24, 25, 26, 27, 28, 29, 30, 31, 32, 33, 34, 35, 36, 37, 38, 39, 40, 41], "total events": 41, "not exposed x": [32704, 34897, 41333, 68195, 71499, 74192, 74268, 75887, 76001, 77015, 77566, 77669, 78298, 78477, 81254, 91328, 95740, 100700, 101422, 130294, 131067, 138207, 160342, 160483, 181351, 184732, 194633, 194812, 195685, 239871, 245382, 246350], "not exposed y": [93, 100, 92, 68, 154, 67, 65, 160, 158, 96, 159, 123, 161, 84, 180, 172, 175, 86, 88, 63, 171, 170, 85, 90, 83, 163, 110, 87, 179, 162, 105, 70], "cumulative not exposed y": [1, 2, 3, 4, 5, 6, 7, 8, 9, 10, 11, 12, 13, 14, 15, 16, 17, 18, 19, 20, 21, 22, 23, 24, 25, 26, 27, 28, 29, 30, 31, 32], "total not exposed events": 32}, "Vuln Compromises": {"record name": "Vuln Compromises", "x": [3397, 11498, 14397, 15634, 29634, 31591, 32591, 32704, 34897, 68195, 71499, 75887, 77015, 77669, 78298, 78477, 91328, 100700, 101422, 130294, 131067, 160342, 181351, 184732, 194633, 194812, 195685, 245382], "y": [23, 25, 45, 47, 8, 14, 20, 93, 100, 68, 154, 160, 96, 123, 161, 84, 172, 86, 88, 63, 171, 85, 83, 163, 110, 87, 179, 105], "cumulative y": [1, 2, 3, 4, 5, 6, 7, 8, 9, 10, 11, 12, 13, 14, 15, 16, 17, 18, 19, 20, 21, 22, 23, 24, 25, 26, 27, 28], "total events": 28, "not exposed x": [32704, 34897, 68195, 71499, 75887, 77015, 77669, 78298, 78477, 91328, 100700, 101422, 130294, 131067, 160342, 181351, 184732, 194633, 194812, 195685, 245382], "not exposed y": [93, 100, 68, 154, 160, 96, 123, 161, 84, 172, 86, 88, 63, 171, 85, 83, 163, 110, 87, 179, 105], "cumulative not exposed y": [1, 2, 3, 4, 5, 6, 7, 8, 9, 10, 11, 12, 13, 14, 15, 16, 17, 18, 19, 20, 21], "total not exposed events": 21}, "Reuse Password Compromises": {"record name": "Reuse Password Compromises", "x": [21294, 22077, 41333, 74192, 74268, 76001, 77566, 81254, 95740, 138207, 160483, 239871, 246350], "y": [19, 24, 92, 67, 65, 158, 159, 180, 175, 170, 90, 162, 70], "cumulative y": [1, 2, 3, 4, 5, 6, 7, 8, 9, 10, 11, 12, 13], "total events": 13, "not exposed x": [41333, 74192, 74268, 76001, 77566, 81254, 95740, 138207, 160483, 239871, 246350], "not exposed y": [92, 67, 65, 158, 159, 180, 175, 170, 90, 162, 70], "cumulative not exposed y": [1, 2, 3, 4, 5, 6, 7, 8, 9, 10, 11], "total not exposed events": 11}, "Password Spray Compromises": {"record name": "Password Spray Compromises", "x": [], "y": [], "cumulative y": [], "total events": 0, "not exposed x": [], "not exposed y": [], "cumulative not exposed y": [], "total not exposed events": 0}, "User Account Leaks": {"record name": "User Account Has Been Leaked By Compromise", "x": [3397, 3397, 3397, 3397, 3397, 11498, 11498, 11498, 11498, 11498, 14397, 14397, 14397, 14397, 14397, 15634, 15634, 15634, 15634, 21294, 21294, 21294, 22077, 22077, 22077, 29634, 29634, 29634, 29634, 31591, 31591, 31591, 31591, 32591, 32591, 32704, 32704, 32704, 32704, 34897, 34897, 34897, 34897, 41333, 41333, 68195, 68195, 71499, 71499, 71499, 74192, 74192, 74192, 74268, 74268, 75887, 75887, 75887, 75887, 76001, 76001, 76001, 76001, 77015, 77015, 77566, 77566, 77566, 77566, 77669, 77669, 77669, 78298, 78298, 78477, 78477, 78477, 81254, 81254, 81254, 91328, 91328, 91328, 91328, 95740, 95740, 100700, 100700, 100700, 101422, 101422, 130294, 130294, 131067, 131067, 131067, 138207, 138207, 138207, 160342, 160342, 160483, 181351, 194633, 194633, 194633, 194633, 194633, 194812, 194812, 195685, 195685, 245382, 246350, 246350], "y": ["Larissa", "Demeter", "Dahlia", "Shanie", "Melinda", "Genna", "Maia", "Ira", "Meade", "Fredia", "Kirstyn", "Morissa", "Anita", "Elise", "Carrissa", "Elie", "Germaine", "Cordelia", "Maible", "Vonnie", "Lyndy", "Oliy", "Danila", "Aime", "Berny", "Trescha", "Dionne", "Katerina", "Dinah", "Sophie", "Darsie", "Allys", "Lezlie", "Latisha", "Kevina", "Verina", "Benedetta", "Janna", "Retha", "Shoshana", "Rafaela", "Morganne", "Annalise", "Ashia", "Dale", "Cindi", "Gertruda", "Letizia", "Geraldine", "Emmalynn", "Shelly", "Adah", "Oralle", "Shandeigh", "Blakeley", "Melly", "Kelsey", "Camilla", "Cinda", "Fanny", "Merla", "Cynthie", "Ambur", "Wallis", "Verile", "Carlotta", "Stormy", "Georgine", "Sheilah", "Calli", "Shandy", "Debera", "Bili", "Norina", "Rosamund", "Kellie", "Tricia", "Berget", "Annora", "Eveline", "Veronique", "Tiphany", "Christel", "Katinka", "Colette", "Fidelia", "Sapphire", "Avie", "Martie", "Katrinka", "Wallie", "Katlin", "Clarita", "Corabella", "Tracee", "Katey", "Daphna", "Rhodia", "Ardath", "Faythe", "Evy", "Leonelle", "Dniren", "Maire", "Karena", "Norrie", "Tabina", "TEirtza", "Minne", "Tonya", "Wrennie", "Ursuline", "Tamarra", "Dix", "Arlyne"], "cumulative y": [1, 2, 3, 4, 5, 6, 7, 8, 9, 10, 11, 12, 13, 14, 15, 16, 17, 18, 19, 20, 21, 22, 23, 24, 25, 26, 27, 28, 29, 30, 31, 32, 33, 34, 35, 36, 37, 38, 39, 40, 41, 42, 43, 44, 45, 46, 47, 48, 49, 50, 51, 52, 53, 54, 55, 56, 57, 58, 59, 60, 61, 62, 63, 64, 65, 66, 67, 68, 69, 70, 71, 72, 73, 74, 75, 76, 77, 78, 79, 80, 81, 82, 83, 84, 85, 86, 87, 88, 89, 90, 91, 92, 93, 94, 95, 96, 97, 98, 99, 100, 101, 102, 103, 104, 105, 106, 107, 108, 109, 110, 111, 112, 113, 114, 115], "total events": 115}, "Vulnerabilities Exploited": {"record name": "Vulnerabilities Exploited",