{"Total Initial Vulnerabilities": 680, "Initial Vulns Per OS": {"ubuntu": {"12.04": 48, "18.04": 24, "16.04": 12, "10.04": 41, "20.04": 6, "14.04": 13}, "centos": {"5": 16, "6": 39, "7": 26, "3": 66, "8": 6, "4": 18}, "freebsd": {"9": 21, "10": 43, "13": 14, "11": 23, "8": 66, "12": 16}, "windows": {"10": 8, "8.1": 17, "vista": 21, "7": 32, "8": 34, "xp": 70}}, "Average Initial RoA Per OS": {"ubuntu": {"12.04": 0.06241619145396527, "18.04": 0.05078064421371483, "16.04": 0.0898925446592524, "10.04": 0.0422498647101103, "20.04": 0.1064429835295676, "14.04": 0.06740582295896225}, "centos": {"5": 0.021981786892623492, "6": 0.10234400718350117, "7": 0.0414608756717036, "3": 0.05198293650649557, "8": 0.14468781231652253, "4": 0.0850199168827477}, "freebsd": {"9": 0.06807953064119711, "10": 0.05899861416327173, "13": 0.08148646137099926, "11": 0.1349947440428287, "8": 0.045011049612520115, "12": 0.06402381127788385}, "windows": {"10": 0.09473080226410296, "8.1": 0.060844621527946875, "vista": 0.05465371550609286, "7": 0.04128907628869785, "8": 0.051704477930199874, "xp": 0.02969883425193589}}, "OS Types In Initial Network": {"windows 10": 20, "ubuntu 12.04": 10, "ubuntu 18.04": 9, "ubuntu 20.04": 17, "centos 5": 7, "centos 6": 14, "freebsd 13": 16, "freebsd 9": 5, "freebsd 10": 12, "windows 8.1": 8, "windows vista": 3, "centos 7": 12, "windows 7": 5, "ubuntu 16.04": 6, "centos 3": 3, "freebsd 11": 8, "freebsd 8": 2, "windows 8": 12, "centos 8": 14, "ubuntu 10.04": 1, "freebsd 12": 7, "windows xp": 4, "ubuntu 14.04": 2, "centos 4": 3}, "Initial Hosts Without Vulnerabilities": 54, "Host Compromises": {"record name": "Host Compromises", "x": [643, 4695, 6009, 7659, 7976, 9581, 10137, 11022, 19658, 20959, 22558, 22930, 24378, 25247, 26800, 43420, 48122, 53319, 71274, 74298, 92290, 99634, 142626, 146098, 155385, 172137, 191224, 234699, 239882], "y": [5, 28, 30, 34, 35, 43, 46, 48, 26, 33, 41, 44, 80, 65, 193, 112, 197, 0, 67, 74, 181, 166, 109, 115, 70, 68, 69, 96, 76], "cumulative y": [1, 2, 3, 4, 5, 6, 7, 8, 9, 10, 11, 12, 13, 14, 15, 16, 17, 18, 19, 20, 21, 22, 23, 24, 25, 26, 27, 28, 29], "total events": 29, "not exposed x": [24378, 25247, 26800, 43420, 48122, 71274, 74298, 92290, 99634, 142626, 146098, 155385, 172137, 191224, 234699, 239882], "not exposed y": [80, 65, 193, 112, 197, 67, 74, 181, 166, 109, 115, 70, 68, 69, 96, 76], "cumulative not exposed y": [1, 2, 3, 4, 5, 6, 7, 8, 9, 10, 11, 12, 13, 14, 15, 16], "total not exposed events": 16}, "Vuln Compromises": {"record name": "Vuln Compromises", "x": [643, 4695, 6009, 7659, 7976, 9581, 10137, 11022, 19658, 20959, 25247, 43420, 48122, 71274, 74298, 92290, 99634, 146098, 155385, 234699], "y": [5, 28, 30, 34, 35, 43, 46, 48, 26, 33, 65, 112, 197, 67, 74, 181, 166, 115, 70, 96], "cumulative y": [1, 2, 3, 4, 5, 6, 7, 8, 9, 10, 11, 12, 13, 14, 15, 16, 17, 18, 19, 20], "total events": 20, "not exposed x": [25247, 43420, 48122, 71274, 74298, 92290, 99634, 146098, 155385, 234699], "not exposed y": [65, 112, 197, 67, 74, 181, 166, 115, 70, 96], "cumulative not exposed y": [1, 2, 3, 4, 5, 6, 7, 8, 9, 10], "total not exposed events": 10}, "Reuse Password Compromises": {"record name": "Reuse Password Compromises", "x": [22558, 22930, 24378, 26800, 53319, 172137, 191224], "y": [41, 44, 80, 193, 0, 68, 69], "cumulative y": [1, 2, 3, 4, 5, 6, 7], "total events": 7, "not exposed x": [24378, 26800, 172137, 191224], "not exposed y": [80, 193, 68, 69], "cumulative not exposed y": [1, 2, 3, 4], "total not exposed events": 4}, "Password Spray Compromises": {"record name": "Password Spray Compromises", "x": [142626, 239882], "y": [109, 76], "cumulative y": [1, 2], "total events": 2, "not exposed x": [142626, 239882], "not exposed y": [109, 76], "cumulative not exposed y": [1, 2], "total not exposed events": 2}, "User Account Leaks": {"record name": "User Account Has Been Leaked By Compromise", "x": [643, 643, 643, 643, 643, 4695, 4695, 4695, 4695, 6009, 6009, 6009, 6009, 6009, 7659, 7659, 7659, 7659, 7659, 7976, 7976, 7976, 9581, 9581, 9581, 9581, 9581, 10137, 10137, 10137, 10137, 11022, 11022, 11022, 19658, 19658, 19658, 19658, 19658, 20959, 20959, 20959, 22558, 22558, 22558, 22930, 22930, 22930, 24378, 24378, 24378, 24378, 25247, 25247, 25247, 25247, 25247, 26800, 26800, 43420, 43420, 43420, 48122, 48122, 48122, 48122, 53319, 53319, 71274, 71274, 71274, 71274, 74298, 74298, 74298, 74298, 92290, 92290, 99634, 99634, 99634, 142626, 142626, 146098, 146098, 155385, 155385, 172137, 172137, 191224, 191224, 191224, 234699, 234699, 234699], "y": ["Cassandre", "Clarita", "Oriana", "Kaila", "Ruthi", "Evania", "Blondy", "Ernesta", "Gabrila", "Sharron", "Melly", "Aubrie", "Sasha", "Deborah", "Ferne", "Trista", "Jerrilyn", "Gretna", "Pennie", "Doralynne", "Gwenneth", "Kelcie", "Charo", "Sarene", "Penelopa", "Rosalyn", "Norry", "Calypso", "Berget", "Minnnie", "Zonda", "Lillian", "Rosalinde", "Cecelia", "Courtenay", "Lura", "Mari", "Cthrine", "Allie", "Jillayne", "Vivianne", "Kanya", "Crissy", "Cammie", "Doll", "Juli", "Freda", "Camille", "Denice", "Faye", "Carree", "Vanna", "Rosalynd", "Debra", "Leona", "Madelle", "Claudetta", "Brynn", "Myra", "Gayla", "Madelaine", "Teresa", "Jocelyn", "Noella", "Bibby", "Roshelle", "Winnifred", "Julie", "Noelani", "Aryn", "Marijo", "Joelynn", "Phylis", "Violette", "Melloney", "Kiele", "Enriqueta", "Koressa", "Trix", "Jyoti", "Barbara-Anne", "Erina", "Kamila", "Patience", "Imojean", "Jen", "Bab", "Mandie", "Coletta", "Emmalyn", "Lani", "Ansley", "Felicle", "Lidia", "Nedi"], "cumulative y": [1, 2, 3, 4, 5, 6, 7, 8, 9, 10, 11, 12, 13, 14, 15, 16, 17, 18, 19, 20, 21, 22, 23, 24, 25, 26, 27, 28, 29, 30, 31, 32, 33, 34, 35, 36, 37, 38, 39, 40, 41, 42, 43, 44, 45, 46, 47, 48, 49, 50, 51, 52, 53, 54, 55, 56, 57, 58, 59, 60, 61, 62, 63, 64, 65, 66, 67, 68, 69, 70, 71, 72, 73, 74, 75, 76, 77, 78, 79, 80, 81, 82, 83, 84, 85, 86, 87, 88, 89, 90, 91, 92, 93, 94, 95], "total events": 95}, "Vulnerabilities Exploited": {"record name": "Vulnerabilities Exploited", "x": [353, 408, 643, 819, 1026, 1334, 1755, 1914, 2015, 2181, 2350, 2350, 2811, 3016, 3016, 3016, 3109, 3345, 3345, 3422, 4236, 4695, 4695, 6009, 6009, 6009, 6009, 6009, 6009, 6009, 6009, 6009, 6009, 6009, 6009, 6009, 6009, 6009, 6009, 6009, 6009, 6009, 6009, 6361, 7659, 7659, 7659, 7659, 7976, 8306, 9279, 9279, 9581, 9702, 10137, 10805, 10805, 10805, 11022, 11822, 11822, 12853, 13618, 13618, 14373, 14928, 16694, 16948, 19658, 19658, 19883, 27510, 27510, 27510, 27510, 27916, 31807, 31807, 36088, 43420, 43420, 44547, 46426, 48122, 49378, 49378, 52025, 58994, 60376, 62735, 65020, 65020, 66334, 66773, 68096, 73171, 73171, 74298, 74298, 74298, 74298, 78122, 79298, 84206, 84206, 85233, 101392, 102507, 130784, 130784, 130784, 150585, 153083, 158268, 158268, 158268, 190068, 190068, 222974, 222974, 231855], "cumulative exploited vulns": [1, 2, 3, 4, 5, 6, 7, 8, 9, 10, 11, 12, 13, 14, 15, 16, 17, 18, 19, 20, 21, 22, 23, 24, 25, 26, 27, 28, 29, 30, 31, 32, 33, 34, 35, 36, 37, 38, 39, 40, 41, 42, 43, 44, 45, 46, 47, 48, 49, 50, 51, 52, 53, 54, 55, 56, 57, 58, 59, 60, 61, 62, 63, 64, 65, 66, 67, 68, 69, 70, 71, 72, 73, 74, 75, 76, 77, 78, 79, 80, 81, 82, 83, 84, 85, 86, 87, 88, 89, 90, 91, 92, 93, 94, 95, 96, 97, 98, 99, 100, 101, 102, 103, 104, 105, 106, 107, 108, 109, 110, 111, 112, 113, 114, 115, 116, 117, 118, 119, 120, 121],