{"Total Initial Vulnerabilities": 624, "Initial Vulns Per OS": {"centos": {"7": 24, "8": 15, "6": 35, "4": 33, "3": 147, "5": 11}, "ubuntu": {"14.04": 28, "20.04": 12, "18.04": 18, "16.04": 40, "12.04": 7}, "windows": {"8": 29, "10": 19, "7": 27, "8.1": 28, "vista": 19, "xp": 23}, "freebsd": {"9": 9, "11": 16, "12": 27, "13": 12, "10": 45}}, "Average Initial RoA Per OS": {"centos": {"7": 0.02960926098841544, "8": 0.046675479113186036, "6": 0.06812332719932264, "4": 0.06778499843123185, "3": 0.05485914807996013, "5": 0.05149513610462039}, "ubuntu": {"14.04": 0.06354147846801052, "20.04": 0.041067486426891016, "18.04": 0.015750095950955216, "16.04": 0.04876359898085899, "12.04": 0.048921738002719706}, "windows": {"8": 0.06584589934389554, "10": 0.05192804457091266, "7": 0.041115903577159295, "8.1": 0.03538646875926592, "vista": 0.07248505920249367, "xp": 0.05104787623452125}, "freebsd": {"9": 0.04249906708046731, "11": 0.08998441005949921, "12": 0.05049471368191395, "13": 0.040678503834117696, "10": 0.07684143496777332}}, "OS Types In Initial Network": {"centos 7": 15, "windows 10": 14, "ubuntu 14.04": 9, "windows 8": 11, "freebsd 9": 4, "centos 8": 19, "freebsd 11": 6, "freebsd 12": 13, "ubuntu 20.04": 11, "freebsd 13": 15, "centos 6": 11, "windows 8.1": 14, "windows 7": 5, "ubuntu 18.04": 9, "centos 4": 5, "ubuntu 16.04": 11, "ubuntu 12.04": 2, "centos 3": 4, "centos 5": 7, "windows vista": 4, "freebsd 10": 7, "windows xp": 4}, "Initial Hosts Without Vulnerabilities": 38, "Host Compromises": {"record name": "Host Compromises", "x": [427, 561, 1702, 3147, 3525, 11547, 11593, 11759, 12140, 14254, 15837, 16096, 20680, 28296, 28808, 29750, 31223, 39082, 41355, 42932, 53984, 54156, 66190, 72100, 79740, 85412, 85589, 96635, 96786, 112189, 121624, 138818, 143426, 144263, 144532, 146080, 153915, 163437, 166949, 167128, 171490, 175641, 215486, 217047, 236932], "y": [3, 5, 13, 16, 17, 20, 21, 89, 177, 95, 96, 97, 93, 92, 91, 76, 74, 51, 64, 112, 115, 118, 126, 77, 104, 90, 126, 133, 109, 83, 171, 113, 166, 106, 84, 193, 88, 80, 66, 65, 62, 163, 98, 196, 55], "cumulative y": [1, 2, 3, 4, 5, 6, 7, 8, 9, 10, 11, 12, 13, 14, 15, 16, 17, 18, 19, 20, 21, 22, 23, 24, 25, 26, 27, 28, 29, 30, 31, 32, 33, 34, 35, 36, 37, 38, 39, 40, 41, 42, 43, 44, 45], "total events": 45, "not exposed x": [11759, 12140, 14254, 15837, 16096, 20680, 28296, 28808, 29750, 31223, 39082, 41355, 42932, 53984, 54156, 66190, 72100, 79740, 85412, 85589, 96635, 96786, 112189, 121624, 138818, 143426, 144263, 144532, 146080, 153915, 163437, 166949, 167128, 171490, 175641, 215486, 217047, 236932], "not exposed y": [89, 177, 95, 96, 97, 93, 92, 91, 76, 74, 51, 64, 112, 115, 118, 126, 77, 104, 90, 126, 133, 109, 83, 171, 113, 166, 106, 84, 193, 88, 80, 66, 65, 62, 163, 98, 196, 55], "cumulative not exposed y": [1, 2, 3, 4, 5, 6, 7, 8, 9, 10, 11, 12, 13, 14, 15, 16, 17, 18, 19, 20, 21, 22, 23, 24, 25, 26, 27, 28, 29, 30, 31, 32, 33, 34, 35, 36, 37, 38], "total not exposed events": 38}, "Vuln Compromises": {"record name": "Vuln Compromises", "x": [427, 561, 1702, 3147, 3525, 11547, 11593, 11759, 12140, 14254, 15837, 16096, 20680, 28808, 29750, 31223, 41355, 42932, 54156, 66190, 85589, 96635, 112189, 144532, 166949, 217047], "y": [3, 5, 13, 16, 17, 20, 21, 89, 177, 95, 96, 97, 93, 91, 76, 74, 64, 112, 118, 126, 126, 133, 83, 84, 66, 196], "cumulative y": [1, 2, 3, 4, 5, 6, 7, 8, 9, 10, 11, 12, 13, 14, 15, 16, 17, 18, 19, 20, 21, 22, 23, 24, 25, 26], "total events": 26, "not exposed x": [11759, 12140, 14254, 15837, 16096, 20680, 28808, 29750, 31223, 41355, 42932, 54156, 66190, 85589, 96635, 112189, 144532, 166949, 217047], "not exposed y": [89, 177, 95, 96, 97, 93, 91, 76, 74, 64, 112, 118, 126, 126, 133, 83, 84, 66, 196], "cumulative not exposed y": [1, 2, 3, 4, 5, 6, 7, 8, 9, 10, 11, 12, 13, 14, 15, 16, 17, 18, 19], "total not exposed events": 19}, "Reuse Password Compromises": {"record name": "Reuse Password Compromises", "x": [28296, 39082, 53984, 72100, 79740, 85412, 96786, 121624, 138818, 143426, 144263, 146080, 153915, 163437, 167128, 171490, 175641, 215486, 236932], "y": [92, 51, 115, 77, 104, 90, 109, 171, 113, 166, 106, 193, 88, 80, 65, 62, 163, 98, 55], "cumulative y": [1, 2, 3, 4, 5, 6, 7, 8, 9, 10, 11, 12, 13, 14, 15, 16, 17, 18, 19], "total events": 19, "not exposed x": [28296, 39082, 53984, 72100, 79740, 85412, 96786, 121624, 138818, 143426, 144263, 146080, 153915, 163437, 167128, 171490, 175641, 215486, 236932], "not exposed y": [92, 51, 115, 77, 104, 90, 109, 171, 113, 166, 106, 193, 88, 80, 65, 62, 163, 98, 55], "cumulative not exposed y": [1, 2, 3, 4, 5, 6, 7, 8, 9, 10, 11, 12, 13, 14, 15, 16, 17, 18, 19], "total not exposed events": 19}, "Password Spray Compromises": {"record name": "Password Spray Compromises", "x": [], "y": [], "cumulative y": [], "total events": 0, "not exposed x": [], "not exposed y": [], "cumulative not exposed y": [], "total not exposed events": 0}, "User Account Leaks": {"record name": "User Account Has Been Leaked By Compromise", "x": [427, 427, 427, 427, 427, 561, 561, 561, 561, 561, 1702, 1702, 1702, 1702, 3147, 3147, 3147, 3147, 3147, 3525, 3525, 3525, 3525, 3525, 11547, 11547, 11547, 11593, 11593, 11593, 11593, 11593, 11759, 11759, 11759, 11759, 12140, 12140, 12140, 12140, 14254, 14254, 15837, 15837, 15837, 16096, 16096, 16096, 16096, 20680, 20680, 28296, 28296, 28296, 28808, 28808, 28808, 29750, 29750, 29750, 29750, 31223, 31223, 31223, 39082, 39082, 41355, 41355, 41355, 42932, 42932, 53984, 53984, 53984, 53984, 54156, 54156, 66190, 66190, 72100, 72100, 72100, 85412, 85412, 85589, 85589, 96635, 96786, 96786, 96786, 96786, 112189, 112189, 112189, 112189, 121624, 121624, 138818, 138818, 138818, 138818, 143426, 143426, 144263, 144263, 144532, 144532, 146080, 146080, 153915, 153915, 153915, 163437, 163437, 166949, 166949, 166949, 167128, 167128, 167128, 171490, 171490, 215486, 215486, 217047, 217047], "y": ["Oralia", "Tracy", "Catlin", "Natty", "Janet", "Alysia", "Hermina", "Anett", "Judi", "Kathryne", "Deanna", "Melamie", "Krystalle", "Charo", "Cheryl", "Bab", "Jacklyn", "Ted", "Orelle", "Nikoletta", "Emmeline", "Loni", "Mada", "Madelyn", "Aline", "Lianna", "Dasya", "Dianna", "Kristina", "Druci", "Audry", "Bebe", "Nerissa", "Bernete", "Almeria", "Tonya", "May", "Ebony", "Felicdad", "Yasmeen", "Lurline", "Peggie", "Eirena", "Melisa", "Amelita", "Jo", "Jacquetta", "Correna", "Oona", "Storm", "Sheilah", "Zenia", "Fernanda", "Fred", "Erma", "Gilemette", "Alecia", "Ofelia", "Hyacinthia", "Aleda", "Lisabeth", "Lorilyn", "Stormi", "Tana", "Elsie", "Corrinne", "Ainslee", "Emilia", "Julissa", "Henrieta", "Aila", "Trisha", "Izabel", "Veradis", "Ruthie", "Cher", "Jillayne", "Tara", "Belia", "Letta", "Mavis", "Allx", "Lethia", "Nelia", "Shir", "Mariana", "Jacqueline", "Nevsa", "Kania", "Martynne", "Felice", "Rosaline", "Patty", "Sophi", "Bobbi", "Charyl", "Moselle", "Anjanette", "Rosita", "Erika", "Elise", "Philis", "Kelcey", "Orelie", "Nixie", "Edie", "Kinna", "Gerty", "Jill", "Deidre", "Ilise", "Gabbey", "Frederica", "Ivy", "Michelle", "Faye", "Maure", "Ivette", "Caron", "Gertrud", "Heidie", "Lolly", "Adara", "Colly", "Roxanne", "Clerissa"], "cumulative y": [1, 2, 3, 4, 5, 6, 7, 8, 9, 10, 11, 12, 13, 14, 15, 16, 17, 18, 19, 20, 21, 22, 23, 24, 25, 26, 27, 28, 29, 30, 31, 32, 33, 34, 35, 36, 37, 38, 39, 40, 41, 42, 43, 44, 45, 46, 47, 48, 49, 50, 51, 52, 53, 54, 55, 56, 57, 58, 59, 60, 61, 62, 63, 64, 65, 66, 67, 68, 69, 70, 71, 72, 73, 74, 75, 76, 77, 78, 79, 80, 81, 82, 83, 84, 85, 86, 87, 88, 89, 90, 91, 92, 93, 94, 95, 96, 97, 98, 99, 100, 101, 102, 103, 104, 105, 106, 107, 108, 109, 110, 111, 112, 113, 114, 115, 116, 117, 118, 119, 120, 121, 122, 123, 124, 125, 126], "total events": 126}, "Vulnerabilities Exploited": {"record name": "Vulnerabilities Exploited",