{"Total Initial Vulnerabilities": 725, "Initial Vulns Per OS": {"centos": {"3": 38, "8": 18, "4": 8, "7": 25, "5": 6, "6": 32}, "ubuntu": {"12.04": 40, "18.04": 21, "20.04": 10, "10.04": 52, "14.04": 31, "16.04": 22}, "windows": {"8.1": 48, "8": 51, "vista": 36, "7": 21, "10": 30, "xp": 10}, "freebsd": {"8": 112, "13": 17, "12": 38, "11": 32, "10": 15, "9": 12}}, "Average Initial RoA Per OS": {"centos": {"3": 0.05692143188270327, "8": 0.049510766953754656, "4": 0.08089963399702514, "7": 0.08237590457451956, "5": 0.07070487282392411, "6": 0.062168343834884655}, "ubuntu": {"12.04": 0.048082717362567674, "18.04": 0.08689132104677574, "20.04": 0.05977925526228115, "10.04": 0.07202882990228893, "14.04": 0.10073307178101142, "16.04": 0.0720987049212582}, "windows": {"8.1": 0.07703222356561361, "8": 0.08590247198706459, "vista": 0.06848943417218942, "7": 0.09651900371100866, "10": 0.07474020553893555, "xp": 0.09475151949406632}, "freebsd": {"8": 0.06970208788797184, "13": 0.09774357360891793, "12": 0.09011318436201737, "11": 0.09932645149707614, "10": 0.0680360932812059, "9": 0.03499675569227153}}, "OS Types In Initial Network": {"centos 3": 2, "ubuntu 12.04": 7, "windows 8.1": 16, "freebsd 8": 4, "windows 8": 13, "ubuntu 18.04": 13, "centos 8": 18, "windows vista": 7, "freebsd 13": 13, "freebsd 12": 14, "centos 4": 3, "centos 7": 10, "ubuntu 20.04": 12, "freebsd 11": 9, "ubuntu 10.04": 3, "windows 7": 5, "centos 5": 3, "ubuntu 14.04": 7, "centos 6": 9, "ubuntu 16.04": 7, "windows 10": 17, "freebsd 10": 4, "freebsd 9": 3, "windows xp": 1}, "Initial Hosts Without Vulnerabilities": 44, "Host Compromises": {"record name": "Host Compromises", "x": [1995, 3306, 4359, 4729, 4935, 13085, 22482, 28756, 30335, 31120, 38691, 38786, 39256, 40982, 51575, 52635, 56743, 74987, 85558, 94254, 94904, 95050, 98585, 109320, 110045, 135965, 146240, 187622, 202577, 210899, 212354], "y": [8, 15, 20, 60, 120, 3, 40, 61, 64, 2, 28, 29, 31, 33, 114, 116, 122, 59, 57, 55, 65, 151, 187, 50, 115, 126, 73, 67, 72, 106, 68], "cumulative y": [1, 2, 3, 4, 5, 6, 7, 8, 9, 10, 11, 12, 13, 14, 15, 16, 17, 18, 19, 20, 21, 22, 23, 24, 25, 26, 27, 28, 29, 30, 31], "total events": 31, "not exposed x": [4729, 4935, 28756, 30335, 51575, 52635, 56743, 74987, 85558, 94254, 94904, 95050, 98585, 109320, 110045, 135965, 146240, 187622, 202577, 210899, 212354], "not exposed y": [60, 120, 61, 64, 114, 116, 122, 59, 57, 55, 65, 151, 187, 50, 115, 126, 73, 67, 72, 106, 68], "cumulative not exposed y": [1, 2, 3, 4, 5, 6, 7, 8, 9, 10, 11, 12, 13, 14, 15, 16, 17, 18, 19, 20, 21], "total not exposed events": 21}, "Vuln Compromises": {"record name": "Vuln Compromises", "x": [1995, 3306, 4359, 4729, 22482, 28756, 30335, 31120, 38691, 39256, 40982, 51575, 52635, 56743, 74987, 85558, 94254, 95050, 98585, 109320, 110045, 135965, 187622, 202577, 210899, 212354], "y": [8, 15, 20, 60, 40, 61, 64, 2, 28, 31, 33, 114, 116, 122, 59, 57, 55, 151, 187, 50, 115, 126, 67, 72, 106, 68], "cumulative y": [1, 2, 3, 4, 5, 6, 7, 8, 9, 10, 11, 12, 13, 14, 15, 16, 17, 18, 19, 20, 21, 22, 23, 24, 25, 26], "total events": 26, "not exposed x": [4729, 28756, 30335, 51575, 52635, 56743, 74987, 85558, 94254, 95050, 98585, 109320, 110045, 135965, 187622, 202577, 210899, 212354], "not exposed y": [60, 61, 64, 114, 116, 122, 59, 57, 55, 151, 187, 50, 115, 126, 67, 72, 106, 68], "cumulative not exposed y": [1, 2, 3, 4, 5, 6, 7, 8, 9, 10, 11, 12, 13, 14, 15, 16, 17, 18], "total not exposed events": 18}, "Reuse Password Compromises": {"record name": "Reuse Password Compromises", "x": [4935, 13085, 38786, 94904, 146240], "y": [120, 3, 29, 65, 73], "cumulative y": [1, 2, 3, 4, 5], "total events": 5, "not exposed x": [4935, 94904, 146240], "not exposed y": [120, 65, 73], "cumulative not exposed y": [1, 2, 3], "total not exposed events": 3}, "Password Spray Compromises": {"record name": "Password Spray Compromises", "x": [], "y": [], "cumulative y": [], "total events": 0, "not exposed x": [], "not exposed y": [], "cumulative not exposed y": [], "total not exposed events": 0}, "User Account Leaks": {"record name": "User Account Has Been Leaked By Compromise", "x": [1995, 1995, 1995, 1995, 1995, 3306, 3306, 3306, 3306, 3306, 4359, 4359, 4359, 4359, 4359, 4729, 4729, 4729, 4729, 4729, 4935, 4935, 4935, 13085, 13085, 13085, 22482, 22482, 22482, 28756, 28756, 28756, 28756, 28756, 30335, 30335, 30335, 30335, 30335, 31120, 31120, 31120, 31120, 31120, 38691, 38691, 38691, 38691, 38786, 38786, 38786, 39256, 39256, 39256, 39256, 40982, 40982, 40982, 40982, 51575, 51575, 51575, 52635, 52635, 52635, 52635, 56743, 56743, 74987, 74987, 74987, 74987, 85558, 85558, 85558, 85558, 94254, 94254, 94254, 94904, 94904, 94904, 94904, 95050, 95050, 95050, 98585, 98585, 98585, 109320, 110045, 110045, 135965, 135965, 146240, 187622, 187622, 187622, 202577, 202577, 202577, 210899, 212354], "y": ["Marge", "Estrella", "Colline", "Anthe", "Claire", "Carole", "Denni", "Aurea", "Deloria", "Shaylynn", "Juli", "Anjanette", "Ilka", "Myrna", "Aundrea", "Grier", "Colette", "Winnifred", "Alyss", "Eadie", "Dionne", "Abbye", "Sophie", "Tracee", "Freda", "Fernande", "Merrily", "Rena", "George", "Kelcey", "Rachele", "Krystalle", "Rycca", "Nomi", "Dorine", "Shaun", "Nonah", "Annaliese", "Kelcy", "Gilly", "Arlette", "Gae", "Pam", "Nicky", "Elly", "Juliette", "Babbie", "Rosina", "Eryn", "Britta", "Eilis", "Adiana", "Beryl", "Corrinne", "Cynthia", "Constanta", "Rhodie", "Nariko", "Gianna", "Veriee", "Cecily", "Terza", "Lyndsay", "Henryetta", "Claudina", "Valenka", "Harmony", "Nikoletta", "Robyn", "Amalie", "Bliss", "Cora", "Jaquith", "Doralin", "Lane", "Margarita", "Caresa", "Fayina", "Lynnet", "Tiff", "Tessa", "Dotty", "Rochell", "Christiana", "Devin", "Lin", "Martguerita", "Rivi", "Aeriel", "Lira", "Siouxie", "Barbara", "Hanna", "Lizbeth", "Engracia", "Cris", "Donna", "Daile", "Krystyna", "Rhianon", "Marlena", "Hildagard", "Gizela"], "cumulative y": [1, 2, 3, 4, 5, 6, 7, 8, 9, 10, 11, 12, 13, 14, 15, 16, 17, 18, 19, 20, 21, 22, 23, 24, 25, 26, 27, 28, 29, 30, 31, 32, 33, 34, 35, 36, 37, 38, 39, 40, 41, 42, 43, 44, 45, 46, 47, 48, 49, 50, 51, 52, 53, 54, 55, 56, 57, 58, 59, 60, 61, 62, 63, 64, 65, 66, 67, 68, 69, 70, 71, 72, 73, 74, 75, 76, 77, 78, 79, 80, 81, 82, 83, 84, 85, 86, 87, 88, 89, 90, 91, 92, 93, 94, 95, 96, 97, 98, 99, 100, 101, 102, 103], "total events": 103}, "Vulnerabilities Exploited": {"record name": "Vulnerabilities Exploited", "x": [271, 1072, 1072, 1072, 1072, 1072, 1072, 1263, 1263, 1499, 1995, 2185, 2185, 2555, 2555, 2555, 2749, 3081, 3306, 3409, 3409, 3753, 3753, 3753, 3873, 4359, 4359, 4794, 5201, 5429, 12899, 13424, 13697, 13985, 14266, 17241, 18103, 18103, 18977, 18977, 18977, 18977, 19376, 19679, 20843, 20843, 20843, 20843, 20843, 20843, 20843, 20843, 20843, 20843, 20843, 20843, 20843, 20843, 20843, 20843, 21620, 21857, 21857, 22260, 22260, 22482, 22656, 23005, 24493, 25002, 25298, 26687, 26687, 26687, 26687, 26687, 27854, 28349, 31221, 31906, 36763, 38691, 38691, 38691, 38691, 39256, 40982, 40982, 40982, 40982, 40982, 40982, 40982, 40982, 40982, 40982, 40982, 40982, 46501, 46911, 50595, 51575, 51575, 52752, 56894, 61669, 70075, 74102, 85558, 85558, 88952, 98585, 99333, 114759, 117510, 120969, 123760, 136317, 136317, 150622, 176725, 183874, 196711, 197982, 212354], "cumulative exploited vulns": [1, 2, 3, 4, 5, 6, 7, 8, 9, 10, 11, 12, 13, 14, 15, 16, 17, 18, 19, 20, 21, 22, 23, 24, 25, 26, 27, 28, 29, 30, 31, 32, 33, 34, 35, 36, 37, 38, 39, 40, 41, 42, 43, 44, 45, 46, 47, 48, 49, 50, 51, 52, 53, 54, 55, 56, 57, 58, 59, 60, 61, 62, 63, 64, 65, 66, 67, 68, 69, 70, 71, 72, 73, 74, 75, 76, 77, 78, 79, 80, 81, 82, 83, 84, 85, 86, 87, 88, 89, 90, 91, 92, 93, 94, 95, 96, 97, 98, 99, 100, 101, 102, 103, 104, 105, 106, 107, 108, 109, 110, 111, 112, 113, 114, 115, 116, 117, 118, 119, 120, 121, 122, 123, 124, 125],