{"Total Initial Vulnerabilities": 800, "Initial Vulns Per OS": {"centos": {"3": 119, "4": 42, "7": 30, "8": 11, "6": 39, "5": 32}, "windows": {"8.1": 25, "7": 24, "8": 55, "10": 18, "vista": 13, "xp": 40}, "ubuntu": {"16.04": 33, "18.04": 53, "14.04": 11, "12.04": 26, "20.04": 4, "10.04": 30}, "freebsd": {"12": 19, "11": 51, "13": 8, "9": 31, "8": 73, "10": 13}}, "Average Initial RoA Per OS": {"centos": {"3": 0.06647967897893359, "4": 0.05036754843843948, "7": 0.07057895130547, "8": 0.011078817725592178, "6": 0.0669716151713834, "5": 0.0754520756385686}, "windows": {"8.1": 0.09102973384988616, "7": 0.04410766922104622, "8": 0.05717531661922834, "10": 0.02686857096548577, "vista": 0.036148380920086196, "xp": 0.04132374954499042}, "ubuntu": {"16.04": 0.026464584880265197, "18.04": 0.06414733744306, "14.04": 0.04748403919962532, "12.04": 0.06718482259821482, "20.04": 0.06343968124519156, "10.04": 0.04617828537799872}, "freebsd": {"12": 0.07634917509724849, "11": 0.055287350770524275, "13": 0.014641866956311657, "9": 0.04385556983388714, "8": 0.052896002703218044, "10": 0.03173532341595571}}, "OS Types In Initial Network": {"centos 3": 5, "windows 8.1": 11, "centos 8": 10, "windows 7": 6, "ubuntu 16.04": 9, "centos 4": 7, "centos 7": 15, "windows 8": 14, "freebsd 10": 7, "windows 10": 17, "freebsd 12": 11, "ubuntu 18.04": 17, "freebsd 11": 15, "freebsd 13": 7, "freebsd 9": 7, "ubuntu 20.04": 8, "freebsd 8": 3, "ubuntu 14.04": 4, "ubuntu 12.04": 5, "centos 6": 8, "ubuntu 10.04": 3, "windows vista": 3, "windows xp": 2, "centos 5": 6}, "Initial Hosts Without Vulnerabilities": 36, "Host Compromises": {"record name": "Host Compromises", "x": [2323, 7498, 8125, 10100, 11176, 14299, 15221, 17560, 19060, 20369, 23933, 27748, 28550, 38920, 42371, 45464, 169917, 171409, 177785, 177915, 225441, 242820], "y": [8, 36, 40, 44, 47, 4, 7, 15, 73, 78, 17, 27, 28, 51, 50, 55, 61, 66, 72, 90, 145, 53], "cumulative y": [1, 2, 3, 4, 5, 6, 7, 8, 9, 10, 11, 12, 13, 14, 15, 16, 17, 18, 19, 20, 21, 22], "total events": 22, "not exposed x": [19060, 20369, 38920, 42371, 45464, 169917, 171409, 177785, 177915, 225441, 242820], "not exposed y": [73, 78, 51, 50, 55, 61, 66, 72, 90, 145, 53], "cumulative not exposed y": [1, 2, 3, 4, 5, 6, 7, 8, 9, 10, 11], "total not exposed events": 11}, "Vuln Compromises": {"record name": "Vuln Compromises", "x": [2323, 7498, 8125, 10100, 11176, 14299, 17560, 27748, 28550, 45464, 169917, 171409, 242820], "y": [8, 36, 40, 44, 47, 4, 15, 27, 28, 55, 61, 66, 53], "cumulative y": [1, 2, 3, 4, 5, 6, 7, 8, 9, 10, 11, 12, 13], "total events": 13, "not exposed x": [45464, 169917, 171409, 242820], "not exposed y": [55, 61, 66, 53], "cumulative not exposed y": [1, 2, 3, 4], "total not exposed events": 4}, "Reuse Password Compromises": {"record name": "Reuse Password Compromises", "x": [15221, 19060, 20369, 23933, 38920, 42371, 177785, 177915, 225441], "y": [7, 73, 78, 17, 51, 50, 72, 90, 145], "cumulative y": [1, 2, 3, 4, 5, 6, 7, 8, 9], "total events": 9, "not exposed x": [19060, 20369, 38920, 42371, 177785, 177915, 225441], "not exposed y": [73, 78, 51, 50, 72, 90, 145], "cumulative not exposed y": [1, 2, 3, 4, 5, 6, 7], "total not exposed events": 7}, "Password Spray Compromises": {"record name": "Password Spray Compromises", "x": [], "y": [], "cumulative y": [], "total events": 0, "not exposed x": [], "not exposed y": [], "cumulative not exposed y": [], "total not exposed events": 0}, "User Account Leaks": {"record name": "User Account Has Been Leaked By Compromise", "x": [2323, 2323, 2323, 2323, 2323, 7498, 7498, 7498, 7498, 7498, 8125, 8125, 8125, 8125, 8125, 10100, 10100, 10100, 10100, 10100, 11176, 11176, 11176, 11176, 14299, 14299, 14299, 15221, 15221, 15221, 15221, 17560, 17560, 17560, 17560, 19060, 19060, 19060, 19060, 20369, 20369, 20369, 23933, 23933, 27748, 27748, 27748, 27748, 27748, 28550, 28550, 28550, 28550, 28550, 38920, 38920, 38920, 38920, 42371, 42371, 45464, 45464, 45464, 45464, 45464, 169917, 169917, 169917, 169917, 171409, 171409, 171409, 171409, 177785, 177785, 177785, 177915, 177915, 177915, 177915, 225441, 225441, 242820, 242820], "y": ["Loise", "Marcille", "Hollie", "Rosemonde", "Bunny", "Kirbee", "Alicia", "Rochelle", "Isa", "Madelene", "Perri", "Tana", "Celestina", "Daffi", "Sharl", "Cherie", "Tallie", "Flo", "Rycca", "Eada", "Christalle", "Britte", "Kristen", "Ruthann", "Dacie", "Matelda", "Shirlee", "Georgie", "Stepha", "Kip", "Erika", "Waneta", "Nessa", "Wenda", "Carmon", "Gnni", "Abagael", "Vitia", "Kerri", "Laure", "Janenna", "Xena", "Brear", "Theda", "Cordelia", "Tatiana", "Anni", "Gabbie", "Ainsley", "Pam", "Jenni", "Tiff", "Lanie", "Sean", "Monique", "Jaclin", "Maressa", "Lucille", "Shelbi", "Eartha", "Rosamond", "Tierney", "Roxane", "Genvieve", "Gillan", "Tori", "Petronella", "Marika", "Brianna", "Susanetta", "Joelie", "Lorelle", "Ivett", "Judie", "Leda", "Lynnell", "Lucy", "Joycelin", "Anette", "Lynsey", "Philippine", "Kellie", "Tedi", "Mufinella"], "cumulative y": [1, 2, 3, 4, 5, 6, 7, 8, 9, 10, 11, 12, 13, 14, 15, 16, 17, 18, 19, 20, 21, 22, 23, 24, 25, 26, 27, 28, 29, 30, 31, 32, 33, 34, 35, 36, 37, 38, 39, 40, 41, 42, 43, 44, 45, 46, 47, 48, 49, 50, 51, 52, 53, 54, 55, 56, 57, 58, 59, 60, 61, 62, 63, 64, 65, 66, 67, 68, 69, 70, 71, 72, 73, 74, 75, 76, 77, 78, 79, 80, 81, 82, 83, 84], "total events": 84}, "Vulnerabilities Exploited": {"record name": "Vulnerabilities Exploited", "x": [580, 580, 580, 580, 580, 580, 580, 580, 755, 755, 1367, 1875, 1875, 2232, 2232, 2323, 2323, 2323, 2692, 2692, 2946, 2946, 2946, 3301, 3445, 3644, 3644, 4224, 4470, 4601, 5811, 5811, 5811, 5811, 5811, 5811, 5811, 5811, 5811, 5811, 5811, 5811, 6275, 6275, 6275, 6275, 6275, 6556, 6556, 7244, 7342, 7638, 8125, 8125, 8711, 8711, 8711, 8897, 9147, 10100, 10100, 10100, 10100, 10100, 10100, 10422, 11176, 11176, 11176, 11176, 11176, 11543, 11543, 13297, 13297, 13507, 14031, 14299, 15539, 15539, 15770, 16192, 16192, 16192, 16192, 19392, 19846, 21397, 25026, 26745, 27748, 27748, 27748, 27926, 28550, 28550, 34362, 36826, 40263, 40698, 41963, 43343, 45464, 45464, 55098, 79280, 124898, 169917, 171409, 174858, 225678, 242820, 242820], "cumulative exploited vulns": [1, 2, 3, 4, 5, 6, 7, 8, 9, 10, 11, 12, 13, 14, 15, 16, 17, 18, 19, 20, 21, 22, 23, 24, 25, 26, 27, 28, 29, 30, 31, 32, 33, 34, 35, 36, 37, 38, 39, 40, 41, 42, 43, 44, 45, 46, 47, 48, 49, 50, 51, 52, 53, 54, 55, 56, 57, 58, 59, 60, 61, 62, 63, 64, 65, 66, 67, 68, 69, 70, 71, 72, 73, 74, 75, 76, 77, 78, 79, 80, 81, 82, 83, 84, 85, 86, 87, 88, 89, 90, 91, 92, 93, 94, 95, 96, 97, 98, 99, 100, 101, 102, 103, 104, 105, 106, 107, 108, 109, 110, 111, 112, 113],