{"Total Initial Vulnerabilities": 488, "Initial Vulns Per OS": {"centos": {"4": 25, "5": 46, "8": 18, "6": 32, "7": 33, "3": 48}, "ubuntu": {"18.04": 33, "16.04": 11, "14.04": 12, "20.04": 8, "12.04": 13}, "windows": {"10": 17, "8": 12, "7": 19, "8.1": 21, "vista": 20}, "freebsd": {"11": 30, "8": 46, "13": 8, "12": 28, "9": 8}}, "Average Initial RoA Per OS": {"centos": {"4": 0.04569042743059466, "5": 0.036745793158802866, "8": 0.06047713879901159, "6": 0.06401950007712466, "7": 0.0475226584489198, "3": 0.045960692878886905}, "ubuntu": {"18.04": 0.03297374465004335, "16.04": 0.03708663755164665, "14.04": 0.046647598496894725, "20.04": 0.06611884845324355, "12.04": 0.0519142837272767}, "windows": {"10": 0.049996412832755244, "8": 0.04573961588029466, "7": 0.059734206063865876, "8.1": 0.060555227591579865, "vista": 0.02779794740293192}, "freebsd": {"11": 0.05995742613201906, "8": 0.05652466325567733, "13": 0.05333605504425797, "12": 0.03840092329423226, "9": 0.034971745026123005}}, "OS Types In Initial Network": {"centos 4": 7, "freebsd 12": 16, "ubuntu 18.04": 14, "windows 10": 20, "centos 5": 13, "freebsd 13": 10, "ubuntu 16.04": 7, "centos 8": 15, "centos 6": 15, "windows 8": 7, "freebsd 11": 9, "freebsd 8": 3, "ubuntu 14.04": 5, "windows 7": 7, "centos 7": 13, "windows 8.1": 10, "centos 3": 2, "windows vista": 5, "freebsd 9": 3, "ubuntu 20.04": 17, "ubuntu 12.04": 2}, "Initial Hosts Without Vulnerabilities": 52, "Host Compromises": {"record name": "Host Compromises", "x": [194, 2144, 2545, 4613, 9453, 9771, 12829, 14085, 17022, 18058, 21779, 28607, 29163, 30070, 32315, 43829, 45372, 46861, 47713, 47806, 62372, 62500, 77016, 78067, 79445, 79580, 85905, 86328, 88764, 97528, 102827, 108544, 129960, 130126, 130420, 130602, 130797, 135150, 136395, 136590, 136964, 138156, 138322, 146741, 163788, 167426, 175712, 181632, 181875, 182142, 185223, 209928, 211629, 218162, 223354, 223666, 224859, 225103, 231134, 232345, 234942, 240371], "y": [0, 17, 18, 31, 49, 1, 11, 12, 20, 24, 2, 27, 29, 32, 38, 14, 21, 26, 30, 33, 112, 148, 177, 54, 119, 61, 60, 51, 55, 143, 114, 50, 141, 147, 158, 159, 63, 59, 117, 115, 132, 71, 122, 146, 172, 75, 130, 72, 52, 57, 199, 120, 77, 78, 116, 105, 131, 129, 166, 70, 165, 62], "cumulative y": [1, 2, 3, 4, 5, 6, 7, 8, 9, 10, 11, 12, 13, 14, 15, 16, 17, 18, 19, 20, 21, 22, 23, 24, 25, 26, 27, 28, 29, 30, 31, 32, 33, 34, 35, 36, 37, 38, 39, 40, 41, 42, 43, 44, 45, 46, 47, 48, 49, 50, 51, 52, 53, 54, 55, 56, 57, 58, 59, 60, 61, 62], "total events": 62, "not exposed x": [62372, 62500, 77016, 78067, 79445, 79580, 85905, 86328, 88764, 97528, 102827, 108544, 129960, 130126, 130420, 130602, 130797, 135150, 136395, 136590, 136964, 138156, 138322, 146741, 163788, 167426, 175712, 181632, 181875, 182142, 185223, 209928, 211629, 218162, 223354, 223666, 224859, 225103, 231134, 232345, 234942, 240371], "not exposed y": [112, 148, 177, 54, 119, 61, 60, 51, 55, 143, 114, 50, 141, 147, 158, 159, 63, 59, 117, 115, 132, 71, 122, 146, 172, 75, 130, 72, 52, 57, 199, 120, 77, 78, 116, 105, 131, 129, 166, 70, 165, 62], "cumulative not exposed y": [1, 2, 3, 4, 5, 6, 7, 8, 9, 10, 11, 12, 13, 14, 15, 16, 17, 18, 19, 20, 21, 22, 23, 24, 25, 26, 27, 28, 29, 30, 31, 32, 33, 34, 35, 36, 37, 38, 39, 40, 41, 42], "total not exposed events": 42}, "Vuln Compromises": {"record name": "Vuln Compromises", "x": [194, 2144, 2545, 4613, 9453, 9771, 12829, 14085, 17022, 18058, 21779, 28607, 29163, 30070, 32315, 43829, 46861, 47713, 47806, 62500, 77016, 78067, 79445, 79580, 85905, 86328, 88764, 97528, 102827, 129960, 130126, 130420, 130602, 130797, 135150, 136395, 136590, 136964, 138156, 138322, 146741, 163788, 175712, 181632, 181875, 182142, 185223, 209928, 211629, 218162, 223354, 223666, 224859, 225103, 231134, 232345, 234942, 240371], "y": [0, 17, 18, 31, 49, 1, 11, 12, 20, 24, 2, 27, 29, 32, 38, 14, 26, 30, 33, 148, 177, 54, 119, 61, 60, 51, 55, 143, 114, 141, 147, 158, 159, 63, 59, 117, 115, 132, 71, 122, 146, 172, 130, 72, 52, 57, 199, 120, 77, 78, 116, 105, 131, 129, 166, 70, 165, 62], "cumulative y": [1, 2, 3, 4, 5, 6, 7, 8, 9, 10, 11, 12, 13, 14, 15, 16, 17, 18, 19, 20, 21, 22, 23, 24, 25, 26, 27, 28, 29, 30, 31, 32, 33, 34, 35, 36, 37, 38, 39, 40, 41, 42, 43, 44, 45, 46, 47, 48, 49, 50, 51, 52, 53, 54, 55, 56, 57, 58], "total events": 58, "not exposed x": [62500, 77016, 78067, 79445, 79580, 85905, 86328, 88764, 97528, 102827, 129960, 130126, 130420, 130602, 130797, 135150, 136395, 136590, 136964, 138156, 138322, 146741, 163788, 175712, 181632, 181875, 182142, 185223, 209928, 211629, 218162, 223354, 223666, 224859, 225103, 231134, 232345, 234942, 240371], "not exposed y": [148, 177, 54, 119, 61, 60, 51, 55, 143, 114, 141, 147, 158, 159, 63, 59, 117, 115, 132, 71, 122, 146, 172, 130, 72, 52, 57, 199, 120, 77, 78, 116, 105, 131, 129, 166, 70, 165, 62], "cumulative not exposed y": [1, 2, 3, 4, 5, 6, 7, 8, 9, 10, 11, 12, 13, 14, 15, 16, 17, 18, 19, 20, 21, 22, 23, 24, 25, 26, 27, 28, 29, 30, 31, 32, 33, 34, 35, 36, 37, 38, 39], "total not exposed events": 39}, "Reuse Password Compromises": {"record name": "Reuse Password Compromises", "x": [45372, 62372, 167426], "y": [21, 112, 75], "cumulative y": [1, 2, 3], "total events": 3, "not exposed x": [62372, 167426], "not exposed y": [112, 75], "cumulative not exposed y": [1, 2], "total not exposed events": 2}, "Password Spray Compromises": {"record name": "Password Spray Compromises", "x": [108544], "y": [50], "cumulative y": [1], "total events": 1, "not exposed x": [108544], "not exposed y": [50], "cumulative not exposed y": [1], "total not exposed events": 1}, "User Account Leaks": {"record name": "User Account Has Been Leaked By Compromise", "x": [194, 194, 194, 194, 194, 2144, 2144, 2144, 2144, 2144, 2545, 2545, 2545, 4613, 4613, 4613, 4613, 4613, 9453, 9453, 9453, 9453, 9453, 9771, 9771, 9771, 9771, 12829, 12829, 12829, 14085, 14085, 14085, 14085, 14085, 17022, 17022, 17022, 17022, 17022, 18058, 18058, 18058, 21779, 21779, 21779, 21779, 21779, 28607, 28607, 28607, 28607, 29163, 29163, 29163, 29163, 29163, 30070, 30070, 30070, 30070, 32315, 32315, 32315, 43829, 43829, 43829, 43829, 43829, 45372, 45372, 45372, 46861, 46861, 46861, 47713, 47713, 47713, 47806, 47806, 47806, 47806, 62372, 62372, 62372, 62372, 62500, 62500, 62500, 77016, 77016, 78067, 78067, 79445, 79445, 79445, 79580, 79580, 79580, 86328, 86328, 88764, 88764, 97528, 97528, 102827, 108544, 108544, 129960, 129960, 129960, 130126, 130126, 130126, 130126, 130420, 130420, 130420, 130602, 130602, 130797, 130797, 130797, 135150, 135150, 136395, 136395, 136395, 136395, 136590, 136964, 136964, 136964, 138156, 138156, 138322, 146741, 146741, 146741, 163788, 163788, 167426, 175712, 181632, 181632, 181875, 181875, 181875, 182142, 182142, 185223, 211629, 223354, 223354, 223666, 224859, 225103, 225103, 231134, 231134],