{"Total Initial Vulnerabilities": 726, "Initial Vulns Per OS": {"ubuntu": {"18.04": 10, "14.04": 28, "16.04": 16, "12.04": 21, "20.04": 15}, "windows": {"8.1": 19, "7": 25, "xp": 187, "vista": 24, "8": 29, "10": 4}, "freebsd": {"12": 8, "9": 18, "8": 45, "13": 8, "11": 25, "10": 35}, "centos": {"8": 18, "3": 58, "4": 28, "7": 20, "5": 38, "6": 47}}, "Average Initial RoA Per OS": {"ubuntu": {"18.04": 0.05228807823398078, "14.04": 0.022760426407048805, "16.04": 0.011623353897160382, "12.04": 0.049150058293998, "20.04": 0.10421592842299293}, "windows": {"8.1": 0.08264477279270763, "7": 0.013799403180115076, "xp": 0.04374466441002948, "vista": 0.050684526002424866, "8": 0.0630397261310999, "10": 0.014704979653470953}, "freebsd": {"12": 0.04188790438941648, "9": 0.06057616884911196, "8": 0.029720368004907825, "13": 0.10443750939116783, "11": 0.04575215356658806, "10": 0.021465478246820484}, "centos": {"8": 0.11362417077044135, "3": 0.03725387445312077, "4": 0.08814655056701111, "7": 0.04858483510210502, "5": 0.07966684803932637, "6": 0.05598745084325615}}, "OS Types In Initial Network": {"ubuntu 18.04": 10, "windows 8.1": 11, "ubuntu 14.04": 6, "freebsd 12": 9, "freebsd 9": 4, "centos 8": 14, "windows 7": 5, "ubuntu 16.04": 5, "ubuntu 12.04": 6, "freebsd 8": 3, "centos 3": 2, "freebsd 13": 17, "centos 4": 8, "ubuntu 20.04": 16, "freebsd 11": 8, "windows xp": 5, "centos 7": 14, "windows vista": 5, "centos 5": 8, "centos 6": 15, "freebsd 10": 7, "windows 10": 14, "windows 8": 8}, "Initial Hosts Without Vulnerabilities": 51, "Host Compromises": {"record name": "Host Compromises", "x": [825, 7002, 13697, 14823, 15585, 18917, 18993, 22835, 26861, 28392, 30232, 56801, 57587, 184075], "y": [5, 20, 3, 10, 11, 52, 115, 57, 58, 60, 143, 77, 114, 101], "cumulative y": [1, 2, 3, 4, 5, 6, 7, 8, 9, 10, 11, 12, 13, 14], "total events": 14, "not exposed x": [18917, 18993, 22835, 26861, 28392, 30232, 56801, 57587, 184075], "not exposed y": [52, 115, 57, 58, 60, 143, 77, 114, 101], "cumulative not exposed y": [1, 2, 3, 4, 5, 6, 7, 8, 9], "total not exposed events": 9}, "Vuln Compromises": {"record name": "Vuln Compromises", "x": [825, 7002, 13697, 14823, 15585, 18917, 26861, 28392, 30232, 57587, 184075], "y": [5, 20, 3, 10, 11, 52, 58, 60, 143, 114, 101], "cumulative y": [1, 2, 3, 4, 5, 6, 7, 8, 9, 10, 11], "total events": 11, "not exposed x": [18917, 26861, 28392, 30232, 57587, 184075], "not exposed y": [52, 58, 60, 143, 114, 101], "cumulative not exposed y": [1, 2, 3, 4, 5, 6], "total not exposed events": 6}, "Reuse Password Compromises": {"record name": "Reuse Password Compromises", "x": [18993, 22835, 56801], "y": [115, 57, 77], "cumulative y": [1, 2, 3], "total events": 3, "not exposed x": [18993, 22835, 56801], "not exposed y": [115, 57, 77], "cumulative not exposed y": [1, 2, 3], "total not exposed events": 3}, "Password Spray Compromises": {"record name": "Password Spray Compromises", "x": [], "y": [], "cumulative y": [], "total events": 0, "not exposed x": [], "not exposed y": [], "cumulative not exposed y": [], "total not exposed events": 0}, "User Account Leaks": {"record name": "User Account Has Been Leaked By Compromise", "x": [825, 825, 825, 825, 825, 7002, 7002, 7002, 7002, 7002, 13697, 13697, 13697, 13697, 13697, 14823, 14823, 14823, 14823, 15585, 15585, 15585, 15585, 15585, 18917, 18917, 18917, 18917, 18917, 18993, 18993, 18993, 18993, 22835, 22835, 22835, 22835, 26861, 26861, 26861, 28392, 28392, 28392, 28392, 30232, 30232, 30232, 30232, 56801, 57587, 57587, 57587, 184075, 184075, 184075, 184075], "y": ["Nicolea", "Dorette", "Shela", "Valina", "Alberta", "Binni", "Aloise", "Brigitte", "Rasla", "Karina", "Leora", "Faustine", "Karie", "Antonina", "Estrellita", "Peggi", "Ginger", "Charline", "Datha", "Reyna", "Margarete", "Franny", "Maren", "Gwenneth", "Jacki", "Flossy", "Judie", "Babb", "Toni", "Gaynor", "Rochette", "Erinn", "Caralie", "Linnet", "Almire", "Sandie", "Vicky", "Jazmin", "Deny", "Ann", "Melony", "Kiele", "Fiona", "Elsie", "Noellyn", "Stepha", "Shirley", "Lelia", "Nalani", "Stacee", "Trudey", "Ninnetta", "Brandi", "Noella", "Adda", "Floria"], "cumulative y": [1, 2, 3, 4, 5, 6, 7, 8, 9, 10, 11, 12, 13, 14, 15, 16, 17, 18, 19, 20, 21, 22, 23, 24, 25, 26, 27, 28, 29, 30, 31, 32, 33, 34, 35, 36, 37, 38, 39, 40, 41, 42, 43, 44, 45, 46, 47, 48, 49, 50, 51, 52, 53, 54, 55, 56], "total events": 56}, "Vulnerabilities Exploited": {"record name": "Vulnerabilities Exploited", "x": [825, 1205, 1205, 1205, 1205, 1306, 1773, 1773, 2456, 2456, 2456, 2456, 3226, 3226, 3226, 4240, 4240, 4240, 4240, 4240, 4240, 4865, 4865, 4865, 4865, 4961, 5082, 5082, 5246, 5477, 7002, 7002, 7002, 7002, 7002, 7002, 7002, 7002, 7002, 7002, 7002, 7002, 7002, 7002, 7002, 7002, 7002, 7002, 7002, 8557, 8557, 10134, 11450, 13697, 14312, 14823, 14823, 14823, 14823, 14823, 15585, 15585, 15585, 18917, 18917, 18917, 18917, 18917, 19606, 19606, 19957, 20987, 22935, 26861, 26861, 27859, 30363, 30858, 30858, 36471, 41714, 53485, 63640, 73372, 88584, 92298, 96854, 96854, 153870, 184075, 184075, 222307], "cumulative exploited vulns": [1, 2, 3, 4, 5, 6, 7, 8, 9, 10, 11, 12, 13, 14, 15, 16, 17, 18, 19, 20, 21, 22, 23, 24, 25, 26, 27, 28, 29, 30, 31, 32, 33, 34, 35, 36, 37, 38, 39, 40, 41, 42, 43, 44, 45, 46, 47, 48, 49, 50, 51, 52, 53, 54, 55, 56, 57, 58, 59, 60, 61, 62, 63, 64, 65, 66, 67, 68, 69, 70, 71, 72, 73, 74, 75, 76, 77, 78, 79, 80, 81, 82, 83, 84, 85, 86, 87, 88, 89, 90, 91, 92], "roa": [0.5503383266961566, 0.3826842815898691, 0.00023089179747337387, 0.506498948387786, 0.3140092418875626, 0.21011576558179962, 0.1837983771193292, 0.07142306555835594, 0.4498023053354204, 0.22683145736028276, 0.30144598226011843, 0.5289010756571686, 0.37532538398631754, 0.033187494193251885, 0.16096885441052286, 0.6584204314675616, 0.5598381667946373, 0.5655404720170076, 0.12702292468905557, 0.5905786394577127, 0.08676251177987213, 0.30626724558347374, 0.5371970567857183, 0.30626724558347374, 0.5371970567857183, 0.8108455471770855, 0.7517920114706078, 0.17079929970545743, 0.36516754502703164, 0.36460704756159606, 0.7232249858596346, 0.8767977685475463, 0.4200214920040491, 0.7284374481066496, 0.4159709333240261, 0.4327546895796394, 0.1864765842773923, 0.09632071655322486, 0.26487639006415437, 0.05378297175288603, 0.5826355807627531, 0.4000561491436091, 0.3772268516568405, 0.35363542801587444, 0.07913575633203664, 0.10972758823265275, 0.848100380248573, 0.49289255439009255, 0.27664262347831825, 0.3021311661636128, 0.08932565388652655, 0.028538560915079465, 0.38713793171972244, 0.029546947832554966, 0.22300034925514858, 0.4097609404142372, 0.09922638349807442, 0.09979818138742792, 0.11944900634930415, 0.11385230436780505, 0.5025916107480879, 0.08640913772905746, 0.1925002758215916, 0.09916783651746638, 0.2414013220315144, 0.2160168717683685, 0.3168042233741458, 0.00018315899120227916, 0.8821532540627812, 0.5271726381310203, 0.09307067417060086, 0.2619679926552948, 0.4667485481214567, 0.055316821925289736, 0.22158120287058214, 0.5327283467868182, 0.6464705790491283, 0.031856036898518715, 0.03143886933082103, 0.06243619193814511, 0.5018813440767488, 0.008791081986282267, 0.1630762193212027, 0.8314806643597485, 0.2764257151394656, 0.143843541702306, 0.030603753455119002, 0.13555508976601346, 0.005804075930789475, 0.2166062239804433, 0.17892542299078057, 0.4095376686658453],