{"Total Initial Vulnerabilities": 722, "Initial Vulns Per OS": {"centos": {"7": 22, "6": 59, "5": 15, "3": 63, "4": 19, "8": 16}, "freebsd": {"12": 20, "9": 32, "10": 8, "13": 16, "11": 67}, "ubuntu": {"18.04": 20, "14.04": 44, "16.04": 50, "20.04": 5, "12.04": 22, "10.04": 40}, "windows": {"10": 12, "8.1": 18, "8": 37, "7": 17, "xp": 102, "vista": 18}}, "Average Initial RoA Per OS": {"centos": {"7": 0.03986142533440997, "6": 0.07439726745215879, "5": 0.04741586630560801, "3": 0.03777418635017789, "4": 0.03852434785552302, "8": 0.18655249929085294}, "freebsd": {"12": 0.060789690043831134, "9": 0.11052652300203716, "10": 0.12316611875129174, "13": 0.1039524875213438, "11": 0.08655354178906419}, "ubuntu": {"18.04": 0.039073249950086354, "14.04": 0.042472540819690395, "16.04": 0.06844598274479866, "20.04": 0.136752347603106, "12.04": 0.07733053950216219, "10.04": 0.05061823917639123}, "windows": {"10": 0.047261915080048254, "8.1": 0.051681604999790964, "8": 0.046241909194141284, "7": 0.07626829507230676, "xp": 0.060000273181281726, "vista": 0.06682279205267157}}, "OS Types In Initial Network": {"centos 7": 14, "centos 8": 12, "freebsd 12": 10, "freebsd 9": 5, "centos 6": 15, "ubuntu 18.04": 13, "centos 5": 7, "ubuntu 14.04": 9, "windows 10": 12, "freebsd 10": 5, "ubuntu 16.04": 11, "freebsd 13": 17, "windows 8.1": 12, "ubuntu 20.04": 11, "freebsd 11": 14, "centos 3": 3, "centos 4": 3, "windows 8": 10, "windows 7": 5, "ubuntu 12.04": 4, "windows xp": 5, "ubuntu 10.04": 1, "windows vista": 2}, "Initial Hosts Without Vulnerabilities": 44, "Host Compromises": {"record name": "Host Compromises", "x": [631, 1649, 2891, 4772, 4931, 6382, 8882, 10529, 13580, 25079, 25224, 33941, 37649, 43034, 44802, 54535, 87718, 88362, 111876, 112961, 123680, 139948, 140629, 141301, 144736, 144873, 145628, 149123, 149257, 149417, 153700, 153839, 157030, 167242, 168022, 178176, 183882, 232418], "y": [4, 12, 20, 28, 78, 169, 167, 78, 89, 82, 138, 83, 85, 81, 150, 94, 151, 144, 90, 98, 79, 100, 101, 107, 130, 126, 124, 128, 72, 69, 63, 67, 73, 64, 146, 86, 66, 103], "cumulative y": [1, 2, 3, 4, 5, 6, 7, 8, 9, 10, 11, 12, 13, 14, 15, 16, 17, 18, 19, 20, 21, 22, 23, 24, 25, 26, 27, 28, 29, 30, 31, 32, 33, 34, 35, 36, 37, 38], "total events": 38, "not exposed x": [4931, 6382, 8882, 10529, 13580, 25079, 25224, 33941, 37649, 43034, 44802, 54535, 87718, 88362, 111876, 112961, 123680, 139948, 140629, 141301, 144736, 144873, 145628, 149123, 149257, 149417, 153700, 153839, 157030, 167242, 168022, 178176, 183882, 232418], "not exposed y": [78, 169, 167, 78, 89, 82, 138, 83, 85, 81, 150, 94, 151, 144, 90, 98, 79, 100, 101, 107, 130, 126, 124, 128, 72, 69, 63, 67, 73, 64, 146, 86, 66, 103], "cumulative not exposed y": [1, 2, 3, 4, 5, 6, 7, 8, 9, 10, 11, 12, 13, 14, 15, 16, 17, 18, 19, 20, 21, 22, 23, 24, 25, 26, 27, 28, 29, 30, 31, 32, 33, 34], "total not exposed events": 34}, "Vuln Compromises": {"record name": "Vuln Compromises", "x": [631, 1649, 2891, 4772, 4931, 6382, 8882, 10529, 13580, 25079, 25224, 33941, 37649, 43034, 44802, 87718, 88362, 111876, 112961, 139948, 144736, 153700, 167242, 168022, 178176, 183882], "y": [4, 12, 20, 28, 78, 169, 167, 78, 89, 82, 138, 83, 85, 81, 150, 151, 144, 90, 98, 100, 130, 63, 64, 146, 86, 66], "cumulative y": [1, 2, 3, 4, 5, 6, 7, 8, 9, 10, 11, 12, 13, 14, 15, 16, 17, 18, 19, 20, 21, 22, 23, 24, 25, 26], "total events": 26, "not exposed x": [4931, 6382, 8882, 10529, 13580, 25079, 25224, 33941, 37649, 43034, 44802, 87718, 88362, 111876, 112961, 139948, 144736, 153700, 167242, 168022, 178176, 183882], "not exposed y": [78, 169, 167, 78, 89, 82, 138, 83, 85, 81, 150, 151, 144, 90, 98, 100, 130, 63, 64, 146, 86, 66], "cumulative not exposed y": [1, 2, 3, 4, 5, 6, 7, 8, 9, 10, 11, 12, 13, 14, 15, 16, 17, 18, 19, 20, 21, 22], "total not exposed events": 22}, "Reuse Password Compromises": {"record name": "Reuse Password Compromises", "x": [140629, 141301, 144873, 145628, 149123, 149257, 149417, 153839, 157030, 232418], "y": [101, 107, 126, 124, 128, 72, 69, 67, 73, 103], "cumulative y": [1, 2, 3, 4, 5, 6, 7, 8, 9, 10], "total events": 10, "not exposed x": [140629, 141301, 144873, 145628, 149123, 149257, 149417, 153839, 157030, 232418], "not exposed y": [101, 107, 126, 124, 128, 72, 69, 67, 73, 103], "cumulative not exposed y": [1, 2, 3, 4, 5, 6, 7, 8, 9, 10], "total not exposed events": 10}, "Password Spray Compromises": {"record name": "Password Spray Compromises", "x": [54535, 123680], "y": [94, 79], "cumulative y": [1, 2], "total events": 2, "not exposed x": [54535, 123680], "not exposed y": [94, 79], "cumulative not exposed y": [1, 2], "total not exposed events": 2}, "User Account Leaks": {"record name": "User Account Has Been Leaked By Compromise", "x": [631, 631, 631, 631, 631, 1649, 1649, 1649, 1649, 1649, 2891, 2891, 2891, 2891, 2891, 4772, 4772, 4772, 4772, 4772, 4931, 4931, 4931, 4931, 4931, 6382, 6382, 6382, 6382, 8882, 8882, 8882, 8882, 8882, 13580, 13580, 13580, 25079, 25079, 25079, 25224, 25224, 25224, 33941, 33941, 33941, 33941, 33941, 37649, 37649, 37649, 37649, 43034, 43034, 43034, 43034, 44802, 44802, 44802, 44802, 44802, 54535, 54535, 54535, 87718, 87718, 87718, 87718, 88362, 88362, 111876, 111876, 111876, 112961, 112961, 112961, 112961, 123680, 123680, 123680, 139948, 139948, 139948, 139948, 140629, 140629, 141301, 141301, 144736, 144736, 144736, 144873, 144873, 145628, 149123, 149123, 149123, 149257, 149257, 149417, 149417, 153700, 153700, 153839, 153839, 153839, 157030, 167242, 167242, 167242, 168022, 178176, 183882, 183882, 183882, 183882, 232418], "y": ["Zorina", "Jania", "Ynes", "Laurella", "Bonni", "Katinka", "Aurie", "Dulcie", "Cilka", "Kessia", "Domeniga", "Adriana", "Noel", "Vivi", "Carmina", "Lia", "Engracia", "Prisca", "Nessie", "Camellia", "Valerye", "Keslie", "Prue", "Tammie", "Magdalene", "Alene", "Jyoti", "Kaylil", "Luci", "Lyndy", "Antonella", "Junina", "Marquita", "Priscella", "Jesse", "Ferdinanda", "Merl", "Rheta", "Aimee", "Bobine", "Lilias", "Jeanna", "Mercedes", "Florence", "Jorie", "Hester", "Meta", "Courtnay", "Lucille", "Alisa", "Ainslie", "Sibilla", "Giovanna", "Sonny", "Marin", "Janna", "Minerva", "Anselma", "Lauree", "Sada", "Scarlett", "Cordelia", "Rea", "Ailyn", "Raquela", "Krista", "Charmaine", "Honey", "Danica", "Leonanie", "Eleonora", "Ernaline", "Merle", "Eba", "Ianthe", "Kriste", "Elise", "Ema", "Beatrix", "Regan", "Phedra", "Maryanne", "Ainsley", "Marty", "Angel", "Davida", "Sarita", "Glenine", "Kara-Lynn", "Elladine", "Karlene", "Doris", "Zelma", "Ernesta", "Eleanor", "Lida", "Desiri", "Estrella", "Violette", "Berna", "Calli", "Cal", "Mellicent", "Rivy", "Siana", "Tobye", "Nannie", "Tine", "Brandie", "Deana", "Karlyn", "Blake", "Eudora", "Suzanna", "Lu", "Sherilyn", "Arliene"], "cumulative y": [1, 2, 3, 4, 5, 6, 7, 8, 9, 10, 11, 12, 13, 14, 15, 16, 17, 18, 19, 20, 21, 22, 23, 24, 25, 26, 27, 28, 29, 30, 31, 32, 33, 34, 35, 36, 37, 38, 39, 40, 41, 42, 43, 44, 45, 46, 47, 48, 49, 50, 51, 52, 53, 54, 55, 56, 57, 58, 59, 60, 61, 62, 63, 64, 65, 66, 67, 68, 69, 70, 71, 72, 73, 74, 75, 76, 77, 78, 79, 80, 81, 82, 83, 84, 85, 86, 87, 88, 89, 90, 91, 92, 93, 94, 95, 96, 97, 98, 99, 100, 101, 102, 103, 104, 105, 106, 107, 108, 109, 110, 111, 112, 113, 114, 115, 116, 117], "total events": 117}, "Vulnerabilities Exploited": {"record name": "Vulnerabilities Exploited", "x": [116, 384, 631, 631, 800, 1462, 1649, 1862, 1862, 1862, 2341, 2575, 2575, 2891, 2891, 2891, 3849, 4291, 4772, 4772, 4772, 4772, 4931, 5895, 6762, 6762, 8882, 9010, 9010, 10529, 10655, 11023, 11735, 12210, 12826, 13580, 15281, 25079, 25079, 25079, 25487, 31386, 36364, 36364, 36364, 36904, 37649, 37649, 37886, 38965, 39870, 41374, 41374, 43034, 43634, 44121, 44121, 44802, 44802, 58770, 80341, 83706, 84562, 86764, 88362, 88362, 94902, 95415, 102107, 111408, 119856, 122215, 122215, 132575, 143022, 153700, 154829, 162201, 162201, 168022, 168022, 168022, 172482, 183882, 218986, 239546],