{"Total Initial Vulnerabilities": 779, "Initial Vulns Per OS": {"freebsd": {"9": 54, "11": 14, "10": 56, "13": 15, "12": 27, "8": 96}, "ubuntu": {"20.04": 19, "18.04": 18, "12.04": 18, "10.04": 93, "16.04": 15, "14.04": 7}, "centos": {"7": 25, "5": 55, "8": 6, "6": 43, "4": 14, "3": 88}, "windows": {"7": 26, "vista": 46, "8": 30, "8.1": 6, "10": 8}}, "Average Initial RoA Per OS": {"freebsd": {"9": 0.051043854613918874, "11": 0.02612193220328356, "10": 0.029962533194355934, "13": 0.02079298891655707, "12": 0.08365693548905587, "8": 0.04390597993953196}, "ubuntu": {"20.04": 0.04352383793650847, "18.04": 0.08621309404640137, "12.04": 0.037737141419967105, "10.04": 0.05833766169527749, "16.04": 0.016957498627194374, "14.04": 0.017122739469831835}, "centos": {"7": 0.059643201127410755, "5": 0.06356581638526519, "8": 0.0544128409907777, "6": 0.0678985157163774, "4": 0.0419129781461874, "3": 0.042507909597496916}, "windows": {"7": 0.04201581768449169, "vista": 0.060781771947103595, "8": 0.047859743471880496, "8.1": 0.21710316960618933, "10": 0.029402151715082366}}, "OS Types In Initial Network": {"freebsd 11": 8, "freebsd 9": 10, "ubuntu 20.04": 15, "freebsd 13": 13, "centos 7": 12, "freebsd 10": 12, "centos 5": 10, "centos 8": 19, "windows 7": 6, "centos 6": 11, "ubuntu 18.04": 8, "windows vista": 10, "freebsd 12": 13, "windows 8": 9, "windows 10": 10, "ubuntu 12.04": 6, "ubuntu 16.04": 7, "ubuntu 10.04": 5, "centos 4": 3, "freebsd 8": 4, "centos 3": 3, "windows 8.1": 5, "ubuntu 14.04": 1}, "Initial Hosts Without Vulnerabilities": 46, "Host Compromises": {"record name": "Host Compromises", "x": [1966, 3621, 6447, 9671, 10457, 12850, 16480, 19293, 20795, 22722, 25404, 26995, 35833, 36519, 41322, 55018, 56954, 58463, 59800, 59912, 60402, 107644, 114133, 161956, 162812, 164593, 175410, 175544, 175687, 177256, 180558, 217897, 221347], "y": [10, 22, 37, 93, 95, 8, 26, 30, 36, 41, 48, 107, 128, 127, 138, 103, 102, 99, 74, 91, 100, 73, 104, 149, 90, 79, 81, 84, 89, 87, 156, 82, 86], "cumulative y": [1, 2, 3, 4, 5, 6, 7, 8, 9, 10, 11, 12, 13, 14, 15, 16, 17, 18, 19, 20, 21, 22, 23, 24, 25, 26, 27, 28, 29, 30, 31, 32, 33], "total events": 33, "not exposed x": [9671, 10457, 26995, 35833, 36519, 41322, 55018, 56954, 58463, 59800, 59912, 60402, 107644, 114133, 161956, 162812, 164593, 175410, 175544, 175687, 177256, 180558, 217897, 221347], "not exposed y": [93, 95, 107, 128, 127, 138, 103, 102, 99, 74, 91, 100, 73, 104, 149, 90, 79, 81, 84, 89, 87, 156, 82, 86], "cumulative not exposed y": [1, 2, 3, 4, 5, 6, 7, 8, 9, 10, 11, 12, 13, 14, 15, 16, 17, 18, 19, 20, 21, 22, 23, 24], "total not exposed events": 24}, "Vuln Compromises": {"record name": "Vuln Compromises", "x": [1966, 3621, 6447, 9671, 10457, 12850, 16480, 19293, 20795, 25404, 26995, 35833, 36519, 41322, 55018, 56954, 58463, 59800, 107644, 161956, 164593, 175410, 177256, 180558, 217897, 221347], "y": [10, 22, 37, 93, 95, 8, 26, 30, 36, 48, 107, 128, 127, 138, 103, 102, 99, 74, 73, 149, 79, 81, 87, 156, 82, 86], "cumulative y": [1, 2, 3, 4, 5, 6, 7, 8, 9, 10, 11, 12, 13, 14, 15, 16, 17, 18, 19, 20, 21, 22, 23, 24, 25, 26], "total events": 26, "not exposed x": [9671, 10457, 26995, 35833, 36519, 41322, 55018, 56954, 58463, 59800, 107644, 161956, 164593, 175410, 177256, 180558, 217897, 221347], "not exposed y": [93, 95, 107, 128, 127, 138, 103, 102, 99, 74, 73, 149, 79, 81, 87, 156, 82, 86], "cumulative not exposed y": [1, 2, 3, 4, 5, 6, 7, 8, 9, 10, 11, 12, 13, 14, 15, 16, 17, 18], "total not exposed events": 18}, "Reuse Password Compromises": {"record name": "Reuse Password Compromises", "x": [59912, 114133, 162812, 175544, 175687], "y": [91, 104, 90, 84, 89], "cumulative y": [1, 2, 3, 4, 5], "total events": 5, "not exposed x": [59912, 114133, 162812, 175544, 175687], "not exposed y": [91, 104, 90, 84, 89], "cumulative not exposed y": [1, 2, 3, 4, 5], "total not exposed events": 5}, "Password Spray Compromises": {"record name": "Password Spray Compromises", "x": [22722, 60402], "y": [41, 100], "cumulative y": [1, 2], "total events": 2, "not exposed x": [60402], "not exposed y": [100], "cumulative not exposed y": [1], "total not exposed events": 1}, "User Account Leaks": {"record name": "User Account Has Been Leaked By Compromise", "x": [1966, 1966, 1966, 1966, 1966, 3621, 3621, 3621, 3621, 3621, 6447, 6447, 6447, 6447, 9671, 9671, 9671, 9671, 9671, 10457, 10457, 10457, 10457, 12850, 12850, 12850, 16480, 16480, 16480, 16480, 16480, 19293, 19293, 19293, 19293, 20795, 20795, 20795, 22722, 22722, 22722, 25404, 25404, 25404, 25404, 25404, 26995, 26995, 35833, 35833, 35833, 35833, 36519, 36519, 36519, 36519, 41322, 41322, 41322, 41322, 41322, 55018, 55018, 55018, 55018, 56954, 58463, 58463, 58463, 58463, 59800, 59800, 59800, 59912, 59912, 59912, 60402, 60402, 60402, 107644, 107644, 114133, 114133, 114133, 114133, 161956, 161956, 161956, 162812, 164593, 164593, 164593, 175410, 175544, 175687, 177256, 177256, 180558, 180558, 180558, 217897, 217897, 221347, 221347, 221347, 221347, 221347], "y": ["Marga", "Vernice", "Lissi", "May", "Elwira", "Crissie", "Nicolle", "Charity", "Livvie", "Natalie", "Dayle", "Bonnie", "Madge", "Editha", "Vanni", "Cristy", "Pamela", "Floris", "Paola", "Clementina", "Mozelle", "Brynn", "Maura", "Annamarie", "Christel", "Karlotta", "Ophelie", "Chrissie", "Mahalia", "Page", "Loraine", "Talia", "Koo", "Ofilia", "Gladi", "Clarine", "Steffane", "Drucill", "Esta", "Valma", "Jany", "Elyse", "Marylynne", "Hally", "Doralyn", "Joelle", "Laverna", "Malina", "Valaree", "Essy", "Xylia", "Phebe", "Cynde", "Anselma", "Julia", "Willow", "Madelene", "Corrine", "Kimmi", "Dania", "Zara", "Kailey", "Wynn", "Tanhya", "Jojo", "Rebekkah", "Daphne", "Ariela", "Pru", "Joby", "Bessie", "Marni", "Leese", "Maritsa", "Kris", "Arlene", "Amii", "Almeta", "Terry", "Marybelle", "Wilow", "Ginelle", "Deena", "Bibbye", "Ashly", "Constancy", "Sidonia", "Bethanne", "Ivy", "Luci", "Tonia", "Etty", "Arlen", "Kandace", "Melinde", "Timothea", "Roxie", "Laurena", "Carolan", "Cati", "Jilli", "Stoddard", "Gerrilee", "Corrina", "Reine", "Carma", "Carin"], "cumulative y": [1, 2, 3, 4, 5, 6, 7, 8, 9, 10, 11, 12, 13, 14, 15, 16, 17, 18, 19, 20, 21, 22, 23, 24, 25, 26, 27, 28, 29, 30, 31, 32, 33, 34, 35, 36, 37, 38, 39, 40, 41, 42, 43, 44, 45, 46, 47, 48, 49, 50, 51, 52, 53, 54, 55, 56, 57, 58, 59, 60, 61, 62, 63, 64, 65, 66, 67, 68, 69, 70, 71, 72, 73, 74, 75, 76, 77, 78, 79, 80, 81, 82, 83, 84, 85, 86, 87, 88, 89, 90, 91, 92, 93, 94, 95, 96, 97, 98, 99, 100, 101, 102, 103, 104, 105, 106, 107], "total events": 107}, "Vulnerabilities Exploited": {"record name": "Vulnerabilities Exploited", "x": [1126, 1126, 1175, 1428, 1428, 1428, 1784, 1966, 1966, 1966, 2061, 2061, 2785, 3119, 3119, 3356, 3356, 3437, 3621, 4002, 4736, 4736, 6072, 6072, 6447, 7431, 9326, 9326, 9469, 10012, 10292, 10292, 10292, 10292, 10457, 10778, 10778, 10778, 11428, 11689, 12254, 12850, 13155, 13155, 14412, 14412, 17995, 17995, 17995, 17995, 20264, 20795, 20795, 21819, 21819, 25404, 25404, 25404, 25404, 25404, 25404, 26027, 26027, 26027, 26027, 26373, 26995, 26995, 26995, 27179, 28530, 28530, 31064, 31064, 31524, 31524, 31524, 32618, 35833, 35833, 36519, 36519, 36519, 38052, 41322, 41322, 42265, 45641, 47248, 51398, 59800, 59800, 68306, 68861, 68861, 101137, 103315, 107131, 113608, 130926, 130926, 130926, 131501, 149338, 149338, 149338, 149338, 149338, 149338, 158800, 158800, 158800, 158800, 158800, 158800, 161956, 162246, 162246, 164593, 164593, 170323, 174023, 175410, 177256, 177416, 185418, 197703, 249013],