{"Total Initial Vulnerabilities": 691, "Initial Vulns Per OS": {"centos": {"4": 10, "5": 29, "7": 26, "6": 33, "3": 8, "8": 19}, "freebsd": {"12": 25, "10": 42, "11": 28, "13": 10, "8": 75, "9": 2}, "ubuntu": {"16.04": 65, "14.04": 57, "12.04": 39, "10.04": 21, "18.04": 19, "20.04": 2}, "windows": {"8": 19, "10": 11, "8.1": 29, "7": 35, "xp": 58, "vista": 29}}, "Average Initial RoA Per OS": {"centos": {"4": 0.053223991721585096, "5": 0.044905709374975, "7": 0.03389226582948844, "6": 0.06328583485662172, "3": 0.09048862171033242, "8": 0.1209656006727653}, "freebsd": {"12": 0.1554286279018551, "10": 0.04397154890496464, "11": 0.03167357090077131, "13": 0.10659938423447099, "8": 0.08833221708491162, "9": 0.03365787412263911}, "ubuntu": {"16.04": 0.064647530395265, "14.04": 0.047191004061489544, "12.04": 0.04435327900893542, "10.04": 0.02205281663178242, "18.04": 0.08275015221078048, "20.04": 0.31487089357768766}, "windows": {"8": 0.07951539308036719, "10": 0.09875448329682843, "8.1": 0.03361569859542431, "7": 0.05470425973989175, "xp": 0.05044733063345042, "vista": 0.07266181242717576}}, "OS Types In Initial Network": {"centos 4": 2, "windows 10": 16, "centos 5": 7, "freebsd 12": 12, "ubuntu 20.04": 8, "freebsd 10": 8, "ubuntu 16.04": 18, "windows 8": 9, "ubuntu 14.04": 11, "centos 7": 16, "centos 6": 9, "centos 3": 1, "ubuntu 12.04": 6, "windows 8.1": 12, "freebsd 11": 11, "freebsd 9": 2, "freebsd 13": 12, "centos 8": 14, "ubuntu 10.04": 1, "ubuntu 18.04": 11, "windows 7": 6, "freebsd 8": 2, "windows xp": 2, "windows vista": 4}, "Initial Hosts Without Vulnerabilities": 38, "Host Compromises": {"record name": "Host Compromises", "x": [805, 4252, 6934, 9327, 13148, 15833, 16263, 21814, 26579, 28025, 87422, 87839, 95735, 235556, 243635], "y": [6, 20, 34, 45, 14, 18, 21, 38, 107, 82, 0, 94, 26, 71, 74], "cumulative y": [1, 2, 3, 4, 5, 6, 7, 8, 9, 10, 11, 12, 13, 14, 15], "total events": 15, "not exposed x": [26579, 28025, 87839, 235556, 243635], "not exposed y": [107, 82, 94, 71, 74], "cumulative not exposed y": [1, 2, 3, 4, 5], "total not exposed events": 5}, "Vuln Compromises": {"record name": "Vuln Compromises", "x": [805, 4252, 6934, 9327, 13148, 15833, 16263, 21814, 26579, 28025, 87422], "y": [6, 20, 34, 45, 14, 18, 21, 38, 107, 82, 0], "cumulative y": [1, 2, 3, 4, 5, 6, 7, 8, 9, 10, 11], "total events": 11, "not exposed x": [26579, 28025], "not exposed y": [107, 82], "cumulative not exposed y": [1, 2], "total not exposed events": 2}, "Reuse Password Compromises": {"record name": "Reuse Password Compromises", "x": [87839, 95735], "y": [94, 26], "cumulative y": [1, 2], "total events": 2, "not exposed x": [87839], "not exposed y": [94], "cumulative not exposed y": [1], "total not exposed events": 1}, "Password Spray Compromises": {"record name": "Password Spray Compromises", "x": [235556, 243635], "y": [71, 74], "cumulative y": [1, 2], "total events": 2, "not exposed x": [235556, 243635], "not exposed y": [71, 74], "cumulative not exposed y": [1, 2], "total not exposed events": 2}, "User Account Leaks": {"record name": "User Account Has Been Leaked By Compromise", "x": [805, 805, 805, 805, 805, 4252, 4252, 4252, 4252, 6934, 6934, 6934, 6934, 9327, 9327, 9327, 9327, 9327, 13148, 13148, 13148, 13148, 13148, 15833, 15833, 15833, 15833, 15833, 16263, 16263, 16263, 16263, 21814, 21814, 21814, 26579, 26579, 26579, 26579, 28025, 28025, 28025, 87422, 87422, 87422, 87422, 87422, 87839, 87839, 87839, 95735, 95735, 95735, 235556, 235556, 235556, 243635, 243635, 243635], "y": ["Marrissa", "Roseanna", "Tine", "Papagena", "Siusan", "Jessica", "Elke", "Shaine", "Evvie", "Celestia", "Kamila", "Ginny", "Constanta", "De", "Katha", "Kalila", "Eddi", "Jeanine", "Novelia", "Sasha", "Ronni", "Lucita", "Kessia", "Lindy", "Ainslee", "Yalonda", "Jamie", "Isobel", "Elayne", "Kasey", "Roze", "Minnnie", "Britni", "Charmion", "Amitie", "Kirstin", "Suki", "Charlotta", "Amy", "Angelle", "Ruthe", "Anallise", "Jobye", "Joelly", "Cindelyn", "Marla", "Morgen", "Maryjo", "Muffin", "Melantha", "Ardine", "Alysa", "Glyn", "Thalia", "Evaleen", "Revkah", "Kippie", "Morissa", "Mirelle"], "cumulative y": [1, 2, 3, 4, 5, 6, 7, 8, 9, 10, 11, 12, 13, 14, 15, 16, 17, 18, 19, 20, 21, 22, 23, 24, 25, 26, 27, 28, 29, 30, 31, 32, 33, 34, 35, 36, 37, 38, 39, 40, 41, 42, 43, 44, 45, 46, 47, 48, 49, 50, 51, 52, 53, 54, 55, 56, 57, 58, 59], "total events": 59}, "Vulnerabilities Exploited": {"record name": "Vulnerabilities Exploited", "x": [351, 351, 351, 351, 351, 540, 586, 805, 805, 882, 1097, 1097, 1784, 1784, 1784, 1784, 3446, 3446, 3446, 3446, 3592, 4252, 4252, 4252, 4466, 4951, 5329, 5959, 5959, 6198, 6198, 6198, 6405, 6934, 6934, 7443, 8410, 8410, 8410, 8410, 8410, 8410, 8410, 8556, 8798, 9199, 9199, 10005, 10005, 10005, 10005, 10005, 10601, 10601, 12129, 12129, 12735, 12735, 13669, 13669, 13669, 13669, 13669, 13669, 13669, 13669, 13669, 13669, 13669, 13669, 14861, 14861, 14861, 14861, 14861, 14861, 14861, 14861, 14861, 14861, 14861, 14861, 14861, 14861, 14861, 14861, 16263, 18703, 18703, 20136, 21814, 21814, 26579, 26579, 26579, 26579, 26579, 26579, 26579, 26579, 26579, 26579, 26579, 26579, 26579, 28025, 28025, 28025, 28025, 28025, 28025, 28025, 28025, 36973, 36973, 37272, 40567, 41856, 44512, 56495, 57390, 71193, 79002, 87422, 109767, 160991, 220811, 235685, 236071, 236844, 237323, 237323, 238622, 239491, 240248, 241061, 247069, 248247], "cumulative exploited vulns": [1, 2, 3, 4, 5, 6, 7, 8, 9, 10, 11, 12, 13, 14, 15, 16, 17, 18, 19, 20, 21, 22, 23, 24, 25, 26, 27, 28, 29, 30, 31, 32, 33, 34, 35, 36, 37, 38, 39, 40, 41, 42, 43, 44, 45, 46, 47, 48, 49, 50, 51, 52, 53, 54, 55, 56, 57, 58, 59, 60, 61, 62, 63, 64, 65, 66, 67, 68, 69, 70, 71, 72, 73, 74, 75, 76, 77, 78, 79, 80, 81, 82, 83, 84, 85, 86, 87, 88, 89, 90, 91, 92, 93, 94, 95, 96, 97, 98, 99, 100, 101, 102, 103, 104, 105, 106, 107, 108, 109, 110, 111, 112, 113, 114, 115, 116, 117, 118, 119, 120, 121, 122, 123, 124, 125, 126, 127, 128, 129, 130, 131, 132, 133, 134, 135, 136, 137, 138],