{"Total Initial Vulnerabilities": 646, "Initial Vulns Per OS": {"centos": {"4": 57, "7": 30, "5": 34, "3": 68, "8": 6, "6": 8}, "ubuntu": {"14.04": 28, "16.04": 23, "18.04": 24, "12.04": 55, "20.04": 5, "10.04": 54}, "freebsd": {"10": 7, "12": 11, "13": 7, "11": 10, "9": 9, "8": 17}, "windows": {"7": 10, "8.1": 27, "vista": 38, "8": 29, "10": 4, "xp": 85}}, "Average Initial RoA Per OS": {"centos": {"4": 0.03315667909195515, "7": 0.11549108028047686, "5": 0.044140473952989256, "3": 0.04895281425310628, "8": 0.12967123773819503, "6": 0.11628842713281572}, "ubuntu": {"14.04": 0.042542333498634906, "16.04": 0.057899398004305686, "18.04": 0.07822765272893413, "12.04": 0.03130580722233025, "20.04": 0.09710944945619784, "10.04": 0.033927719628882295}, "freebsd": {"10": 0.032122250647940574, "12": 0.08621764793080339, "13": 0.06746577349933038, "11": 0.03245845063635159, "9": 0.01265998401842048, "8": 0.03182899042852855}, "windows": {"7": 0.034210910013269605, "8.1": 0.08878406468451956, "vista": 0.031556844381508076, "8": 0.06463048109853943, "10": 0.030185239632452975, "xp": 0.053882663831959415}}, "OS Types In Initial Network": {"centos 8": 15, "centos 4": 9, "centos 7": 18, "ubuntu 14.04": 10, "freebsd 12": 9, "ubuntu 16.04": 13, "ubuntu 18.04": 13, "centos 5": 8, "freebsd 13": 11, "freebsd 10": 5, "windows 7": 5, "ubuntu 12.04": 8, "windows 8.1": 16, "centos 6": 7, "windows 10": 12, "windows vista": 6, "centos 3": 2, "ubuntu 20.04": 11, "windows 8": 9, "freebsd 11": 4, "freebsd 9": 3, "freebsd 8": 1, "ubuntu 10.04": 2, "windows xp": 3}, "Initial Hosts Without Vulnerabilities": 60, "Host Compromises": {"record name": "Host Compromises", "x": [784, 1405, 7569, 8705, 10165, 10741, 11723, 14142, 18090, 19408, 19492, 21787, 23428, 23536, 29614, 30501, 42586, 44242, 48288, 66170, 68041, 68144, 68269, 73490, 74750, 74908, 75049, 91072, 127103, 139186, 166354, 189224, 191476, 192324, 205498, 210957, 243347, 249292], "y": [1, 3, 29, 33, 42, 44, 49, 106, 14, 17, 18, 24, 115, 117, 153, 151, 112, 119, 61, 157, 51, 54, 74, 77, 52, 56, 171, 120, 137, 121, 170, 69, 72, 50, 116, 168, 70, 105], "cumulative y": [1, 2, 3, 4, 5, 6, 7, 8, 9, 10, 11, 12, 13, 14, 15, 16, 17, 18, 19, 20, 21, 22, 23, 24, 25, 26, 27, 28, 29, 30, 31, 32, 33, 34, 35, 36, 37, 38], "total events": 38, "not exposed x": [14142, 23428, 23536, 29614, 30501, 42586, 44242, 48288, 66170, 68041, 68144, 68269, 73490, 74750, 74908, 75049, 91072, 127103, 139186, 166354, 189224, 191476, 192324, 205498, 210957, 243347, 249292], "not exposed y": [106, 115, 117, 153, 151, 112, 119, 61, 157, 51, 54, 74, 77, 52, 56, 171, 120, 137, 121, 170, 69, 72, 50, 116, 168, 70, 105], "cumulative not exposed y": [1, 2, 3, 4, 5, 6, 7, 8, 9, 10, 11, 12, 13, 14, 15, 16, 17, 18, 19, 20, 21, 22, 23, 24, 25, 26, 27], "total not exposed events": 27}, "Vuln Compromises": {"record name": "Vuln Compromises", "x": [784, 1405, 7569, 8705, 10165, 10741, 11723, 14142, 19408, 19492, 21787, 23536, 42586, 44242, 48288, 66170, 73490, 74750, 74908, 127103, 139186, 191476, 205498, 210957, 243347, 249292], "y": [1, 3, 29, 33, 42, 44, 49, 106, 17, 18, 24, 117, 112, 119, 61, 157, 77, 52, 56, 137, 121, 72, 116, 168, 70, 105], "cumulative y": [1, 2, 3, 4, 5, 6, 7, 8, 9, 10, 11, 12, 13, 14, 15, 16, 17, 18, 19, 20, 21, 22, 23, 24, 25, 26], "total events": 26, "not exposed x": [14142, 23536, 42586, 44242, 48288, 66170, 73490, 74750, 74908, 127103, 139186, 191476, 205498, 210957, 243347, 249292], "not exposed y": [106, 117, 112, 119, 61, 157, 77, 52, 56, 137, 121, 72, 116, 168, 70, 105], "cumulative not exposed y": [1, 2, 3, 4, 5, 6, 7, 8, 9, 10, 11, 12, 13, 14, 15, 16], "total not exposed events": 16}, "Reuse Password Compromises": {"record name": "Reuse Password Compromises", "x": [18090, 23428, 29614, 30501, 68041, 68144, 68269, 75049, 91072, 166354, 189224, 192324], "y": [14, 115, 153, 151, 51, 54, 74, 171, 120, 170, 69, 50], "cumulative y": [1, 2, 3, 4, 5, 6, 7, 8, 9, 10, 11, 12], "total events": 12, "not exposed x": [23428, 29614, 30501, 68041, 68144, 68269, 75049, 91072, 166354, 189224, 192324], "not exposed y": [115, 153, 151, 51, 54, 74, 171, 120, 170, 69, 50], "cumulative not exposed y": [1, 2, 3, 4, 5, 6, 7, 8, 9, 10, 11], "total not exposed events": 11}, "Password Spray Compromises": {"record name": "Password Spray Compromises", "x": [], "y": [], "cumulative y": [], "total events": 0, "not exposed x": [], "not exposed y": [], "cumulative not exposed y": [], "total not exposed events": 0}, "User Account Leaks": {"record name": "User Account Has Been Leaked By Compromise", "x": [784, 784, 784, 784, 784, 1405, 1405, 1405, 1405, 1405, 7569, 7569, 7569, 7569, 7569, 8705, 8705, 8705, 8705, 10165, 10165, 10165, 10165, 10165, 10741, 10741, 10741, 10741, 11723, 11723, 11723, 11723, 11723, 14142, 14142, 14142, 18090, 18090, 18090, 19408, 19408, 19492, 19492, 19492, 21787, 21787, 21787, 21787, 21787, 23428, 23428, 23536, 23536, 23536, 23536, 29614, 29614, 29614, 30501, 30501, 42586, 42586, 42586, 42586, 44242, 44242, 44242, 48288, 48288, 66170, 66170, 66170, 66170, 68041, 68041, 68144, 68144, 68144, 68269, 68269, 73490, 73490, 73490, 74750, 74750, 74750, 74750, 74908, 74908, 75049, 91072, 91072, 91072, 127103, 127103, 127103, 127103, 139186, 166354, 166354, 189224, 189224, 191476, 191476, 191476, 192324, 205498, 205498, 205498, 205498, 210957, 210957, 210957, 243347, 243347, 249292, 249292], "y": ["Ediva", "Dacie", "Drucie", "Rhodie", "Sondra", "Leonie", "Gaby", "Jemmie", "Peg", "Ranna", "Kirbie", "Nadiya", "Iolande", "Shela", "Joy", "Tammara", "Ki", "Denyse", "Zita", "Melina", "Odelia", "Deeanne", "Fawne", "Carmencita", "Delly", "Jamima", "Janis", "Raeann", "Roxine", "Lisette", "Merrily", "Eleanor", "Terrye", "Coral", "Venita", "Fidelia", "Bab", "Ingaborg", "Grissel", "Ermina", "Roxane", "Irita", "Marne", "Marchelle", "Risa", "Genni", "Sabina", "Pearle", "Leoine", "Imojean", "Karina", "Yevette", "Ronna", "Priscella", "Olivette", "Adelice", "Kalinda", "Dede", "Karolina", "Lari", "Gretchen", "Daffy", "Jobye", "Gratia", "Anna-Diana", "Fianna", "Connie", "Sadie", "Herta", "Janela", "Antonella", "Sher", "Noellyn", "Moyra", "Nannette", "Elaina", "Cahra", "Maurine", "Leonore", "Yetty", "Aubine", "Ramona", "Rodie", "Leigh", "Orelie", "Costanza", "Mae", "Avrit", "Rae", "Darb", "Petunia", "Gabi", "Madelene", "Evangelin", "Darice", "Kordula", "Harmonia", "Karlene", "Dominique", "Sybille", "Mavra", "Cordi", "Kaylee", "Renate", "Fancie", "Jewelle", "Ida", "Christiane", "Elisabetta", "Fernande", "Kala", "Dorrie", "Alexina", "Ardyce", "Jaquenette", "Farica", "Jobyna"], "cumulative y": [1, 2, 3, 4, 5, 6, 7, 8, 9, 10, 11, 12, 13, 14, 15, 16, 17, 18, 19, 20, 21, 22, 23, 24, 25, 26, 27, 28, 29, 30, 31, 32, 33, 34, 35, 36, 37, 38, 39, 40, 41, 42, 43, 44, 45, 46, 47, 48, 49, 50, 51, 52, 53, 54, 55, 56, 57, 58, 59, 60, 61, 62, 63, 64, 65, 66, 67, 68, 69, 70, 71, 72, 73, 74, 75, 76, 77, 78, 79, 80, 81, 82, 83, 84, 85, 86, 87, 88, 89, 90, 91, 92, 93, 94, 95, 96, 97, 98, 99, 100, 101, 102, 103, 104, 105, 106, 107, 108, 109, 110, 111, 112, 113, 114, 115, 116, 117], "total events": 117}, "Vulnerabilities Exploited": {"record name": "Vulnerabilities Exploited", "x": [784, 784, 784, 927, 927, 992, 1405, 1405, 1405, 1555, 2219, 2606, 4124, 4124, 4237, 5282, 5282, 6092, 6092, 6092, 7569, 7569, 7569, 7569, 7569, 7569, 7569, 7569, 7569, 7569, 7569, 8248, 8248, 8248, 8248, 8581, 8974, 9809, 10165, 10449, 10449, 10741, 11723, 14142, 14256, 14256, 15818, 16117, 16117, 17470, 17840, 17840, 19408, 19782, 23824, 23824, 23824, 24676, 28878, 28878, 32735, 32735, 33336, 34525, 35536, 35536, 39931, 42586, 44242, 46328, 48288, 50021, 52052, 52052, 57691, 57691, 57691, 66170, 66170, 66170, 66170, 66170, 66170, 66170, 66170, 66170, 71839, 72956, 88657, 99375, 101468, 104379, 105840, 107142, 112094, 120483, 123530, 127917, 128559, 128559, 139186, 166729, 178157, 179534, 182416, 186578, 187949, 187949, 187949, 191476, 193466, 199241, 204787, 205498],