{"Total Initial Vulnerabilities": 503, "Initial Vulns Per OS": {"freebsd": {"8": 45, "13": 14, "10": 20, "11": 14, "12": 29, "9": 4}, "centos": {"8": 17, "3": 43, "6": 23, "7": 16, "5": 44, "4": 21}, "windows": {"8": 12, "7": 37, "8.1": 16, "10": 12, "vista": 18}, "ubuntu": {"16.04": 10, "20.04": 13, "18.04": 15, "12.04": 38, "14.04": 15, "10.04": 27}}, "Average Initial RoA Per OS": {"freebsd": {"8": 0.04199347528071354, "13": 0.03445640796864689, "10": 0.022865301927024947, "11": 0.07940242619526432, "12": 0.04969260575696222, "9": 0.015316971574518778}, "centos": {"8": 0.03804751842591011, "3": 0.043975991521355735, "6": 0.04202822400119738, "7": 0.0642530117556427, "5": 0.03989574711646935, "4": 0.08310000132102371}, "windows": {"8": 0.021241842129699453, "7": 0.16240882152009592, "8.1": 0.0422001037700117, "10": 0.021097435009937424, "vista": 0.047358687036107086}, "ubuntu": {"16.04": 0.08502612485096069, "20.04": 0.07944090890990287, "18.04": 0.1417621104247064, "12.04": 0.024303231576243006, "14.04": 0.07271941974534782, "10.04": 0.048043194544322126}}, "OS Types In Initial Network": {"freebsd 13": 17, "freebsd 8": 2, "centos 8": 13, "windows 8": 5, "ubuntu 20.04": 17, "freebsd 10": 7, "windows 10": 14, "freebsd 11": 10, "ubuntu 16.04": 11, "centos 3": 2, "centos 6": 8, "windows 7": 11, "windows 8.1": 13, "centos 7": 11, "centos 5": 13, "ubuntu 18.04": 9, "ubuntu 12.04": 7, "freebsd 12": 14, "ubuntu 14.04": 7, "ubuntu 10.04": 1, "freebsd 9": 1, "centos 4": 4, "windows vista": 3}, "Initial Hosts Without Vulnerabilities": 52, "Host Compromises": {"record name": "Host Compromises", "x": [1447, 4427, 5210, 5689, 8635, 26276, 107509], "y": [11, 31, 35, 39, 1, 46, 20], "cumulative y": [1, 2, 3, 4, 5, 6, 7], "total events": 7, "not exposed x": [], "not exposed y": [], "cumulative not exposed y": [], "total not exposed events": 0}, "Vuln Compromises": {"record name": "Vuln Compromises", "x": [1447, 4427, 5210, 5689, 8635, 26276], "y": [11, 31, 35, 39, 1, 46], "cumulative y": [1, 2, 3, 4, 5, 6], "total events": 6, "not exposed x": [], "not exposed y": [], "cumulative not exposed y": [], "total not exposed events": 0}, "Reuse Password Compromises": {"record name": "Reuse Password Compromises", "x": [], "y": [], "cumulative y": [], "total events": 0, "not exposed x": [], "not exposed y": [], "cumulative not exposed y": [], "total not exposed events": 0}, "Password Spray Compromises": {"record name": "Password Spray Compromises", "x": [107509], "y": [20], "cumulative y": [1], "total events": 1, "not exposed x": [], "not exposed y": [], "cumulative not exposed y": [], "total not exposed events": 0}, "User Account Leaks": {"record name": "User Account Has Been Leaked By Compromise", "x": [1447, 1447, 1447, 1447, 1447, 4427, 4427, 4427, 4427, 4427, 5210, 5210, 5210, 5210, 5689, 5689, 5689, 5689, 5689, 8635, 8635, 8635, 8635, 8635, 26276, 26276, 26276, 26276, 107509, 107509, 107509, 107509], "y": ["Beatriz", "Libbi", "Ricca", "Mariquilla", "Letizia", "Lynnell", "Arly", "Cammie", "Eulalie", "Kaitlin", "Lynelle", "Amberly", "Golda", "Minda", "Perla", "Camala", "Joleen", "Sharleen", "Andria", "Del", "Leonora", "Roslyn", "Beatrix", "Maris", "Rachele", "Devondra", "Becky", "Theo", "Flo", "Nady", "Tomasine", "Violante"], "cumulative y": [1, 2, 3, 4, 5, 6, 7, 8, 9, 10, 11, 12, 13, 14, 15, 16, 17, 18, 19, 20, 21, 22, 23, 24, 25, 26, 27, 28, 29, 30, 31, 32], "total events": 32}, "Vulnerabilities Exploited": {"record name": "Vulnerabilities Exploited", "x": [614, 614, 614, 614, 614, 721, 848, 1447, 2134, 2134, 2254, 2664, 2976, 3316, 3316, 3407, 3762, 4030, 4030, 4427, 4427, 4427, 4427, 4427, 4427, 4427, 4427, 4427, 4427, 4427, 4427, 4427, 4672, 4672, 5210, 5376, 5541, 5541, 5689, 5842, 6260, 6995, 6995, 7169, 7514, 7514, 8635, 8635, 8635, 8635, 8635, 8635, 8635, 8635, 8635, 8635, 8635, 10744, 12263, 12464, 14756, 15831, 17126, 18422, 23988, 26276, 37474, 42003, 48114, 48114, 60121, 61142, 70696, 90246, 95389, 119863], "cumulative exploited vulns": [1, 2, 3, 4, 5, 6, 7, 8, 9, 10, 11, 12, 13, 14, 15, 16, 17, 18, 19, 20, 21, 22, 23, 24, 25, 26, 27, 28, 29, 30, 31, 32, 33, 34, 35, 36, 37, 38, 39, 40, 41, 42, 43, 44, 45, 46, 47, 48, 49, 50, 51, 52, 53, 54, 55, 56, 57, 58, 59, 60, 61, 62, 63, 64, 65, 66, 67, 68, 69, 70, 71, 72, 73, 74, 75, 76], "roa": [0.49892842273914795, 0.4207655656852617, 0.3676992325720271, 0.12214821103231918, 0.035215874745060854, 0.44384800483015185, 0.27430027391047723, 0.8754835244559667, 0.3536769553821801, 0.0048584297597338375, 0.07270359070834351, 0.764922900102442, 0.44605038931169505, 0.12144320751636997, 0.06917622991906142, 0.4672319698842477, 0.03262170092466417, 0.26813655346478976, 0.011043947894044382, 0.5893761684889938, 0.43625817066546474, 0.11518648792949149, 0.25822127554667584, 0.426641506973673, 0.37300459246134066, 0.692601755129712, 0.4033308949076731, 0.1954794127378831, 0.5807623018510392, 0.2223972918988494, 0.12241943919034881, 0.05103334756128998, 0.7959423032593211, 0.33565957232737315, 0.5250687940249441, 0.5659081814339111, 0.8258104876430867, 0.8258104876430867, 0.09148804208906855, 0.16302554641729347, 0.2789910837777677, 0.245538801358702, 0.07121130873133572, 0.04402267539039071, 0.7083537401028763, 0.24094764709885236, 0.03646568041757077, 0.10868808646464487, 0.09006960843465053, 0.37902952467259604, 0.4289490923118448, 0.09254143592512781, 0.11293199202058497, 0.37902952467259604, 0.4289490923118448, 0.3100448306728397, 0.1664516098542101, 0.11927475130580953, 0.10797282447396858, 0.34702569880319134, 0.04017087856283931, 0.09022507327118104, 0.08038553209703446, 0.23186173507949767, 0.06431174155751485, 0.2477767811422736, 0.23767513222737452, 0.004903484985005565, 0.2086272168328885, 0.21686500214751087, 0.07444157948335041, 0.032026884106958885, 0.37651916651402545, 0.02023046863388398, 0.053734983846846496, 0.03624792546505032], "impact": [6.230618491672709, 6.587331479655992, 5.615644034822205, 1.4200472460731883, 0.4214506399573825, 6.766683721516216, 3.6388549253055222, 9.31880633436754, 5.747202217863437, 0.06186823294187627, 0.9358707584414316, 7.7315356372005315, 5.411680935272653, 1.9693791303974284, 1.350246159665115, 5.110069723512777, 0.8547186887002478, 2.948073615126413, 0.298735008586275, 6.992930014759348, 5.11483684903218, 1.1780271567549394, 3.0928145773543916, 7.0955658431410935, 4.243996968977343, 9.960712854844044, 6.631242788834318, 2.789288910008416, 8.414709070873954, 3.11692138966265, 2.4239211220928967, 1.2836675313612544, 8.06954366352379, 3.845460045844823, 9.421476466890834, 5.863699878104608, 8.743375282799331, 8.743375282799331, 7.286515557725769, 1.9738938991904376, 3.2624430886826428, 7.458429363189477, 2.541397926896102, 2.176138665263152, 7.148020294046886, 5.3394248137026254, 1.6857355525157913, 2.853223332740301, 9.083349124583782, 4.086743313470649, 5.383389939122191, 1.52736841107604, 2.761649908989059, 4.086743313470649, 5.383389939122191, 4.466654468084331, 1.999739103586553, 3.485588981805118, 8.320111751315, 5.821172741496258, 1.317937429543501, 3.659887001224406, 6.162443743905475, 9.640086765227709, 1.1628026123546475, 8.536417982590624, 6.490586592816024, 1.2702519451090255, 4.815801367682128, 5.9705808099253606, 3.871045778292721, 4.450287178821362, 6.345763103885459, 4.860381986909802, 5.278558664296039, 2.048624068320689],