{"Total Initial Vulnerabilities": 620, "Initial Vulns Per OS": {"centos": {"4": 21, "6": 32, "7": 35, "5": 18, "8": 25, "3": 75}, "freebsd": {"13": 27, "9": 12, "12": 44, "11": 46, "8": 39, "10": 26}, "ubuntu": {"20.04": 17, "14.04": 21, "18.04": 19, "12.04": 29, "10.04": 36, "16.04": 19}, "windows": {"10": 9, "8": 23, "8.1": 19, "7": 12, "vista": 16}}, "Average Initial RoA Per OS": {"centos": {"4": 0.026180898986197628, "6": 0.047336764568366364, "7": 0.0433192007902641, "5": 0.026076253891240814, "8": 0.02792853724465433, "3": 0.06573702467019103}, "freebsd": {"13": 0.030816081207747172, "9": 0.033960084465734994, "12": 0.025904876038425426, "11": 0.07002363717631285, "8": 0.02924685683411851, "10": 0.023150540123991037}, "ubuntu": {"20.04": 0.025018756334843142, "14.04": 0.026947337157082557, "18.04": 0.032821576188378276, "12.04": 0.08418935823376404, "10.04": 0.04349802178047359, "16.04": 0.03424684045209657}, "windows": {"10": 0.019101108478350268, "8": 0.0364341346341614, "8.1": 0.015040974595204391, "7": 0.06349664830985798, "vista": 0.09322041353619624}}, "OS Types In Initial Network": {"centos 4": 4, "centos 6": 12, "freebsd 13": 13, "freebsd 9": 4, "ubuntu 20.04": 15, "freebsd 12": 16, "centos 7": 19, "freebsd 11": 19, "ubuntu 14.04": 6, "ubuntu 18.04": 8, "windows 10": 10, "windows 8": 10, "centos 8": 15, "ubuntu 12.04": 4, "windows 8.1": 13, "windows 7": 5, "ubuntu 10.04": 1, "centos 5": 3, "ubuntu 16.04": 8, "freebsd 8": 2, "centos 3": 3, "freebsd 10": 7, "windows vista": 3}, "Initial Hosts Without Vulnerabilities": 37, "Host Compromises": {"record name": "Host Compromises", "x": [2264, 3188, 3249, 6640, 13883, 18248, 23471, 23642, 27004, 27169, 75423], "y": [16, 21, 81, 29, 7, 27, 47, 48, 1, 69, 0], "cumulative y": [1, 2, 3, 4, 5, 6, 7, 8, 9, 10, 11], "total events": 11, "not exposed x": [3249, 27169], "not exposed y": [81, 69], "cumulative not exposed y": [1, 2], "total not exposed events": 2}, "Vuln Compromises": {"record name": "Vuln Compromises", "x": [2264, 3188, 3249, 6640, 13883, 18248, 23471, 23642, 27004, 27169, 75423], "y": [16, 21, 81, 29, 7, 27, 47, 48, 1, 69, 0], "cumulative y": [1, 2, 3, 4, 5, 6, 7, 8, 9, 10, 11], "total events": 11, "not exposed x": [3249, 27169], "not exposed y": [81, 69], "cumulative not exposed y": [1, 2], "total not exposed events": 2}, "Reuse Password Compromises": {"record name": "Reuse Password Compromises", "x": [], "y": [], "cumulative y": [], "total events": 0, "not exposed x": [], "not exposed y": [], "cumulative not exposed y": [], "total not exposed events": 0}, "Password Spray Compromises": {"record name": "Password Spray Compromises", "x": [], "y": [], "cumulative y": [], "total events": 0, "not exposed x": [], "not exposed y": [], "cumulative not exposed y": [], "total not exposed events": 0}, "User Account Leaks": {"record name": "User Account Has Been Leaked By Compromise", "x": [2264, 2264, 2264, 2264, 2264, 3188, 3188, 3188, 3188, 3188, 3249, 3249, 3249, 3249, 3249, 6640, 6640, 6640, 6640, 6640, 13883, 13883, 13883, 13883, 13883, 18248, 18248, 18248, 23471, 23471, 23471, 23471, 23471, 23642, 23642, 23642, 23642, 23642, 27004, 27004, 27004, 27004, 27169, 27169, 27169, 27169, 75423, 75423], "y": ["Katharyn", "Roxy", "Helsa", "Bianka", "Cacilia", "Josephine", "Renee", "Estele", "Atlante", "Helyn", "Melesa", "Lucinda", "Goldina", "Fiann", "Alvira", "Orly", "Verna", "Camellia", "Marcela", "Johnette", "Deana", "Stoddard", "Salli", "Sella", "Iolanthe", "Patrica", "Halie", "Carlin", "Gabey", "Emili", "Nert", "Florida", "Kathlin", "Joete", "Ulrika", "Rosalinda", "Dolorita", "Cara", "Diannne", "Wilmette", "Sybilla", "Shelagh", "Jerrilee", "Alvinia", "Konstanze", "Leontyne", "Renate", "Elianore"], "cumulative y": [1, 2, 3, 4, 5, 6, 7, 8, 9, 10, 11, 12, 13, 14, 15, 16, 17, 18, 19, 20, 21, 22, 23, 24, 25, 26, 27, 28, 29, 30, 31, 32, 33, 34, 35, 36, 37, 38, 39, 40, 41, 42, 43, 44, 45, 46, 47, 48], "total events": 48}, "Vulnerabilities Exploited": {"record name": "Vulnerabilities Exploited", "x": [269, 871, 871, 914, 1059, 1253, 1468, 1641, 2264, 2264, 2264, 2264, 2701, 2701, 2928, 2928, 2928, 2928, 2928, 3188, 3188, 6190, 6190, 6640, 6640, 6798, 6980, 7321, 7321, 7321, 8319, 9467, 11429, 11429, 11429, 11429, 11429, 11429, 11429, 11429, 11429, 11429, 11429, 11429, 11429, 11429, 11429, 11429, 11429, 11429, 11429, 11646, 11646, 11646, 11646, 11832, 11832, 12436, 12436, 13562, 13883, 14799, 15366, 17254, 18248, 18248, 19443, 19653, 19876, 19876, 23471, 23471, 23471, 23471, 23471, 23471, 23471, 23471, 23642, 23642, 26728, 29822, 32234, 32234, 32234, 32234, 36628, 36628, 36628, 39365, 41457, 44516, 53930, 54265, 56302, 57335, 62742, 65434, 67591, 74420, 74420, 75423, 81563, 99116, 145858, 175444, 194365], "cumulative exploited vulns": [1, 2, 3, 4, 5, 6, 7, 8, 9, 10, 11, 12, 13, 14, 15, 16, 17, 18, 19, 20, 21, 22, 23, 24, 25, 26, 27, 28, 29, 30, 31, 32, 33, 34, 35, 36, 37, 38, 39, 40, 41, 42, 43, 44, 45, 46, 47, 48, 49, 50, 51, 52, 53, 54, 55, 56, 57, 58, 59, 60, 61, 62, 63, 64, 65, 66, 67, 68, 69, 70, 71, 72, 73, 74, 75, 76, 77, 78, 79, 80, 81, 82, 83, 84, 85, 86, 87, 88, 89, 90, 91, 92, 93, 94, 95, 96, 97, 98, 99, 100, 101, 102, 103, 104, 105, 106, 107], "roa": [0.3661648930094863, 0.22021019819244708, 0.243798631996599, 0.2440136308899012, 0.13280568669822054, 0.7512923611689151, 0.040617458401243464, 0.10858270034655326, 0.5862898125890069, 0.31257428312722335, 0.0790429285320877, 0.05978388404240291, 0.5600616393619064, 0.1973102284880795, 0.25816057571174983, 0.3127345066819701, 0.3127345066819701, 0.00948918132794103, 0.00948918132794103, 0.22743182985048901, 0.09051690299430507, 0.36185336756912145, 0.43852707746841685, 0.33476954049884194, 0.4963448388771602, 0.8256636637155796, 0.18166888330740158, 0.46514236055412556, 0.1216925035800382, 0.015805423917088137, 0.025192515242451474, 0.5426447144634808, 0.5752635344057124, 0.0495233045190349, 0.7127442769856398, 0.23716627970947796, 0.09947946603429463, 0.4866089086094306, 0.24911478662157646, 0.26529662438678125, 0.03555079367895926, 0.01809427362567468, 0.4866089086094306, 0.24911478662157646, 0.26529662438678125, 0.03555079367895926, 0.01809427362567468, 0.6426517820524523, 0.47042999378262473, 0.22910912765214916, 0.22211262753816166, 0.5124678227219551, 0.2532895611095314, 0.2568453474257747, 0.15227181000784423, 0.1243259468106567, 0.018075183800252994, 0.2399354920941043, 0.15934900314329498, 0.3394352203101815, 0.5228166399835918, 0.07339819393011437, 0.26717240808621256, 0.19090784291878424, 0.3921573433234152, 0.12873170375085047, 0.24637518887495785, 0.2087864216159799, 0.4082278334464017, 0.11594318842729148, 0.20199180634313052, 0.16393465875370514, 0.18104772616316595, 0.3797625544361334, 0.3412455015300113, 0.00656383461853177, 0.00656383461853177, 0.7833192175252757, 0.3775802337423468, 0.14869167676556036, 0.1755221301469476, 0.48525476846793286, 0.5119812924029727, 0.355149762776225, 0.14833410249191276, 0.15871092954025665, 0.006264280308295109, 0.002888889864919592, 0.15960053662690057, 0.26896296685817545, 0.3368870357732616, 0.42715406070174033, 0.3332401563720813, 0.06790725801464739, 0.1961700648042944, 0.19788854210414378, 0.20624512963042663, 0.13997346462642762, 0.29724438968169614, 0.33422887300647275, 0.12427196441807967, 0.041466144697379616, 0.14300205570210525, 0.3304526547550559, 0.09656545221556798, 0.00495361705117362, 0.012533999341201049],