{"Total Initial Vulnerabilities": 666, "Initial Vulns Per OS": {"ubuntu": {"14.04": 53, "12.04": 8, "20.04": 12, "16.04": 11, "18.04": 19}, "centos": {"5": 39, "8": 17, "6": 14, "7": 71, "4": 5, "3": 14}, "windows": {"10": 27, "7": 21, "8.1": 35, "8": 4, "xp": 84, "vista": 7}, "freebsd": {"10": 45, "8": 107, "13": 21, "9": 17, "11": 11, "12": 24}}, "Average Initial RoA Per OS": {"ubuntu": {"14.04": 0.054511960545597524, "12.04": 0.014262821651296557, "20.04": 0.09864386718352147, "16.04": 0.04902836100744345, "18.04": 0.05715102286097331}, "centos": {"5": 0.05794426757567425, "8": 0.018574782898743834, "6": 0.04863072606788843, "7": 0.04010018135879896, "4": 0.1088156589296679, "3": 0.06682890155483959}, "windows": {"10": 0.023741335592035756, "7": 0.04506543289454888, "8.1": 0.07099814796189295, "8": 0.07101473135792864, "xp": 0.06248365450584094, "vista": 0.029862471819528225}, "freebsd": {"10": 0.028274530102825865, "8": 0.06145991993222322, "13": 0.043337389532557245, "9": 0.03467280967003563, "11": 0.026359621716519135, "12": 0.07295295420371195}}, "OS Types In Initial Network": {"ubuntu 14.04": 11, "centos 5": 12, "windows 10": 25, "windows 7": 5, "windows 8.1": 13, "windows 8": 4, "freebsd 10": 6, "centos 8": 20, "windows xp": 3, "freebsd 8": 4, "ubuntu 12.04": 3, "freebsd 13": 17, "ubuntu 20.04": 10, "ubuntu 16.04": 9, "centos 6": 6, "freebsd 9": 5, "centos 7": 21, "ubuntu 18.04": 7, "freebsd 11": 6, "freebsd 12": 9, "centos 4": 2, "windows vista": 1, "centos 3": 1}, "Initial Hosts Without Vulnerabilities": 41, "Host Compromises": {"record name": "Host Compromises", "x": [2244, 4395, 7015, 9361, 10344, 18436, 18484, 22954, 26503, 27386, 28872, 36410, 39188, 39260, 40619, 44389, 51413, 51515, 53228, 54364, 54980, 59911, 62966, 63650, 66002, 77171, 123035, 141313, 147325, 149029, 163134, 167668, 176277, 194355, 196697, 204751, 217667, 217904, 225734, 231145], "y": [10, 14, 31, 43, 46, 25, 26, 48, 8, 13, 19, 39, 45, 47, 120, 5, 24, 27, 29, 33, 34, 107, 82, 69, 118, 20, 122, 16, 36, 40, 91, 61, 62, 67, 92, 71, 165, 167, 70, 66], "cumulative y": [1, 2, 3, 4, 5, 6, 7, 8, 9, 10, 11, 12, 13, 14, 15, 16, 17, 18, 19, 20, 21, 22, 23, 24, 25, 26, 27, 28, 29, 30, 31, 32, 33, 34, 35, 36, 37, 38, 39, 40], "total events": 40, "not exposed x": [40619, 59911, 62966, 63650, 66002, 123035, 163134, 167668, 176277, 194355, 196697, 204751, 217667, 217904, 225734, 231145], "not exposed y": [120, 107, 82, 69, 118, 122, 91, 61, 62, 67, 92, 71, 165, 167, 70, 66], "cumulative not exposed y": [1, 2, 3, 4, 5, 6, 7, 8, 9, 10, 11, 12, 13, 14, 15, 16], "total not exposed events": 16}, "Vuln Compromises": {"record name": "Vuln Compromises", "x": [2244, 4395, 7015, 9361, 10344, 18436, 26503, 27386, 28872, 36410, 53228, 54364, 59911, 62966, 63650, 66002, 77171, 123035, 141313, 147325, 149029, 163134, 167668, 176277, 194355, 196697, 204751, 217904, 225734, 231145], "y": [10, 14, 31, 43, 46, 25, 8, 13, 19, 39, 29, 33, 107, 82, 69, 118, 20, 122, 16, 36, 40, 91, 61, 62, 67, 92, 71, 167, 70, 66], "cumulative y": [1, 2, 3, 4, 5, 6, 7, 8, 9, 10, 11, 12, 13, 14, 15, 16, 17, 18, 19, 20, 21, 22, 23, 24, 25, 26, 27, 28, 29, 30], "total events": 30, "not exposed x": [59911, 62966, 63650, 66002, 123035, 163134, 167668, 176277, 194355, 196697, 204751, 217904, 225734, 231145], "not exposed y": [107, 82, 69, 118, 122, 91, 61, 62, 67, 92, 71, 167, 70, 66], "cumulative not exposed y": [1, 2, 3, 4, 5, 6, 7, 8, 9, 10, 11, 12, 13, 14], "total not exposed events": 14}, "Reuse Password Compromises": {"record name": "Reuse Password Compromises", "x": [18484, 22954, 39188, 39260, 40619, 44389, 51413, 51515, 54980, 217667], "y": [26, 48, 45, 47, 120, 5, 24, 27, 34, 165], "cumulative y": [1, 2, 3, 4, 5, 6, 7, 8, 9, 10], "total events": 10, "not exposed x": [40619, 217667], "not exposed y": [120, 165], "cumulative not exposed y": [1, 2], "total not exposed events": 2}, "Password Spray Compromises": {"record name": "Password Spray Compromises", "x": [], "y": [], "cumulative y": [], "total events": 0, "not exposed x": [], "not exposed y": [], "cumulative not exposed y": [], "total not exposed events": 0}, "User Account Leaks": {"record name": "User Account Has Been Leaked By Compromise", "x": [2244, 2244, 2244, 2244, 2244, 4395, 4395, 4395, 4395, 4395, 7015, 7015, 7015, 7015, 9361, 9361, 9361, 9361, 9361, 10344, 10344, 10344, 10344, 18436, 18436, 18436, 18436, 18436, 18484, 18484, 18484, 18484, 22954, 22954, 22954, 22954, 26503, 26503, 26503, 26503, 26503, 27386, 27386, 27386, 27386, 28872, 28872, 28872, 28872, 28872, 36410, 36410, 36410, 39188, 39188, 39260, 39260, 39260, 40619, 40619, 44389, 44389, 51413, 51413, 51515, 51515, 51515, 51515, 53228, 53228, 53228, 53228, 53228, 54364, 54364, 54364, 54364, 54980, 54980, 54980, 59911, 59911, 59911, 59911, 62966, 62966, 63650, 63650, 63650, 63650, 63650, 66002, 66002, 77171, 77171, 77171, 123035, 141313, 141313, 141313, 147325, 163134, 163134, 163134, 167668, 176277, 176277, 176277, 176277, 176277, 194355, 194355, 196697, 196697, 196697, 196697, 204751, 217667, 217667, 225734, 231145, 231145], "y": ["Rhianna", "Philippe", "Aurelea", "Julietta", "Tabina", "Lucina", "Valeda", "Hettie", "Yoshiko", "Anestassia", "Cecelia", "Liuka", "Susanne", "Shannen", "Dierdre", "Kora", "Kerrill", "Dacy", "Claribel", "Quintina", "Christal", "Kissiah", "Alethea", "Marna", "Dorelle", "Tracey", "Maryrose", "Ruth", "Danice", "Andreana", "Aindrea", "Mab", "Alex", "Clea", "Jacklyn", "Dorita", "Wilie", "Angele", "Nettie", "Daryn", "Maggie", "Fanny", "Agace", "Jenny", "Emlynn", "Brianna", "Natividad", "Giulia", "Joan", "Candy", "Jolynn", "Roshelle", "Malina", "Myrna", "Cara", "Calypso", "Sandye", "Shalna", "Karrah", "Bettina", "Elberta", "Coreen", "Petra", "Aleece", "Twyla", "Allx", "Aurora", "Sharai", "Alisun", "Adriaens", "Celinda", "Stepha", "Shelley", "Rose", "Jolee", "Savina", "Nedi", "Star", "Dee", "Leigha", "Pierrette", "Chandal", "Adah", "Cherye", "Sibella", "Lynnelle", "Austina", "Nadeen", "Bryn", "Maryellen", "Louella", "Tanya", "Kevina", "Joli", "Katrinka", "Arlie", "Guinevere", "Carlina", "Adrienne", "Gerry", "Gerianne", "Ryann", "Joyan", "Abbey", "Suellen", "Tawsha", "Timmi", "Janean", "Abagael", "Meggy", "Cristi", "Moina", "Niki", "Engracia", "Emmi", "Koralle", "Jobye", "Tara", "Adore", "Cherilynn", "Glyn", "Caria"], "cumulative y": [1, 2, 3, 4, 5, 6, 7, 8, 9, 10, 11, 12, 13, 14, 15, 16, 17, 18, 19, 20, 21, 22, 23, 24, 25, 26, 27, 28, 29, 30, 31, 32, 33, 34, 35, 36, 37, 38, 39, 40, 41, 42, 43, 44, 45, 46, 47, 48, 49, 50, 51, 52, 53, 54, 55, 56, 57, 58, 59, 60, 61, 62, 63, 64, 65, 66, 67, 68, 69, 70, 71, 72, 73, 74, 75, 76, 77, 78, 79, 80, 81, 82, 83, 84, 85, 86, 87, 88, 89, 90, 91, 92, 93, 94, 95, 96, 97, 98, 99, 100, 101, 102, 103, 104, 105, 106, 107, 108, 109, 110, 111, 112, 113, 114, 115, 116, 117, 118, 119, 120, 121, 122], "total events": 122}, "Vulnerabilities Exploited": {"record name": "Vulnerabilities Exploited", "x": [367, 367, 537, 621, 621, 778, 778, 1030, 1326, 1326, 1326, 1326, 2244, 2244, 2307, 2409, 2409, 4395, 4395, 4395, 4395, 4395, 4395, 4395, 4395, 4395, 4395, 4395, 4395, 4917, 5250, 5250, 5460, 5460, 5614, 5744, 6169, 6273, 6524, 6671, 6671, 7015, 7015, 7015, 7546, 7546, 7689, 8255, 8890, 8890, 9361, 10163, 10163, 10163, 10344, 10344, 13579, 13579, 13847, 13847, 14213, 16363, 17318, 19033, 19743, 19743, 19743, 24512, 25129, 26503, 28274, 28274, 28274, 28274, 28872, 29029, 38490, 38490, 40216, 47120, 47120, 47620, 47620, 49734, 50596, 50596, 50596, 51728, 54364, 54364, 57680, 57680, 59911, 75965, 77171, 77389, 77389, 81187, 82483, 83742, 91366, 105024, 107501, 109454, 109454, 141313, 141313, 147325, 149029, 164002, 167668, 167841, 168576, 168576, 176277, 176277, 177891, 177891, 177891, 179333, 186375, 231145],