{"Total Initial Vulnerabilities": 795, "Initial Vulns Per OS": {"centos": {"7": 20, "8": 7, "4": 25, "5": 35, "3": 89, "6": 5}, "freebsd": {"13": 20, "11": 21, "10": 20, "12": 25, "9": 26, "8": 94}, "windows": {"8.1": 37, "7": 41, "10": 16, "8": 34, "xp": 77, "vista": 6}, "ubuntu": {"18.04": 27, "14.04": 23, "20.04": 33, "16.04": 33, "12.04": 19, "10.04": 62}}, "Average Initial RoA Per OS": {"centos": {"7": 0.048955210814806624, "8": 0.030578631033796662, "4": 0.030655773521473716, "5": 0.038431613960792886, "3": 0.04345338289986797, "6": 0.0049953688360143645}, "freebsd": {"13": 0.03791543882072761, "11": 0.04429628779621003, "10": 0.03019482887169893, "12": 0.09777482303685481, "9": 0.03573633946391898, "8": 0.05167611262313407}, "windows": {"8.1": 0.06955864760037705, "7": 0.03850967391856933, "10": 0.0764398327038173, "8": 0.06864778771100692, "xp": 0.05996103096422412, "vista": 0.041932839489335405}, "ubuntu": {"18.04": 0.05316310840042554, "14.04": 0.050014531656694915, "20.04": 0.02774063517126486, "16.04": 0.0471323546508392, "12.04": 0.03458503116858608, "10.04": 0.06331763823292604}}, "OS Types In Initial Network": {"centos 7": 11, "freebsd 13": 13, "centos 8": 15, "windows 8.1": 15, "windows 7": 9, "ubuntu 18.04": 7, "freebsd 11": 6, "windows 10": 13, "windows 8": 14, "freebsd 10": 7, "centos 4": 5, "ubuntu 14.04": 6, "freebsd 12": 13, "ubuntu 20.04": 18, "freebsd 9": 5, "windows xp": 3, "centos 5": 10, "ubuntu 16.04": 12, "freebsd 8": 4, "centos 3": 3, "ubuntu 12.04": 3, "centos 6": 2, "windows vista": 3, "ubuntu 10.04": 3}, "Initial Hosts Without Vulnerabilities": 34, "Host Compromises": {"record name": "Host Compromises", "x": [1764, 4858, 8868, 9127, 10941, 12210, 17115, 26469, 36469, 39058, 47339, 48779, 50677, 50898, 68027, 68568, 77945, 81413, 120829, 145988, 220760], "y": [11, 26, 2, 4, 14, 20, 43, 31, 19, 30, 8, 15, 23, 58, 60, 0, 35, 45, 88, 86, 34], "cumulative y": [1, 2, 3, 4, 5, 6, 7, 8, 9, 10, 11, 12, 13, 14, 15, 16, 17, 18, 19, 20, 21], "total events": 21, "not exposed x": [50898, 68027, 120829, 145988], "not exposed y": [58, 60, 88, 86], "cumulative not exposed y": [1, 2, 3, 4], "total not exposed events": 4}, "Vuln Compromises": {"record name": "Vuln Compromises", "x": [1764, 4858, 9127, 10941, 12210, 17115, 47339, 50898, 68027, 68568, 120829], "y": [11, 26, 4, 14, 20, 43, 8, 58, 60, 0, 88], "cumulative y": [1, 2, 3, 4, 5, 6, 7, 8, 9, 10, 11], "total events": 11, "not exposed x": [50898, 68027, 120829], "not exposed y": [58, 60, 88], "cumulative not exposed y": [1, 2, 3], "total not exposed events": 3}, "Reuse Password Compromises": {"record name": "Reuse Password Compromises", "x": [8868, 26469, 36469, 48779, 50677, 77945, 81413], "y": [2, 31, 19, 15, 23, 35, 45], "cumulative y": [1, 2, 3, 4, 5, 6, 7], "total events": 7, "not exposed x": [], "not exposed y": [], "cumulative not exposed y": [], "total not exposed events": 0}, "Password Spray Compromises": {"record name": "Password Spray Compromises", "x": [39058, 145988, 220760], "y": [30, 86, 34], "cumulative y": [1, 2, 3], "total events": 3, "not exposed x": [145988], "not exposed y": [86], "cumulative not exposed y": [1], "total not exposed events": 1}, "User Account Leaks": {"record name": "User Account Has Been Leaked By Compromise", "x": [1764, 1764, 1764, 1764, 1764, 4858, 4858, 4858, 4858, 4858, 8868, 8868, 8868, 9127, 9127, 9127, 9127, 9127, 10941, 10941, 10941, 10941, 10941, 12210, 12210, 12210, 12210, 12210, 17115, 17115, 17115, 17115, 17115, 26469, 26469, 26469, 26469, 36469, 36469, 36469, 36469, 39058, 39058, 39058, 47339, 47339, 47339, 47339, 48779, 48779, 48779, 50677, 50677, 50677, 50898, 50898, 68027, 68027, 68027, 68568, 68568, 68568, 68568, 77945, 77945, 81413, 81413, 81413, 120829, 120829, 120829, 120829, 145988, 145988, 220760, 220760, 220760, 220760], "y": ["Liliane", "Bernita", "Eyde", "Jaclin", "Mag", "Doe", "Molli", "Rae", "Brooke", "Denna", "Larisa", "Aurelia", "Winnifred", "Emiline", "Miguelita", "Alyda", "Jaine", "Carol-Jean", "Helli", "Carlee", "Fiorenze", "Dyanna", "Michelina", "Anabelle", "Ernesta", "Correna", "Emili", "Saloma", "Marcela", "Othilie", "Latrina", "Otha", "Davida", "Carrie", "Chiquia", "Kizzie", "Janeta", "Beverly", "Micky", "Yettie", "Cesya", "Ibbie", "Frieda", "Gustie", "Kittie", "Brianna", "Brandais", "Daile", "Susannah", "Alexis", "Hendrika", "Henryetta", "Cybill", "Ardis", "Janka", "Clarisse", "Rubia", "Laurice", "Katlin", "Sarene", "Sandi", "Doloritas", "Augusta", "Malinda", "Debbi", "Yolane", "Tawnya", "Isabella", "Aubrey", "Elana", "Sibby", "Franny", "Meggie", "Bevvy", "Alicia", "Sharona", "Maryrose", "Andee"], "cumulative y": [1, 2, 3, 4, 5, 6, 7, 8, 9, 10, 11, 12, 13, 14, 15, 16, 17, 18, 19, 20, 21, 22, 23, 24, 25, 26, 27, 28, 29, 30, 31, 32, 33, 34, 35, 36, 37, 38, 39, 40, 41, 42, 43, 44, 45, 46, 47, 48, 49, 50, 51, 52, 53, 54, 55, 56, 57, 58, 59, 60, 61, 62, 63, 64, 65, 66, 67, 68, 69, 70, 71, 72, 73, 74, 75, 76, 77, 78], "total events": 78}, "Vulnerabilities Exploited": {"record name": "Vulnerabilities Exploited", "x": [246, 524, 899, 1434, 1434, 1764, 1764, 1764, 2497, 2677, 2894, 2894, 3501, 3674, 3968, 4858, 4858, 4858, 4858, 4858, 4858, 4858, 4858, 4858, 4858, 4858, 4858, 4858, 4858, 4858, 4858, 4858, 5260, 6059, 6059, 6059, 6171, 6171, 6468, 6671, 6671, 6788, 7070, 7232, 7959, 7959, 7959, 8081, 8232, 10941, 11219, 11487, 11487, 13698, 15031, 15031, 15031, 16694, 17115, 20865, 20865, 33583, 37150, 43139, 43139, 46015, 48144, 50349, 50898, 68027, 69497, 73439, 73439, 90860, 109491, 120829, 221039, 228364, 247348], "cumulative exploited vulns": [1, 2, 3, 4, 5, 6, 7, 8, 9, 10, 11, 12, 13, 14, 15, 16, 17, 18, 19, 20, 21, 22, 23, 24, 25, 26, 27, 28, 29, 30, 31, 32, 33, 34, 35, 36, 37, 38, 39, 40, 41, 42, 43, 44, 45, 46, 47, 48, 49, 50, 51, 52, 53, 54, 55, 56, 57, 58, 59, 60, 61, 62, 63, 64, 65, 66, 67, 68, 69, 70, 71, 72, 73, 74, 75, 76, 77, 78, 79], "roa": [0.3742542297364423, 0.37006483517257804, 0.37040773933748933, 0.9474750077515134, 0.03541104629154153, 0.2744509068776481, 0.10028260977287533, 0.044796215612781215, 0.17476770702911348, 0.11389924636203637, 0.45104684511089255, 0.33314110819830467, 0.22528502374790188, 0.42056757866486205, 0.3896377323207598, 0.3158609039574136, 0.12461734705766858, 0.6685331468571867, 0.4420173135400538, 0.7141573928343553, 0.5005162773791334, 0.5916377091187516, 0.44706542486293566, 0.2975788733954243, 0.024047494446049013, 0.5916377091187516, 0.44706542486293566, 0.2975788733954243, 0.024047494446049013, 0.45635354109765397, 0.20088373893100275, 0.24634259844332984, 0.2266519291116671, 0.2622558198101773, 0.13525447097893872, 0.09563235204120482, 0.1159072067226615, 0.29045410165273994, 0.21894421151514046, 0.4988275348485436, 0.02162369711196973, 0.7524177398536243, 0.26633466731865163, 0.44107839616662864, 0.4046354972597423, 0.4046354972597423, 0.15309797077552628, 0.4301513648492941, 0.1867422339987144, 0.25528790245719873, 0.025925372086628973, 0.1772437642058458, 0.14631813600045201, 0.17493542114719368, 0.43418482963761473, 0.26885715298519197, 0.045955679330015875, 0.137552582742106, 0.4274319820817465, 0.10826063543846003, 0.012649118051909672, 0.06360681322189907, 0.2143445584305499, 0.05923137544834073, 0.05923137544834073, 0.024996907174884602, 0.037556385491773106, 0.13412744249081657, 0.2984931565316441, 0.4200190493305994, 0.03864074671358594, 0.03610735052399879, 0.03610735052399879, 0.08322393572412008, 0.09571601836282728, 0.18965112500158068, 0.7134929826057423, 0.2060272335890279, 0.06912479958862637],