{"Total Initial Vulnerabilities": 858, "Initial Vulns Per OS": {"windows": {"10": 12, "8.1": 21, "8": 19, "7": 11, "vista": 26, "xp": 68}, "centos": {"5": 10, "7": 29, "8": 9, "4": 15, "6": 30, "3": 29}, "ubuntu": {"18.04": 30, "20.04": 11, "14.04": 29, "16.04": 21, "10.04": 171, "12.04": 23}, "freebsd": {"13": 7, "12": 44, "10": 54, "9": 14, "11": 24, "8": 151}}, "Average Initial RoA Per OS": {"windows": {"10": 0.03941766524541133, "8.1": 0.05799098248087012, "8": 0.08876433813621222, "7": 0.08444576091002734, "vista": 0.033022676719042375, "xp": 0.0522538080725033}, "centos": {"5": 0.04949735510884202, "7": 0.052373827881903805, "8": 0.11628325315425385, "4": 0.0465391910151255, "6": 0.07343397799716965, "3": 0.04524369084202357}, "ubuntu": {"18.04": 0.07649447300971253, "20.04": 0.007656089191137269, "14.04": 0.07900692138468769, "16.04": 0.08002979588400687, "10.04": 0.06566904507449589, "12.04": 0.06013658232000236}, "freebsd": {"13": 0.07225283288182201, "12": 0.047528652665081106, "10": 0.06978954636809209, "9": 0.04083965605167551, "11": 0.09085341637507083, "8": 0.06363914325709487}}, "OS Types In Initial Network": {"windows 10": 12, "freebsd 11": 7, "windows 8.1": 12, "centos 5": 2, "ubuntu 18.04": 16, "ubuntu 20.04": 17, "windows vista": 6, "centos 7": 16, "windows 7": 4, "windows 8": 10, "freebsd 13": 13, "centos 8": 10, "freebsd 12": 17, "centos 4": 3, "freebsd 10": 11, "ubuntu 14.04": 9, "centos 6": 5, "ubuntu 16.04": 6, "freebsd 9": 4, "ubuntu 10.04": 6, "ubuntu 12.04": 4, "windows xp": 2, "centos 3": 2, "freebsd 8": 6}, "Initial Hosts Without Vulnerabilities": 44, "Host Compromises": {"record name": "Host Compromises", "x": [829, 2385, 4946, 5139, 8900, 14928, 16712, 17671, 19638, 20003, 21478, 22198, 24610, 25184, 25499, 29911, 31323, 33405, 35656, 40166, 43967, 48315, 59790, 60478, 61194, 66557, 73159, 74672, 82756, 92213, 101946, 122124, 139395, 166834, 206516, 239834, 247715], "y": [4, 19, 31, 33, 49, 26, 37, 42, 46, 47, 104, 61, 111, 60, 140, 66, 108, 118, 189, 127, 174, 119, 86, 124, 101, 97, 116, 168, 132, 195, 122, 117, 179, 123, 98, 133, 126], "cumulative y": [1, 2, 3, 4, 5, 6, 7, 8, 9, 10, 11, 12, 13, 14, 15, 16, 17, 18, 19, 20, 21, 22, 23, 24, 25, 26, 27, 28, 29, 30, 31, 32, 33, 34, 35, 36, 37], "total events": 37, "not exposed x": [21478, 22198, 24610, 25184, 25499, 29911, 31323, 33405, 35656, 40166, 43967, 48315, 59790, 60478, 61194, 66557, 73159, 74672, 82756, 92213, 101946, 122124, 139395, 166834, 206516, 239834, 247715], "not exposed y": [104, 61, 111, 60, 140, 66, 108, 118, 189, 127, 174, 119, 86, 124, 101, 97, 116, 168, 132, 195, 122, 117, 179, 123, 98, 133, 126], "cumulative not exposed y": [1, 2, 3, 4, 5, 6, 7, 8, 9, 10, 11, 12, 13, 14, 15, 16, 17, 18, 19, 20, 21, 22, 23, 24, 25, 26, 27], "total not exposed events": 27}, "Vuln Compromises": {"record name": "Vuln Compromises", "x": [829, 2385, 5139, 14928, 16712, 17671, 19638, 20003, 21478, 22198, 24610, 25184, 25499, 29911, 31323, 35656, 43967, 59790, 73159, 74672, 101946, 122124, 139395, 166834, 206516, 239834, 247715], "y": [4, 19, 33, 26, 37, 42, 46, 47, 104, 61, 111, 60, 140, 66, 108, 189, 174, 86, 116, 168, 122, 117, 179, 123, 98, 133, 126], "cumulative y": [1, 2, 3, 4, 5, 6, 7, 8, 9, 10, 11, 12, 13, 14, 15, 16, 17, 18, 19, 20, 21, 22, 23, 24, 25, 26, 27], "total events": 27, "not exposed x": [21478, 22198, 24610, 25184, 25499, 29911, 31323, 35656, 43967, 59790, 73159, 74672, 101946, 122124, 139395, 166834, 206516, 239834, 247715], "not exposed y": [104, 61, 111, 60, 140, 66, 108, 189, 174, 86, 116, 168, 122, 117, 179, 123, 98, 133, 126], "cumulative not exposed y": [1, 2, 3, 4, 5, 6, 7, 8, 9, 10, 11, 12, 13, 14, 15, 16, 17, 18, 19], "total not exposed events": 19}, "Reuse Password Compromises": {"record name": "Reuse Password Compromises", "x": [4946, 8900, 33405, 40166, 48315, 60478, 61194, 66557, 82756, 92213], "y": [31, 49, 118, 127, 119, 124, 101, 97, 132, 195], "cumulative y": [1, 2, 3, 4, 5, 6, 7, 8, 9, 10], "total events": 10, "not exposed x": [33405, 40166, 48315, 60478, 61194, 66557, 82756, 92213], "not exposed y": [118, 127, 119, 124, 101, 97, 132, 195], "cumulative not exposed y": [1, 2, 3, 4, 5, 6, 7, 8], "total not exposed events": 8}, "Password Spray Compromises": {"record name": "Password Spray Compromises", "x": [], "y": [], "cumulative y": [], "total events": 0, "not exposed x": [], "not exposed y": [], "cumulative not exposed y": [], "total not exposed events": 0}, "User Account Leaks": {"record name": "User Account Has Been Leaked By Compromise", "x": [829, 829, 829, 829, 829, 2385, 2385, 2385, 2385, 2385, 4946, 4946, 4946, 4946, 5139, 5139, 5139, 5139, 8900, 8900, 8900, 14928, 14928, 14928, 14928, 16712, 16712, 16712, 16712, 16712, 17671, 17671, 17671, 17671, 19638, 19638, 19638, 19638, 20003, 20003, 20003, 20003, 20003, 21478, 21478, 21478, 21478, 22198, 22198, 22198, 22198, 24610, 25184, 25184, 25184, 25499, 25499, 25499, 29911, 29911, 29911, 29911, 31323, 31323, 31323, 33405, 33405, 33405, 35656, 35656, 35656, 35656, 35656, 40166, 40166, 40166, 40166, 43967, 43967, 43967, 48315, 48315, 59790, 59790, 59790, 59790, 60478, 60478, 61194, 61194, 61194, 61194, 66557, 66557, 66557, 73159, 73159, 73159, 73159, 74672, 74672, 74672, 82756, 82756, 82756, 92213, 92213, 101946, 101946, 101946, 122124, 122124, 122124, 139395, 166834, 166834, 206516, 206516, 206516, 206516, 239834, 239834, 247715, 247715], "y": ["Annemarie", "Regine", "Gwennie", "Darice", "Joly", "Josefa", "Maggi", "Cathyleen", "Rebecca", "Sally", "Vicki", "Michelle", "Miranda", "Riki", "Lucky", "Idette", "Delinda", "Nataline", "Perrine", "Bobby", "Blondy", "Josy", "Nicky", "Stephine", "Gilda", "Willy", "Consuela", "Venus", "Conni", "Glennie", "Aundrea", "Dell", "Merrilee", "Hilda", "Vallie", "Misti", "Aile", "Raquel", "Aleta", "Cristionna", "Persis", "Herminia", "Shanie", "Maris", "Brigitta", "Brietta", "Celle", "Delly", "Dulcie", "Gillian", "Fifi", "Nelia", "Dulcine", "Marcellina", "Morgen", "Quinn", "Gertrudis", "Ingrid", "Giuditta", "Davita", "Alverta", "Else", "Katleen", "Shauna", "Sheree", "Charlean", "Cleopatra", "Ceciley", "Emelita", "Minni", "Valentine", "Daron", "Cynde", "Ag", "Katie", "Juliane", "Jacky", "Melicent", "Louisa", "Orelee", "Mireielle", "Loria", "Gayleen", "Corrinne", "Sallee", "Allison", "Andy", "Ardella", "Miguela", "Audra", "Rebecka", "Cynthie", "Elfrida", "Sabine", "Celestia", "Allys", "Trude", "Devina", "Cacilie", "Karilynn", "Yelena", "Cherice", "Patsy", "Nyssa", "Gwyn", "Dorris", "Sondra", "Jenica", "Vivianne", "Sandye", "Mil", "Ulrica", "Carlynne", "Ferne", "Annetta", "Rodi", "Sonia", "Karena", "Doreen", "Coraline", "Seline", "Nat", "Karlie", "Deb"], "cumulative y": [1, 2, 3, 4, 5, 6, 7, 8, 9, 10, 11, 12, 13, 14, 15, 16, 17, 18, 19, 20, 21, 22, 23, 24, 25, 26, 27, 28, 29, 30, 31, 32, 33, 34, 35, 36, 37, 38, 39, 40, 41, 42, 43, 44, 45, 46, 47, 48, 49, 50, 51, 52, 53, 54, 55, 56, 57, 58, 59, 60, 61, 62, 63, 64, 65, 66, 67, 68, 69, 70, 71, 72, 73, 74, 75, 76, 77, 78, 79, 80, 81, 82, 83, 84, 85, 86, 87, 88, 89, 90, 91, 92, 93, 94, 95, 96, 97, 98, 99, 100, 101, 102, 103, 104, 105, 106, 107, 108, 109, 110, 111, 112, 113, 114, 115, 116, 117, 118, 119, 120, 121, 122, 123, 124], "total events": 124}, "Vulnerabilities Exploited": {"record name": "Vulnerabilities Exploited",