{"Total Initial Vulnerabilities": 823, "Initial Vulns Per OS": {"centos": {"4": 40, "6": 29, "5": 45, "7": 34, "3": 37, "8": 14}, "windows": {"8.1": 29, "xp": 92, "10": 6, "vista": 12, "7": 25, "8": 16}, "ubuntu": {"16.04": 29, "14.04": 24, "10.04": 79, "18.04": 32, "12.04": 27, "20.04": 7}, "freebsd": {"12": 30, "8": 138, "11": 24, "13": 15, "10": 33, "9": 6}}, "Average Initial RoA Per OS": {"centos": {"4": 0.055962189085121114, "6": 0.08737337497215608, "5": 0.04053161095570427, "7": 0.055594684209899936, "3": 0.08643359914006457, "8": 0.02910712302966736}, "windows": {"8.1": 0.04089680823039203, "xp": 0.07102645555470503, "10": 0.0909532077111288, "vista": 0.0324142300052213, "7": 0.03519880491924658, "8": 0.05546576022360615}, "ubuntu": {"16.04": 0.05944260659284102, "14.04": 0.06815353815645113, "10.04": 0.06642412586810002, "18.04": 0.023089044471403263, "12.04": 0.04956914163438739, "20.04": 0.032498803717726545}, "freebsd": {"12": 0.024808800408810568, "8": 0.0488603008023595, "11": 0.015112762751485034, "13": 0.04678950044624494, "10": 0.06249746021106528, "9": 0.09458273898804599}}, "OS Types In Initial Network": {"centos 4": 6, "freebsd 13": 21, "freebsd 12": 13, "centos 6": 7, "windows 8.1": 17, "ubuntu 16.04": 9, "ubuntu 14.04": 5, "centos 5": 10, "freebsd 8": 4, "ubuntu 10.04": 2, "windows 10": 12, "freebsd 11": 11, "ubuntu 18.04": 13, "ubuntu 20.04": 11, "centos 7": 14, "windows xp": 2, "ubuntu 12.04": 7, "centos 8": 11, "freebsd 10": 7, "centos 3": 2, "windows vista": 2, "windows 7": 7, "windows 8": 6, "freebsd 9": 1}, "Initial Hosts Without Vulnerabilities": 49, "Host Compromises": {"record name": "Host Compromises", "x": [1638, 1780, 2680, 3343, 9445, 11582, 12216, 15225, 17077, 18592, 19453, 20058, 22616, 23253, 64130, 64248, 93374, 163113], "y": [9, 117, 192, 190, 17, 21, 24, 34, 36, 40, 43, 45, 48, 87, 194, 188, 191, 189], "cumulative y": [1, 2, 3, 4, 5, 6, 7, 8, 9, 10, 11, 12, 13, 14, 15, 16, 17, 18], "total events": 18, "not exposed x": [1780, 2680, 3343, 23253, 64130, 64248, 93374, 163113], "not exposed y": [117, 192, 190, 87, 194, 188, 191, 189], "cumulative not exposed y": [1, 2, 3, 4, 5, 6, 7, 8], "total not exposed events": 8}, "Vuln Compromises": {"record name": "Vuln Compromises", "x": [1638, 1780, 2680, 3343, 11582, 15225, 17077, 18592, 22616, 23253, 93374], "y": [9, 117, 192, 190, 21, 34, 36, 40, 48, 87, 191], "cumulative y": [1, 2, 3, 4, 5, 6, 7, 8, 9, 10, 11], "total events": 11, "not exposed x": [1780, 2680, 3343, 23253, 93374], "not exposed y": [117, 192, 190, 87, 191], "cumulative not exposed y": [1, 2, 3, 4, 5], "total not exposed events": 5}, "Reuse Password Compromises": {"record name": "Reuse Password Compromises", "x": [9445, 12216, 19453, 20058, 64130, 64248, 163113], "y": [17, 24, 43, 45, 194, 188, 189], "cumulative y": [1, 2, 3, 4, 5, 6, 7], "total events": 7, "not exposed x": [64130, 64248, 163113], "not exposed y": [194, 188, 189], "cumulative not exposed y": [1, 2, 3], "total not exposed events": 3}, "Password Spray Compromises": {"record name": "Password Spray Compromises", "x": [], "y": [], "cumulative y": [], "total events": 0, "not exposed x": [], "not exposed y": [], "cumulative not exposed y": [], "total not exposed events": 0}, "User Account Leaks": {"record name": "User Account Has Been Leaked By Compromise", "x": [1638, 1638, 1638, 1638, 1638, 1780, 1780, 1780, 1780, 1780, 2680, 2680, 2680, 2680, 2680, 3343, 3343, 3343, 3343, 3343, 9445, 9445, 9445, 9445, 11582, 11582, 11582, 11582, 11582, 12216, 12216, 12216, 15225, 15225, 15225, 15225, 17077, 17077, 17077, 17077, 17077, 18592, 18592, 18592, 18592, 18592, 19453, 19453, 19453, 19453, 20058, 22616, 22616, 22616, 23253, 23253, 23253, 23253, 64130, 64130, 64130, 64248, 93374, 93374, 93374], "y": ["Rosaline", "Annissa", "Shannon", "Loralyn", "Marguerite", "Sibyl", "Verile", "Lyndsie", "Randene", "Dahlia", "Nicol", "Ki", "Tarrah", "Karalee", "Luella", "Lainey", "Mabel", "Meghan", "Dyan", "Emelda", "Tabbie", "Gerrie", "Christal", "Dedie", "Bekki", "Sophronia", "Maureen", "Bonny", "Simonne", "Tallie", "Audrye", "Marlee", "Caryn", "Claresta", "Talyah", "Perl", "Hedvig", "Margot", "Chandra", "Alfy", "Cory", "Zarah", "Petronille", "Jodee", "Christel", "Christean", "Carly", "Arabela", "Loreen", "Kylila", "Lorianne", "Monica", "Ryann", "Tedda", "Silvana", "Sydel", "Alejandra", "Willyt", "Liva", "Dedra", "Michaela", "Yolanthe", "Darcie", "Scarlet", "Marice"], "cumulative y": [1, 2, 3, 4, 5, 6, 7, 8, 9, 10, 11, 12, 13, 14, 15, 16, 17, 18, 19, 20, 21, 22, 23, 24, 25, 26, 27, 28, 29, 30, 31, 32, 33, 34, 35, 36, 37, 38, 39, 40, 41, 42, 43, 44, 45, 46, 47, 48, 49, 50, 51, 52, 53, 54, 55, 56, 57, 58, 59, 60, 61, 62, 63, 64, 65], "total events": 65}, "Vulnerabilities Exploited": {"record name": "Vulnerabilities Exploited", "x": [666, 1170, 1170, 1484, 1484, 1484, 1638, 1638, 1780, 1780, 2073, 2073, 2404, 2680, 2680, 2680, 3987, 4530, 6315, 6315, 6315, 6315, 6315, 6315, 6315, 6315, 6315, 6315, 6315, 6315, 6315, 6315, 6315, 6315, 6315, 6315, 6315, 6315, 6315, 7955, 7955, 7955, 7955, 7955, 7955, 7955, 7955, 7955, 7955, 7955, 10178, 11582, 11582, 11582, 11582, 11582, 11582, 11582, 11699, 11699, 11699, 12515, 13199, 13199, 13644, 15225, 17077, 17077, 17077, 17077, 17077, 17077, 17077, 17077, 17077, 17077, 17077, 17077, 17077, 17077, 17077, 17077, 17077, 17077, 17077, 17077, 17077, 17077, 17077, 17077, 17077, 17077, 17077, 18592, 18592, 18592, 18592, 18592, 18592, 18592, 18592, 18592, 22616, 22616, 22616, 22616, 22616, 22616, 22616, 22616, 23253, 23253, 35225, 47196, 58644, 89012, 93374, 163799, 198360], "cumulative exploited vulns": [1, 2, 3, 4, 5, 6, 7, 8, 9, 10, 11, 12, 13, 14, 15, 16, 17, 18, 19, 20, 21, 22, 23, 24, 25, 26, 27, 28, 29, 30, 31, 32, 33, 34, 35, 36, 37, 38, 39, 40, 41, 42, 43, 44, 45, 46, 47, 48, 49, 50, 51, 52, 53, 54, 55, 56, 57, 58, 59, 60, 61, 62, 63, 64, 65, 66, 67, 68, 69, 70, 71, 72, 73, 74, 75, 76, 77, 78, 79, 80, 81, 82, 83, 84, 85, 86, 87, 88, 89, 90, 91, 92, 93, 94, 95, 96, 97, 98, 99, 100, 101, 102, 103, 104, 105, 106, 107, 108, 109, 110, 111, 112, 113, 114, 115, 116, 117, 118, 119],