{"Total Initial Vulnerabilities": 653, "Initial Vulns Per OS": {"centos": {"6": 26, "3": 2, "5": 33, "7": 21, "8": 12, "4": 15}, "windows": {"7": 42, "8.1": 25, "10": 19, "8": 33, "vista": 36, "xp": 59}, "ubuntu": {"12.04": 23, "20.04": 18, "18.04": 11, "16.04": 33, "10.04": 58, "14.04": 46}, "freebsd": {"11": 51, "13": 11, "10": 29, "12": 12, "8": 38}}, "Average Initial RoA Per OS": {"centos": {"6": 0.06510687047078778, "3": 0.025267731862093176, "5": 0.07004476791212595, "7": 0.045711792290604604, "8": 0.036693199747365436, "4": 0.0614558758033689}, "windows": {"7": 0.064184409412108, "8.1": 0.07063274017497151, "10": 0.04731880507305036, "8": 0.05915348149837319, "vista": 0.09038436633906044, "xp": 0.060548383799579344}, "ubuntu": {"12.04": 0.066456456927571, "20.04": 0.02695507932572087, "18.04": 0.03989455176807766, "16.04": 0.08179822355219012, "10.04": 0.04676260204225581, "14.04": 0.04236670072096561}, "freebsd": {"11": 0.05370291474048075, "13": 0.03317801585025599, "10": 0.11616327044881183, "12": 0.03470641672114508, "8": 0.054061905338456694}}, "OS Types In Initial Network": {"ubuntu 20.04": 16, "ubuntu 18.04": 11, "centos 6": 10, "windows 7": 10, "ubuntu 12.04": 5, "freebsd 13": 14, "windows 8.1": 13, "centos 5": 10, "freebsd 11": 15, "centos 3": 1, "windows 10": 14, "windows 8": 9, "centos 7": 7, "windows vista": 7, "centos 8": 12, "freebsd 10": 8, "ubuntu 16.04": 13, "freebsd 12": 7, "ubuntu 10.04": 2, "ubuntu 14.04": 10, "windows xp": 3, "centos 4": 2, "freebsd 8": 1}, "Initial Hosts Without Vulnerabilities": 37, "Host Compromises": {"record name": "Host Compromises", "x": [2770, 2937, 3381, 7381, 13256, 13316, 15990, 16054, 19471, 23702, 25734, 32210, 36114, 49485, 51503, 55275, 57058, 57161, 58793, 61672, 63348, 63615, 71211, 72019, 83628, 93738, 94517, 106062, 108064, 110245, 117285, 123091, 125262, 143210, 148060, 169982, 175769, 175926, 177620, 182228, 184455, 185357, 185520, 190059, 191855, 195570, 195733, 212366, 213431, 215893, 220052, 228167, 231330, 231558, 232614, 234385, 236401, 243380], "y": [20, 21, 22, 36, 8, 9, 24, 25, 39, 86, 0, 27, 40, 26, 33, 44, 47, 48, 90, 120, 111, 155, 69, 187, 154, 98, 189, 190, 194, 103, 196, 79, 109, 89, 193, 188, 197, 76, 113, 191, 106, 168, 169, 199, 191, 70, 71, 195, 198, 58, 61, 110, 184, 65, 122, 115, 117, 165], "cumulative y": [1, 2, 3, 4, 5, 6, 7, 8, 9, 10, 11, 12, 13, 14, 15, 16, 17, 18, 19, 20, 21, 22, 23, 24, 25, 26, 27, 28, 29, 30, 31, 32, 33, 34, 35, 36, 37, 38, 39, 40, 41, 42, 43, 44, 45, 46, 47, 48, 49, 50, 51, 52, 53, 54, 55, 56, 57, 58], "total events": 58, "not exposed x": [23702, 58793, 61672, 63348, 63615, 71211, 72019, 83628, 93738, 94517, 106062, 108064, 110245, 117285, 123091, 125262, 143210, 148060, 169982, 175769, 175926, 177620, 182228, 184455, 185357, 185520, 190059, 191855, 195570, 195733, 212366, 213431, 215893, 220052, 228167, 231330, 231558, 232614, 234385, 236401, 243380], "not exposed y": [86, 90, 120, 111, 155, 69, 187, 154, 98, 189, 190, 194, 103, 196, 79, 109, 89, 193, 188, 197, 76, 113, 191, 106, 168, 169, 199, 191, 70, 71, 195, 198, 58, 61, 110, 184, 65, 122, 115, 117, 165], "cumulative not exposed y": [1, 2, 3, 4, 5, 6, 7, 8, 9, 10, 11, 12, 13, 14, 15, 16, 17, 18, 19, 20, 21, 22, 23, 24, 25, 26, 27, 28, 29, 30, 31, 32, 33, 34, 35, 36, 37, 38, 39, 40, 41], "total not exposed events": 41}, "Vuln Compromises": {"record name": "Vuln Compromises", "x": [2770, 2937, 3381, 7381, 13256, 13316, 15990, 23702, 49485, 63348, 63615, 71211, 72019, 117285, 177620, 185520, 195570, 212366, 228167, 231558, 234385], "y": [20, 21, 22, 36, 8, 9, 24, 86, 26, 111, 155, 69, 187, 196, 113, 169, 70, 195, 110, 65, 115], "cumulative y": [1, 2, 3, 4, 5, 6, 7, 8, 9, 10, 11, 12, 13, 14, 15, 16, 17, 18, 19, 20, 21], "total events": 21, "not exposed x": [23702, 63348, 63615, 71211, 72019, 117285, 177620, 185520, 195570, 212366, 228167, 231558, 234385], "not exposed y": [86, 111, 155, 69, 187, 196, 113, 169, 70, 195, 110, 65, 115], "cumulative not exposed y": [1, 2, 3, 4, 5, 6, 7, 8, 9, 10, 11, 12, 13], "total not exposed events": 13}, "Reuse Password Compromises": {"record name": "Reuse Password Compromises", "x": [16054, 19471, 25734, 32210, 36114, 51503, 55275, 57058, 57161, 58793, 61672, 83628, 93738, 94517, 106062, 108064, 110245, 123091, 125262, 143210, 148060, 169982, 175769, 175926, 182228, 184455, 185357, 190059, 191855, 195733, 213431, 215893, 220052, 231330, 232614, 236401, 243380], "y": [25, 39, 0, 27, 40, 33, 44, 47, 48, 90, 120, 154, 98, 189, 190, 194, 103, 79, 109, 89, 193, 188, 197, 76, 191, 106, 168, 199, 191, 71, 198, 58, 61, 184, 122, 117, 165], "cumulative y": [1, 2, 3, 4, 5, 6, 7, 8, 9, 10, 11, 12, 13, 14, 15, 16, 17, 18, 19, 20, 21, 22, 23, 24, 25, 26, 27, 28, 29, 30, 31, 32, 33, 34, 35, 36, 37], "total events": 37, "not exposed x": [58793, 61672, 83628, 93738, 94517, 106062, 108064, 110245, 123091, 125262, 143210, 148060, 169982, 175769, 175926, 182228, 184455, 185357, 190059, 191855, 195733, 213431, 215893, 220052, 231330, 232614, 236401, 243380], "not exposed y": [90, 120, 154, 98, 189, 190, 194, 103, 79, 109, 89, 193, 188, 197, 76, 191, 106, 168, 199, 191, 71, 198, 58, 61, 184, 122, 117, 165], "cumulative not exposed y": [1, 2, 3, 4, 5, 6, 7, 8, 9, 10, 11, 12, 13, 14, 15, 16, 17, 18, 19, 20, 21, 22, 23, 24, 25, 26, 27, 28], "total not exposed events": 28}, "Password Spray Compromises": {"record name": "Password Spray Compromises", "x": [], "y": [], "cumulative y": [], "total events": 0, "not exposed x": [], "not exposed y": [], "cumulative not exposed y": [], "total not exposed events": 0}, "User Account Leaks": {"record name": "User Account Has Been Leaked By Compromise", "x": [2770, 2770, 2770, 2770, 2770, 2937, 2937, 2937, 2937, 2937, 3381, 3381, 3381, 3381, 3381, 7381, 7381, 7381, 7381, 7381, 13256, 13256, 13256, 13316, 13316, 13316, 15990, 15990, 15990, 15990, 15990, 16054, 16054, 16054, 19471, 19471, 19471, 23702, 23702, 23702, 23702, 25734, 25734, 25734, 25734, 32210, 32210, 32210, 36114, 36114, 36114, 49485, 49485, 49485, 49485, 49485, 51503, 51503, 51503, 51503, 55275, 55275, 55275, 57058, 57058, 57058, 57161, 57161, 57161, 57161, 58793, 58793, 58793, 61672, 61672, 61672, 63348, 63348, 63615, 63615, 63615, 63615, 71211, 72019, 72019, 72019, 83628, 83628, 83628, 83628, 93738, 93738, 106062, 106062, 106062, 106062, 108064, 108064, 108064, 110245, 110245, 117285, 117285, 123091, 143210, 148060, 169982, 175926, 175926, 177620, 177620, 177620, 177620, 182228, 182228, 184455, 185520, 185520, 185520, 191855, 191855, 195570, 195733, 195733, 195733, 212366, 212366, 212366, 213431, 215893, 215893, 220052, 220052, 231330, 231558, 231558, 231558, 232614, 234385, 234385, 234385, 234385, 236401, 243380],