{"Total Initial Vulnerabilities": 634, "Initial Vulns Per OS": {"windows": {"10": 19, "7": 58, "vista": 26, "xp": 55, "8.1": 20, "8": 21}, "ubuntu": {"16.04": 16, "20.04": 14, "18.04": 27, "12.04": 12, "14.04": 26}, "centos": {"6": 45, "8": 35, "7": 7, "5": 33, "3": 35, "4": 14}, "freebsd": {"10": 45, "11": 28, "12": 33, "13": 7, "9": 27, "8": 31}}, "Average Initial RoA Per OS": {"windows": {"10": 0.19502961873662514, "7": 0.048923700291701844, "vista": 0.049354283758752275, "xp": 0.046360346829197215, "8.1": 0.042348152191345405, "8": 0.03702971037077526}, "ubuntu": {"16.04": 0.06713021275532643, "20.04": 0.020265311199038478, "18.04": 0.04416498577411532, "12.04": 0.045579427600780494, "14.04": 0.04875587106773359}, "centos": {"6": 0.02111362371792907, "8": 0.0631970682041053, "7": 0.07310633964055548, "5": 0.05058299786337901, "3": 0.07696833045352854, "4": 0.06801320464679324}, "freebsd": {"10": 0.04530607934193865, "11": 0.037282876437416734, "12": 0.07450052869754982, "13": 0.05643438589311382, "9": 0.07474142682222092, "8": 0.09014975839429709}}, "OS Types In Initial Network": {"windows 10": 13, "ubuntu 16.04": 7, "centos 6": 12, "windows 7": 11, "windows vista": 8, "centos 8": 20, "ubuntu 20.04": 9, "freebsd 10": 10, "freebsd 11": 13, "windows xp": 3, "ubuntu 18.04": 11, "freebsd 13": 7, "windows 8.1": 11, "windows 8": 11, "centos 7": 6, "freebsd 9": 6, "freebsd 12": 15, "ubuntu 12.04": 6, "ubuntu 14.04": 8, "centos 5": 6, "centos 3": 1, "centos 4": 3, "freebsd 8": 3}, "Initial Hosts Without Vulnerabilities": 41, "Host Compromises": {"record name": "Host Compromises", "x": [1663, 5954, 7032, 11071, 12812, 14331, 17147, 19828, 19885, 22438, 23682, 24790, 37082, 37201, 81434, 84441, 92897, 104347, 116684, 119545, 120235, 134705, 138827, 145068, 165950, 176261, 181385, 192297, 209236, 212383, 213212, 223436, 229524, 241828, 241977], "y": [10, 40, 41, 5, 14, 18, 32, 39, 42, 47, 54, 58, 33, 34, 45, 56, 59, 8, 37, 48, 113, 15, 23, 38, 53, 60, 129, 93, 138, 131, 133, 192, 83, 85, 182], "cumulative y": [1, 2, 3, 4, 5, 6, 7, 8, 9, 10, 11, 12, 13, 14, 15, 16, 17, 18, 19, 20, 21, 22, 23, 24, 25, 26, 27, 28, 29, 30, 31, 32, 33, 34, 35], "total events": 35, "not exposed x": [23682, 24790, 84441, 92897, 120235, 165950, 176261, 181385, 192297, 209236, 212383, 213212, 223436, 229524, 241828, 241977], "not exposed y": [54, 58, 56, 59, 113, 53, 60, 129, 93, 138, 131, 133, 192, 83, 85, 182], "cumulative not exposed y": [1, 2, 3, 4, 5, 6, 7, 8, 9, 10, 11, 12, 13, 14, 15, 16], "total not exposed events": 16}, "Vuln Compromises": {"record name": "Vuln Compromises", "x": [1663, 5954, 7032, 11071, 12812, 14331, 19828, 19885, 22438, 24790, 37201, 81434, 92897, 116684, 120235, 212383, 229524, 241828], "y": [10, 40, 41, 5, 14, 18, 39, 42, 47, 58, 34, 45, 59, 37, 113, 131, 83, 85], "cumulative y": [1, 2, 3, 4, 5, 6, 7, 8, 9, 10, 11, 12, 13, 14, 15, 16, 17, 18], "total events": 18, "not exposed x": [24790, 92897, 120235, 212383, 229524, 241828], "not exposed y": [58, 59, 113, 131, 83, 85], "cumulative not exposed y": [1, 2, 3, 4, 5, 6], "total not exposed events": 6}, "Reuse Password Compromises": {"record name": "Reuse Password Compromises", "x": [17147, 23682, 37082, 84441, 104347, 119545, 134705, 138827, 145068, 165950, 176261, 181385, 192297, 209236, 213212, 223436, 241977], "y": [32, 54, 33, 56, 8, 48, 15, 23, 38, 53, 60, 129, 93, 138, 133, 192, 182], "cumulative y": [1, 2, 3, 4, 5, 6, 7, 8, 9, 10, 11, 12, 13, 14, 15, 16, 17], "total events": 17, "not exposed x": [23682, 84441, 165950, 176261, 181385, 192297, 209236, 213212, 223436, 241977], "not exposed y": [54, 56, 53, 60, 129, 93, 138, 133, 192, 182], "cumulative not exposed y": [1, 2, 3, 4, 5, 6, 7, 8, 9, 10], "total not exposed events": 10}, "Password Spray Compromises": {"record name": "Password Spray Compromises", "x": [], "y": [], "cumulative y": [], "total events": 0, "not exposed x": [], "not exposed y": [], "cumulative not exposed y": [], "total not exposed events": 0}, "User Account Leaks": {"record name": "User Account Has Been Leaked By Compromise", "x": [1663, 1663, 1663, 1663, 1663, 5954, 5954, 5954, 5954, 5954, 7032, 7032, 7032, 7032, 7032, 11071, 11071, 11071, 12812, 12812, 12812, 12812, 12812, 14331, 14331, 14331, 14331, 14331, 17147, 17147, 17147, 19828, 19828, 19828, 19828, 19828, 19885, 19885, 19885, 19885, 19885, 22438, 22438, 22438, 22438, 22438, 23682, 23682, 23682, 24790, 24790, 24790, 37082, 37082, 37082, 37082, 37201, 37201, 37201, 81434, 81434, 81434, 81434, 84441, 84441, 84441, 92897, 92897, 92897, 92897, 92897, 104347, 104347, 116684, 116684, 119545, 119545, 120235, 120235, 120235, 134705, 134705, 134705, 138827, 138827, 138827, 145068, 145068, 165950, 165950, 176261, 176261, 176261, 181385, 181385, 192297, 192297, 209236, 209236, 209236, 212383, 212383, 212383, 213212, 213212, 223436, 229524, 229524, 241828, 241828, 241977, 241977, 241977], "y": ["Phillie", "Beatrisa", "Onida", "Fredi", "Juline", "Elsinore", "Agnella", "Lexine", "Raquel", "Leonore", "Viole", "Carma", "Jacinthe", "Nolana", "Page", "Dot", "Sophronia", "Cosette", "Lorene", "Sabina", "Anastasie", "Jeanne", "Cleopatra", "Adorne", "Simonette", "Gertruda", "Bertha", "Carole", "Tova", "Chanda", "Merilyn", "Karalee", "Jackelyn", "Fionna", "Yettie", "Corrie", "Uta", "Dorette", "Christina", "Dorice", "Inga", "Lotta", "Ashly", "Harlene", "Edythe", "Demeter", "Janeen", "Gianna", "Bernete", "Georgie", "Jerry", "Gweneth", "Chantalle", "Lorrie", "Barbette", "Paulita", "Damaris", "Louisa", "Alvinia", "Oriana", "Flo", "Danya", "Renell", "Della", "Colly", "Liesa", "Christa", "Ursa", "Ardene", "Marji", "Natalie", "Katharyn", "Farica", "Ericha", "Tammara", "Cyndi", "Happy", "Anny", "Issy", "Deeanne", "Maxy", "Mireille", "Leanora", "Ted", "Donni", "Virgina", "Bobbee", "Emma", "Netty", "Gabie", "Flore", "Quintana", "Kiri", "Shanta", "Melodie", "Ilka", "Pietra", "Sallyann", "Anastasia", "Katalin", "Ezmeralda", "Sidonnie", "Catlaina", "Auguste", "Robenia", "Rubetta", "Irina", "Brandise", "Mella", "Jonell", "Sammy", "Dosi", "Phil"], "cumulative y": [1, 2, 3, 4, 5, 6, 7, 8, 9, 10, 11, 12, 13, 14, 15, 16, 17, 18, 19, 20, 21, 22, 23, 24, 25, 26, 27, 28, 29, 30, 31, 32, 33, 34, 35, 36, 37, 38, 39, 40, 41, 42, 43, 44, 45, 46, 47, 48, 49, 50, 51, 52, 53, 54, 55, 56, 57, 58, 59, 60, 61, 62, 63, 64, 65, 66, 67, 68, 69, 70, 71, 72, 73, 74, 75, 76, 77, 78, 79, 80, 81, 82, 83, 84, 85, 86, 87, 88, 89, 90, 91, 92, 93, 94, 95, 96, 97, 98, 99, 100, 101, 102, 103, 104, 105, 106, 107, 108, 109, 110, 111, 112, 113], "total events": 113}, "Vulnerabilities Exploited": {"record name": "Vulnerabilities Exploited", "x": [120, 189, 350, 570, 771, 771, 771, 771, 1016, 1072, 1663, 2444, 2444, 2973, 3519, 3519, 3519, 3519, 3519, 3519, 3519, 3519, 3519, 3519, 3669, 3837, 3837, 4888, 4888, 4888, 5586, 5954, 7032, 7032, 7032, 7032, 7032, 7032, 7032, 7032, 7032, 7032, 7271, 7271, 7271, 7422, 7422, 9699, 9699, 11071, 12812, 13081, 13447, 14331, 14331, 14425, 15839, 19319, 19828, 19980, 20673, 20673, 20673, 20673, 20673, 20673, 28565, 29724, 37201, 37297, 39567, 41205, 41205, 59742, 71196, 82351, 92427, 92427, 92897, 103399, 105675, 116684, 118550, 120404, 120404, 121262, 121262, 121262, 127589, 132527, 148891, 166188, 166188, 171455, 211644, 212383, 213904, 213904, 213904, 213904, 213904, 213904, 216311, 216311, 216311, 216311, 216311, 216311, 216311, 229524, 229524, 229524, 229524, 229524, 229524, 229752, 238035, 241828], "cumulative exploited vulns": [1, 2, 3, 4, 5, 6, 7, 8, 9, 10, 11, 12, 13, 14, 15, 16, 17, 18, 19, 20, 21, 22, 23, 24, 25, 26, 27, 28, 29, 30, 31, 32, 33, 34, 35, 36, 37, 38, 39, 40, 41, 42, 43, 44, 45, 46, 47, 48, 49, 50, 51, 52, 53, 54, 55, 56, 57, 58, 59, 60, 61, 62, 63, 64, 65, 66, 67, 68, 69, 70, 71, 72, 73, 74, 75, 76, 77, 78, 79, 80, 81, 82, 83, 84, 85, 86, 87, 88, 89, 90, 91, 92, 93, 94, 95, 96, 97, 98, 99, 100, 101, 102, 103, 104, 105, 106, 107, 108, 109, 110, 111, 112, 113, 114, 115, 116, 117, 118],