{"Total Initial Vulnerabilities": 680, "Initial Vulns Per OS": {"ubuntu": {"18.04": 54, "12.04": 31, "14.04": 33, "16.04": 24, "20.04": 13, "10.04": 41}, "windows": {"8": 31, "vista": 9, "8.1": 35, "7": 14, "xp": 72, "10": 9}, "freebsd": {"12": 21, "11": 9, "8": 36, "13": 13, "9": 15, "10": 15}, "centos": {"5": 33, "6": 23, "4": 30, "8": 7, "7": 22, "3": 90}}, "Average Initial RoA Per OS": {"ubuntu": {"18.04": 0.06061138492983798, "12.04": 0.08138150493683541, "14.04": 0.05486468501480825, "16.04": 0.07865253683151315, "20.04": 0.09082531882186565, "10.04": 0.06444403014556674}, "windows": {"8": 0.06940913753211884, "vista": 0.029047629104434605, "8.1": 0.10484433655833814, "7": 0.04898799642802063, "xp": 0.05532126667586384, "10": 0.09571266148195152}, "freebsd": {"12": 0.09669507296748234, "11": 0.09002926871612962, "8": 0.05126281036445959, "13": 0.08930044325992587, "9": 0.03924401782175599, "10": 0.05032350276056752}, "centos": {"5": 0.06312135529875752, "6": 0.07827970791092732, "4": 0.09029472354953981, "8": 0.15192848304797152, "7": 0.08738469756213879, "3": 0.06525933748095843}}, "OS Types In Initial Network": {"windows 8.1": 20, "windows 8": 12, "ubuntu 18.04": 19, "freebsd 12": 11, "windows vista": 3, "centos 6": 11, "freebsd 11": 5, "centos 5": 11, "freebsd 13": 17, "ubuntu 12.04": 4, "freebsd 8": 2, "windows 7": 7, "ubuntu 14.04": 8, "freebsd 9": 4, "ubuntu 16.04": 9, "freebsd 10": 6, "windows xp": 2, "centos 4": 5, "ubuntu 20.04": 8, "centos 8": 12, "centos 7": 7, "windows 10": 11, "centos 3": 5, "ubuntu 10.04": 1}, "Initial Hosts Without Vulnerabilities": 45, "Host Compromises": {"record name": "Host Compromises", "x": [4611, 6534, 13120, 13342, 14853, 30563, 35727, 65603, 66666, 115821, 150959, 246598], "y": [33, 48, 36, 38, 46, 16, 42, 27, 29, 12, 39, 8], "cumulative y": [1, 2, 3, 4, 5, 6, 7, 8, 9, 10, 11, 12], "total events": 12, "not exposed x": [], "not exposed y": [], "cumulative not exposed y": [], "total not exposed events": 0}, "Vuln Compromises": {"record name": "Vuln Compromises", "x": [4611, 6534, 13120, 13342, 14853, 30563, 66666], "y": [33, 48, 36, 38, 46, 16, 29], "cumulative y": [1, 2, 3, 4, 5, 6, 7], "total events": 7, "not exposed x": [], "not exposed y": [], "cumulative not exposed y": [], "total not exposed events": 0}, "Reuse Password Compromises": {"record name": "Reuse Password Compromises", "x": [], "y": [], "cumulative y": [], "total events": 0, "not exposed x": [], "not exposed y": [], "cumulative not exposed y": [], "total not exposed events": 0}, "Password Spray Compromises": {"record name": "Password Spray Compromises", "x": [35727, 65603, 115821, 150959, 246598], "y": [42, 27, 12, 39, 8], "cumulative y": [1, 2, 3, 4, 5], "total events": 5, "not exposed x": [], "not exposed y": [], "cumulative not exposed y": [], "total not exposed events": 0}, "User Account Leaks": {"record name": "User Account Has Been Leaked By Compromise", "x": [4611, 4611, 4611, 4611, 4611, 6534, 6534, 6534, 6534, 6534, 13120, 13120, 13120, 13120, 13120, 13342, 13342, 13342, 13342, 13342, 14853, 14853, 14853, 14853, 30563, 30563, 30563, 30563, 35727, 35727, 35727, 35727, 65603, 65603, 65603, 65603, 66666, 66666, 66666, 66666, 66666, 115821, 115821, 115821, 115821, 150959, 150959, 246598, 246598, 246598, 246598], "y": ["Hope", "Suki", "Celesta", "Jaime", "Ardath", "Harriette", "Sophronia", "Almeda", "Ginnifer", "Shelba", "Alicia", "Marena", "Ellen", "Shani", "Dina", "Dorry", "Mareah", "Anitra", "Rachel", "Ketti", "Christan", "Jillene", "Jeana", "Frayda", "Jsandye", "Regina", "Kirbie", "Athene", "Dara", "Betteanne", "Bertina", "Louisette", "Murielle", "Dominique", "Tiphanie", "Marji", "Evanne", "Madeleine", "Hestia", "Dalia", "Kevina", "Mia", "Rina", "Wileen", "Pearline", "Dell", "Sephira", "Melinde", "Maxine", "Franny", "Katerina"], "cumulative y": [1, 2, 3, 4, 5, 6, 7, 8, 9, 10, 11, 12, 13, 14, 15, 16, 17, 18, 19, 20, 21, 22, 23, 24, 25, 26, 27, 28, 29, 30, 31, 32, 33, 34, 35, 36, 37, 38, 39, 40, 41, 42, 43, 44, 45, 46, 47, 48, 49, 50, 51], "total events": 51}, "Vulnerabilities Exploited": {"record name": "Vulnerabilities Exploited", "x": [422, 422, 745, 984, 984, 1622, 1622, 1622, 1622, 1622, 1622, 1622, 2378, 2378, 2378, 2378, 2378, 2378, 2378, 2378, 2378, 2378, 2419, 2575, 2963, 3605, 3703, 3820, 3891, 4011, 4611, 4611, 4611, 4611, 4611, 4957, 5059, 5302, 5302, 5835, 6014, 6250, 6534, 6534, 7739, 8989, 10514, 10514, 10514, 10514, 10514, 11442, 12176, 12559, 13120, 13120, 13120, 13120, 13342, 13661, 14127, 14482, 14853, 14853, 16046, 20191, 20191, 20191, 22228, 22228, 28344, 30563, 30563, 30563, 32568, 32568, 34285, 45199, 66138, 66138, 70498, 72421, 77318, 84112, 98866, 101275, 147297], "cumulative exploited vulns": [1, 2, 3, 4, 5, 6, 7, 8, 9, 10, 11, 12, 13, 14, 15, 16, 17, 18, 19, 20, 21, 22, 23, 24, 25, 26, 27, 28, 29, 30, 31, 32, 33, 34, 35, 36, 37, 38, 39, 40, 41, 42, 43, 44, 45, 46, 47, 48, 49, 50, 51, 52, 53, 54, 55, 56, 57, 58, 59, 60, 61, 62, 63, 64, 65, 66, 67, 68, 69, 70, 71, 72, 73, 74, 75, 76, 77, 78, 79, 80, 81, 82, 83, 84, 85, 86, 87], "roa": [0.6605895520850252, 0.04506040024102681, 0.011780394434478272, 0.5985435415980118, 0.000816842630466182, 0.9118532345688282, 0.5303699773739735, 0.010803318892749304, 0.42751940517585874, 0.17228951071067608, 0.074869383222636, 0.016915280278012576, 0.14020816198163355, 0.30494020788289417, 0.31256080640518924, 0.49820540991069, 0.22236674539432663, 0.6588844766805292, 0.46450719174400606, 0.3224646490317787, 0.09158037102186198, 0.2647708544814765, 0.19546202515552635, 0.24234248675825992, 0.14402909346348072, 0.04794492196179932, 0.3451476596096483, 0.15993763706421157, 0.12951833132486915, 0.061284660741648844, 0.11977906209103066, 0.5536249322631799, 0.30976084830172945, 0.40545007818291234, 0.2169859652692509, 0.24098498482689507, 0.818202368856333, 0.4599923212878272, 0.12430101089081014, 0.653981097146923, 0.6526862201039547, 0.7472498634918422, 0.6335809582282288, 0.09162507983202285, 0.20756561088167658, 0.09202183325837637, 0.5641931443846203, 0.052357988808268606, 0.21315359903645542, 0.03259741167090261, 0.11422553159875978, 0.20536703379335478, 0.2847408607415912, 0.27688468386544335, 0.33051133975470787, 0.42827441494722984, 0.28375739448076887, 0.18292518693020238, 0.22161738377970303, 0.13750414655612514, 0.4185651645696519, 0.3419274425069987, 0.1526795486419691, 0.4371110447412164, 0.3554159455710587, 0.11505674232001133, 0.19034901045135297, 0.07170288285308643, 0.03401325700540855, 0.050817532670811905, 0.13356468738950286, 0.18220493773885735, 0.18909604856203754, 0.34325462593972506, 0.07242487524650096, 0.024892078078566165, 0.014897135481467191, 0.01567465330597873, 0.6783794327118675, 0.6586734853512166, 0.06879619925376117, 0.09866652949597778, 0.17157138492067595, 0.2531536611117197, 0.08899682350432686, 0.01928021608851669, 0.04105919011558072],