{"Total Initial Vulnerabilities": 863, "Initial Vulns Per OS": {"freebsd": {"10": 32, "13": 7, "9": 32, "12": 41, "8": 87, "11": 29}, "windows": {"vista": 28, "8": 20, "8.1": 18, "7": 32, "xp": 34, "10": 16}, "centos": {"6": 25, "3": 75, "5": 20, "4": 31, "8": 14, "7": 26}, "ubuntu": {"14.04": 29, "20.04": 9, "16.04": 75, "12.04": 44, "18.04": 17, "10.04": 122}}, "Average Initial RoA Per OS": {"freebsd": {"10": 0.04590874288550267, "13": 0.10185302418144841, "9": 0.057843788263335506, "12": 0.06675138914513304, "8": 0.052533058282677694, "11": 0.037057100077592706}, "windows": {"vista": 0.04941945846567237, "8": 0.048957314744585916, "8.1": 0.05604529700120504, "7": 0.09662820244949374, "xp": 0.054459679126822994, "10": 0.10544755488025716}, "centos": {"6": 0.04939310803393873, "3": 0.06624532110496889, "5": 0.037768675471524224, "4": 0.05874109930583943, "8": 0.07826732723415085, "7": 0.05181645254314614}, "ubuntu": {"14.04": 0.02764213604096193, "20.04": 0.15548156795904292, "16.04": 0.0438787762151873, "12.04": 0.05442030454054743, "18.04": 0.04507850276651633, "10.04": 0.06365338726482925}}, "OS Types In Initial Network": {"freebsd 10": 7, "windows 10": 18, "windows vista": 5, "centos 6": 8, "centos 3": 2, "ubuntu 14.04": 4, "freebsd 13": 16, "ubuntu 20.04": 14, "ubuntu 16.04": 16, "centos 5": 8, "windows 8": 10, "centos 4": 5, "freebsd 9": 5, "ubuntu 12.04": 9, "windows 8.1": 10, "freebsd 12": 13, "freebsd 8": 3, "freebsd 11": 7, "windows 7": 8, "ubuntu 18.04": 8, "centos 8": 13, "ubuntu 10.04": 4, "windows xp": 1, "centos 7": 6}, "Initial Hosts Without Vulnerabilities": 47, "Host Compromises": {"record name": "Host Compromises", "x": [337, 3445, 5758, 7875, 14413, 19883, 24099, 25844, 26286, 34563, 34634, 73224, 75712, 79541, 108137, 183109, 183233, 193435, 197706, 220561, 247839], "y": [2, 8, 19, 28, 52, 55, 126, 53, 129, 176, 172, 189, 50, 59, 199, 124, 125, 155, 57, 128, 51], "cumulative y": [1, 2, 3, 4, 5, 6, 7, 8, 9, 10, 11, 12, 13, 14, 15, 16, 17, 18, 19, 20, 21], "total events": 21, "not exposed x": [14413, 19883, 24099, 25844, 26286, 34563, 34634, 73224, 75712, 79541, 108137, 183109, 183233, 193435, 197706, 220561, 247839], "not exposed y": [52, 55, 126, 53, 129, 176, 172, 189, 50, 59, 199, 124, 125, 155, 57, 128, 51], "cumulative not exposed y": [1, 2, 3, 4, 5, 6, 7, 8, 9, 10, 11, 12, 13, 14, 15, 16, 17], "total not exposed events": 17}, "Vuln Compromises": {"record name": "Vuln Compromises", "x": [337, 3445, 5758, 7875, 14413, 19883, 24099, 25844, 26286, 34563, 34634, 73224, 79541, 108137, 183233, 193435, 197706], "y": [2, 8, 19, 28, 52, 55, 126, 53, 129, 176, 172, 189, 59, 199, 125, 155, 57], "cumulative y": [1, 2, 3, 4, 5, 6, 7, 8, 9, 10, 11, 12, 13, 14, 15, 16, 17], "total events": 17, "not exposed x": [14413, 19883, 24099, 25844, 26286, 34563, 34634, 73224, 79541, 108137, 183233, 193435, 197706], "not exposed y": [52, 55, 126, 53, 129, 176, 172, 189, 59, 199, 125, 155, 57], "cumulative not exposed y": [1, 2, 3, 4, 5, 6, 7, 8, 9, 10, 11, 12, 13], "total not exposed events": 13}, "Reuse Password Compromises": {"record name": "Reuse Password Compromises", "x": [75712, 183109, 220561, 247839], "y": [50, 124, 128, 51], "cumulative y": [1, 2, 3, 4], "total events": 4, "not exposed x": [75712, 183109, 220561, 247839], "not exposed y": [50, 124, 128, 51], "cumulative not exposed y": [1, 2, 3, 4], "total not exposed events": 4}, "Password Spray Compromises": {"record name": "Password Spray Compromises", "x": [], "y": [], "cumulative y": [], "total events": 0, "not exposed x": [], "not exposed y": [], "cumulative not exposed y": [], "total not exposed events": 0}, "User Account Leaks": {"record name": "User Account Has Been Leaked By Compromise", "x": [337, 337, 337, 337, 337, 3445, 3445, 3445, 3445, 3445, 5758, 5758, 5758, 5758, 5758, 7875, 7875, 7875, 7875, 7875, 14413, 14413, 14413, 14413, 14413, 19883, 19883, 19883, 19883, 19883, 24099, 24099, 24099, 24099, 25844, 25844, 25844, 25844, 26286, 26286, 26286, 26286, 26286, 34563, 34563, 34563, 34634, 34634, 34634, 73224, 73224, 73224, 75712, 75712, 75712, 79541, 79541, 79541, 79541, 108137, 108137, 108137, 183109, 183109, 183109, 183109, 183233, 183233, 193435, 193435, 193435, 193435, 197706, 197706, 197706, 197706, 220561, 220561, 247839], "y": ["Sofia", "Sidonia", "Gabbey", "Sophi", "Ingunna", "Fred", "Shandie", "Janeva", "Christan", "Odille", "Margette", "Gabbi", "Jolyn", "Emiline", "Wileen", "Gwenny", "Mallory", "Sadie", "Aubrey", "Melosa", "Georgeanne", "Bennie", "Laney", "Elspeth", "Dasya", "Christel", "Gina", "Jilleen", "Nani", "Lois", "Gizela", "Edithe", "Elnora", "Audra", "Romola", "Farah", "Audrey", "Hermione", "Wenona", "Priscella", "Karla", "Corina", "Melisande", "Ray", "Elga", "Mari", "Cory", "Loralie", "Barry", "Venita", "Lenore", "Amelia", "Cornela", "Paolina", "Krystal", "Cloris", "Theodosia", "Maxine", "Alene", "Andie", "Francesca", "Roanne", "Carlyn", "Annadiane", "Moll", "Onida", "Laryssa", "Karel", "Kelli", "Marquita", "Sari", "Audre", "Katrinka", "Pandora", "Roch", "Fanchon", "Frieda", "Kissee", "Karna"], "cumulative y": [1, 2, 3, 4, 5, 6, 7, 8, 9, 10, 11, 12, 13, 14, 15, 16, 17, 18, 19, 20, 21, 22, 23, 24, 25, 26, 27, 28, 29, 30, 31, 32, 33, 34, 35, 36, 37, 38, 39, 40, 41, 42, 43, 44, 45, 46, 47, 48, 49, 50, 51, 52, 53, 54, 55, 56, 57, 58, 59, 60, 61, 62, 63, 64, 65, 66, 67, 68, 69, 70, 71, 72, 73, 74, 75, 76, 77, 78, 79], "total events": 79}, "Vulnerabilities Exploited": {"record name": "Vulnerabilities Exploited", "x": [174, 337, 337, 406, 406, 606, 606, 1619, 1619, 1619, 1619, 1619, 1619, 1619, 1619, 1619, 1619, 1619, 1619, 1619, 2146, 2146, 2146, 2146, 2283, 2283, 3445, 3445, 3445, 3445, 3445, 3445, 3445, 3445, 3445, 3445, 3445, 3445, 3445, 3445, 3445, 3445, 3445, 3445, 3445, 3445, 3445, 3495, 3926, 3926, 4217, 4448, 4448, 5532, 5532, 5532, 5532, 5758, 6106, 7875, 7875, 8369, 8369, 8369, 8369, 9068, 9068, 9742, 9742, 9742, 10015, 10305, 10718, 10718, 10718, 10718, 11538, 11538, 11916, 11916, 12226, 12809, 12992, 13804, 14413, 14413, 14949, 14949, 15174, 15396, 19484, 19883, 19883, 24099, 25844, 25844, 25844, 25844, 25844, 25844, 25844, 25844, 25844, 25844, 25844, 25844, 25844, 26286, 26499, 26499, 30858, 34563, 34563, 34563, 34563, 48827, 52223, 54434, 54434, 54434, 54434, 54434, 54434, 54434, 54434, 54434, 54434, 54434, 54434, 55618, 55618, 55618, 55618, 55618, 56012, 56012, 73224, 78128, 78128, 78128, 78128, 78128, 79541, 108137, 150601, 188117, 193435, 197706, 197706], "cumulative exploited vulns": [1, 2, 3, 4, 5, 6, 7, 8, 9, 10, 11, 12, 13, 14, 15, 16, 17, 18, 19, 20, 21, 22, 23, 24, 25, 26, 27, 28, 29, 30, 31, 32, 33, 34, 35, 36, 37, 38, 39, 40, 41, 42, 43, 44, 45, 46, 47, 48, 49, 50, 51, 52, 53, 54, 55, 56, 57, 58, 59, 60, 61, 62, 63, 64, 65, 66, 67, 68, 69, 70, 71, 72, 73, 74, 75, 76, 77, 78, 79, 80, 81, 82, 83, 84, 85, 86, 87, 88, 89, 90, 91, 92, 93, 94, 95, 96, 97, 98, 99, 100, 101, 102, 103, 104, 105, 106, 107, 108, 109, 110, 111, 112, 113, 114, 115, 116, 117, 118, 119, 120, 121, 122, 123, 124, 125, 126, 127, 128, 129, 130, 131, 132, 133, 134, 135, 136, 137, 138, 139, 140, 141, 142, 143, 144, 145, 146, 147, 148, 149],