{"Total Initial Vulnerabilities": 697, "Initial Vulns Per OS": {"ubuntu": {"14.04": 26, "12.04": 25, "18.04": 18, "16.04": 21, "20.04": 11}, "centos": {"6": 28, "7": 35, "8": 12, "5": 33, "4": 15, "3": 88}, "freebsd": {"13": 12, "11": 22, "12": 16, "10": 6, "8": 86, "9": 19}, "windows": {"8": 24, "7": 20, "xp": 122, "10": 14, "vista": 23, "8.1": 21}}, "Average Initial RoA Per OS": {"ubuntu": {"14.04": 0.06580617341736808, "12.04": 0.055365496648179864, "18.04": 0.01911610740532883, "16.04": 0.03979520350065386, "20.04": 0.0044805086370581886}, "centos": {"6": 0.02300242235705218, "7": 0.052754635632477426, "8": 0.044551722745280624, "5": 0.06413872318426117, "4": 0.0699066813522362, "3": 0.05307153609409873}, "freebsd": {"13": 0.09373825348643577, "11": 0.06810657637705629, "12": 0.015148664481950505, "10": 0.06788326757848215, "8": 0.04919011204318805, "9": 0.06146700794357514}, "windows": {"8": 0.035026741115394805, "7": 0.0410702681056619, "xp": 0.05182994535949647, "10": 0.04598927349728205, "vista": 0.08611263570876669, "8.1": 0.05494201353829584}}, "OS Types In Initial Network": {"ubuntu 14.04": 7, "centos 6": 10, "freebsd 13": 17, "centos 7": 12, "ubuntu 12.04": 7, "ubuntu 18.04": 7, "windows 8": 13, "freebsd 11": 9, "windows 7": 6, "windows xp": 4, "windows 10": 16, "freebsd 12": 11, "centos 8": 18, "ubuntu 16.04": 7, "windows vista": 5, "centos 5": 8, "windows 8.1": 10, "freebsd 10": 2, "freebsd 8": 5, "freebsd 9": 6, "ubuntu 20.04": 13, "centos 4": 4, "centos 3": 3}, "Initial Hosts Without Vulnerabilities": 50, "Host Compromises": {"record name": "Host Compromises", "x": [7511, 8238, 10141, 15281, 18094, 18978, 26343, 26461, 26535, 26911, 30648, 39259, 51589, 82388, 83654, 83745, 86243, 109719, 112745, 116585, 118570, 119234, 121594, 122284, 124095, 126398, 126562, 127392, 131069, 154379, 163018, 180678, 182222, 194927, 195076, 196957, 197097, 226614, 248204], "y": [34, 38, 49, 20, 30, 31, 9, 10, 103, 105, 66, 123, 109, 128, 120, 122, 114, 70, 97, 73, 130, 134, 135, 136, 180, 106, 115, 111, 157, 177, 170, 107, 173, 179, 176, 98, 118, 113, 191], "cumulative y": [1, 2, 3, 4, 5, 6, 7, 8, 9, 10, 11, 12, 13, 14, 15, 16, 17, 18, 19, 20, 21, 22, 23, 24, 25, 26, 27, 28, 29, 30, 31, 32, 33, 34, 35, 36, 37, 38, 39], "total events": 39, "not exposed x": [26535, 26911, 30648, 39259, 51589, 82388, 83654, 83745, 86243, 109719, 112745, 116585, 118570, 119234, 121594, 122284, 124095, 126398, 126562, 127392, 131069, 154379, 163018, 180678, 182222, 194927, 195076, 196957, 197097, 226614, 248204], "not exposed y": [103, 105, 66, 123, 109, 128, 120, 122, 114, 70, 97, 73, 130, 134, 135, 136, 180, 106, 115, 111, 157, 177, 170, 107, 173, 179, 176, 98, 118, 113, 191], "cumulative not exposed y": [1, 2, 3, 4, 5, 6, 7, 8, 9, 10, 11, 12, 13, 14, 15, 16, 17, 18, 19, 20, 21, 22, 23, 24, 25, 26, 27, 28, 29, 30, 31], "total not exposed events": 31}, "Vuln Compromises": {"record name": "Vuln Compromises", "x": [7511, 8238, 10141, 18094, 18978, 26343, 26461, 51589, 82388, 86243, 109719, 112745, 119234, 127392, 154379, 180678, 182222, 195076, 248204], "y": [34, 38, 49, 30, 31, 9, 10, 109, 128, 114, 70, 97, 134, 111, 177, 107, 173, 176, 191], "cumulative y": [1, 2, 3, 4, 5, 6, 7, 8, 9, 10, 11, 12, 13, 14, 15, 16, 17, 18, 19], "total events": 19, "not exposed x": [51589, 82388, 86243, 109719, 112745, 119234, 127392, 154379, 180678, 182222, 195076, 248204], "not exposed y": [109, 128, 114, 70, 97, 134, 111, 177, 107, 173, 176, 191], "cumulative not exposed y": [1, 2, 3, 4, 5, 6, 7, 8, 9, 10, 11, 12], "total not exposed events": 12}, "Reuse Password Compromises": {"record name": "Reuse Password Compromises", "x": [15281, 26535, 26911, 30648, 39259, 83654, 83745, 116585, 118570, 121594, 122284, 124095, 126398, 126562, 131069, 163018, 194927, 196957, 197097, 226614], "y": [20, 103, 105, 66, 123, 120, 122, 73, 130, 135, 136, 180, 106, 115, 157, 170, 179, 98, 118, 113], "cumulative y": [1, 2, 3, 4, 5, 6, 7, 8, 9, 10, 11, 12, 13, 14, 15, 16, 17, 18, 19, 20], "total events": 20, "not exposed x": [26535, 26911, 30648, 39259, 83654, 83745, 116585, 118570, 121594, 122284, 124095, 126398, 126562, 131069, 163018, 194927, 196957, 197097, 226614], "not exposed y": [103, 105, 66, 123, 120, 122, 73, 130, 135, 136, 180, 106, 115, 157, 170, 179, 98, 118, 113], "cumulative not exposed y": [1, 2, 3, 4, 5, 6, 7, 8, 9, 10, 11, 12, 13, 14, 15, 16, 17, 18, 19], "total not exposed events": 19}, "Password Spray Compromises": {"record name": "Password Spray Compromises", "x": [], "y": [], "cumulative y": [], "total events": 0, "not exposed x": [], "not exposed y": [], "cumulative not exposed y": [], "total not exposed events": 0}, "User Account Leaks": {"record name": "User Account Has Been Leaked By Compromise", "x": [7511, 7511, 7511, 7511, 7511, 8238, 8238, 8238, 8238, 8238, 10141, 10141, 10141, 10141, 10141, 15281, 15281, 15281, 15281, 18094, 18094, 18094, 18094, 18094, 18978, 18978, 18978, 18978, 18978, 26343, 26343, 26343, 26343, 26461, 26461, 26461, 26461, 26461, 26535, 26535, 26911, 26911, 26911, 30648, 30648, 30648, 39259, 39259, 39259, 51589, 51589, 51589, 51589, 82388, 82388, 83654, 83654, 83745, 83745, 83745, 83745, 86243, 86243, 86243, 86243, 109719, 109719, 112745, 112745, 112745, 112745, 116585, 116585, 118570, 118570, 118570, 119234, 119234, 119234, 119234, 121594, 121594, 122284, 124095, 124095, 126398, 126398, 126398, 126562, 126562, 126562, 127392, 127392, 127392, 131069, 131069, 131069, 131069, 154379, 154379, 163018, 163018, 180678, 182222, 182222, 195076, 195076, 196957, 197097, 226614, 226614, 226614, 248204, 248204], "y": ["Claudia", "Sosanna", "Sidoney", "Joellen", "Lauri", "Evaleen", "Chrystal", "Meridith", "Wylma", "Mallory", "Julietta", "Tate", "Crystal", "Abagail", "Tanya", "Guinevere", "Cassy", "Ebba", "Fidelia", "Farrah", "Gilda", "Nicolea", "Clem", "Emmaline", "Maryjo", "Conchita", "Pansy", "Tarrah", "Marti", "Tarra", "Cornela", "Cymbre", "Rochelle", "Dulcea", "Eliza", "Valene", "Luci", "Halette", "Annelise", "Regan", "Euphemia", "Mellicent", "Agneta", "Shirlene", "Orsa", "Austine", "Maxy", "Lynelle", "Alla", "Inger", "Shaina", "Karly", "Lynett", "Nanice", "Ulla", "Cassondra", "Faith", "Janeczka", "Chantalle", "Alvina", "Clair", "Ianthe", "Nomi", "Caro", "Abigael", "Evanne", "Danielle", "Margarita", "Christine", "Merci", "Shanie", "Crista", "Becki", "Irena", "Lucina", "TEirtza", "Tammy", "Pandora", "Atlante", "Pier", "Trixy", "Verla", "Nita", "Cherida", "Zia", "Dahlia", "Drucie", "Perrine", "Maurita", "Jasmin", "Jayne", "Lucienne", "Mariejeanne", "Veronike", "Zitella", "Dulsea", "Christal", "Korney", "Shalne", "Joelle", "Fred", "Robinia", "Lishe", "Cairistiona", "Natalie", "Zonda", "Fawnia", "Kizzie", "Tish", "Wilhelmina", "Nissy", "Fara", "Bel", "Hertha"], "cumulative y": [1, 2, 3, 4, 5, 6, 7, 8, 9, 10, 11, 12, 13, 14, 15, 16, 17, 18, 19, 20, 21, 22, 23, 24, 25, 26, 27, 28, 29, 30, 31, 32, 33, 34, 35, 36, 37, 38, 39, 40, 41, 42, 43, 44, 45, 46, 47, 48, 49, 50, 51, 52, 53, 54, 55, 56, 57, 58, 59, 60, 61, 62, 63, 64, 65, 66, 67, 68, 69, 70, 71, 72, 73, 74, 75, 76, 77, 78, 79, 80, 81, 82, 83, 84, 85, 86, 87, 88, 89, 90, 91, 92, 93, 94, 95, 96, 97, 98, 99, 100, 101, 102, 103, 104, 105, 106, 107, 108, 109, 110, 111, 112, 113, 114], "total events": 114}, "Vulnerabilities Exploited": {"record name": "Vulnerabilities Exploited",