{"Total Initial Vulnerabilities": 644, "Initial Vulns Per OS": {"centos": {"4": 10, "6": 43, "8": 17, "5": 33, "7": 14, "3": 61}, "ubuntu": {"18.04": 35, "20.04": 19, "12.04": 30, "16.04": 38, "14.04": 42, "10.04": 22}, "freebsd": {"10": 14, "11": 27, "8": 78, "12": 17, "13": 4, "9": 4}, "windows": {"vista": 34, "8.1": 17, "7": 42, "10": 14, "8": 29}}, "Average Initial RoA Per OS": {"centos": {"4": 0.04276920461440547, "6": 0.09014463160306617, "8": 0.03503827988518288, "5": 0.05045807201362959, "7": 0.017907190385802157, "3": 0.07152657017566798}, "ubuntu": {"18.04": 0.0272747493577127, "20.04": 0.032447616836725424, "12.04": 0.07892867058282536, "16.04": 0.036064772579129246, "14.04": 0.05633148357255423, "10.04": 0.08088997026452073}, "freebsd": {"10": 0.045214650082379966, "11": 0.06149563013727218, "8": 0.09038649571678276, "12": 0.023330160601981884, "13": 0.04035146412722439, "9": 0.029883677874641554}, "windows": {"vista": 0.06638835315259813, "8.1": 0.017112767663172934, "7": 0.039890813614125505, "10": 0.02471990902817587, "8": 0.07351228257934975}}, "OS Types In Initial Network": {"centos 4": 2, "ubuntu 18.04": 16, "centos 8": 13, "centos 6": 15, "freebsd 10": 3, "freebsd 11": 10, "freebsd 8": 2, "ubuntu 20.04": 17, "ubuntu 12.04": 6, "windows vista": 4, "windows 8.1": 7, "freebsd 12": 10, "windows 7": 11, "ubuntu 16.04": 10, "ubuntu 14.04": 11, "freebsd 13": 12, "centos 5": 9, "centos 7": 11, "windows 10": 15, "freebsd 9": 4, "centos 3": 2, "windows 8": 9, "ubuntu 10.04": 1}, "Initial Hosts Without Vulnerabilities": 46, "Host Compromises": {"record name": "Host Compromises", "x": [302, 749, 899, 1329, 2193, 2478, 4054, 4245, 6880, 8501, 12152, 14663, 20285, 21651, 22538, 22632, 23173, 23376, 23509, 24817, 24932, 26760, 33782, 35925, 39860, 40704, 42714, 42870, 46702, 46862, 55728, 56681, 56923, 57771, 60134, 61002, 73396, 82960, 109999, 129767, 131852, 149358, 153996, 177180, 195901, 231914], "y": [0, 2, 3, 6, 9, 10, 16, 82, 81, 98, 4, 14, 27, 31, 34, 35, 37, 71, 72, 86, 129, 111, 83, 84, 133, 55, 166, 161, 104, 99, 115, 144, 141, 114, 50, 54, 193, 154, 100, 97, 132, 148, 145, 53, 102, 51], "cumulative y": [1, 2, 3, 4, 5, 6, 7, 8, 9, 10, 11, 12, 13, 14, 15, 16, 17, 18, 19, 20, 21, 22, 23, 24, 25, 26, 27, 28, 29, 30, 31, 32, 33, 34, 35, 36, 37, 38, 39, 40, 41, 42, 43, 44, 45, 46], "total events": 46, "not exposed x": [4245, 6880, 8501, 23376, 23509, 24817, 24932, 26760, 33782, 35925, 39860, 40704, 42714, 42870, 46702, 46862, 55728, 56681, 56923, 57771, 60134, 61002, 73396, 82960, 109999, 129767, 131852, 149358, 153996, 177180, 195901, 231914], "not exposed y": [82, 81, 98, 71, 72, 86, 129, 111, 83, 84, 133, 55, 166, 161, 104, 99, 115, 144, 141, 114, 50, 54, 193, 154, 100, 97, 132, 148, 145, 53, 102, 51], "cumulative not exposed y": [1, 2, 3, 4, 5, 6, 7, 8, 9, 10, 11, 12, 13, 14, 15, 16, 17, 18, 19, 20, 21, 22, 23, 24, 25, 26, 27, 28, 29, 30, 31, 32], "total not exposed events": 32}, "Vuln Compromises": {"record name": "Vuln Compromises", "x": [302, 899, 2193, 4054, 4245, 8501, 12152, 14663, 22632, 23376, 23509, 26760, 33782, 35925, 40704, 42714, 55728, 56923, 73396, 82960, 109999, 129767, 131852, 149358, 177180, 195901, 231914], "y": [0, 3, 9, 16, 82, 98, 4, 14, 35, 71, 72, 111, 83, 84, 55, 166, 115, 141, 193, 154, 100, 97, 132, 148, 53, 102, 51], "cumulative y": [1, 2, 3, 4, 5, 6, 7, 8, 9, 10, 11, 12, 13, 14, 15, 16, 17, 18, 19, 20, 21, 22, 23, 24, 25, 26, 27], "total events": 27, "not exposed x": [4245, 8501, 23376, 23509, 26760, 33782, 35925, 40704, 42714, 55728, 56923, 73396, 82960, 109999, 129767, 131852, 149358, 177180, 195901, 231914], "not exposed y": [82, 98, 71, 72, 111, 83, 84, 55, 166, 115, 141, 193, 154, 100, 97, 132, 148, 53, 102, 51], "cumulative not exposed y": [1, 2, 3, 4, 5, 6, 7, 8, 9, 10, 11, 12, 13, 14, 15, 16, 17, 18, 19, 20], "total not exposed events": 20}, "Reuse Password Compromises": {"record name": "Reuse Password Compromises", "x": [749, 1329, 6880, 20285, 21651, 22538, 23173, 24817, 24932, 39860, 42870, 46702, 46862, 56681, 57771, 60134, 61002, 153996], "y": [2, 6, 81, 27, 31, 34, 37, 86, 129, 133, 161, 104, 99, 144, 114, 50, 54, 145], "cumulative y": [1, 2, 3, 4, 5, 6, 7, 8, 9, 10, 11, 12, 13, 14, 15, 16, 17, 18], "total events": 18, "not exposed x": [6880, 24817, 24932, 39860, 42870, 46702, 46862, 56681, 57771, 60134, 61002, 153996], "not exposed y": [81, 86, 129, 133, 161, 104, 99, 144, 114, 50, 54, 145], "cumulative not exposed y": [1, 2, 3, 4, 5, 6, 7, 8, 9, 10, 11, 12], "total not exposed events": 12}, "Password Spray Compromises": {"record name": "Password Spray Compromises", "x": [2478], "y": [10], "cumulative y": [1], "total events": 1, "not exposed x": [], "not exposed y": [], "cumulative not exposed y": [], "total not exposed events": 0}, "User Account Leaks": {"record name": "User Account Has Been Leaked By Compromise", "x": [302, 302, 302, 302, 302, 749, 749, 749, 749, 899, 899, 899, 899, 899, 1329, 1329, 1329, 1329, 2193, 2193, 2193, 2193, 2193, 2478, 2478, 2478, 4054, 4054, 4054, 4054, 4054, 4245, 4245, 4245, 4245, 4245, 6880, 6880, 6880, 6880, 8501, 8501, 8501, 8501, 12152, 12152, 12152, 12152, 12152, 14663, 14663, 14663, 14663, 20285, 20285, 21651, 21651, 21651, 21651, 22538, 22538, 22538, 22632, 22632, 22632, 22632, 23173, 23376, 23376, 23376, 23509, 23509, 24817, 24817, 24817, 24932, 24932, 24932, 24932, 26760, 26760, 26760, 26760, 26760, 33782, 33782, 33782, 33782, 35925, 35925, 39860, 39860, 40704, 40704, 40704, 42714, 42714, 42714, 42870, 42870, 46702, 46702, 46702, 55728, 55728, 55728, 56681, 56681, 56923, 57771, 60134, 60134, 60134, 61002, 61002, 73396, 73396, 82960, 82960, 129767, 131852, 131852, 149358, 149358, 149358, 153996, 177180, 177180, 177180, 195901, 195901, 231914], "y": ["Joby", "Addi", "Janene", "Hyacinthie", "Karita", "Almire", "Kaitlyn", "Caroljean", "Gabbi", "Zilvia", "Tarah", "Neely", "Margaretha", "Dayna", "Marrilee", "Eartha", "Zarla", "Shanie", "Barbra", "Tani", "Dehlia", "Sheree", "Karyn", "Wendi", "Elayne", "Hailee", "Ynez", "Pris", "Melissa", "Ariella", "Merrily", "Kai", "Maryanna", "Megen", "Marcella", "Daniela", "Drusy", "Micki", "Kathlin", "Carmelia", "Krystyna", "Cherianne", "Cammi", "Perrine", "Perri", "May", "Jaquenetta", "Nani", "Ainslie", "Suzi", "Ashien", "Joanie", "Keriann", "Frank", "Ilyse", "Brenn", "Mirelle", "Nikkie", "Kerry", "Chelsy", "Camella", "Celisse", "Claudelle", "Yolanthe", "Melisent", "Natala", "Debee", "Tandy", "Toni", "Doralin", "Ansley", "Dagmar", "Daisey", "Pennie", "Aimil", "Annabela", "Ursula", "Peg", "Chrissie", "Germain", "Timothea", "Lynsey", "Casi", "Milicent", "Cassy", "Halie", "Lonnie", "Mehetabel", "Grethel", "Auroora", "Lorita", "Kassey", "Leesa", "Catharina", "Doe", "Philipa", "Ursulina", "Nance", "Rubi", "Andee", "Dominique", "Carolee", "Nedi", "Shelbi", "Josepha", "Marilyn", "Nissie", "Tania", "Nessa", "Jessy", "Cherilyn", "Drona", "Cherlyn", "Esme", "Larina", "Ddene", "Wilma", "Julina", "Annmarie", "Ophelia", "Fanny", "Kamila", "Gui", "Gerrilee", "Felicdad", "Ailey", "Timmi", "Lind", "Madelene", "Kandace", "Maurene", "Marketa"], "cumulative y": [1, 2, 3, 4, 5, 6, 7, 8, 9, 10, 11, 12, 13, 14, 15, 16, 17, 18, 19, 20, 21, 22, 23, 24, 25, 26, 27, 28, 29, 30, 31, 32, 33, 34, 35, 36, 37, 38, 39, 40, 41, 42, 43, 44, 45, 46, 47, 48, 49, 50, 51, 52, 53, 54, 55, 56, 57, 58, 59, 60, 61, 62, 63, 64, 65, 66, 67, 68, 69, 70, 71, 72, 73, 74, 75, 76, 77, 78, 79, 80, 81, 82, 83, 84, 85, 86, 87, 88, 89, 90, 91, 92, 93, 94, 95, 96, 97, 98, 99, 100, 101, 102, 103, 104, 105, 106, 107, 108, 109, 110, 111, 112, 113, 114, 115, 116, 117, 118, 119, 120, 121, 122, 123, 124, 125, 126, 127, 128, 129, 130, 131, 132], "total events": 132}, "Vulnerabilities Exploited": {"record name": "Vulnerabilities Exploited",