{"Total Initial Vulnerabilities": 892, "Initial Vulns Per OS": {"ubuntu": {"18.04": 37, "20.04": 20, "10.04": 107, "14.04": 27, "12.04": 24, "16.04": 16}, "windows": {"8.1": 28, "xp": 77, "8": 16, "10": 6, "7": 22, "vista": 13}, "freebsd": {"13": 8, "12": 35, "11": 46, "10": 15, "8": 128, "9": 19}, "centos": {"6": 35, "5": 32, "7": 17, "4": 35, "3": 118, "8": 11}}, "Average Initial RoA Per OS": {"ubuntu": {"18.04": 0.08285052296531638, "20.04": 0.06414826848226143, "10.04": 0.05638675323096681, "14.04": 0.05449174025903266, "12.04": 0.06007324588679239, "16.04": 0.11441745082721556}, "windows": {"8.1": 0.1076416980648166, "xp": 0.06384285876856625, "8": 0.06985940309592836, "10": 0.09336118079866744, "7": 0.06598135189973124, "vista": 0.05218897354114899}, "freebsd": {"13": 0.013139120728786646, "12": 0.07853800029707053, "11": 0.033354069012622584, "10": 0.051188365722481165, "8": 0.04278091283834448, "9": 0.021022264921115127}, "centos": {"6": 0.058799833719603074, "5": 0.06633294181602764, "7": 0.06169515316128951, "4": 0.03899995632290757, "3": 0.050259433504534705, "8": 0.043206441758102114}}, "OS Types In Initial Network": {"ubuntu 18.04": 15, "windows 8.1": 14, "centos 8": 16, "freebsd 13": 16, "windows 10": 8, "centos 6": 13, "freebsd 12": 14, "windows xp": 2, "centos 5": 7, "centos 7": 10, "freebsd 11": 11, "windows 8": 9, "centos 4": 6, "ubuntu 20.04": 19, "freebsd 10": 5, "ubuntu 10.04": 4, "ubuntu 14.04": 6, "centos 3": 4, "freebsd 8": 3, "ubuntu 12.04": 4, "ubuntu 16.04": 5, "windows 7": 5, "freebsd 9": 2, "windows vista": 2}, "Initial Hosts Without Vulnerabilities": 59, "Host Compromises": {"record name": "Host Compromises", "x": [1226, 7171, 11948, 13527, 19558, 21580, 23018, 24878, 27263, 32123, 32617, 34607, 69911, 86804, 88880, 93334, 118220, 132921, 176685], "y": [7, 35, 107, 112, 4, 8, 12, 19, 24, 39, 41, 44, 52, 32, 38, 49, 146, 71, 109], "cumulative y": [1, 2, 3, 4, 5, 6, 7, 8, 9, 10, 11, 12, 13, 14, 15, 16, 17, 18, 19], "total events": 19, "not exposed x": [11948, 13527, 69911, 118220, 132921, 176685], "not exposed y": [107, 112, 52, 146, 71, 109], "cumulative not exposed y": [1, 2, 3, 4, 5, 6], "total not exposed events": 6}, "Vuln Compromises": {"record name": "Vuln Compromises", "x": [1226, 7171, 11948, 21580, 23018, 24878, 27263, 32123, 32617, 34607, 69911, 86804, 88880, 93334, 118220, 176685], "y": [7, 35, 107, 8, 12, 19, 24, 39, 41, 44, 52, 32, 38, 49, 146, 109], "cumulative y": [1, 2, 3, 4, 5, 6, 7, 8, 9, 10, 11, 12, 13, 14, 15, 16], "total events": 16, "not exposed x": [11948, 69911, 118220, 176685], "not exposed y": [107, 52, 146, 109], "cumulative not exposed y": [1, 2, 3, 4], "total not exposed events": 4}, "Reuse Password Compromises": {"record name": "Reuse Password Compromises", "x": [13527, 19558], "y": [112, 4], "cumulative y": [1, 2], "total events": 2, "not exposed x": [13527], "not exposed y": [112], "cumulative not exposed y": [1], "total not exposed events": 1}, "Password Spray Compromises": {"record name": "Password Spray Compromises", "x": [132921], "y": [71], "cumulative y": [1], "total events": 1, "not exposed x": [132921], "not exposed y": [71], "cumulative not exposed y": [1], "total not exposed events": 1}, "User Account Leaks": {"record name": "User Account Has Been Leaked By Compromise", "x": [1226, 1226, 1226, 1226, 1226, 7171, 7171, 7171, 7171, 11948, 11948, 11948, 11948, 13527, 13527, 13527, 13527, 19558, 19558, 19558, 21580, 21580, 21580, 21580, 23018, 23018, 23018, 23018, 23018, 24878, 24878, 24878, 27263, 27263, 27263, 32123, 32617, 32617, 32617, 32617, 32617, 34607, 34607, 34607, 34607, 34607, 69911, 69911, 69911, 69911, 69911, 86804, 86804, 86804, 86804, 86804, 88880, 88880, 88880, 88880, 93334, 93334, 118220, 118220, 118220, 118220, 118220, 132921, 132921, 132921, 176685, 176685, 176685, 176685], "y": ["Becky", "Ileana", "Tiphani", "Rozelle", "Anett", "Rebeka", "Basia", "Kaitlyn", "Cosetta", "Bell", "Ange", "Martica", "Susanna", "Goldy", "Evangelin", "Ursola", "Gwenore", "Wini", "Doralynn", "Cairistiona", "Rozalie", "Lynnea", "Felecia", "Talia", "Hailee", "Jocelyn", "Tabbie", "Marillin", "Chelsea", "Tonia", "Gertruda", "Chiquita", "Clemmy", "Dareen", "Denys", "Celka", "Lilli", "Alia", "Anatola", "Tisha", "Florence", "Fredericka", "Rosana", "Catarina", "Josephine", "Elicia", "Krystalle", "Elga", "Gunilla", "Elora", "Dode", "Zenia", "Daveen", "Francyne", "Cordelia", "Ginnifer", "Arlyne", "Twila", "Babita", "Judie", "Stevana", "Marcelle", "Appolonia", "Allyn", "Benoite", "Angelia", "Teresita", "Barbara", "Andeee", "Mirabelle", "Kyrstin", "Alyda", "Quinta", "Sharity"], "cumulative y": [1, 2, 3, 4, 5, 6, 7, 8, 9, 10, 11, 12, 13, 14, 15, 16, 17, 18, 19, 20, 21, 22, 23, 24, 25, 26, 27, 28, 29, 30, 31, 32, 33, 34, 35, 36, 37, 38, 39, 40, 41, 42, 43, 44, 45, 46, 47, 48, 49, 50, 51, 52, 53, 54, 55, 56, 57, 58, 59, 60, 61, 62, 63, 64, 65, 66, 67, 68, 69, 70, 71, 72, 73, 74], "total events": 74}, "Vulnerabilities Exploited": {"record name": "Vulnerabilities Exploited", "x": [252, 447, 668, 1070, 1226, 1226, 2761, 2761, 2761, 2761, 2761, 2761, 2761, 2761, 2761, 2761, 2761, 2761, 2761, 2761, 2761, 2761, 2932, 3274, 3357, 3770, 3932, 4902, 4902, 5062, 5193, 5642, 5642, 5642, 5745, 5974, 7171, 7171, 7171, 7171, 7171, 7171, 7171, 7171, 7171, 7171, 7171, 11948, 11948, 11948, 11948, 15223, 15223, 15661, 15902, 16522, 18756, 19408, 19408, 19784, 20149, 21580, 21580, 21580, 21580, 21580, 21580, 21580, 21580, 21580, 21580, 21580, 21580, 21580, 21580, 21580, 21797, 23018, 24292, 24878, 26177, 30517, 30517, 31004, 32123, 32123, 32123, 32123, 32123, 32910, 34607, 34607, 34607, 34607, 34607, 34607, 34607, 34607, 34607, 34607, 34607, 35022, 35022, 35372, 35372, 35766, 35766, 37943, 37943, 37943, 37943, 37943, 37943, 37943, 37943, 37943, 37943, 37943, 37943, 37943, 37943, 38834, 44541, 46551, 56389, 57933, 62812, 69911, 69911, 70009, 82573, 88200, 88200, 88880, 88880, 88990, 93334, 93334, 93334, 93334, 93334, 93334, 93334, 104143, 106950, 118220, 118220, 133037, 139951, 158555, 162136, 176685, 183688, 193566], "cumulative exploited vulns": [1, 2, 3, 4, 5, 6, 7, 8, 9, 10, 11, 12, 13, 14, 15, 16, 17, 18, 19, 20, 21, 22, 23, 24, 25, 26, 27, 28, 29, 30, 31, 32, 33, 34, 35, 36, 37, 38, 39, 40, 41, 42, 43, 44, 45, 46, 47, 48, 49, 50, 51, 52, 53, 54, 55, 56, 57, 58, 59, 60, 61, 62, 63, 64, 65, 66, 67, 68, 69, 70, 71, 72, 73, 74, 75, 76, 77, 78, 79, 80, 81, 82, 83, 84, 85, 86, 87, 88, 89, 90, 91, 92, 93, 94, 95, 96, 97, 98, 99, 100, 101, 102, 103, 104, 105, 106, 107, 108, 109, 110, 111, 112, 113, 114, 115, 116, 117, 118, 119, 120, 121, 122, 123, 124, 125, 126, 127, 128, 129, 130, 131, 132, 133, 134, 135, 136, 137, 138, 139, 140, 141, 142, 143, 144, 145, 146, 147, 148, 149, 150, 151, 152, 153, 154],