{"Total Initial Vulnerabilities": 679, "Initial Vulns Per OS": {"ubuntu": {"14.04": 33, "16.04": 26, "10.04": 81, "12.04": 49, "18.04": 15, "20.04": 7}, "centos": {"6": 18, "8": 5, "7": 31, "5": 31, "4": 38, "3": 114}, "freebsd": {"11": 31, "9": 36, "13": 8, "12": 42, "10": 26, "8": 15}, "windows": {"10": 9, "8": 17, "8.1": 18, "7": 23, "vista": 6}}, "Average Initial RoA Per OS": {"ubuntu": {"14.04": 0.048574469612255956, "16.04": 0.07966564276111697, "10.04": 0.06182622410961029, "12.04": 0.06944955416862221, "18.04": 0.042510420325678415, "20.04": 0.07739555223050265}, "centos": {"6": 0.06757298512658273, "8": 0.09387576773419778, "7": 0.03488881884149533, "5": 0.044590700994565885, "4": 0.05898173893782842, "3": 0.05148360538731565}, "freebsd": {"11": 0.06647066709866774, "9": 0.056082961616860105, "13": 0.0280542218398677, "12": 0.029036337196599, "10": 0.038332835775796166, "8": 0.010803150006305617}, "windows": {"10": 0.06586305551218974, "8": 0.05882967986318694, "8.1": 0.03807043080311323, "7": 0.05846136458370313, "vista": 0.031343557820314526}}, "OS Types In Initial Network": {"ubuntu 20.04": 20, "centos 8": 15, "windows 8.1": 11, "ubuntu 14.04": 7, "windows 8": 6, "centos 6": 6, "freebsd 11": 13, "windows 10": 15, "freebsd 13": 12, "freebsd 9": 4, "centos 7": 12, "ubuntu 16.04": 7, "centos 5": 5, "ubuntu 10.04": 5, "centos 4": 8, "ubuntu 12.04": 10, "windows 7": 3, "freebsd 12": 16, "centos 3": 5, "ubuntu 18.04": 10, "freebsd 10": 8, "freebsd 8": 1, "windows vista": 1}, "Initial Hosts Without Vulnerabilities": 52, "Host Compromises": {"record name": "Host Compromises", "x": [2369, 4109, 7853, 11509, 13195, 13777, 13868, 18971, 21098, 22714, 24839, 24990, 30584, 37050, 38995, 40808, 40930, 42108, 42734, 49890, 61517, 65575, 67806, 68537, 68690, 69527, 72035, 81325, 82278, 97379, 103082, 103233, 126956, 166308, 167256, 194820, 211105, 211303], "y": [22, 35, 44, 15, 23, 25, 26, 39, 47, 82, 91, 83, 88, 63, 69, 109, 86, 61, 92, 84, 81, 147, 161, 50, 53, 90, 105, 149, 54, 85, 104, 106, 87, 67, 66, 108, 60, 62], "cumulative y": [1, 2, 3, 4, 5, 6, 7, 8, 9, 10, 11, 12, 13, 14, 15, 16, 17, 18, 19, 20, 21, 22, 23, 24, 25, 26, 27, 28, 29, 30, 31, 32, 33, 34, 35, 36, 37, 38], "total events": 38, "not exposed x": [22714, 24839, 24990, 30584, 37050, 38995, 40808, 40930, 42108, 42734, 49890, 61517, 65575, 67806, 68537, 68690, 69527, 72035, 81325, 82278, 97379, 103082, 103233, 126956, 166308, 167256, 194820, 211105, 211303], "not exposed y": [82, 91, 83, 88, 63, 69, 109, 86, 61, 92, 84, 81, 147, 161, 50, 53, 90, 105, 149, 54, 85, 104, 106, 87, 67, 66, 108, 60, 62], "cumulative not exposed y": [1, 2, 3, 4, 5, 6, 7, 8, 9, 10, 11, 12, 13, 14, 15, 16, 17, 18, 19, 20, 21, 22, 23, 24, 25, 26, 27, 28, 29], "total not exposed events": 29}, "Vuln Compromises": {"record name": "Vuln Compromises", "x": [2369, 4109, 7853, 11509, 13195, 13777, 13868, 18971, 21098, 22714, 24839, 24990, 30584, 38995, 40808, 42108, 42734, 49890, 61517, 65575, 67806, 68537, 69527, 81325, 82278, 97379, 103082, 103233, 126956, 166308, 167256, 194820, 211105], "y": [22, 35, 44, 15, 23, 25, 26, 39, 47, 82, 91, 83, 88, 69, 109, 61, 92, 84, 81, 147, 161, 50, 90, 149, 54, 85, 104, 106, 87, 67, 66, 108, 60], "cumulative y": [1, 2, 3, 4, 5, 6, 7, 8, 9, 10, 11, 12, 13, 14, 15, 16, 17, 18, 19, 20, 21, 22, 23, 24, 25, 26, 27, 28, 29, 30, 31, 32, 33], "total events": 33, "not exposed x": [22714, 24839, 24990, 30584, 38995, 40808, 42108, 42734, 49890, 61517, 65575, 67806, 68537, 69527, 81325, 82278, 97379, 103082, 103233, 126956, 166308, 167256, 194820, 211105], "not exposed y": [82, 91, 83, 88, 69, 109, 61, 92, 84, 81, 147, 161, 50, 90, 149, 54, 85, 104, 106, 87, 67, 66, 108, 60], "cumulative not exposed y": [1, 2, 3, 4, 5, 6, 7, 8, 9, 10, 11, 12, 13, 14, 15, 16, 17, 18, 19, 20, 21, 22, 23, 24], "total not exposed events": 24}, "Reuse Password Compromises": {"record name": "Reuse Password Compromises", "x": [37050, 40930, 68690, 211303], "y": [63, 86, 53, 62], "cumulative y": [1, 2, 3, 4], "total events": 4, "not exposed x": [37050, 40930, 68690, 211303], "not exposed y": [63, 86, 53, 62], "cumulative not exposed y": [1, 2, 3, 4], "total not exposed events": 4}, "Password Spray Compromises": {"record name": "Password Spray Compromises", "x": [72035], "y": [105], "cumulative y": [1], "total events": 1, "not exposed x": [72035], "not exposed y": [105], "cumulative not exposed y": [1], "total not exposed events": 1}, "User Account Leaks": {"record name": "User Account Has Been Leaked By Compromise", "x": [2369, 2369, 2369, 2369, 2369, 4109, 4109, 4109, 4109, 4109, 7853, 7853, 7853, 7853, 7853, 11509, 11509, 11509, 11509, 11509, 13195, 13195, 13195, 13195, 13195, 13777, 13777, 13777, 13777, 13868, 13868, 13868, 13868, 13868, 18971, 18971, 18971, 18971, 18971, 21098, 21098, 21098, 21098, 22714, 22714, 22714, 22714, 24839, 24839, 24839, 24990, 24990, 30584, 30584, 30584, 37050, 37050, 37050, 37050, 38995, 38995, 38995, 40808, 40808, 40808, 40930, 40930, 40930, 40930, 42108, 42108, 42108, 42108, 42734, 42734, 42734, 49890, 49890, 49890, 49890, 61517, 61517, 65575, 65575, 65575, 67806, 67806, 67806, 68537, 68537, 68537, 68690, 68690, 69527, 72035, 72035, 72035, 81325, 81325, 82278, 82278, 82278, 97379, 97379, 97379, 97379, 103233, 103233, 126956, 126956, 126956, 126956, 166308, 166308, 167256, 167256, 194820, 194820, 194820, 211105, 211105, 211303], "y": ["Jonell", "Gwendolyn", "Manya", "Arielle", "Codee", "Vanni", "Else", "Nertie", "Mellisent", "Harriette", "Harlie", "Adrian", "Eimile", "Vivian", "Dominique", "Sallyann", "Cymbre", "Jeanie", "Gianina", "Henryetta", "Brittani", "Ginnie", "Annemarie", "Katheryn", "Rikki", "Opalina", "Gwenni", "Abbie", "Margareta", "Livia", "Beatrisa", "Robbi", "Sybil", "Hyacinthia", "Annamarie", "Doria", "Terry", "Lulita", "Janith", "Lethia", "Bettina", "Berte", "Stephani", "Sofie", "Nicky", "Rosene", "Leeanne", "Zorah", "Alyce", "Glennie", "Cleo", "Esther", "Nerissa", "Celestyn", "Ottilie", "Nadine", "Liane", "Minnaminnie", "Carrissa", "Kelli", "Jenelle", "Marguerite", "Leela", "Neda", "Viviyan", "Fernandina", "Fey", "Ninnette", "Cornelia", "Reeta", "Emily", "Elisha", "Marieann", "Katlin", "Dorolice", "Sashenka", "Jannelle", "Lela", "Marilin", "Sybille", "Anabella", "Dyna", "Nicolle", "Monique", "Daria", "Wally", "Delphine", "Maureene", "Norine", "Shaine", "Zilvia", "Pearline", "Jayme", "Fulvia", "Matti", "Raquel", "Viviana", "Tricia", "Adriaens", "Vonni", "Margaretha", "Perl", "Ernestine", "Natasha", "Chanda", "Kyla", "Irina", "Trudie", "Flossie", "Isis", "Nadeen", "Domini", "Sharlene", "Ronna", "Kat", "Charil", "Glynis", "Sheila-Kathryn", "Gwendolen", "Sela", "Sabra", "Ethelin"], "cumulative y": [1, 2, 3, 4, 5, 6, 7, 8, 9, 10, 11, 12, 13, 14, 15, 16, 17, 18, 19, 20, 21, 22, 23, 24, 25, 26, 27, 28, 29, 30, 31, 32, 33, 34, 35, 36, 37, 38, 39, 40, 41, 42, 43, 44, 45, 46, 47, 48, 49, 50, 51, 52, 53, 54, 55, 56, 57, 58, 59, 60, 61, 62, 63, 64, 65, 66, 67, 68, 69, 70, 71, 72, 73, 74, 75, 76, 77, 78, 79, 80, 81, 82, 83, 84, 85, 86, 87, 88, 89, 90, 91, 92, 93, 94, 95, 96, 97, 98, 99, 100, 101, 102, 103, 104, 105, 106, 107, 108, 109, 110, 111, 112, 113, 114, 115, 116, 117, 118, 119, 120, 121, 122], "total events": 122}, "Vulnerabilities Exploited": {"record name": "Vulnerabilities Exploited",