{"Total Initial Vulnerabilities": 588, "Initial Vulns Per OS": {"freebsd": {"10": 20, "11": 54, "9": 22, "13": 26, "12": 27, "8": 38}, "windows": {"8.1": 21, "7": 27, "8": 29, "10": 15, "vista": 10, "xp": 29}, "ubuntu": {"16.04": 40, "14.04": 58, "20.04": 13, "18.04": 39, "12.04": 5}, "centos": {"8": 11, "7": 23, "4": 10, "6": 21, "5": 29, "3": 21}}, "Average Initial RoA Per OS": {"freebsd": {"10": 0.03383200315843763, "11": 0.04787823641329531, "9": 0.1178085012281338, "13": 0.03407956440716588, "12": 0.06606035788215364, "8": 0.05595918849333486}, "windows": {"8.1": 0.09007820722601274, "7": 0.051940530130467184, "8": 0.08769988453296394, "10": 0.046397709351760734, "vista": 0.019790067732798733, "xp": 0.0690006383155453}, "ubuntu": {"16.04": 0.04791438819180022, "14.04": 0.042880721775673314, "20.04": 0.027582000508859547, "18.04": 0.11582010373748279, "12.04": 0.04517560400836599}, "centos": {"8": 0.02985460252736892, "7": 0.041563379209612554, "4": 0.0735385089445623, "6": 0.07292379832213253, "5": 0.06473006649248235, "3": 0.046169198540399116}}, "OS Types In Initial Network": {"freebsd 10": 6, "windows 8.1": 7, "ubuntu 16.04": 16, "ubuntu 14.04": 10, "freebsd 11": 13, "ubuntu 18.04": 17, "windows 7": 8, "ubuntu 20.04": 13, "windows 8": 10, "freebsd 9": 4, "freebsd 13": 19, "centos 8": 12, "windows 10": 14, "freebsd 12": 13, "centos 7": 11, "ubuntu 12.04": 2, "windows vista": 2, "centos 5": 7, "centos 4": 4, "centos 6": 9, "freebsd 8": 1, "centos 3": 1, "windows xp": 1}, "Initial Hosts Without Vulnerabilities": 34, "Host Compromises": {"record name": "Host Compromises", "x": [245, 2714, 8018, 11896, 12299, 17544, 25571, 52355, 86446, 118798, 120847, 122931, 124633, 124810, 124896, 132058, 138860, 146378, 146588, 150423, 152251, 157218, 161046, 165077, 188153, 189507, 192907, 199683, 204161, 204342, 209160, 210065, 217881, 223759, 225712, 245278], "y": [1, 16, 2, 28, 29, 4, 42, 9, 97, 46, 119, 68, 86, 89, 193, 192, 103, 115, 161, 117, 165, 76, 88, 166, 85, 160, 52, 61, 171, 63, 62, 60, 50, 53, 190, 74], "cumulative y": [1, 2, 3, 4, 5, 6, 7, 8, 9, 10, 11, 12, 13, 14, 15, 16, 17, 18, 19, 20, 21, 22, 23, 24, 25, 26, 27, 28, 29, 30, 31, 32, 33, 34, 35, 36], "total events": 36, "not exposed x": [86446, 120847, 122931, 124633, 124810, 124896, 132058, 138860, 146378, 146588, 150423, 152251, 157218, 161046, 165077, 188153, 189507, 192907, 199683, 204161, 204342, 209160, 210065, 217881, 223759, 225712, 245278], "not exposed y": [97, 119, 68, 86, 89, 193, 192, 103, 115, 161, 117, 165, 76, 88, 166, 85, 160, 52, 61, 171, 63, 62, 60, 50, 53, 190, 74], "cumulative not exposed y": [1, 2, 3, 4, 5, 6, 7, 8, 9, 10, 11, 12, 13, 14, 15, 16, 17, 18, 19, 20, 21, 22, 23, 24, 25, 26, 27], "total not exposed events": 27}, "Vuln Compromises": {"record name": "Vuln Compromises", "x": [245, 2714, 8018, 11896, 12299, 17544, 25571, 86446, 118798, 124633, 124810, 138860, 146378, 146588, 150423, 152251, 157218, 161046, 165077, 188153, 189507, 192907, 199683, 204161, 204342, 209160, 210065, 217881, 223759, 245278], "y": [1, 16, 2, 28, 29, 4, 42, 97, 46, 86, 89, 103, 115, 161, 117, 165, 76, 88, 166, 85, 160, 52, 61, 171, 63, 62, 60, 50, 53, 74], "cumulative y": [1, 2, 3, 4, 5, 6, 7, 8, 9, 10, 11, 12, 13, 14, 15, 16, 17, 18, 19, 20, 21, 22, 23, 24, 25, 26, 27, 28, 29, 30], "total events": 30, "not exposed x": [86446, 124633, 124810, 138860, 146378, 146588, 150423, 152251, 157218, 161046, 165077, 188153, 189507, 192907, 199683, 204161, 204342, 209160, 210065, 217881, 223759, 245278], "not exposed y": [97, 86, 89, 103, 115, 161, 117, 165, 76, 88, 166, 85, 160, 52, 61, 171, 63, 62, 60, 50, 53, 74], "cumulative not exposed y": [1, 2, 3, 4, 5, 6, 7, 8, 9, 10, 11, 12, 13, 14, 15, 16, 17, 18, 19, 20, 21, 22], "total not exposed events": 22}, "Reuse Password Compromises": {"record name": "Reuse Password Compromises", "x": [122931, 124896, 132058, 225712], "y": [68, 193, 192, 190], "cumulative y": [1, 2, 3, 4], "total events": 4, "not exposed x": [122931, 124896, 132058, 225712], "not exposed y": [68, 193, 192, 190], "cumulative not exposed y": [1, 2, 3, 4], "total not exposed events": 4}, "Password Spray Compromises": {"record name": "Password Spray Compromises", "x": [52355, 120847], "y": [9, 119], "cumulative y": [1, 2], "total events": 2, "not exposed x": [120847], "not exposed y": [119], "cumulative not exposed y": [1], "total not exposed events": 1}, "User Account Leaks": {"record name": "User Account Has Been Leaked By Compromise", "x": [245, 245, 245, 245, 245, 2714, 2714, 2714, 2714, 2714, 8018, 8018, 8018, 8018, 8018, 11896, 11896, 11896, 11896, 11896, 12299, 12299, 12299, 12299, 12299, 17544, 17544, 17544, 17544, 17544, 25571, 25571, 25571, 25571, 52355, 52355, 52355, 52355, 86446, 86446, 86446, 86446, 118798, 118798, 118798, 118798, 120847, 120847, 120847, 120847, 122931, 122931, 122931, 122931, 124633, 124810, 124810, 124810, 124810, 124896, 124896, 124896, 132058, 132058, 132058, 132058, 138860, 138860, 138860, 138860, 146378, 146378, 146588, 150423, 150423, 150423, 152251, 152251, 152251, 152251, 152251, 157218, 157218, 157218, 161046, 161046, 161046, 165077, 165077, 165077, 188153, 188153, 188153, 189507, 189507, 189507, 192907, 192907, 199683, 199683, 199683, 204161, 204342, 204342, 204342, 209160, 209160, 210065, 210065, 217881, 217881, 225712, 245278, 245278], "y": ["Glynda", "Aurlie", "Lauralee", "Mirabelle", "Amalia", "Amelie", "Brear", "Jorry", "Paulette", "Mag", "Margot", "Ulla", "Nat", "Conni", "Claretta", "Kim", "Channa", "Natala", "Chastity", "Nichol", "Philomena", "Manon", "Kathrine", "Saidee", "Odetta", "Dido", "Lorine", "Allissa", "Grayce", "Ramonda", "Glynnis", "Gabriellia", "Allis", "Samantha", "Loreen", "Rhea", "Freida", "Lauren", "Frayda", "Geri", "Valentina", "Bel", "Kathe", "Andree", "Pepi", "Harlie", "Clea", "Marissa", "Hilde", "Carline", "Catherina", "Gretal", "Martica", "Jesselyn", "Sissie", "Ortensia", "Traci", "Koren", "Jillie", "Laurie", "Denice", "Marianna", "Margeaux", "Manya", "Debora", "Charmion", "Ara", "Shawna", "Carlotta", "Maisie", "Opal", "Charline", "Elora", "Ralina", "Brigit", "Mariann", "Elisabeth", "Norma", "Junette", "Thalia", "Celestine", "Oneida", "Quintilla", "Simonette", "Dory", "Willow", "Winne", "Nicky", "Sue", "Jeannie", "Arden", "Kat", "Katharyn", "Anastasie", "Benetta", "Miguelita", "Diane-Marie", "Kerrill", "Ladonna", "Rianon", "Berta", "Fenelia", "Caron", "Joyan", "Barbie", "May", "Reina", "Julia", "Brunhilda", "Sybille", "Dasha", "Ernesta", "Lilyan", "Raquela"], "cumulative y": [1, 2, 3, 4, 5, 6, 7, 8, 9, 10, 11, 12, 13, 14, 15, 16, 17, 18, 19, 20, 21, 22, 23, 24, 25, 26, 27, 28, 29, 30, 31, 32, 33, 34, 35, 36, 37, 38, 39, 40, 41, 42, 43, 44, 45, 46, 47, 48, 49, 50, 51, 52, 53, 54, 55, 56, 57, 58, 59, 60, 61, 62, 63, 64, 65, 66, 67, 68, 69, 70, 71, 72, 73, 74, 75, 76, 77, 78, 79, 80, 81, 82, 83, 84, 85, 86, 87, 88, 89, 90, 91, 92, 93, 94, 95, 96, 97, 98, 99, 100, 101, 102, 103, 104, 105, 106, 107, 108, 109, 110, 111, 112, 113, 114], "total events": 114}, "Vulnerabilities Exploited": {"record name": "Vulnerabilities Exploited", "x": [108, 108, 245, 561, 1079, 1192, 1274, 1382, 1382, 1717, 1936, 2348, 2348, 2441, 2792, 2792, 2967, 3112, 3112, 3112, 3406, 3776, 4123, 4373, 4668, 4668, 4776, 5203, 5334, 5910, 6226, 6226, 6226, 6505, 6505, 6820, 6949, 7067, 7554, 9354, 9898, 9898, 11400, 12299, 12299, 12299, 12446, 12446, 12446, 13200, 14709, 14986, 17633, 21740, 25238, 25571, 25571, 26493, 57989, 62443, 63129, 86446, 86867, 86867, 87976, 100992, 106294, 106660, 119966, 119966, 120617, 121152, 124633, 124810, 125025, 125558, 128684, 129116, 129116, 138860, 143288, 147251, 150602, 156624, 160473, 160473, 166399, 167651, 189753, 198421, 198421, 198421, 198421, 202232, 204342, 215683, 216386, 218061, 224996, 224996, 224996, 239512, 243134, 244570, 246917, 246917],