{"Total Initial Vulnerabilities": 787, "Initial Vulns Per OS": {"ubuntu": {"16.04": 22, "20.04": 18, "18.04": 29, "14.04": 39, "12.04": 20, "10.04": 47}, "windows": {"8.1": 20, "8": 34, "10": 16, "xp": 84, "7": 36, "vista": 23}, "centos": {"7": 25, "6": 22, "4": 25, "8": 9, "5": 40, "3": 37}, "freebsd": {"13": 11, "8": 104, "12": 43, "10": 20, "11": 49, "9": 14}}, "Average Initial RoA Per OS": {"ubuntu": {"16.04": 0.056632335979923926, "20.04": 0.062010912230957754, "18.04": 0.09770144397582241, "14.04": 0.036803741955669426, "12.04": 0.06666975771986772, "10.04": 0.04163971745537974}, "windows": {"8.1": 0.10509706006558686, "8": 0.029820687506551594, "10": 0.05648512683674279, "xp": 0.055474154260015576, "7": 0.03841961939388492, "vista": 0.054707997797920446}, "centos": {"7": 0.08963699251418573, "6": 0.0244577880036552, "4": 0.052447471059003374, "8": 0.05609600953957919, "5": 0.050736760291946195, "3": 0.061727289728043463}, "freebsd": {"13": 0.10355173823522622, "8": 0.06560715936720204, "12": 0.052563020458524685, "10": 0.09942576712989698, "11": 0.02988290215637665, "9": 0.08971926089206346}}, "OS Types In Initial Network": {"ubuntu 16.04": 6, "ubuntu 20.04": 24, "windows 8.1": 14, "centos 8": 13, "ubuntu 18.04": 9, "centos 7": 13, "freebsd 9": 3, "freebsd 13": 14, "windows 8": 9, "freebsd 8": 3, "windows 10": 11, "ubuntu 14.04": 9, "freebsd 12": 16, "centos 6": 8, "freebsd 10": 3, "centos 4": 4, "windows xp": 4, "ubuntu 12.04": 4, "centos 5": 8, "centos 3": 2, "freebsd 11": 12, "windows 7": 7, "windows vista": 3, "ubuntu 10.04": 1}, "Initial Hosts Without Vulnerabilities": 38, "Host Compromises": {"record name": "Host Compromises", "x": [428, 2353, 3280, 4718, 7351, 12338, 14302, 17426, 19466, 20241, 22800, 22903, 25316, 33366, 34501, 34964, 35311, 36042, 39744, 46678, 51196, 54696, 58500, 58646, 61003, 63424, 68613, 73376, 75779, 79160, 79324, 80882, 85991, 123177, 125742, 126615, 203065, 218662, 223323], "y": [6, 22, 102, 86, 87, 36, 43, 48, 97, 99, 155, 83, 197, 11, 13, 15, 105, 104, 17, 32, 41, 119, 98, 118, 186, 120, 101, 113, 116, 196, 189, 195, 0, 122, 169, 167, 126, 124, 4], "cumulative y": [1, 2, 3, 4, 5, 6, 7, 8, 9, 10, 11, 12, 13, 14, 15, 16, 17, 18, 19, 20, 21, 22, 23, 24, 25, 26, 27, 28, 29, 30, 31, 32, 33, 34, 35, 36, 37, 38, 39], "total events": 39, "not exposed x": [3280, 4718, 7351, 19466, 20241, 22800, 22903, 25316, 35311, 36042, 54696, 58500, 58646, 61003, 63424, 68613, 73376, 75779, 79160, 79324, 80882, 123177, 125742, 126615, 203065, 218662], "not exposed y": [102, 86, 87, 97, 99, 155, 83, 197, 105, 104, 119, 98, 118, 186, 120, 101, 113, 116, 196, 189, 195, 122, 169, 167, 126, 124], "cumulative not exposed y": [1, 2, 3, 4, 5, 6, 7, 8, 9, 10, 11, 12, 13, 14, 15, 16, 17, 18, 19, 20, 21, 22, 23, 24, 25, 26], "total not exposed events": 26}, "Vuln Compromises": {"record name": "Vuln Compromises", "x": [428, 2353, 3280, 4718, 7351, 12338, 14302, 17426, 19466, 20241, 22903, 25316, 33366, 34964, 35311, 36042, 39744, 46678, 51196, 58500, 63424, 75779, 79324, 80882, 85991, 123177, 125742], "y": [6, 22, 102, 86, 87, 36, 43, 48, 97, 99, 83, 197, 11, 15, 105, 104, 17, 32, 41, 98, 120, 116, 189, 195, 0, 122, 169], "cumulative y": [1, 2, 3, 4, 5, 6, 7, 8, 9, 10, 11, 12, 13, 14, 15, 16, 17, 18, 19, 20, 21, 22, 23, 24, 25, 26, 27], "total events": 27, "not exposed x": [3280, 4718, 7351, 19466, 20241, 22903, 25316, 35311, 36042, 58500, 63424, 75779, 79324, 80882, 123177, 125742], "not exposed y": [102, 86, 87, 97, 99, 83, 197, 105, 104, 98, 120, 116, 189, 195, 122, 169], "cumulative not exposed y": [1, 2, 3, 4, 5, 6, 7, 8, 9, 10, 11, 12, 13, 14, 15, 16], "total not exposed events": 16}, "Reuse Password Compromises": {"record name": "Reuse Password Compromises", "x": [22800, 54696, 58646, 61003, 68613, 73376, 79160, 126615, 218662], "y": [155, 119, 118, 186, 101, 113, 196, 167, 124], "cumulative y": [1, 2, 3, 4, 5, 6, 7, 8, 9], "total events": 9, "not exposed x": [22800, 54696, 58646, 61003, 68613, 73376, 79160, 126615, 218662], "not exposed y": [155, 119, 118, 186, 101, 113, 196, 167, 124], "cumulative not exposed y": [1, 2, 3, 4, 5, 6, 7, 8, 9], "total not exposed events": 9}, "Password Spray Compromises": {"record name": "Password Spray Compromises", "x": [34501, 203065, 223323], "y": [13, 126, 4], "cumulative y": [1, 2, 3], "total events": 3, "not exposed x": [203065], "not exposed y": [126], "cumulative not exposed y": [1], "total not exposed events": 1}, "User Account Leaks": {"record name": "User Account Has Been Leaked By Compromise", "x": [428, 428, 428, 428, 428, 2353, 2353, 2353, 2353, 2353, 3280, 3280, 3280, 3280, 3280, 4718, 4718, 4718, 4718, 7351, 7351, 7351, 7351, 12338, 12338, 12338, 12338, 12338, 14302, 14302, 14302, 14302, 17426, 17426, 17426, 17426, 19466, 19466, 19466, 19466, 20241, 20241, 20241, 20241, 20241, 22800, 22800, 22800, 22903, 25316, 25316, 25316, 25316, 33366, 33366, 33366, 34501, 34501, 34501, 34964, 34964, 35311, 35311, 35311, 35311, 36042, 36042, 36042, 36042, 36042, 39744, 39744, 46678, 46678, 46678, 51196, 51196, 51196, 54696, 54696, 58500, 58500, 58500, 58646, 58646, 61003, 61003, 61003, 63424, 68613, 68613, 73376, 73376, 75779, 75779, 75779, 75779, 75779, 79160, 79160, 79324, 79324, 80882, 80882, 85991, 85991, 85991, 123177, 125742, 125742, 125742, 125742, 126615, 126615, 126615, 203065, 203065, 218662, 218662, 223323, 223323, 223323], "y": ["Torie", "Andie", "Pearla", "Ardella", "Maurine", "Domini", "Greer", "Delinda", "Lainey", "Audie", "Emmy", "Lynsey", "Gerrilee", "Yoshiko", "Merla", "Amalie", "Courtnay", "Caterina", "Jacky", "Bernadina", "Gerladina", "Celina", "Dorrie", "Latisha", "Evvy", "Patrice", "Maegan", "Billie", "Marita", "Bride", "Tasha", "Sharline", "La Verne", "Ursuline", "Kylen", "Debbie", "Cherrita", "Patrica", "Nikoletta", "Adey", "Eyde", "Kaylee", "Peggy", "Sib", "Caryn", "Evey", "Jsandye", "Roseanna", "Glennis", "Lauretta", "Elisabetta", "Anjela", "Jaimie", "Harlie", "Drona", "Georgia", "Adelice", "Erna", "Morna", "Juliane", "Loria", "Ana", "Kerrill", "Latrina", "Philippine", "Erena", "Clea", "Larine", "Jeanna", "Andriana", "Kristien", "Maureene", "Crystie", "Alana", "Cordi", "Tomi", "Brandise", "Lacy", "Annalise", "Lyn", "Kamila", "Elli", "Debra", "Jobye", "Gennifer", "Federica", "Nanci", "Josee", "Saba", "Charlean", "Claudina", "Martguerita", "Jacquenette", "Emmaline", "Corilla", "Kameko", "Bettine", "Olympe", "Kevina", "Evangelin", "Minnie", "Noella", "Vida", "Rozelle", "Farand", "Kissie", "Sashenka", "Sharleen", "Trudi", "Teri", "Charmion", "Lilian", "Cindee", "Kizzee", "Darsie", "Marjorie", "Annabelle", "Elenore", "Estele", "Rahel", "Joleen", "Jane"], "cumulative y": [1, 2, 3, 4, 5, 6, 7, 8, 9, 10, 11, 12, 13, 14, 15, 16, 17, 18, 19, 20, 21, 22, 23, 24, 25, 26, 27, 28, 29, 30, 31, 32, 33, 34, 35, 36, 37, 38, 39, 40, 41, 42, 43, 44, 45, 46, 47, 48, 49, 50, 51, 52, 53, 54, 55, 56, 57, 58, 59, 60, 61, 62, 63, 64, 65, 66, 67, 68, 69, 70, 71, 72, 73, 74, 75, 76, 77, 78, 79, 80, 81, 82, 83, 84, 85, 86, 87, 88, 89, 90, 91, 92, 93, 94, 95, 96, 97, 98, 99, 100, 101, 102, 103, 104, 105, 106, 107, 108, 109, 110, 111, 112, 113, 114, 115, 116, 117, 118, 119, 120, 121, 122], "total events": 122}, "Vulnerabilities Exploited": {"record name": "Vulnerabilities Exploited",