{"Total Initial Vulnerabilities": 614, "Initial Vulns Per OS": {"windows": {"vista": 11, "10": 22, "8": 39, "xp": 46, "7": 14, "8.1": 21}, "freebsd": {"12": 23, "10": 38, "11": 11, "9": 17, "13": 9, "8": 42}, "ubuntu": {"18.04": 14, "20.04": 14, "16.04": 54, "12.04": 9, "10.04": 31, "14.04": 12}, "centos": {"7": 22, "6": 24, "3": 83, "8": 18, "4": 14, "5": 26}}, "Average Initial RoA Per OS": {"windows": {"vista": 0.11055990208834675, "10": 0.03839086468123462, "8": 0.06112483028165528, "xp": 0.04612901477161928, "7": 0.0809397549248766, "8.1": 0.07429601696079198}, "freebsd": {"12": 0.0191810117585379, "10": 0.05661027624790716, "11": 0.11583421154241122, "9": 0.11547119582088863, "13": 0.025934414632344846, "8": 0.04933196842539484}, "ubuntu": {"18.04": 0.060894780648745095, "20.04": 0.01673880531228304, "16.04": 0.0814069267928743, "12.04": 0.11200022232426243, "10.04": 0.05868092109192168, "14.04": 0.05740175284825278}, "centos": {"7": 0.025401440376509786, "6": 0.05110778913048092, "3": 0.07089556890162799, "8": 0.03001672910483109, "4": 0.02677591790859951, "5": 0.062025316225559284}}, "OS Types In Initial Network": {"windows vista": 2, "freebsd 12": 15, "windows 10": 15, "windows 8": 14, "ubuntu 18.04": 9, "freebsd 10": 9, "windows xp": 2, "freebsd 11": 9, "ubuntu 20.04": 17, "centos 4": 5, "centos 7": 14, "centos 6": 8, "windows 7": 5, "windows 8.1": 11, "freebsd 9": 4, "centos 3": 3, "freebsd 13": 15, "ubuntu 16.04": 11, "centos 8": 17, "ubuntu 12.04": 2, "ubuntu 10.04": 2, "centos 5": 7, "freebsd 8": 1, "ubuntu 14.04": 3}, "Initial Hosts Without Vulnerabilities": 50, "Host Compromises": {"record name": "Host Compromises", "x": [2598, 4253, 5882, 6278, 7997, 9415, 9649, 19258, 32986, 111117, 142285, 176195], "y": [7, 20, 28, 32, 39, 46, 48, 35, 0, 3, 34, 26], "cumulative y": [1, 2, 3, 4, 5, 6, 7, 8, 9, 10, 11, 12], "total events": 12, "not exposed x": [], "not exposed y": [], "cumulative not exposed y": [], "total not exposed events": 0}, "Vuln Compromises": {"record name": "Vuln Compromises", "x": [2598, 4253, 5882, 7997, 9415, 19258, 32986, 111117], "y": [7, 20, 28, 39, 46, 35, 0, 3], "cumulative y": [1, 2, 3, 4, 5, 6, 7, 8], "total events": 8, "not exposed x": [], "not exposed y": [], "cumulative not exposed y": [], "total not exposed events": 0}, "Reuse Password Compromises": {"record name": "Reuse Password Compromises", "x": [6278, 9649], "y": [32, 48], "cumulative y": [1, 2], "total events": 2, "not exposed x": [], "not exposed y": [], "cumulative not exposed y": [], "total not exposed events": 0}, "Password Spray Compromises": {"record name": "Password Spray Compromises", "x": [142285, 176195], "y": [34, 26], "cumulative y": [1, 2], "total events": 2, "not exposed x": [], "not exposed y": [], "cumulative not exposed y": [], "total not exposed events": 0}, "User Account Leaks": {"record name": "User Account Has Been Leaked By Compromise", "x": [2598, 2598, 2598, 2598, 2598, 4253, 4253, 4253, 4253, 4253, 5882, 5882, 5882, 5882, 6278, 6278, 6278, 7997, 7997, 7997, 7997, 9415, 9415, 9415, 9649, 9649, 9649, 9649, 19258, 19258, 19258, 19258, 32986, 32986, 32986, 32986, 32986, 111117, 111117, 111117, 111117, 142285, 142285, 176195, 176195], "y": ["Natasha", "Rosanna", "Gweneth", "Hannie", "Wenonah", "Rakel", "Dotty", "Gabriellia", "Carolan", "Cicily", "Samara", "Meggi", "Ingeberg", "Nalani", "Fredericka", "Celle", "Hinda", "Emmalee", "Kellie", "Alexia", "Eveline", "Poppy", "Joletta", "Bernadine", "Hally", "Faythe", "Ysabel", "Ailee", "Grethel", "Tabbitha", "Becki", "Jeane", "Laurella", "Hermine", "Angelina", "Cosette", "Ellissa", "Robinia", "Ange", "Audry", "Ninette", "Margaretta", "Constancy", "Ricky", "Nedda"], "cumulative y": [1, 2, 3, 4, 5, 6, 7, 8, 9, 10, 11, 12, 13, 14, 15, 16, 17, 18, 19, 20, 21, 22, 23, 24, 25, 26, 27, 28, 29, 30, 31, 32, 33, 34, 35, 36, 37, 38, 39, 40, 41, 42, 43, 44, 45], "total events": 45}, "Vulnerabilities Exploited": {"record name": "Vulnerabilities Exploited", "x": [449, 449, 510, 565, 711, 919, 1123, 1203, 1203, 2598, 2598, 2598, 2598, 2598, 2598, 2598, 2598, 2598, 2598, 2598, 2598, 2598, 2598, 2598, 2635, 2711, 3680, 4253, 4385, 4876, 5882, 5882, 5882, 5947, 6553, 6553, 6553, 7156, 7156, 7156, 7156, 7156, 7156, 7156, 7156, 7156, 7817, 7997, 8069, 8472, 8472, 8472, 8636, 8968, 9222, 9222, 9222, 9222, 9732, 9732, 10308, 10308, 11116, 11574, 11813, 13282, 14011, 15383, 15383, 16653, 19258, 19258, 19258, 19258, 19258, 19258, 19258, 19258, 19258, 19258, 22386, 26104, 26104, 31389, 31891, 32986, 32986, 37744, 49650, 65404, 111117, 111117, 114374, 178510], "cumulative exploited vulns": [1, 2, 3, 4, 5, 6, 7, 8, 9, 10, 11, 12, 13, 14, 15, 16, 17, 18, 19, 20, 21, 22, 23, 24, 25, 26, 27, 28, 29, 30, 31, 32, 33, 34, 35, 36, 37, 38, 39, 40, 41, 42, 43, 44, 45, 46, 47, 48, 49, 50, 51, 52, 53, 54, 55, 56, 57, 58, 59, 60, 61, 62, 63, 64, 65, 66, 67, 68, 69, 70, 71, 72, 73, 74, 75, 76, 77, 78, 79, 80, 81, 82, 83, 84, 85, 86, 87, 88, 89, 90, 91, 92, 93, 94], "roa": [0.9334562076575625, 0.8919058086090983, 0.24992093492897208, 0.45701038288930124, 0.7365532485224988, 0.4917644500094597, 0.5967143054818426, 0.14061564327802772, 0.26715126459608174, 0.3603253273397867, 0.32334432494105, 0.65802093260637, 0.48787068706658665, 0.5836340476643419, 0.3700968511139674, 0.19189629335369734, 0.23059465116084826, 0.2644283638675177, 0.26315109595656294, 0.3059273204313315, 0.07532446772266634, 0.26315109595656294, 0.3059273204313315, 0.20155838709418222, 0.12271268201906829, 0.9289141770682876, 0.6723840754662074, 0.3707975487541294, 0.2450354500240977, 0.5652323791749647, 0.5484734027547364, 0.5234534931145071, 0.13367350677510448, 0.34058032351161266, 0.765669416440671, 0.4653516085642684, 0.4653516085642684, 0.5905638350330744, 0.6604828196814447, 0.3665759180064022, 0.19400516506682688, 0.4349009687922686, 0.12436049410532476, 0.3041352968822506, 0.054408702656426625, 0.16001641977186973, 0.07226273566917749, 0.7598157277000321, 0.2740934319095294, 0.461859940843647, 0.10987188232860974, 0.09654565509633509, 0.31025684411802706, 0.29747811477336644, 0.734919366648679, 0.7232791756790358, 0.0009332951068707597, 0.0009332951068707597, 0.011496542023787217, 0.011496542023787217, 0.18404718400050857, 0.2589994472568993, 0.33397979404422795, 0.10433456625380529, 0.3523679189805117, 0.16416956408940014, 0.13633827756118838, 0.7488175120303064, 0.34318239097907843, 0.35440260952796243, 0.6021751581120978, 0.6925002256237259, 0.49656347523345595, 0.5084662965766447, 0.05513219935303576, 0.14447288833731106, 0.26206635119631383, 0.15897484252703992, 0.04541930880582914, 0.15908895542355467, 0.19572407948212284, 0.005745895519223892, 0.02531291235115334, 0.217912922016429, 0.018839750741993823, 0.06079217224474794, 0.19237761551701876, 0.04360328589089948, 0.2588200605784087, 0.1177861081292838, 0.03457771238519961, 0.04075460484916519, 0.11150313695033795, 0.015248636831396245],