{"Total Initial Vulnerabilities": 810, "Initial Vulns Per OS": {"ubuntu": {"18.04": 35, "16.04": 33, "20.04": 5, "14.04": 32, "10.04": 112, "12.04": 29}, "centos": {"3": 107, "6": 11, "7": 21, "4": 15, "8": 9, "5": 8}, "windows": {"vista": 38, "7": 11, "10": 9, "xp": 74, "8": 11, "8.1": 12}, "freebsd": {"12": 16, "10": 32, "13": 8, "11": 30, "9": 33, "8": 119}}, "Average Initial RoA Per OS": {"ubuntu": {"18.04": 0.043422901293442534, "16.04": 0.040897237633322064, "20.04": 0.023643613404189173, "14.04": 0.05788203487655119, "10.04": 0.04955092139072814, "12.04": 0.03251510893168553}, "centos": {"3": 0.041289132478848106, "6": 0.0556003081313236, "7": 0.04986989295262348, "4": 0.06894071668811233, "8": 0.009680204254328088, "5": 0.047731156913743515}, "windows": {"vista": 0.043334647415082105, "7": 0.06270477166620059, "10": 0.015400541976868378, "xp": 0.05140058366874326, "8": 0.027568749095058277, "8.1": 0.027975886498348253}, "freebsd": {"12": 0.026040307276929322, "10": 0.03242866857908495, "13": 0.06534713310401057, "11": 0.06457870771588102, "9": 0.055616872927847845, "8": 0.04670977741990933}}, "OS Types In Initial Network": {"windows 8.1": 9, "ubuntu 18.04": 13, "centos 3": 3, "windows vista": 6, "centos 6": 3, "ubuntu 16.04": 12, "centos 8": 15, "freebsd 12": 12, "freebsd 10": 9, "freebsd 9": 7, "windows 7": 6, "centos 7": 11, "windows 10": 17, "ubuntu 20.04": 13, "windows xp": 3, "freebsd 13": 12, "ubuntu 14.04": 9, "centos 4": 4, "windows 8": 6, "freebsd 11": 16, "ubuntu 10.04": 4, "freebsd 8": 3, "ubuntu 12.04": 3, "centos 5": 4}, "Initial Hosts Without Vulnerabilities": 52, "Host Compromises": {"record name": "Host Compromises", "x": [109, 3040, 3658, 5047, 6551, 14330, 16051, 19677, 22123, 37493, 39048, 54197, 58172, 59136, 59517, 63400, 77110, 88663, 91472, 181065, 239750, 247728], "y": [1, 9, 13, 20, 27, 44, 49, 3, 12, 5, 52, 42, 161, 162, 160, 115, 30, 51, 106, 35, 8, 29], "cumulative y": [1, 2, 3, 4, 5, 6, 7, 8, 9, 10, 11, 12, 13, 14, 15, 16, 17, 18, 19, 20, 21, 22], "total events": 22, "not exposed x": [39048, 58172, 59136, 59517, 63400, 88663, 91472], "not exposed y": [52, 161, 162, 160, 115, 51, 106], "cumulative not exposed y": [1, 2, 3, 4, 5, 6, 7], "total not exposed events": 7}, "Vuln Compromises": {"record name": "Vuln Compromises", "x": [109, 3040, 3658, 5047, 6551, 14330, 16051, 19677, 22123, 37493, 39048, 54197, 58172, 59517, 63400, 77110, 88663, 91472, 181065, 247728], "y": [1, 9, 13, 20, 27, 44, 49, 3, 12, 5, 52, 42, 161, 160, 115, 30, 51, 106, 35, 29], "cumulative y": [1, 2, 3, 4, 5, 6, 7, 8, 9, 10, 11, 12, 13, 14, 15, 16, 17, 18, 19, 20], "total events": 20, "not exposed x": [39048, 58172, 59517, 63400, 88663, 91472], "not exposed y": [52, 161, 160, 115, 51, 106], "cumulative not exposed y": [1, 2, 3, 4, 5, 6], "total not exposed events": 6}, "Reuse Password Compromises": {"record name": "Reuse Password Compromises", "x": [59136], "y": [162], "cumulative y": [1], "total events": 1, "not exposed x": [59136], "not exposed y": [162], "cumulative not exposed y": [1], "total not exposed events": 1}, "Password Spray Compromises": {"record name": "Password Spray Compromises", "x": [239750], "y": [8], "cumulative y": [1], "total events": 1, "not exposed x": [], "not exposed y": [], "cumulative not exposed y": [], "total not exposed events": 0}, "User Account Leaks": {"record name": "User Account Has Been Leaked By Compromise", "x": [109, 109, 109, 109, 3040, 3040, 3040, 3658, 3658, 3658, 3658, 3658, 5047, 5047, 5047, 5047, 5047, 6551, 6551, 6551, 6551, 6551, 14330, 14330, 14330, 14330, 14330, 16051, 16051, 16051, 16051, 16051, 19677, 19677, 19677, 19677, 22123, 22123, 22123, 22123, 22123, 37493, 37493, 37493, 37493, 39048, 39048, 39048, 39048, 54197, 54197, 54197, 58172, 58172, 58172, 58172, 59136, 59136, 59517, 59517, 59517, 59517, 59517, 63400, 77110, 77110, 77110, 77110, 88663, 88663, 88663, 88663, 91472, 91472, 91472, 91472, 181065, 181065, 181065, 239750, 247728, 247728], "y": ["Karlie", "Constantina", "Berna", "Perla", "Willamina", "Ami", "Corenda", "Juliette", "Kati", "Shannon", "Priscella", "Kimberli", "Anna-Diane", "Kayla", "Bernardine", "Riannon", "Sileas", "Aleta", "Sonia", "Bevvy", "Susann", "Dorrie", "Ulrike", "Karleen", "Corinne", "Marya", "Dian", "Morna", "Allissa", "Hinda", "Neile", "Carlita", "Tessie", "Tamera", "Joline", "Shannah", "Phedra", "Katharina", "Harli", "Abra", "Sallie", "Fayth", "Michaella", "Peria", "Sheila-Kathryn", "Seana", "Courtney", "Tasia", "Flori", "Ruthann", "Joyann", "Benetta", "Elfrieda", "Rozella", "Constancia", "Flossi", "Rita", "Amber", "Dre", "Roxane", "Myrah", "Dulcine", "Augustine", "Julie", "Lorine", "Rakel", "Leoine", "Monique", "Daisy", "Jeannette", "Eleonora", "Adiana", "Lina", "Jerrilee", "Wrennie", "Maryjane", "Dorella", "Verile", "Dulci", "Rachele", "Avrit", "Annalee"], "cumulative y": [1, 2, 3, 4, 5, 6, 7, 8, 9, 10, 11, 12, 13, 14, 15, 16, 17, 18, 19, 20, 21, 22, 23, 24, 25, 26, 27, 28, 29, 30, 31, 32, 33, 34, 35, 36, 37, 38, 39, 40, 41, 42, 43, 44, 45, 46, 47, 48, 49, 50, 51, 52, 53, 54, 55, 56, 57, 58, 59, 60, 61, 62, 63, 64, 65, 66, 67, 68, 69, 70, 71, 72, 73, 74, 75, 76, 77, 78, 79, 80, 81, 82], "total events": 82}, "Vulnerabilities Exploited": {"record name": "Vulnerabilities Exploited", "x": [109, 507, 507, 507, 507, 507, 2090, 2090, 2090, 2090, 2090, 2090, 2090, 2090, 2090, 2090, 2090, 2090, 2266, 2684, 3040, 3302, 3553, 3658, 3870, 3870, 4091, 5047, 5047, 5047, 5047, 5047, 5047, 5047, 5047, 5047, 5047, 5047, 5047, 5596, 5977, 6551, 6551, 6639, 9380, 9380, 9380, 9380, 9380, 9380, 9380, 9380, 9380, 9380, 9380, 9380, 9380, 9380, 9380, 9380, 10625, 10625, 11147, 12234, 14330, 14330, 14330, 14330, 14330, 14330, 14330, 14330, 14330, 14330, 14330, 14330, 14330, 14875, 14875, 14875, 15469, 16051, 16051, 19677, 19677, 19677, 19677, 19677, 19677, 19677, 19677, 19677, 19677, 19677, 19677, 22123, 22123, 25433, 29022, 29022, 29022, 29022, 29022, 29022, 29022, 29022, 30665, 31910, 34472, 39048, 39048, 39048, 39048, 39048, 39048, 39048, 39048, 39048, 39048, 39048, 39048, 40280, 41112, 46239, 46666, 49747, 49747, 49747, 49747, 49747, 49747, 54197, 55577, 55577, 56337, 57754, 58172, 58283, 59517, 60122, 60122, 60122, 61224, 61224, 61673, 61673, 63703, 63703, 63703, 66803, 77110, 77110, 77110, 77110, 79232, 83408, 85920, 89388, 91472, 94430, 100424, 112622, 115251, 117765, 134225, 171911, 181065, 212080, 235097, 247728], "cumulative exploited vulns": [1, 2, 3, 4, 5, 6, 7, 8, 9, 10, 11, 12, 13, 14, 15, 16, 17, 18, 19, 20, 21, 22, 23, 24, 25, 26, 27, 28, 29, 30, 31, 32, 33, 34, 35, 36, 37, 38, 39, 40, 41, 42, 43, 44, 45, 46, 47, 48, 49, 50, 51, 52, 53, 54, 55, 56, 57, 58, 59, 60, 61, 62, 63, 64, 65, 66, 67, 68, 69, 70, 71, 72, 73, 74, 75, 76, 77, 78, 79, 80, 81, 82, 83, 84, 85, 86, 87, 88, 89, 90, 91, 92, 93, 94, 95, 96, 97, 98, 99, 100, 101, 102, 103, 104, 105, 106, 107, 108, 109, 110, 111, 112, 113, 114, 115, 116, 117, 118, 119, 120, 121, 122, 123, 124, 125, 126, 127, 128, 129, 130, 131, 132, 133, 134, 135, 136, 137, 138, 139, 140, 141, 142, 143, 144, 145, 146, 147, 148, 149, 150, 151, 152, 153, 154, 155, 156, 157, 158, 159, 160, 161, 162, 163, 164, 165, 166, 167, 168, 169, 170],