{"Total Initial Vulnerabilities": 608, "Initial Vulns Per OS": {"freebsd": {"11": 49, "8": 21, "10": 66, "13": 14, "12": 17, "9": 29}, "windows": {"8.1": 23, "8": 20, "xp": 4, "vista": 34, "10": 7, "7": 36}, "centos": {"4": 13, "6": 35, "8": 10, "7": 20, "5": 17, "3": 32}, "ubuntu": {"14.04": 49, "16.04": 20, "20.04": 15, "18.04": 16, "12.04": 37, "10.04": 24}}, "Average Initial RoA Per OS": {"freebsd": {"11": 0.06978865297389493, "8": 0.07688690006694769, "10": 0.06189433820091119, "13": 0.011886020438908044, "12": 0.09184343509554314, "9": 0.04291926288568828}, "windows": {"8.1": 0.13108093075493674, "8": 0.06792420336570146, "xp": 0.01712635012109132, "vista": 0.06832662363199236, "10": 0.032764348938354906, "7": 0.08368004621263934}, "centos": {"4": 0.0875297217687874, "6": 0.07177929886612731, "8": 0.03278564909029277, "7": 0.04393838142636546, "5": 0.02857283041050604, "3": 0.045432204577024404}, "ubuntu": {"14.04": 0.04968026118928572, "16.04": 0.06858385489975767, "20.04": 0.05115736398526967, "18.04": 0.13633403745463607, "12.04": 0.04515823278107349, "10.04": 0.09083347829210812}}, "OS Types In Initial Network": {"freebsd 11": 14, "windows 8.1": 13, "centos 4": 3, "centos 6": 17, "ubuntu 14.04": 8, "windows 10": 14, "windows 8": 6, "ubuntu 16.04": 9, "ubuntu 20.04": 22, "windows xp": 1, "freebsd 13": 14, "freebsd 8": 1, "ubuntu 18.04": 10, "centos 8": 10, "centos 7": 9, "centos 5": 4, "freebsd 10": 11, "windows vista": 6, "freebsd 12": 10, "freebsd 9": 5, "centos 3": 2, "ubuntu 12.04": 4, "windows 7": 6, "ubuntu 10.04": 1}, "Initial Hosts Without Vulnerabilities": 45, "Host Compromises": {"record name": "Host Compromises", "x": [1761, 2994, 3652, 3915, 7607, 8256, 9778, 10075, 11980, 14332, 15139, 19883, 22212, 35001, 54546, 184997, 188915, 200245, 245351], "y": [10, 20, 23, 24, 37, 40, 46, 47, 0, 7, 11, 27, 32, 16, 26, 35, 44, 12, 14], "cumulative y": [1, 2, 3, 4, 5, 6, 7, 8, 9, 10, 11, 12, 13, 14, 15, 16, 17, 18, 19], "total events": 19, "not exposed x": [], "not exposed y": [], "cumulative not exposed y": [], "total not exposed events": 0}, "Vuln Compromises": {"record name": "Vuln Compromises", "x": [1761, 2994, 3652, 3915, 9778, 19883, 22212, 54546, 184997, 200245], "y": [10, 20, 23, 24, 46, 27, 32, 26, 35, 12], "cumulative y": [1, 2, 3, 4, 5, 6, 7, 8, 9, 10], "total events": 10, "not exposed x": [], "not exposed y": [], "cumulative not exposed y": [], "total not exposed events": 0}, "Reuse Password Compromises": {"record name": "Reuse Password Compromises", "x": [7607, 8256, 10075, 11980, 14332, 15139, 35001], "y": [37, 40, 47, 0, 7, 11, 16], "cumulative y": [1, 2, 3, 4, 5, 6, 7], "total events": 7, "not exposed x": [], "not exposed y": [], "cumulative not exposed y": [], "total not exposed events": 0}, "Password Spray Compromises": {"record name": "Password Spray Compromises", "x": [188915, 245351], "y": [44, 14], "cumulative y": [1, 2], "total events": 2, "not exposed x": [], "not exposed y": [], "cumulative not exposed y": [], "total not exposed events": 0}, "User Account Leaks": {"record name": "User Account Has Been Leaked By Compromise", "x": [1761, 1761, 1761, 1761, 1761, 2994, 2994, 2994, 2994, 2994, 3652, 3652, 3652, 3652, 3652, 3915, 3915, 3915, 3915, 3915, 7607, 7607, 7607, 7607, 8256, 8256, 8256, 9778, 9778, 9778, 9778, 10075, 10075, 10075, 11980, 11980, 14332, 14332, 14332, 14332, 15139, 15139, 15139, 19883, 22212, 22212, 22212, 22212, 35001, 35001, 35001, 54546, 54546, 54546, 184997, 184997, 184997, 188915, 188915, 188915, 200245, 200245, 200245, 200245, 245351, 245351, 245351, 245351], "y": ["Ardath", "Allianora", "Coral", "Phelia", "Trudey", "Thomasina", "Janela", "Daisi", "Nonie", "Kessia", "Ede", "Ermina", "Dodie", "Marrissa", "Chloette", "Torie", "Valencia", "Meta", "Giovanna", "Essy", "Mehetabel", "Ibbie", "Cecily", "Shannen", "Rebeca", "Eveleen", "Rozella", "Ebony", "Sophie", "Seka", "Ranee", "Erda", "Tate", "Lona", "Dorri", "Suzanna", "Miguelita", "Margarethe", "Koralle", "Kynthia", "Danella", "Karlee", "Naomi", "Vale", "Neila", "Ruthy", "Pearla", "Milena", "Saudra", "Florry", "Jessalin", "Neysa", "Dana", "Melva", "Toby", "Briana", "Peria", "Thomasin", "Dyna", "Kipp", "Caterina", "Valera", "Mercy", "Lavinia", "Donelle", "Noella", "Leonore", "Adah"], "cumulative y": [1, 2, 3, 4, 5, 6, 7, 8, 9, 10, 11, 12, 13, 14, 15, 16, 17, 18, 19, 20, 21, 22, 23, 24, 25, 26, 27, 28, 29, 30, 31, 32, 33, 34, 35, 36, 37, 38, 39, 40, 41, 42, 43, 44, 45, 46, 47, 48, 49, 50, 51, 52, 53, 54, 55, 56, 57, 58, 59, 60, 61, 62, 63, 64, 65, 66, 67, 68], "total events": 68}, "Vulnerabilities Exploited": {"record name": "Vulnerabilities Exploited", "x": [249, 249, 315, 518, 518, 1154, 1154, 1154, 1154, 1154, 1526, 1761, 1852, 1852, 2110, 2455, 2994, 2994, 3652, 3652, 3652, 3652, 3652, 3652, 3652, 3652, 3652, 3915, 3915, 4006, 4425, 5110, 5416, 5945, 6213, 6634, 7687, 8088, 8088, 8781, 9778, 9778, 9778, 10718, 10718, 12057, 12655, 13792, 13792, 13792, 14104, 14477, 16835, 19883, 19883, 19883, 19883, 22212, 25247, 32068, 32789, 37125, 38661, 39478, 49483, 49483, 49483, 51119, 56775, 68426, 69551, 71905, 75293, 75293, 93440, 96481, 103056, 155360, 167048, 184997, 185596, 185596, 194181, 199409, 200245, 222405], "cumulative exploited vulns": [1, 2, 3, 4, 5, 6, 7, 8, 9, 10, 11, 12, 13, 14, 15, 16, 17, 18, 19, 20, 21, 22, 23, 24, 25, 26, 27, 28, 29, 30, 31, 32, 33, 34, 35, 36, 37, 38, 39, 40, 41, 42, 43, 44, 45, 46, 47, 48, 49, 50, 51, 52, 53, 54, 55, 56, 57, 58, 59, 60, 61, 62, 63, 64, 65, 66, 67, 68, 69, 70, 71, 72, 73, 74, 75, 76, 77, 78, 79, 80, 81, 82, 83, 84, 85, 86], "roa": [0.5073781229598363, 0.10145902815179113, 0.40436142887543935, 0.9313928001683667, 0.28489613646707324, 0.7823940526314266, 0.25014651174846525, 0.3712640076739994, 0.29871161582459227, 0.11408322847757262, 0.5290050888073712, 0.6144013618657953, 0.8346494228184692, 0.10556847110691665, 0.3148012366322984, 0.6668848089501767, 0.36382032376974094, 0.04727161818859391, 0.9006495811035563, 0.7846528409772215, 0.11091879433575899, 0.410087815247031, 0.7130622144623059, 0.3168664842587073, 0.16092796812742954, 0.23381516455434842, 0.09528627894144621, 0.6081484798044257, 0.33294892546729427, 0.22786365600103667, 0.6201708453259117, 0.6875616791103654, 0.5411971697188915, 0.1351831918681105, 0.07165075956856704, 0.2862536314709489, 0.03289554505480865, 0.7846028729882738, 0.16082404599232827, 0.13352173761362046, 0.20545825635186749, 0.08502498092372333, 0.10760810984225055, 0.2125407124099417, 0.04427124010503627, 0.4438959525293029, 0.21897226022414557, 0.2559891546185053, 0.11656730778533789, 0.06693342430970647, 0.2275927175073056, 0.25078687082415974, 0.4731134121838404, 0.3107539848872857, 0.04632184391836473, 0.04632184391836473, 0.3107539848872857, 0.2033606634401861, 0.17778383142421944, 0.14409734810836083, 0.3889482807125649, 0.09041191939775746, 0.2390286684602229, 0.1116760987457259, 0.16113372221004219, 0.06437934926771935, 0.03027692981155521, 0.12818138098069792, 0.40253743039565826, 0.009500329481249684, 0.11594543752699615, 0.059740078567397346, 0.009827864634667161, 0.009827864634667161, 0.2161001892360667, 0.02318604962915889, 0.012247552974234195, 0.07170182258877425, 0.1233237561827546, 0.870828519506851, 0.04275385818233697, 0.15789615752028757, 0.4605581383888728, 0.021983282399351916, 0.03679298455359075, 0.01829656129865944],