{"Total Initial Vulnerabilities": 949, "Initial Vulns Per OS": {"centos": {"8": 25, "5": 29, "6": 27, "7": 22, "4": 26, "3": 48}, "ubuntu": {"16.04": 9, "10.04": 207, "20.04": 22, "14.04": 36, "12.04": 32, "18.04": 19}, "freebsd": {"13": 9, "12": 12, "9": 30, "11": 25, "10": 34, "8": 114}, "windows": {"10": 26, "8.1": 25, "7": 41, "8": 29, "xp": 98, "vista": 4}}, "Average Initial RoA Per OS": {"centos": {"8": 0.0349454219402888, "5": 0.03619892289964878, "6": 0.043560820116005365, "7": 0.03192612970945373, "4": 0.05993387463035729, "3": 0.052095707506279045}, "ubuntu": {"16.04": 0.02255085706569158, "10.04": 0.05486788867219114, "20.04": 0.03885810347491336, "14.04": 0.035920344924217563, "12.04": 0.0430542034383619, "18.04": 0.0516423942310533}, "freebsd": {"13": 0.04203326872407991, "12": 0.050740600794053355, "9": 0.05070397552611661, "11": 0.06610521434587258, "10": 0.043537702550959984, "8": 0.041205497442444165}, "windows": {"10": 0.030516283241867427, "8.1": 0.058205371402090755, "7": 0.028774448824815353, "8": 0.04126700437464431, "xp": 0.045319378620837986, "vista": 0.021885095484442896}}, "OS Types In Initial Network": {"centos 8": 14, "ubuntu 20.04": 18, "ubuntu 16.04": 5, "freebsd 13": 7, "windows 10": 18, "freebsd 12": 5, "windows 8.1": 13, "freebsd 9": 6, "centos 5": 5, "centos 6": 10, "freebsd 11": 10, "ubuntu 10.04": 9, "freebsd 10": 6, "ubuntu 14.04": 11, "windows 8": 10, "windows 7": 10, "centos 7": 11, "ubuntu 12.04": 6, "freebsd 8": 6, "ubuntu 18.04": 10, "windows xp": 5, "centos 4": 3, "windows vista": 1, "centos 3": 1}, "Initial Hosts Without Vulnerabilities": 36, "Host Compromises": {"record name": "Host Compromises", "x": [242, 1856, 4842, 5144, 14624, 17902, 24520, 28537, 29771, 32220, 33018, 46391, 47635, 57598, 58881, 59159, 63663, 65749, 67047, 82274, 84085, 85735, 86396, 87612, 89908, 90501, 95742, 98786, 101701, 105600, 109456, 147988, 188456, 202318, 240645], "y": [0, 7, 21, 64, 41, 68, 11, 22, 25, 31, 33, 72, 1, 29, 34, 116, 39, 44, 45, 114, 189, 191, 194, 195, 199, 109, 3, 10, 13, 18, 26, 192, 112, 106, 83], "cumulative y": [1, 2, 3, 4, 5, 6, 7, 8, 9, 10, 11, 12, 13, 14, 15, 16, 17, 18, 19, 20, 21, 22, 23, 24, 25, 26, 27, 28, 29, 30, 31, 32, 33, 34, 35], "total events": 35, "not exposed x": [5144, 17902, 46391, 59159, 82274, 84085, 85735, 86396, 87612, 89908, 90501, 147988, 188456, 202318, 240645], "not exposed y": [64, 68, 72, 116, 114, 189, 191, 194, 195, 199, 109, 192, 112, 106, 83], "cumulative not exposed y": [1, 2, 3, 4, 5, 6, 7, 8, 9, 10, 11, 12, 13, 14, 15], "total not exposed events": 15}, "Vuln Compromises": {"record name": "Vuln Compromises", "x": [242, 1856, 4842, 5144, 14624, 17902, 24520, 28537, 29771, 32220, 33018, 46391, 58881, 59159, 82274, 84085, 85735, 89908, 90501, 95742, 98786, 101701, 105600, 109456, 147988, 202318], "y": [0, 7, 21, 64, 41, 68, 11, 22, 25, 31, 33, 72, 34, 116, 114, 189, 191, 199, 109, 3, 10, 13, 18, 26, 192, 106], "cumulative y": [1, 2, 3, 4, 5, 6, 7, 8, 9, 10, 11, 12, 13, 14, 15, 16, 17, 18, 19, 20, 21, 22, 23, 24, 25, 26], "total events": 26, "not exposed x": [5144, 17902, 46391, 59159, 82274, 84085, 85735, 89908, 90501, 147988, 202318], "not exposed y": [64, 68, 72, 116, 114, 189, 191, 199, 109, 192, 106], "cumulative not exposed y": [1, 2, 3, 4, 5, 6, 7, 8, 9, 10, 11], "total not exposed events": 11}, "Reuse Password Compromises": {"record name": "Reuse Password Compromises", "x": [57598, 63663, 67047, 86396, 87612], "y": [29, 39, 45, 194, 195], "cumulative y": [1, 2, 3, 4, 5], "total events": 5, "not exposed x": [86396, 87612], "not exposed y": [194, 195], "cumulative not exposed y": [1, 2], "total not exposed events": 2}, "Password Spray Compromises": {"record name": "Password Spray Compromises", "x": [47635, 65749, 188456, 240645], "y": [1, 44, 112, 83], "cumulative y": [1, 2, 3, 4], "total events": 4, "not exposed x": [188456, 240645], "not exposed y": [112, 83], "cumulative not exposed y": [1, 2], "total not exposed events": 2}, "User Account Leaks": {"record name": "User Account Has Been Leaked By Compromise", "x": [242, 242, 242, 242, 242, 1856, 1856, 1856, 1856, 1856, 4842, 4842, 4842, 4842, 4842, 5144, 5144, 5144, 5144, 14624, 14624, 14624, 14624, 17902, 17902, 17902, 17902, 17902, 24520, 24520, 24520, 24520, 24520, 28537, 28537, 28537, 28537, 28537, 29771, 29771, 29771, 29771, 29771, 32220, 32220, 32220, 32220, 33018, 33018, 33018, 46391, 46391, 46391, 46391, 47635, 47635, 47635, 57598, 57598, 57598, 58881, 58881, 58881, 58881, 59159, 59159, 65749, 65749, 67047, 67047, 82274, 82274, 82274, 82274, 84085, 84085, 85735, 85735, 85735, 86396, 86396, 87612, 87612, 89908, 90501, 90501, 90501, 95742, 95742, 98786, 98786, 98786, 101701, 101701, 101701, 105600, 105600, 105600, 105600, 109456, 147988, 147988, 147988, 188456, 202318, 202318, 202318, 240645, 240645, 240645], "y": ["Holly", "Astrix", "Emelia", "Mag", "Sallyann", "Adriaens", "Melinde", "Shel", "Mariette", "Edith", "Sissie", "Kacie", "Gabrila", "Audra", "Korney", "Lolita", "Madelle", "Cherish", "Rachelle", "Marabel", "Shana", "Lyndsie", "Remy", "Laural", "Fleurette", "Cara", "Jaquelyn", "Cary", "Kania", "Kiri", "Karry", "Danna", "Britteny", "Haleigh", "Rebecca", "Reggie", "Ali", "Hester", "Edeline", "Francisca", "Corinna", "Tandi", "Merola", "Gates", "Jere", "Hyacinthia", "Consolata", "Rosene", "Nana", "Doretta", "Dion", "Doris", "Sandi", "Anjela", "Samantha", "Cathee", "Berty", "Nikaniki", "Petronilla", "Veronica", "Hesther", "Cami", "Juliet", "Buffy", "Audrey", "Valida", "Lorilee", "Quinn", "Ashlie", "Joey", "Tammie", "Randy", "Austine", "Lishe", "Juliette", "Giustina", "Gnni", "Neysa", "Deeanne", "Marin", "Linea", "Brigitte", "Catharine", "Michal", "Jami", "Tanya", "Morgan", "Genevra", "Lynnelle", "Leigh", "Juditha", "Carlynne", "Gabriela", "Celestina", "Adriane", "Libbie", "Josi", "Yoko", "Lulu", "Julissa", "Maybelle", "Shari", "Deloria", "Daryl", "Maurene", "Jordain", "Brandice", "Eudora", "Crissy", "Kiah"], "cumulative y": [1, 2, 3, 4, 5, 6, 7, 8, 9, 10, 11, 12, 13, 14, 15, 16, 17, 18, 19, 20, 21, 22, 23, 24, 25, 26, 27, 28, 29, 30, 31, 32, 33, 34, 35, 36, 37, 38, 39, 40, 41, 42, 43, 44, 45, 46, 47, 48, 49, 50, 51, 52, 53, 54, 55, 56, 57, 58, 59, 60, 61, 62, 63, 64, 65, 66, 67, 68, 69, 70, 71, 72, 73, 74, 75, 76, 77, 78, 79, 80, 81, 82, 83, 84, 85, 86, 87, 88, 89, 90, 91, 92, 93, 94, 95, 96, 97, 98, 99, 100, 101, 102, 103, 104, 105, 106, 107, 108, 109, 110], "total events": 110}, "Vulnerabilities Exploited": {"record name": "Vulnerabilities Exploited", "x": [242, 242, 568, 568, 806, 806, 1680, 1856, 1856, 2173, 2708, 2708, 3598, 3598, 3598, 3598, 3598, 3780, 4207, 4207, 4842, 5144, 5144, 5507, 6736, 6736, 6736, 7432, 9516, 9516, 9516, 9516, 9516, 9516, 9516, 9516, 9516, 9516, 9516, 9516, 9516, 9516, 9516, 9516, 9516, 9516, 9516, 10030, 10331, 10589, 10980, 10980, 10980, 10980, 11218, 11404, 11816, 12344, 12614, 13174, 13674, 13835, 14624, 14624, 14755, 14755, 17902, 17902, 18418, 21945, 21945, 21945, 21945, 21945, 22459, 23329, 24241, 25328, 25328, 26316, 28537, 28537, 28537, 29127, 29771, 29955, 32220, 32220, 33018, 33220, 38778, 46391, 46391, 46391, 46391, 46391, 50502, 50949, 52096, 53989, 58881, 58881, 59159, 59159, 59159, 59159, 59159, 59749, 59749, 61063, 61063, 61063, 61063, 66139, 67822, 67822, 70422, 82274, 82274, 84402, 85006, 85735, 86569, 89382, 89382, 89382, 89382, 90501, 92117, 92715, 93958, 95742, 98786, 100144, 101701, 101701, 109456, 147988, 147988, 147988, 147988, 147988, 151651, 184014, 192853, 198315, 202318, 223540, 228485],