{"Total Initial Vulnerabilities": 791, "Initial Vulns Per OS": {"windows": {"xp": 46, "7": 25, "8": 10, "10": 7, "8.1": 30, "vista": 19}, "freebsd": {"13": 27, "10": 40, "11": 27, "9": 26, "8": 102, "12": 10}, "ubuntu": {"16.04": 31, "14.04": 37, "10.04": 74, "18.04": 25, "20.04": 10, "12.04": 15}, "centos": {"5": 30, "8": 21, "7": 42, "6": 30, "3": 97, "4": 10}}, "Average Initial RoA Per OS": {"windows": {"xp": 0.04085532660005301, "7": 0.030535587776228376, "8": 0.05291465784174816, "10": 0.012871606036216132, "8.1": 0.1640417863253903, "vista": 0.036519920398091286}, "freebsd": {"13": 0.12022096449695832, "10": 0.036428181818540725, "11": 0.08520079539570087, "9": 0.02717647545883161, "8": 0.07546668438600715, "12": 0.13047821159031225}, "ubuntu": {"16.04": 0.07190187163875993, "14.04": 0.05466876058788585, "10.04": 0.05879887835725919, "18.04": 0.0807780274327642, "20.04": 0.16022917140817966, "12.04": 0.10874007275869686}, "centos": {"5": 0.06992180416952368, "8": 0.06868816496897721, "7": 0.09416743999665596, "6": 0.023871889693167163, "3": 0.05133072176327456, "4": 0.0981035315873243}}, "OS Types In Initial Network": {"windows xp": 3, "freebsd 13": 16, "windows 7": 6, "windows 8": 8, "freebsd 10": 12, "centos 8": 18, "windows 10": 13, "ubuntu 16.04": 10, "centos 5": 10, "ubuntu 18.04": 10, "centos 7": 16, "ubuntu 14.04": 15, "freebsd 12": 6, "windows 8.1": 10, "ubuntu 10.04": 3, "centos 6": 7, "ubuntu 20.04": 9, "freebsd 11": 9, "centos 3": 3, "freebsd 9": 4, "freebsd 8": 3, "ubuntu 12.04": 4, "windows vista": 3, "centos 4": 2}, "Initial Hosts Without Vulnerabilities": 44, "Host Compromises": {"record name": "Host Compromises", "x": [662, 3636, 5038, 8440, 11705, 12321, 15522, 16790, 17300, 17770, 21927, 25062, 26738, 37513, 68547, 70681, 74719, 77946, 96379, 122943, 241933], "y": [1, 21, 30, 37, 0, 2, 17, 18, 22, 24, 32, 42, 47, 35, 39, 45, 6, 14, 25, 4, 19], "cumulative y": [1, 2, 3, 4, 5, 6, 7, 8, 9, 10, 11, 12, 13, 14, 15, 16, 17, 18, 19, 20, 21], "total events": 21, "not exposed x": [], "not exposed y": [], "cumulative not exposed y": [], "total not exposed events": 0}, "Vuln Compromises": {"record name": "Vuln Compromises", "x": [662, 3636, 5038, 8440, 11705, 12321, 15522, 16790, 17770, 21927, 26738, 37513, 68547, 70681, 77946, 96379], "y": [1, 21, 30, 37, 0, 2, 17, 18, 24, 32, 47, 35, 39, 45, 14, 25], "cumulative y": [1, 2, 3, 4, 5, 6, 7, 8, 9, 10, 11, 12, 13, 14, 15, 16], "total events": 16, "not exposed x": [], "not exposed y": [], "cumulative not exposed y": [], "total not exposed events": 0}, "Reuse Password Compromises": {"record name": "Reuse Password Compromises", "x": [17300, 74719], "y": [22, 6], "cumulative y": [1, 2], "total events": 2, "not exposed x": [], "not exposed y": [], "cumulative not exposed y": [], "total not exposed events": 0}, "Password Spray Compromises": {"record name": "Password Spray Compromises", "x": [25062, 122943, 241933], "y": [42, 4, 19], "cumulative y": [1, 2, 3], "total events": 3, "not exposed x": [], "not exposed y": [], "cumulative not exposed y": [], "total not exposed events": 0}, "User Account Leaks": {"record name": "User Account Has Been Leaked By Compromise", "x": [662, 662, 662, 662, 662, 3636, 3636, 3636, 3636, 3636, 5038, 5038, 5038, 5038, 5038, 8440, 8440, 8440, 8440, 8440, 11705, 11705, 11705, 11705, 11705, 12321, 12321, 12321, 15522, 15522, 15522, 16790, 16790, 16790, 16790, 17300, 17300, 17300, 17770, 17770, 17770, 17770, 21927, 21927, 21927, 21927, 21927, 25062, 26738, 26738, 26738, 26738, 37513, 37513, 37513, 37513, 37513, 68547, 68547, 68547, 70681, 70681, 70681, 70681, 74719, 74719, 74719, 74719, 77946, 96379, 96379, 96379, 96379, 122943, 122943, 241933, 241933, 241933], "y": ["Marjorie", "Bibi", "Tomi", "Bili", "Caresa", "Calla", "Blinnie", "Cyndy", "Gayel", "Delcina", "Lurleen", "Claudia", "Shae", "Laurene", "Tomasina", "Claresta", "Rosabella", "Darlleen", "Lucilia", "Dotti", "Neysa", "Honey", "Gerianne", "Illa", "Marilin", "Matty", "Mag", "Melodee", "Meghann", "Harri", "Eleonore", "Michaeline", "Bobette", "Juliane", "Caryn", "Kathrine", "Brittaney", "Gert", "Lorianne", "Raye", "Sherye", "Aimee", "Michaella", "Ebba", "Eran", "Caroljean", "Cari", "Tandy", "Ayn", "Gwenni", "Constantina", "Abbi", "Deedee", "Mandi", "Mirilla", "Valerye", "Abbey", "Annabel", "Janean", "Juieta", "Jesse", "Reina", "Vilhelmina", "Roseanne", "Fiorenze", "Binny", "Allie", "Elyse", "Astra", "Lebbie", "Gwenore", "Letisha", "Quinn", "Rois", "Leone", "Carleen", "Claire", "Halimeda"], "cumulative y": [1, 2, 3, 4, 5, 6, 7, 8, 9, 10, 11, 12, 13, 14, 15, 16, 17, 18, 19, 20, 21, 22, 23, 24, 25, 26, 27, 28, 29, 30, 31, 32, 33, 34, 35, 36, 37, 38, 39, 40, 41, 42, 43, 44, 45, 46, 47, 48, 49, 50, 51, 52, 53, 54, 55, 56, 57, 58, 59, 60, 61, 62, 63, 64, 65, 66, 67, 68, 69, 70, 71, 72, 73, 74, 75, 76, 77, 78], "total events": 78}, "Vulnerabilities Exploited": {"record name": "Vulnerabilities Exploited", "x": [348, 348, 662, 919, 1290, 1290, 1662, 3250, 3250, 3250, 3250, 3250, 3250, 3250, 3414, 3636, 3872, 4271, 4271, 4700, 4700, 4700, 5038, 5038, 7519, 7519, 7519, 7519, 7519, 7519, 7519, 7519, 7519, 7519, 7519, 7519, 7519, 7519, 7519, 7519, 7519, 7519, 7519, 7519, 7519, 8271, 8271, 8440, 8440, 8672, 8672, 9097, 9437, 9437, 10357, 10357, 10529, 10946, 11442, 11442, 11442, 12716, 13338, 13799, 14477, 16790, 16790, 16790, 16790, 16790, 16790, 16790, 17770, 17770, 19128, 19702, 21927, 21927, 21927, 21927, 21927, 21927, 21927, 21927, 21927, 25598, 26034, 26034, 26738, 27211, 28804, 36403, 37513, 39650, 40565, 50257, 54764, 68547, 70681, 88250, 113935, 146749], "cumulative exploited vulns": [1, 2, 3, 4, 5, 6, 7, 8, 9, 10, 11, 12, 13, 14, 15, 16, 17, 18, 19, 20, 21, 22, 23, 24, 25, 26, 27, 28, 29, 30, 31, 32, 33, 34, 35, 36, 37, 38, 39, 40, 41, 42, 43, 44, 45, 46, 47, 48, 49, 50, 51, 52, 53, 54, 55, 56, 57, 58, 59, 60, 61, 62, 63, 64, 65, 66, 67, 68, 69, 70, 71, 72, 73, 74, 75, 76, 77, 78, 79, 80, 81, 82, 83, 84, 85, 86, 87, 88, 89, 90, 91, 92, 93, 94, 95, 96, 97, 98, 99, 100, 101, 102],