{"Total Initial Vulnerabilities": 760, "Initial Vulns Per OS": {"windows": {"vista": 31, "8.1": 27, "8": 17, "10": 4, "7": 42, "xp": 50}, "ubuntu": {"20.04": 9, "16.04": 21, "10.04": 90, "18.04": 33, "14.04": 22, "12.04": 39}, "centos": {"6": 48, "5": 15, "4": 15, "7": 21, "8": 14, "3": 68}, "freebsd": {"11": 27, "13": 17, "12": 14, "9": 40, "10": 31, "8": 65}}, "Average Initial RoA Per OS": {"windows": {"vista": 0.04020769839816407, "8.1": 0.03856903351625926, "8": 0.07961030577791615, "10": 0.06177744944331212, "7": 0.07729297621622104, "xp": 0.07347451062851053}, "ubuntu": {"20.04": 0.011078126602978843, "16.04": 0.06483743943324505, "10.04": 0.050301771556719034, "18.04": 0.04007084565737151, "14.04": 0.13189718616513255, "12.04": 0.03802320198295377}, "centos": {"6": 0.05444448620237452, "5": 0.07910543193280675, "4": 0.022725858270861106, "7": 0.058417974827864115, "8": 0.011891819177188246, "3": 0.06666879885389485}, "freebsd": {"11": 0.07515822627741159, "13": 0.060363997887021806, "12": 0.07730916211458304, "9": 0.07220191617103468, "10": 0.08967086050082795, "8": 0.04871137819545266}}, "OS Types In Initial Network": {"windows vista": 5, "ubuntu 20.04": 8, "windows 8": 6, "centos 6": 16, "ubuntu 16.04": 8, "centos 8": 15, "ubuntu 10.04": 4, "windows 8.1": 12, "freebsd 11": 12, "freebsd 13": 19, "windows 10": 13, "ubuntu 18.04": 13, "freebsd 12": 7, "freebsd 9": 5, "centos 5": 5, "centos 4": 3, "centos 7": 9, "freebsd 10": 10, "freebsd 8": 4, "ubuntu 14.04": 9, "ubuntu 12.04": 7, "windows 7": 7, "windows xp": 1, "centos 3": 2}, "Initial Hosts Without Vulnerabilities": 43, "Host Compromises": {"record name": "Host Compromises", "x": [1060, 2865, 4727, 6554, 7102, 7279, 7795, 7973, 8439, 8811, 10724, 11620, 14846, 18883, 23055, 32490, 35582, 38205, 38827, 39915, 41360, 41490, 42747, 43983, 77712, 77860, 78670, 80303, 82314, 84219, 89329, 90291, 90609, 91466, 94548, 95939, 108791, 109731, 111546, 121521, 148500, 159487, 162509, 181668, 182886, 187441, 191131, 204260], "y": [5, 9, 22, 29, 31, 80, 192, 124, 195, 198, 24, 32, 37, 48, 190, 8, 15, 21, 25, 26, 28, 30, 33, 35, 23, 51, 179, 55, 176, 182, 181, 189, 94, 172, 178, 83, 41, 43, 46, 57, 184, 141, 162, 16, 117, 20, 38, 66], "cumulative y": [1, 2, 3, 4, 5, 6, 7, 8, 9, 10, 11, 12, 13, 14, 15, 16, 17, 18, 19, 20, 21, 22, 23, 24, 25, 26, 27, 28, 29, 30, 31, 32, 33, 34, 35, 36, 37, 38, 39, 40, 41, 42, 43, 44, 45, 46, 47, 48], "total events": 48, "not exposed x": [7279, 7795, 7973, 8439, 8811, 23055, 77860, 78670, 80303, 82314, 84219, 89329, 90291, 90609, 91466, 94548, 95939, 121521, 148500, 159487, 162509, 182886, 204260], "not exposed y": [80, 192, 124, 195, 198, 190, 51, 179, 55, 176, 182, 181, 189, 94, 172, 178, 83, 57, 184, 141, 162, 117, 66], "cumulative not exposed y": [1, 2, 3, 4, 5, 6, 7, 8, 9, 10, 11, 12, 13, 14, 15, 16, 17, 18, 19, 20, 21, 22, 23], "total not exposed events": 23}, "Vuln Compromises": {"record name": "Vuln Compromises", "x": [1060, 2865, 4727, 6554, 7102, 7279, 7973, 8439, 10724, 18883, 32490, 35582, 38205, 41360, 41490, 42747, 77712, 77860, 78670, 80303, 82314, 84219, 89329, 90291, 90609, 91466, 94548, 95939, 108791, 111546, 148500, 162509, 187441, 204260], "y": [5, 9, 22, 29, 31, 80, 124, 195, 24, 48, 8, 15, 21, 28, 30, 33, 23, 51, 179, 55, 176, 182, 181, 189, 94, 172, 178, 83, 41, 46, 184, 162, 20, 66], "cumulative y": [1, 2, 3, 4, 5, 6, 7, 8, 9, 10, 11, 12, 13, 14, 15, 16, 17, 18, 19, 20, 21, 22, 23, 24, 25, 26, 27, 28, 29, 30, 31, 32, 33, 34], "total events": 34, "not exposed x": [7279, 7973, 8439, 77860, 78670, 80303, 82314, 84219, 89329, 90291, 90609, 91466, 94548, 95939, 148500, 162509, 204260], "not exposed y": [80, 124, 195, 51, 179, 55, 176, 182, 181, 189, 94, 172, 178, 83, 184, 162, 66], "cumulative not exposed y": [1, 2, 3, 4, 5, 6, 7, 8, 9, 10, 11, 12, 13, 14, 15, 16, 17], "total not exposed events": 17}, "Reuse Password Compromises": {"record name": "Reuse Password Compromises", "x": [7795, 8811, 11620, 14846, 23055, 38827, 39915, 43983, 109731, 159487, 182886, 191131], "y": [192, 198, 32, 37, 190, 25, 26, 35, 43, 141, 117, 38], "cumulative y": [1, 2, 3, 4, 5, 6, 7, 8, 9, 10, 11, 12], "total events": 12, "not exposed x": [7795, 8811, 23055, 159487, 182886], "not exposed y": [192, 198, 190, 141, 117], "cumulative not exposed y": [1, 2, 3, 4, 5], "total not exposed events": 5}, "Password Spray Compromises": {"record name": "Password Spray Compromises", "x": [121521, 181668], "y": [57, 16], "cumulative y": [1, 2], "total events": 2, "not exposed x": [121521], "not exposed y": [57], "cumulative not exposed y": [1], "total not exposed events": 1}, "User Account Leaks": {"record name": "User Account Has Been Leaked By Compromise", "x": [1060, 1060, 1060, 1060, 1060, 2865, 2865, 2865, 2865, 2865, 4727, 4727, 4727, 4727, 4727, 6554, 6554, 6554, 6554, 6554, 7102, 7102, 7102, 7102, 7279, 7279, 7279, 7279, 7279, 7795, 7795, 7795, 7973, 7973, 7973, 8439, 8439, 8439, 8811, 8811, 10724, 10724, 10724, 10724, 10724, 11620, 11620, 11620, 11620, 14846, 14846, 14846, 18883, 18883, 23055, 23055, 23055, 32490, 35582, 35582, 35582, 35582, 35582, 38205, 38205, 38205, 38205, 38827, 38827, 39915, 39915, 41360, 41360, 41360, 41360, 41360, 41490, 41490, 41490, 41490, 41490, 42747, 42747, 42747, 43983, 43983, 43983, 77712, 77860, 77860, 77860, 77860, 78670, 78670, 78670, 78670, 80303, 80303, 80303, 82314, 82314, 82314, 84219, 84219, 84219, 89329, 89329, 90291, 90291, 90291, 90609, 90609, 91466, 91466, 94548, 94548, 95939, 95939, 95939, 108791, 108791, 108791, 108791, 108791, 109731, 111546, 111546, 121521, 121521, 148500, 148500, 159487, 159487, 162509, 162509, 162509, 181668, 182886, 187441, 191131, 191131, 191131, 204260], "y": ["Korella", "Ellissa", "Chiquia", "Kaela", "Agace", "Desdemona", "Rycca", "Ottilie", "Garnette", "Reeta", "Christa", "Sheeree", "Korrie", "Hildagard", "Nell", "Blinnie", "Carlene", "Kristina", "Sadie", "Estrellita", "Josselyn", "Mariejeanne", "Selina", "Suzi", "Shel", "Hortensia", "Erina", "Nonie", "Sandie", "Fifi", "Mildrid", "Gerty", "Nadiya", "Dulcine", "Ginelle", "Lezlie", "Lonee", "Mirabella", "Libbi", "Dalia", "Leia", "Millicent", "Madelle", "Tallie", "Billi", "Morganica", "Fianna", "Ciel", "Diane", "Fanny", "Adrianne", "Rozele", "Petronilla", "Madel", "Auroora", "Janenna", "Perri", "Elladine", "Caprice", "Yoshiko", "Philomena", "Shaun", "Marlane", "Joannes", "Rosella", "Almeda", "Serene", "Olia", "Darcy", "Brigit", "Kristal", "Pippa", "Joella", "Caitlin", "Maressa", "Julia", "Timmi", "Kare", "Mariya", "Deb", "Bette", "Alisun", "Melva", "Gladi", "Lucy", "Lonni", "Adi", "Rebekkah", "Karissa", "Clareta", "Christye", "Lissie", "Gertruda", "Lettie", "Leesa", "Teresita", "Sibby", "Astrix", "Stormy", "Nanny", "Joanna", "Jilleen", "Vivi", "Flossie", "Caralie", "Cynthie", "Vikky", "Margarita", "Reina", "Kaylil", "Wallis", "Mallory", "Joline", "Gus", "Barbi", "Ninetta", "Kelila", "Becca", "Alex", "Gizela", "Hayley", "Jannelle", "Jolene", "Lynelle", "Judy", "Nettie", "Merline", "Joellyn", "Tiff", "Ddene", "Emyle", "Josey", "Chrissy", "Toby", "Suzy", "Hilliary", "Joyan", "Lola", "Kath", "Charita", "Cal", "Nannie", "Kai"], "cumulative y": [1, 2, 3, 4, 5, 6, 7, 8, 9, 10, 11, 12, 13, 14, 15, 16, 17, 18, 19, 20, 21, 22, 23, 24, 25, 26, 27, 28, 29, 30, 31, 32, 33, 34, 35, 36, 37, 38, 39, 40, 41, 42, 43, 44, 45, 46, 47, 48, 49, 50, 51, 52, 53, 54, 55, 56, 57, 58, 59, 60, 61, 62, 63, 64, 65, 66, 67, 68, 69, 70, 71, 72, 73, 74, 75, 76, 77, 78, 79, 80, 81, 82, 83, 84, 85, 86, 87, 88, 89, 90, 91, 92, 93, 94, 95, 96, 97, 98, 99, 100, 101, 102, 103, 104, 105, 106, 107, 108, 109, 110, 111, 112, 113, 114, 115, 116, 117, 118, 119, 120, 121, 122, 123, 124, 125, 126, 127, 128, 129, 130, 131, 132, 133, 134, 135, 136, 137, 138, 139, 140, 141, 142, 143], "total events": 143}, "Vulnerabilities Exploited": {"record name": "Vulnerabilities Exploited",