{"Total Initial Vulnerabilities": 664, "Initial Vulns Per OS": {"freebsd": {"11": 13, "12": 28, "10": 38, "8": 146, "13": 10, "9": 13}, "ubuntu": {"16.04": 18, "18.04": 25, "12.04": 20, "20.04": 14, "14.04": 24}, "windows": {"8.1": 30, "vista": 45, "7": 46, "8": 44, "10": 16}, "centos": {"8": 15, "7": 23, "6": 25, "4": 24, "5": 22, "3": 25}}, "Average Initial RoA Per OS": {"freebsd": {"11": 0.08262664156231676, "12": 0.05840039739663528, "10": 0.035246357536428, "8": 0.05336638460466233, "13": 0.01009565427885804, "9": 0.09518575572680461}, "ubuntu": {"16.04": 0.029296596681221962, "18.04": 0.052467180440497065, "12.04": 0.05078646033741826, "20.04": 0.04950749973857914, "14.04": 0.05378827249344453}, "windows": {"8.1": 0.08322280158683254, "vista": 0.030042171928310983, "7": 0.04864765373574989, "8": 0.07105268664952546, "10": 0.049934860146805614}, "centos": {"8": 0.02255130320396502, "7": 0.0631233823224738, "6": 0.0408254808242499, "4": 0.059761007582935725, "5": 0.07300374944753545, "3": 0.03455037139512046}}, "OS Types In Initial Network": {"freebsd 13": 11, "freebsd 11": 6, "ubuntu 16.04": 7, "ubuntu 18.04": 14, "ubuntu 12.04": 5, "windows 8.1": 15, "windows vista": 7, "centos 8": 12, "freebsd 12": 13, "windows 7": 11, "centos 7": 11, "ubuntu 20.04": 13, "windows 8": 12, "centos 6": 11, "windows 10": 21, "centos 4": 4, "centos 5": 4, "freebsd 10": 11, "ubuntu 14.04": 6, "freebsd 8": 3, "centos 3": 1, "freebsd 9": 2}, "Initial Hosts Without Vulnerabilities": 43, "Host Compromises": {"record name": "Host Compromises", "x": [519, 894, 4735, 5069, 5508, 9762, 19069, 41531, 51091, 76138, 77354, 78994, 115011, 116620, 124351, 125012, 126678, 142937, 146463, 149662, 158697, 160446, 170488, 173653, 176902, 177262, 185664, 191498, 192943, 198425, 206612, 217654, 242441, 242596, 245773, 246710, 247643, 248396, 248657, 249555], "y": [3, 5, 29, 30, 31, 49, 24, 63, 36, 65, 0, 1, 100, 116, 128, 131, 68, 39, 47, 99, 94, 97, 195, 194, 84, 199, 198, 191, 113, 67, 15, 37, 72, 110, 64, 98, 105, 103, 82, 62], "cumulative y": [1, 2, 3, 4, 5, 6, 7, 8, 9, 10, 11, 12, 13, 14, 15, 16, 17, 18, 19, 20, 21, 22, 23, 24, 25, 26, 27, 28, 29, 30, 31, 32, 33, 34, 35, 36, 37, 38, 39, 40], "total events": 40, "not exposed x": [41531, 76138, 115011, 116620, 124351, 125012, 126678, 149662, 158697, 160446, 170488, 173653, 176902, 177262, 185664, 191498, 192943, 198425, 242441, 242596, 245773, 246710, 247643, 248396, 248657, 249555], "not exposed y": [63, 65, 100, 116, 128, 131, 68, 99, 94, 97, 195, 194, 84, 199, 198, 191, 113, 67, 72, 110, 64, 98, 105, 103, 82, 62], "cumulative not exposed y": [1, 2, 3, 4, 5, 6, 7, 8, 9, 10, 11, 12, 13, 14, 15, 16, 17, 18, 19, 20, 21, 22, 23, 24, 25, 26], "total not exposed events": 26}, "Vuln Compromises": {"record name": "Vuln Compromises", "x": [519, 894, 4735, 5069, 5508, 9762, 19069, 41531, 76138, 78994, 116620, 124351, 125012, 126678, 142937, 146463, 149662, 158697, 160446, 170488, 173653, 177262, 185664, 191498, 192943, 198425, 217654, 242441, 242596, 245773, 247643, 248396, 248657], "y": [3, 5, 29, 30, 31, 49, 24, 63, 65, 1, 116, 128, 131, 68, 39, 47, 99, 94, 97, 195, 194, 199, 198, 191, 113, 67, 37, 72, 110, 64, 105, 103, 82], "cumulative y": [1, 2, 3, 4, 5, 6, 7, 8, 9, 10, 11, 12, 13, 14, 15, 16, 17, 18, 19, 20, 21, 22, 23, 24, 25, 26, 27, 28, 29, 30, 31, 32, 33], "total events": 33, "not exposed x": [41531, 76138, 116620, 124351, 125012, 126678, 149662, 158697, 160446, 170488, 173653, 177262, 185664, 191498, 192943, 198425, 242441, 242596, 245773, 247643, 248396, 248657], "not exposed y": [63, 65, 116, 128, 131, 68, 99, 94, 97, 195, 194, 199, 198, 191, 113, 67, 72, 110, 64, 105, 103, 82], "cumulative not exposed y": [1, 2, 3, 4, 5, 6, 7, 8, 9, 10, 11, 12, 13, 14, 15, 16, 17, 18, 19, 20, 21, 22], "total not exposed events": 22}, "Reuse Password Compromises": {"record name": "Reuse Password Compromises", "x": [206612, 246710, 249555], "y": [15, 98, 62], "cumulative y": [1, 2, 3], "total events": 3, "not exposed x": [246710, 249555], "not exposed y": [98, 62], "cumulative not exposed y": [1, 2], "total not exposed events": 2}, "Password Spray Compromises": {"record name": "Password Spray Compromises", "x": [51091, 77354, 115011, 176902], "y": [36, 0, 100, 84], "cumulative y": [1, 2, 3, 4], "total events": 4, "not exposed x": [115011, 176902], "not exposed y": [100, 84], "cumulative not exposed y": [1, 2], "total not exposed events": 2}, "User Account Leaks": {"record name": "User Account Has Been Leaked By Compromise", "x": [519, 519, 519, 519, 519, 894, 894, 894, 894, 894, 4735, 4735, 4735, 4735, 4735, 5069, 5069, 5069, 5069, 5069, 5508, 5508, 5508, 5508, 9762, 9762, 9762, 9762, 9762, 19069, 19069, 19069, 19069, 41531, 41531, 41531, 41531, 41531, 51091, 51091, 51091, 76138, 76138, 76138, 76138, 77354, 77354, 77354, 77354, 78994, 78994, 78994, 115011, 115011, 115011, 115011, 116620, 116620, 116620, 116620, 124351, 124351, 124351, 125012, 125012, 125012, 126678, 126678, 126678, 142937, 142937, 146463, 146463, 146463, 146463, 149662, 149662, 158697, 158697, 158697, 160446, 160446, 170488, 170488, 170488, 170488, 170488, 173653, 173653, 173653, 176902, 177262, 185664, 185664, 185664, 191498, 191498, 191498, 192943, 192943, 198425, 198425, 198425, 198425, 206612, 217654, 217654, 217654, 217654, 242441, 242441, 242441, 242441, 242596, 242596, 242596, 245773, 248396, 248396, 248396, 248657, 249555], "y": ["Lonee", "Joni", "Erminia", "Sheba", "Nissy", "Lianne", "Glynis", "Celestina", "Ivory", "Sallee", "Melodie", "Lilyan", "Aridatha", "Gloriane", "Karon", "Brenn", "Alicia", "Neila", "Lanie", "Juliane", "Gwyn", "Zonda", "Nelia", "Brenda", "Evey", "Beatrix", "Page", "Lynea", "Caryn", "Janot", "Leslie", "Selle", "Billie", "Van", "Marlena", "Electra", "Irma", "Bernardine", "Brietta", "Anne", "Suki", "Kenna", "Vivi", "Pattie", "Kippie", "Phyllys", "Cristabel", "Abigail", "Margeaux", "Dorelia", "Lanni", "Jolie", "Winne", "Nedi", "Nollie", "Jaymee", "Ronica", "Jill", "Valeda", "Katinka", "Risa", "Noemi", "Sherill", "Kelcey", "Josy", "Frank", "Alvina", "Ertha", "Katrine", "Stevena", "Harmony", "Ursola", "Eudora", "Cornelle", "Didi", "Marissa", "Kelci", "Eddy", "Corrie", "Nell", "Eugine", "Alia", "Leda", "Heida", "Natalya", "Chris", "Marley", "Janith", "Kassandra", "Vivyanne", "Roch", "Lydie", "Laural", "Janaye", "Eloise", "Roxanne", "Blaire", "Chrystel", "Saraann", "Iolanthe", "Barbabra", "Gwendolin", "Ulrike", "Inesita", "Josi", "Tabina", "Antonie", "Chiarra", "Chelsie", "Odelle", "Ophelie", "Suzy", "Elle", "Marylin", "Hermina", "Ebba", "Raye", "Jackqueline", "Dana", "Allissa", "Lolly", "Kare"], "cumulative y": [1, 2, 3, 4, 5, 6, 7, 8, 9, 10, 11, 12, 13, 14, 15, 16, 17, 18, 19, 20, 21, 22, 23, 24, 25, 26, 27, 28, 29, 30, 31, 32, 33, 34, 35, 36, 37, 38, 39, 40, 41, 42, 43, 44, 45, 46, 47, 48, 49, 50, 51, 52, 53, 54, 55, 56, 57, 58, 59, 60, 61, 62, 63, 64, 65, 66, 67, 68, 69, 70, 71, 72, 73, 74, 75, 76, 77, 78, 79, 80, 81, 82, 83, 84, 85, 86, 87, 88, 89, 90, 91, 92, 93, 94, 95, 96, 97, 98, 99, 100, 101, 102, 103, 104, 105, 106, 107, 108, 109, 110, 111, 112, 113, 114, 115, 116, 117, 118, 119, 120, 121, 122], "total events": 122}, "Vulnerabilities Exploited": {"record name": "Vulnerabilities Exploited",