{"Total Initial Vulnerabilities": 725, "Initial Vulns Per OS": {"centos": {"8": 10, "6": 20, "7": 18, "4": 10, "5": 20, "3": 85}, "windows": {"8": 24, "8.1": 34, "vista": 42, "xp": 62, "10": 14, "7": 15}, "freebsd": {"12": 25, "9": 44, "10": 30, "11": 10, "13": 14, "8": 13}, "ubuntu": {"18.04": 32, "16.04": 26, "20.04": 16, "14.04": 34, "10.04": 119, "12.04": 8}}, "Average Initial RoA Per OS": {"centos": {"8": 0.05917498843153257, "6": 0.1389911232676938, "7": 0.04872530251900222, "4": 0.028363335285052648, "5": 0.09224100355571642, "3": 0.0620266394197562}, "windows": {"8": 0.061167141479155286, "8.1": 0.05218714891572814, "vista": 0.0507687362981293, "xp": 0.06480712389124428, "10": 0.04052575489782861, "7": 0.04711583824737539}, "freebsd": {"12": 0.06225501709899245, "9": 0.04857196911451585, "10": 0.03475624495087895, "11": 0.02762386728823204, "13": 0.03493858665769651, "8": 0.11839305184250537}, "ubuntu": {"18.04": 0.07233559324935332, "16.04": 0.08195002053621671, "20.04": 0.046394657486653786, "14.04": 0.04208645046966562, "10.04": 0.052404776280053314, "12.04": 0.06274164498958712}}, "OS Types In Initial Network": {"centos 8": 13, "windows 8": 7, "centos 6": 10, "freebsd 12": 11, "centos 7": 14, "windows 8.1": 15, "freebsd 13": 18, "ubuntu 18.04": 12, "windows 10": 16, "ubuntu 16.04": 7, "freebsd 9": 8, "centos 4": 3, "centos 5": 7, "ubuntu 20.04": 11, "windows vista": 9, "ubuntu 14.04": 10, "windows xp": 2, "freebsd 10": 7, "ubuntu 10.04": 5, "freebsd 11": 5, "ubuntu 12.04": 3, "windows 7": 4, "freebsd 8": 1, "centos 3": 2}, "Initial Hosts Without Vulnerabilities": 47, "Host Compromises": {"record name": "Host Compromises", "x": [519, 1021, 1644, 2041, 3016, 7601, 9260, 10600, 19682, 30182, 45688, 64761, 127106, 137826, 139160, 176269, 188854, 188985, 215623, 217339, 217984, 218159, 218283, 224362, 229651, 236632, 247004], "y": [2, 8, 11, 13, 16, 32, 40, 44, 26, 15, 30, 100, 21, 101, 83, 10, 98, 103, 102, 76, 77, 80, 79, 84, 78, 6, 35], "cumulative y": [1, 2, 3, 4, 5, 6, 7, 8, 9, 10, 11, 12, 13, 14, 15, 16, 17, 18, 19, 20, 21, 22, 23, 24, 25, 26, 27], "total events": 27, "not exposed x": [64761, 137826, 139160, 188854, 188985, 215623, 217339, 217984, 218159, 218283, 224362, 229651], "not exposed y": [100, 101, 83, 98, 103, 102, 76, 77, 80, 79, 84, 78], "cumulative not exposed y": [1, 2, 3, 4, 5, 6, 7, 8, 9, 10, 11, 12], "total not exposed events": 12}, "Vuln Compromises": {"record name": "Vuln Compromises", "x": [519, 1021, 7601, 9260, 19682, 30182, 45688, 64761, 127106, 137826, 188854, 188985, 215623, 217339, 217984, 218159, 218283, 224362], "y": [2, 8, 32, 40, 26, 15, 30, 100, 21, 101, 98, 103, 102, 76, 77, 80, 79, 84], "cumulative y": [1, 2, 3, 4, 5, 6, 7, 8, 9, 10, 11, 12, 13, 14, 15, 16, 17, 18], "total events": 18, "not exposed x": [64761, 137826, 188854, 188985, 215623, 217339, 217984, 218159, 218283, 224362], "not exposed y": [100, 101, 98, 103, 102, 76, 77, 80, 79, 84], "cumulative not exposed y": [1, 2, 3, 4, 5, 6, 7, 8, 9, 10], "total not exposed events": 10}, "Reuse Password Compromises": {"record name": "Reuse Password Compromises", "x": [1644, 2041, 3016, 10600, 139160, 229651, 236632, 247004], "y": [11, 13, 16, 44, 83, 78, 6, 35], "cumulative y": [1, 2, 3, 4, 5, 6, 7, 8], "total events": 8, "not exposed x": [139160, 229651], "not exposed y": [83, 78], "cumulative not exposed y": [1, 2], "total not exposed events": 2}, "Password Spray Compromises": {"record name": "Password Spray Compromises", "x": [176269], "y": [10], "cumulative y": [1], "total events": 1, "not exposed x": [], "not exposed y": [], "cumulative not exposed y": [], "total not exposed events": 0}, "User Account Leaks": {"record name": "User Account Has Been Leaked By Compromise", "x": [519, 519, 519, 519, 519, 1021, 1021, 1021, 1021, 1021, 1644, 1644, 1644, 1644, 2041, 2041, 2041, 3016, 3016, 3016, 3016, 7601, 7601, 7601, 7601, 9260, 9260, 9260, 9260, 10600, 10600, 10600, 19682, 19682, 19682, 30182, 30182, 30182, 30182, 45688, 45688, 45688, 64761, 64761, 64761, 64761, 64761, 127106, 127106, 127106, 127106, 137826, 137826, 137826, 137826, 139160, 139160, 139160, 176269, 176269, 176269, 188854, 188854, 188854, 188985, 188985, 188985, 188985, 215623, 215623, 217339, 217339, 217984, 217984, 217984, 217984, 218159, 218159, 218283, 218283, 218283, 224362, 224362, 224362, 229651, 229651, 229651, 236632, 236632, 247004, 247004, 247004], "y": ["Hedvige", "Marybelle", "Kaycee", "Bili", "Melloney", "Cordie", "Clarinda", "Mickie", "Audra", "Rosalyn", "Rosa", "Gloriana", "Ilyssa", "Brynn", "Madge", "Gae", "Christel", "Leone", "Maryl", "Ellie", "Christean", "Valentia", "Maurita", "Randene", "Brigitte", "Mirabelle", "Suzanna", "Arlina", "Maddy", "Gertrud", "Marabel", "Annmaria", "Kelcie", "Celeste", "Klarika", "Fanni", "Kristan", "Lindi", "Katha", "Franni", "Gerri", "Lacy", "Lorette", "Lorne", "Quinta", "Ivonne", "Miran", "Jackqueline", "Konstanze", "Othella", "Joycelin", "Chrissie", "Jenna", "Revkah", "Bill", "Fern", "Madalena", "Janeva", "Eartha", "Siouxie", "Kristina", "Robby", "Vere", "Lebbie", "Camilla", "Desdemona", "Shirlee", "Nicolea", "Ilise", "Marina", "Malinde", "Dorine", "Olly", "Ralina", "Herminia", "Berthe", "Terra", "Perl", "Honoria", "Marylynne", "Esta", "Breena", "Kara", "Damaris", "Prue", "Victoria", "Annnora", "Serena", "Karna", "Manon", "Drucie", "Anthiathia"], "cumulative y": [1, 2, 3, 4, 5, 6, 7, 8, 9, 10, 11, 12, 13, 14, 15, 16, 17, 18, 19, 20, 21, 22, 23, 24, 25, 26, 27, 28, 29, 30, 31, 32, 33, 34, 35, 36, 37, 38, 39, 40, 41, 42, 43, 44, 45, 46, 47, 48, 49, 50, 51, 52, 53, 54, 55, 56, 57, 58, 59, 60, 61, 62, 63, 64, 65, 66, 67, 68, 69, 70, 71, 72, 73, 74, 75, 76, 77, 78, 79, 80, 81, 82, 83, 84, 85, 86, 87, 88, 89, 90, 91, 92], "total events": 92}, "Vulnerabilities Exploited": {"record name": "Vulnerabilities Exploited", "x": [91, 251, 251, 251, 519, 519, 742, 831, 1378, 1804, 1804, 1937, 2195, 2864, 2864, 2864, 3386, 3967, 4269, 4269, 4536, 5711, 5711, 5711, 5711, 5711, 5711, 6220, 6923, 7601, 7601, 7601, 7601, 8239, 8437, 8849, 8849, 9059, 9260, 9675, 10383, 10383, 12898, 13378, 15864, 15864, 15864, 15864, 15864, 15864, 16577, 19682, 19682, 19682, 19682, 19682, 19682, 19682, 19682, 19682, 19682, 19682, 20926, 21717, 23634, 26500, 26500, 26880, 26880, 29578, 30182, 31751, 33808, 33808, 36710, 45688, 51254, 52474, 62632, 92879, 92879, 92879, 93226, 98651, 107029, 107029, 116372, 127106, 135688, 137017, 137017, 137826, 138799, 139806, 142827, 161692, 188322, 188322, 188985, 191889, 215623, 217984, 217984, 220531, 222247, 222247, 222247, 224362, 229824, 229824], "cumulative exploited vulns": [1, 2, 3, 4, 5, 6, 7, 8, 9, 10, 11, 12, 13, 14, 15, 16, 17, 18, 19, 20, 21, 22, 23, 24, 25, 26, 27, 28, 29, 30, 31, 32, 33, 34, 35, 36, 37, 38, 39, 40, 41, 42, 43, 44, 45, 46, 47, 48, 49, 50, 51, 52, 53, 54, 55, 56, 57, 58, 59, 60, 61, 62, 63, 64, 65, 66, 67, 68, 69, 70, 71, 72, 73, 74, 75, 76, 77, 78, 79, 80, 81, 82, 83, 84, 85, 86, 87, 88, 89, 90, 91, 92, 93, 94, 95, 96, 97, 98, 99, 100, 101, 102, 103, 104, 105, 106, 107, 108, 109, 110],