{"Total Initial Vulnerabilities": 593, "Initial Vulns Per OS": {"ubuntu": {"20.04": 17, "18.04": 27, "16.04": 31, "14.04": 24, "12.04": 28}, "centos": {"8": 10, "3": 55, "7": 28, "6": 20, "4": 9, "5": 19}, "freebsd": {"10": 28, "12": 18, "9": 24, "11": 14, "8": 98, "13": 4}, "windows": {"10": 17, "xp": 57, "7": 23, "8": 19, "8.1": 15, "vista": 8}}, "Average Initial RoA Per OS": {"ubuntu": {"20.04": 0.015189980807573666, "18.04": 0.06576317337416372, "16.04": 0.0753635263595726, "14.04": 0.0357098537791351, "12.04": 0.04496800522269038}, "centos": {"8": 0.059942213712552685, "3": 0.07310842045258151, "7": 0.05125207570956455, "6": 0.05780731679725729, "4": 0.020455928631831728, "5": 0.04383764567095661}, "freebsd": {"10": 0.03327779197775266, "12": 0.051516639785708, "9": 0.08740927090594151, "11": 0.03181425709383541, "8": 0.059730533686942304, "13": 0.07326871202207909}, "windows": {"10": 0.031018783192279627, "xp": 0.04784735765504752, "7": 0.020404674210785, "8": 0.0329411664266726, "8.1": 0.06043803043068084, "vista": 0.01448359535948576}}, "OS Types In Initial Network": {"ubuntu 20.04": 15, "freebsd 11": 6, "ubuntu 18.04": 17, "centos 6": 11, "centos 8": 14, "freebsd 10": 8, "centos 3": 3, "centos 7": 14, "windows 10": 14, "ubuntu 16.04": 16, "windows xp": 4, "windows 7": 6, "windows 8": 10, "freebsd 12": 9, "windows 8.1": 15, "ubuntu 14.04": 6, "ubuntu 12.04": 5, "freebsd 9": 6, "windows vista": 2, "freebsd 13": 9, "freebsd 8": 3, "centos 4": 2, "centos 5": 5}, "Initial Hosts Without Vulnerabilities": 48, "Host Compromises": {"record name": "Host Compromises", "x": [1081, 4930, 5147, 6734, 10025, 13718, 14944, 16344, 17789, 17880, 32059, 34501, 36730, 36813, 41655, 41773, 43320, 47289, 47390, 49507, 49676, 49789, 55119, 69581, 87304, 87448, 90599, 99168, 99324, 101915, 105806, 109746, 113120, 120347, 139852, 141287, 141453, 144038, 144196, 144363, 167277, 186508, 195194, 205318, 234735, 234894, 241920, 246020], "y": [7, 24, 26, 34, 87, 8, 9, 15, 98, 66, 47, 96, 92, 89, 130, 137, 90, 94, 149, 173, 172, 174, 170, 132, 16, 86, 84, 23, 91, 25, 33, 41, 45, 100, 82, 123, 127, 80, 81, 131, 151, 122, 3, 21, 53, 51, 83, 129], "cumulative y": [1, 2, 3, 4, 5, 6, 7, 8, 9, 10, 11, 12, 13, 14, 15, 16, 17, 18, 19, 20, 21, 22, 23, 24, 25, 26, 27, 28, 29, 30, 31, 32, 33, 34, 35, 36, 37, 38, 39, 40, 41, 42, 43, 44, 45, 46, 47, 48], "total events": 48, "not exposed x": [10025, 17789, 17880, 34501, 36730, 36813, 41655, 41773, 43320, 47289, 47390, 49507, 49676, 49789, 55119, 69581, 87448, 90599, 99324, 120347, 139852, 141287, 141453, 144038, 144196, 144363, 167277, 186508, 234735, 234894, 241920, 246020], "not exposed y": [87, 98, 66, 96, 92, 89, 130, 137, 90, 94, 149, 173, 172, 174, 170, 132, 86, 84, 91, 100, 82, 123, 127, 80, 81, 131, 151, 122, 53, 51, 83, 129], "cumulative not exposed y": [1, 2, 3, 4, 5, 6, 7, 8, 9, 10, 11, 12, 13, 14, 15, 16, 17, 18, 19, 20, 21, 22, 23, 24, 25, 26, 27, 28, 29, 30, 31, 32], "total not exposed events": 32}, "Vuln Compromises": {"record name": "Vuln Compromises", "x": [1081, 4930, 5147, 6734, 10025, 13718, 14944, 17789, 36730, 43320, 47289, 49507, 49676, 49789, 69581, 87304, 99324, 105806, 120347, 139852, 141287, 144196, 167277, 186508, 234735, 241920, 246020], "y": [7, 24, 26, 34, 87, 8, 9, 98, 92, 90, 94, 173, 172, 174, 132, 16, 91, 33, 100, 82, 123, 81, 151, 122, 53, 83, 129], "cumulative y": [1, 2, 3, 4, 5, 6, 7, 8, 9, 10, 11, 12, 13, 14, 15, 16, 17, 18, 19, 20, 21, 22, 23, 24, 25, 26, 27], "total events": 27, "not exposed x": [10025, 17789, 36730, 43320, 47289, 49507, 49676, 49789, 69581, 99324, 120347, 139852, 141287, 144196, 167277, 186508, 234735, 241920, 246020], "not exposed y": [87, 98, 92, 90, 94, 173, 172, 174, 132, 91, 100, 82, 123, 81, 151, 122, 53, 83, 129], "cumulative not exposed y": [1, 2, 3, 4, 5, 6, 7, 8, 9, 10, 11, 12, 13, 14, 15, 16, 17, 18, 19], "total not exposed events": 19}, "Reuse Password Compromises": {"record name": "Reuse Password Compromises", "x": [16344, 17880, 32059, 34501, 36813, 41655, 41773, 47390, 55119, 87448, 99168, 101915, 109746, 113120, 141453, 144038, 144363, 195194, 234894], "y": [15, 66, 47, 96, 89, 130, 137, 149, 170, 86, 23, 25, 41, 45, 127, 80, 131, 3, 51], "cumulative y": [1, 2, 3, 4, 5, 6, 7, 8, 9, 10, 11, 12, 13, 14, 15, 16, 17, 18, 19], "total events": 19, "not exposed x": [17880, 34501, 36813, 41655, 41773, 47390, 55119, 87448, 141453, 144038, 144363, 234894], "not exposed y": [66, 96, 89, 130, 137, 149, 170, 86, 127, 80, 131, 51], "cumulative not exposed y": [1, 2, 3, 4, 5, 6, 7, 8, 9, 10, 11, 12], "total not exposed events": 12}, "Password Spray Compromises": {"record name": "Password Spray Compromises", "x": [90599, 205318], "y": [84, 21], "cumulative y": [1, 2], "total events": 2, "not exposed x": [90599], "not exposed y": [84], "cumulative not exposed y": [1], "total not exposed events": 1}, "User Account Leaks": {"record name": "User Account Has Been Leaked By Compromise", "x": [1081, 1081, 1081, 1081, 1081, 4930, 4930, 4930, 4930, 4930, 5147, 5147, 5147, 5147, 5147, 6734, 6734, 6734, 6734, 6734, 10025, 10025, 10025, 10025, 13718, 13718, 13718, 13718, 13718, 14944, 14944, 14944, 14944, 14944, 16344, 16344, 16344, 17789, 17789, 17789, 17880, 17880, 17880, 32059, 32059, 34501, 34501, 34501, 36730, 36730, 36730, 36730, 36813, 36813, 36813, 36813, 41655, 41655, 41773, 41773, 43320, 43320, 43320, 43320, 43320, 47289, 47289, 47289, 47289, 47390, 47390, 49507, 49507, 49507, 49676, 49676, 49676, 49676, 49676, 49789, 49789, 49789, 55119, 55119, 69581, 69581, 87304, 87304, 87304, 87448, 90599, 90599, 90599, 90599, 99168, 99324, 101915, 109746, 109746, 113120, 139852, 139852, 139852, 141287, 141453, 141453, 144038, 144196, 144196, 144196, 144363, 144363, 167277, 167277, 186508, 186508, 186508, 195194, 195194, 195194, 195194, 205318, 234894, 241920, 241920, 241920, 246020, 246020, 246020], "y": ["Minnaminnie", "Roobbie", "Ardelis", "Cindi", "Joni", "Roseline", "Nannie", "Karilynn", "Cheri", "Madeleine", "Marianne", "Stephani", "Marji", "Philippe", "Loleta", "Faydra", "Roxana", "Roch", "Laura", "Windy", "Janelle", "Mechelle", "Petrina", "Lynnell", "Kellina", "Roxanna", "Robenia", "Lorilyn", "Vannie", "Arline", "Nadiya", "Cathyleen", "Philomena", "Agneta", "Cindee", "Venita", "Nichol", "Bamby", "Virgina", "Thea", "Sabrina", "Madonna", "Patrizia", "Kathleen", "Carolyne", "Ellen", "Ibby", "Dalila", "Cassi", "Gweneth", "Maurise", "Greta", "Cynde", "Hillary", "Kinna", "Maria", "Ceciley", "Drucy", "Zandra", "Zelda", "Barb", "Wanda", "Jemima", "Zola", "Robbyn", "Rosita", "Marillin", "Erin", "Loise", "Kial", "Frieda", "Abby", "Veradis", "Magda", "Anne-Corinne", "Abbye", "Goldina", "Carlynn", "Kelsy", "Brenna", "Orsola", "Norry", "Minetta", "Pearle", "Wilhelmina", "Ashlen", "Cal", "Susana", "Charlene", "Caroline", "Charla", "Nerte", "Giuditta", "Annaliese", "Nelie", "Raphaela", "Flor", "Ardisj", "Drusy", "Leann", "Sophronia", "Cristine", "Carmon", "Lory", "Biddie", "Candis", "Tommy", "Tanya", "Diane-Marie", "Flossi", "Kesley", "Frannie", "Flossie", "Essa", "Chandra", "Linell", "Eveleen", "Livvy", "Shell", "Nana", "Jami", "Beatrix", "Inge", "Marj", "Lia", "Clemence", "Jennee", "Rafa", "Madelyn"], "cumulative y": [1, 2, 3, 4, 5, 6, 7, 8, 9, 10, 11, 12, 13, 14, 15, 16, 17, 18, 19, 20, 21, 22, 23, 24, 25, 26, 27, 28, 29, 30, 31, 32, 33, 34, 35, 36, 37, 38, 39, 40, 41, 42, 43, 44, 45, 46, 47, 48, 49, 50, 51, 52, 53, 54, 55, 56, 57, 58, 59, 60, 61, 62, 63, 64, 65, 66, 67, 68, 69, 70, 71, 72, 73, 74, 75, 76, 77, 78, 79, 80, 81, 82, 83, 84, 85, 86, 87, 88, 89, 90, 91, 92, 93, 94, 95, 96, 97, 98, 99, 100, 101, 102, 103, 104, 105, 106, 107, 108, 109, 110, 111, 112, 113, 114, 115, 116, 117, 118, 119, 120, 121, 122, 123, 124, 125, 126, 127, 128, 129], "total events": 129}, "Vulnerabilities Exploited": {"record name": "Vulnerabilities Exploited",