{"Total Initial Vulnerabilities": 663, "Initial Vulns Per OS": {"centos": {"7": 33, "4": 8, "6": 48, "5": 16, "8": 10, "3": 14}, "freebsd": {"11": 28, "9": 21, "13": 16, "12": 24, "8": 34, "10": 16}, "ubuntu": {"16.04": 42, "18.04": 15, "14.04": 25, "12.04": 20, "20.04": 8, "10.04": 26}, "windows": {"10": 12, "vista": 30, "8": 8, "xp": 165, "8.1": 12, "7": 32}}, "Average Initial RoA Per OS": {"centos": {"7": 0.0786523322025894, "4": 0.0561079497070008, "6": 0.0911273164913687, "5": 0.08252044550075523, "8": 0.0959050754836242, "3": 0.04917937592529629}, "freebsd": {"11": 0.028731872416003244, "9": 0.03986393475787727, "13": 0.02417586328961161, "12": 0.06094452746799967, "8": 0.03393425329207796, "10": 0.03616230903725208}, "ubuntu": {"16.04": 0.11179034934652413, "18.04": 0.05821064954705245, "14.04": 0.07682080409281145, "12.04": 0.05006905989737973, "20.04": 0.006946758942891754, "10.04": 0.08203041472187916}, "windows": {"10": 0.0692325754308621, "vista": 0.050351390021780955, "8": 0.05127071586869443, "xp": 0.06362375808557758, "8.1": 0.07353953294969791, "7": 0.05255871077455829}}, "OS Types In Initial Network": {"centos 7": 11, "freebsd 11": 12, "ubuntu 18.04": 11, "centos 4": 5, "ubuntu 16.04": 13, "centos 6": 13, "windows 10": 13, "windows vista": 6, "windows 8": 4, "freebsd 9": 8, "centos 5": 7, "ubuntu 14.04": 10, "freebsd 13": 17, "ubuntu 20.04": 9, "ubuntu 12.04": 5, "freebsd 12": 11, "windows xp": 5, "centos 8": 14, "freebsd 8": 2, "windows 8.1": 8, "windows 7": 11, "centos 3": 1, "freebsd 10": 3, "ubuntu 10.04": 1}, "Initial Hosts Without Vulnerabilities": 37, "Host Compromises": {"record name": "Host Compromises", "x": [1250, 9543, 10754, 12824, 13714, 17091, 22901, 37699, 39986, 75423, 186116, 186217, 187607, 187916, 189352, 189913, 190182, 194080, 199572, 207998, 208132, 244011, 244610, 248449], "y": [8, 17, 26, 33, 37, 0, 31, 34, 43, 22, 98, 120, 116, 119, 96, 59, 61, 68, 63, 123, 141, 45, 47, 66], "cumulative y": [1, 2, 3, 4, 5, 6, 7, 8, 9, 10, 11, 12, 13, 14, 15, 16, 17, 18, 19, 20, 21, 22, 23, 24], "total events": 24, "not exposed x": [186116, 186217, 187607, 187916, 189352, 189913, 190182, 194080, 199572, 207998, 208132, 248449], "not exposed y": [98, 120, 116, 119, 96, 59, 61, 68, 63, 123, 141, 66], "cumulative not exposed y": [1, 2, 3, 4, 5, 6, 7, 8, 9, 10, 11, 12], "total not exposed events": 12}, "Vuln Compromises": {"record name": "Vuln Compromises", "x": [1250, 9543, 10754, 12824, 13714, 17091, 22901, 37699, 39986, 186116, 186217, 187607, 187916, 189352, 189913, 190182, 194080, 199572, 207998], "y": [8, 17, 26, 33, 37, 0, 31, 34, 43, 98, 120, 116, 119, 96, 59, 61, 68, 63, 123], "cumulative y": [1, 2, 3, 4, 5, 6, 7, 8, 9, 10, 11, 12, 13, 14, 15, 16, 17, 18, 19], "total events": 19, "not exposed x": [186116, 186217, 187607, 187916, 189352, 189913, 190182, 194080, 199572, 207998], "not exposed y": [98, 120, 116, 119, 96, 59, 61, 68, 63, 123], "cumulative not exposed y": [1, 2, 3, 4, 5, 6, 7, 8, 9, 10], "total not exposed events": 10}, "Reuse Password Compromises": {"record name": "Reuse Password Compromises", "x": [208132, 244011, 244610, 248449], "y": [141, 45, 47, 66], "cumulative y": [1, 2, 3, 4], "total events": 4, "not exposed x": [208132, 248449], "not exposed y": [141, 66], "cumulative not exposed y": [1, 2], "total not exposed events": 2}, "Password Spray Compromises": {"record name": "Password Spray Compromises", "x": [75423], "y": [22], "cumulative y": [1], "total events": 1, "not exposed x": [], "not exposed y": [], "cumulative not exposed y": [], "total not exposed events": 0}, "User Account Leaks": {"record name": "User Account Has Been Leaked By Compromise", "x": [1250, 1250, 1250, 1250, 1250, 9543, 9543, 9543, 9543, 9543, 10754, 10754, 10754, 10754, 10754, 12824, 12824, 12824, 12824, 13714, 13714, 13714, 17091, 17091, 17091, 17091, 17091, 22901, 22901, 22901, 22901, 37699, 37699, 37699, 37699, 37699, 39986, 39986, 39986, 39986, 39986, 75423, 75423, 75423, 186116, 186116, 186116, 186116, 186217, 186217, 186217, 186217, 187607, 187607, 187607, 187916, 187916, 187916, 187916, 189352, 189352, 189352, 189352, 189913, 189913, 189913, 189913, 190182, 190182, 194080, 194080, 199572, 199572, 199572, 207998, 207998, 208132, 208132, 244011, 244011, 244011, 244610, 248449], "y": ["Bethany", "Winnie", "Charity", "Dredi", "Kimberlyn", "Elke", "Madlen", "Martie", "Geralda", "Jacenta", "Violante", "Zola", "Janette", "Jerrilyn", "Patricia", "Lind", "Lisha", "Gennie", "Amalle", "Lura", "Lurleen", "Lethia", "Adan", "Shaylynn", "Shantee", "Cecile", "Fan", "Eden", "Andrea", "Camel", "Corny", "Josie", "Michaeline", "Emlynne", "Chrysler", "Catherin", "Shandy", "Ashlan", "Hetti", "Bella", "Stevena", "Nicola", "Adelheid", "Agnella", "Libbey", "Dorotea", "Allix", "Norrie", "Fredelia", "Suzi", "Evangeline", "Hilary", "Celinka", "Malynda", "Kelci", "Kathi", "Letizia", "Hanni", "Linda", "Marcelle", "Margette", "Carly", "Chrysa", "Candra", "Alvinia", "Minda", "Stella", "Phaedra", "Terra", "Devora", "Marga", "Rosemarie", "Tammi", "Annetta", "Adriana", "Lauree", "Aurea", "Lauri", "Letty", "Filia", "Brita", "Glory", "Flossy"], "cumulative y": [1, 2, 3, 4, 5, 6, 7, 8, 9, 10, 11, 12, 13, 14, 15, 16, 17, 18, 19, 20, 21, 22, 23, 24, 25, 26, 27, 28, 29, 30, 31, 32, 33, 34, 35, 36, 37, 38, 39, 40, 41, 42, 43, 44, 45, 46, 47, 48, 49, 50, 51, 52, 53, 54, 55, 56, 57, 58, 59, 60, 61, 62, 63, 64, 65, 66, 67, 68, 69, 70, 71, 72, 73, 74, 75, 76, 77, 78, 79, 80, 81, 82, 83], "total events": 83}, "Vulnerabilities Exploited": {"record name": "Vulnerabilities Exploited", "x": [472, 517, 738, 796, 859, 994, 1250, 1333, 1333, 1684, 1870, 1870, 1870, 2109, 2522, 2522, 2923, 3563, 3741, 3741, 3741, 4021, 4021, 4857, 4857, 4857, 4857, 4857, 5146, 5628, 5751, 6374, 6374, 6374, 6719, 7192, 7192, 7192, 7192, 7362, 7716, 7716, 7716, 8195, 9543, 9543, 9828, 10530, 11548, 12824, 12824, 13052, 13052, 13307, 13714, 14353, 14353, 15341, 15341, 15341, 16515, 17091, 18391, 20554, 23388, 23669, 23973, 30800, 31695, 35215, 37699, 38080, 39986, 39986, 51168, 65269, 68531, 68531, 83840, 83840, 93978, 96904, 139265, 143469, 171508, 186217, 187607, 187607, 187607, 187607, 187916, 187916, 188084, 189913, 190182, 190598, 190598, 194080, 194080, 194080, 198324, 198324, 198324, 198890, 213394, 216583, 219699, 224597, 248744, 248744, 248744], "cumulative exploited vulns": [1, 2, 3, 4, 5, 6, 7, 8, 9, 10, 11, 12, 13, 14, 15, 16, 17, 18, 19, 20, 21, 22, 23, 24, 25, 26, 27, 28, 29, 30, 31, 32, 33, 34, 35, 36, 37, 38, 39, 40, 41, 42, 43, 44, 45, 46, 47, 48, 49, 50, 51, 52, 53, 54, 55, 56, 57, 58, 59, 60, 61, 62, 63, 64, 65, 66, 67, 68, 69, 70, 71, 72, 73, 74, 75, 76, 77, 78, 79, 80, 81, 82, 83, 84, 85, 86, 87, 88, 89, 90, 91, 92, 93, 94, 95, 96, 97, 98, 99, 100, 101, 102, 103, 104, 105, 106, 107, 108, 109, 110, 111],