{"Total Initial Vulnerabilities": 631, "Initial Vulns Per OS": {"centos": {"8": 15, "4": 26, "5": 9, "6": 30, "7": 22, "3": 12}, "windows": {"7": 41, "8.1": 22, "vista": 25, "10": 11, "8": 22, "xp": 4}, "freebsd": {"11": 52, "13": 19, "8": 101, "10": 25, "9": 35, "12": 17}, "ubuntu": {"20.04": 12, "18.04": 16, "14.04": 19, "16.04": 29, "10.04": 35, "12.04": 32}}, "Average Initial RoA Per OS": {"centos": {"8": 0.023219527399927962, "4": 0.048368232785524615, "5": 0.04022393662982267, "6": 0.025606595680774065, "7": 0.05662498848811739, "3": 0.0823832837783424}, "windows": {"7": 0.042224010868537824, "8.1": 0.061003109711726664, "vista": 0.039220681100504355, "10": 0.020386244166748887, "8": 0.048860787638808946, "xp": 0.03882408861156706}, "freebsd": {"11": 0.03639841091544392, "13": 0.0461413378560101, "8": 0.049069491679874455, "10": 0.04446214264281126, "9": 0.025601277072821282, "12": 0.02068340229165278}, "ubuntu": {"20.04": 0.036396139919225336, "18.04": 0.0501144533956362, "14.04": 0.056753322681971585, "16.04": 0.05231091257065552, "10.04": 0.06633126231656107, "12.04": 0.04648686836835933}}, "OS Types In Initial Network": {"centos 8": 20, "centos 4": 5, "windows 10": 10, "centos 7": 15, "windows 7": 9, "windows 8.1": 16, "windows vista": 6, "freebsd 11": 12, "freebsd 13": 16, "ubuntu 20.04": 15, "centos 5": 4, "centos 6": 11, "freebsd 8": 3, "ubuntu 18.04": 11, "freebsd 10": 8, "freebsd 12": 8, "freebsd 9": 6, "windows 8": 6, "ubuntu 14.04": 3, "ubuntu 16.04": 9, "windows xp": 1, "ubuntu 10.04": 2, "ubuntu 12.04": 3, "centos 3": 1}, "Initial Hosts Without Vulnerabilities": 46, "Host Compromises": {"record name": "Host Compromises", "x": [1149, 4357, 8252, 11886, 12724, 27905, 33700], "y": [8, 28, 5, 24, 31, 48, 32], "cumulative y": [1, 2, 3, 4, 5, 6, 7], "total events": 7, "not exposed x": [], "not exposed y": [], "cumulative not exposed y": [], "total not exposed events": 0}, "Vuln Compromises": {"record name": "Vuln Compromises", "x": [1149, 4357, 8252, 11886, 12724, 27905, 33700], "y": [8, 28, 5, 24, 31, 48, 32], "cumulative y": [1, 2, 3, 4, 5, 6, 7], "total events": 7, "not exposed x": [], "not exposed y": [], "cumulative not exposed y": [], "total not exposed events": 0}, "Reuse Password Compromises": {"record name": "Reuse Password Compromises", "x": [], "y": [], "cumulative y": [], "total events": 0, "not exposed x": [], "not exposed y": [], "cumulative not exposed y": [], "total not exposed events": 0}, "Password Spray Compromises": {"record name": "Password Spray Compromises", "x": [], "y": [], "cumulative y": [], "total events": 0, "not exposed x": [], "not exposed y": [], "cumulative not exposed y": [], "total not exposed events": 0}, "User Account Leaks": {"record name": "User Account Has Been Leaked By Compromise", "x": [1149, 1149, 1149, 1149, 1149, 4357, 4357, 4357, 8252, 8252, 8252, 8252, 8252, 11886, 11886, 11886, 11886, 12724, 12724, 12724, 12724, 12724, 27905, 27905, 27905, 27905, 33700, 33700, 33700, 33700], "y": ["Billye", "Denny", "Lora", "Danell", "Aleta", "Tana", "Lynette", "Lynelle", "Josephine", "Opalina", "Caprice", "Pammie", "Opal", "Bambie", "Dalila", "Roselia", "Chicky", "Carolin", "Brynne", "Loretta", "Gay", "Josy", "Waly", "Marga", "Rosette", "Cathy", "Abra", "Elonore", "Sibeal", "Melania"], "cumulative y": [1, 2, 3, 4, 5, 6, 7, 8, 9, 10, 11, 12, 13, 14, 15, 16, 17, 18, 19, 20, 21, 22, 23, 24, 25, 26, 27, 28, 29, 30], "total events": 30}, "Vulnerabilities Exploited": {"record name": "Vulnerabilities Exploited", "x": [589, 654, 889, 1149, 1395, 2411, 2476, 3799, 3799, 3799, 3799, 3799, 3799, 3799, 3799, 3799, 3799, 3799, 3875, 4357, 4593, 4888, 4888, 5002, 5655, 5655, 5655, 5869, 5869, 5869, 6413, 6493, 6937, 8252, 8252, 8252, 11886, 11886, 11886, 11886, 11886, 11886, 11886, 11886, 11886, 11886, 11886, 11886, 11886, 11886, 12177, 13043, 13043, 13043, 14039, 16921, 18697, 21438, 22491, 25613, 25613, 25613, 25613, 25813, 27905, 27905, 32900, 33700, 33700, 36187, 49027, 59634, 62698, 65466, 246393], "cumulative exploited vulns": [1, 2, 3, 4, 5, 6, 7, 8, 9, 10, 11, 12, 13, 14, 15, 16, 17, 18, 19, 20, 21, 22, 23, 24, 25, 26, 27, 28, 29, 30, 31, 32, 33, 34, 35, 36, 37, 38, 39, 40, 41, 42, 43, 44, 45, 46, 47, 48, 49, 50, 51, 52, 53, 54, 55, 56, 57, 58, 59, 60, 61, 62, 63, 64, 65, 66, 67, 68, 69, 70, 71, 72, 73, 74, 75], "roa": [0.054032702686744497, 0.7970758618059779, 0.21648568472906363, 0.24549237090952253, 0.1527583256469302, 0.5282146222791584, 0.05724106210291391, 0.7883020938469923, 0.17546385312120455, 0.49459508970134924, 0.5102095532661968, 0.7494535256778156, 0.020341361925606573, 0.5984521007216201, 0.23863285411356983, 0.3044448739231266, 0.15806859690580835, 0.20828226367489103, 0.04208705126998312, 0.47847545027765576, 0.41040365428959485, 0.22297252393517794, 0.07840569205666495, 0.46863743989453255, 0.5806196776900978, 0.052226274681987525, 0.052226274681987525, 0.21261851746585222, 0.2721433074703278, 0.040267132389032255, 0.2741767333139968, 0.39898082202746316, 0.4376994388781991, 0.3828360606937628, 0.7608514099460189, 0.37355993587465725, 0.4906207970434946, 0.4258939870598815, 0.17605234849414325, 0.11160288273771098, 0.021123677897654333, 0.6716980372841675, 0.756692771623187, 0.37447137695272475, 0.322370424224051, 0.19839295652029793, 0.1841266615867809, 0.23595111413275696, 0.23260619998359605, 0.18051159561249588, 0.04453892198119519, 0.11292861047526445, 0.05947081509843836, 0.08613093564480856, 0.10678085670241329, 0.11829657246076233, 0.017180972817971794, 0.11592341238732992, 0.3301072155979167, 0.1308272694364151, 0.1308272694364151, 0.13565208893522374, 0.15671025707726574, 0.26174934759601376, 0.47609346049792156, 0.2541888092568205, 0.13534110590908563, 0.18663459674987173, 0.29659706547658804, 0.29121929471734725, 0.09346901324861569, 0.005216850489166779, 0.020232186686952838, 0.03643046316992068, 0.1140517683379694], "impact": [1.6307666700579848, 9.400912300475085, 2.7170945408957783, 8.871385225071279, 1.6768546908430404, 6.05195602774392, 1.0081374276242483, 8.309071777599842, 2.1369014954223653, 5.746035977396363, 7.4395528109588795, 9.937102074942933, 0.42758253242897726, 8.76054445336194, 2.9181269805995624, 4.786627394905086, 3.0041758780821737, 7.417862962083443, 0.5531678472960455, 7.600325580020856, 6.158467242538846, 2.28328429842049, 7.279960145377241, 7.009136931308757, 8.41770579783397, 2.9215388232584982, 2.9215388232584982, 2.1348760661792388, 6.202015166520121, 0.5409962184269845, 4.747306172132317, 4.391379955866813, 7.153515139933454, 4.255417410821925, 9.786939601517824, 4.909060538738919, 9.451892787847475, 8.206374578865608, 2.274916672050492, 2.4822780159877524, 0.6785695474802556, 6.755351818887326, 8.735379895064376, 4.495906306318952, 6.217218275324637, 3.64452791941373, 2.182333866374867, 3.3245574620971743, 5.255677947430499, 3.229857625825897, 1.5738352513507592, 1.4225531575175043, 0.9072909882923319, 2.006447139520877, 5.223780558628608, 1.9583864636635706, 0.6598535700171748, 7.878532501496066, 6.4915921911101595, 7.24299404484147, 7.24299404484147, 5.3923193141464845, 3.836134508402824, 8.562336875553227, 7.959516288671641, 5.801184179520254, 6.612578109807995, 6.181531285543606, 9.662250847578953, 8.78301746169358, 4.23633384637418, 0.7131223611102511, 1.4608463362202573, 1.7546706957515978, 8.656600085688279],