{"Total Initial Vulnerabilities": 634, "Initial Vulns Per OS": {"freebsd": {"11": 23, "10": 36, "12": 27, "13": 15, "9": 52, "8": 11}, "ubuntu": {"14.04": 18, "20.04": 12, "16.04": 34, "18.04": 32, "12.04": 17, "10.04": 92}, "windows": {"8.1": 22, "7": 56, "10": 7, "8": 10}, "centos": {"5": 22, "6": 30, "7": 12, "4": 31, "3": 66, "8": 9}}, "Average Initial RoA Per OS": {"freebsd": {"11": 0.010226338795636352, "10": 0.042483898448063696, "12": 0.09067540537859688, "13": 0.06318260992957031, "9": 0.03622589869250909, "8": 0.04708211926264027}, "ubuntu": {"14.04": 0.03679997581359926, "20.04": 0.06363185019643815, "16.04": 0.010752305626973062, "18.04": 0.07972544442838403, "12.04": 0.04513858251641703, "10.04": 0.04399423865735952}, "windows": {"8.1": 0.05670367821242885, "7": 0.030530406874670537, "10": 0.03677404794939752, "8": 0.027855394960613684}, "centos": {"5": 0.030762916728160374, "6": 0.0221532961320683, "7": 0.12759115840585647, "4": 0.033409738012437885, "3": 0.05977001026567693, "8": 0.07630809798347633}}, "OS Types In Initial Network": {"freebsd 11": 8, "freebsd 10": 6, "freebsd 12": 13, "ubuntu 14.04": 7, "windows 8.1": 14, "ubuntu 20.04": 19, "windows 7": 8, "freebsd 13": 13, "windows 10": 12, "ubuntu 16.04": 12, "centos 5": 7, "centos 6": 13, "centos 8": 10, "windows 8": 7, "ubuntu 18.04": 20, "freebsd 9": 8, "ubuntu 12.04": 3, "centos 7": 7, "ubuntu 10.04": 3, "centos 4": 6, "centos 3": 3, "freebsd 8": 1}, "Initial Hosts Without Vulnerabilities": 49, "Host Compromises": {"record name": "Host Compromises", "x": [4153, 8269, 8303, 9839, 10507, 13043, 16579, 20043, 28808, 39471, 45313, 47433, 47576, 52330, 57428, 62440, 66314, 68526, 93178, 98005, 104496, 110730, 110967, 114640, 119068, 122784, 129256, 131797, 136324, 159177, 161763, 193278, 196735], "y": [23, 47, 48, 7, 10, 21, 36, 45, 26, 17, 40, 104, 103, 83, 126, 86, 105, 125, 77, 85, 112, 102, 99, 101, 182, 78, 109, 115, 179, 37, 43, 53, 110], "cumulative y": [1, 2, 3, 4, 5, 6, 7, 8, 9, 10, 11, 12, 13, 14, 15, 16, 17, 18, 19, 20, 21, 22, 23, 24, 25, 26, 27, 28, 29, 30, 31, 32, 33], "total events": 33, "not exposed x": [47433, 47576, 52330, 57428, 62440, 66314, 68526, 93178, 98005, 104496, 110730, 110967, 114640, 119068, 122784, 129256, 131797, 136324, 193278, 196735], "not exposed y": [104, 103, 83, 126, 86, 105, 125, 77, 85, 112, 102, 99, 101, 182, 78, 109, 115, 179, 53, 110], "cumulative not exposed y": [1, 2, 3, 4, 5, 6, 7, 8, 9, 10, 11, 12, 13, 14, 15, 16, 17, 18, 19, 20], "total not exposed events": 20}, "Vuln Compromises": {"record name": "Vuln Compromises", "x": [4153, 8269, 10507, 16579, 20043, 28808, 39471, 45313, 47433, 47576, 68526, 110967, 114640, 119068, 196735], "y": [23, 47, 10, 36, 45, 26, 17, 40, 104, 103, 125, 99, 101, 182, 110], "cumulative y": [1, 2, 3, 4, 5, 6, 7, 8, 9, 10, 11, 12, 13, 14, 15], "total events": 15, "not exposed x": [47433, 47576, 68526, 110967, 114640, 119068, 196735], "not exposed y": [104, 103, 125, 99, 101, 182, 110], "cumulative not exposed y": [1, 2, 3, 4, 5, 6, 7], "total not exposed events": 7}, "Reuse Password Compromises": {"record name": "Reuse Password Compromises", "x": [8303, 9839, 13043, 57428, 62440, 66314, 93178, 98005, 104496, 122784, 131797, 136324, 159177, 161763], "y": [48, 7, 21, 126, 86, 105, 77, 85, 112, 78, 115, 179, 37, 43], "cumulative y": [1, 2, 3, 4, 5, 6, 7, 8, 9, 10, 11, 12, 13, 14], "total events": 14, "not exposed x": [57428, 62440, 66314, 93178, 98005, 104496, 122784, 131797, 136324], "not exposed y": [126, 86, 105, 77, 85, 112, 78, 115, 179], "cumulative not exposed y": [1, 2, 3, 4, 5, 6, 7, 8, 9], "total not exposed events": 9}, "Password Spray Compromises": {"record name": "Password Spray Compromises", "x": [52330, 110730, 129256, 193278], "y": [83, 102, 109, 53], "cumulative y": [1, 2, 3, 4], "total events": 4, "not exposed x": [52330, 110730, 129256, 193278], "not exposed y": [83, 102, 109, 53], "cumulative not exposed y": [1, 2, 3, 4], "total not exposed events": 4}, "User Account Leaks": {"record name": "User Account Has Been Leaked By Compromise", "x": [4153, 4153, 4153, 4153, 4153, 8269, 8269, 8269, 8269, 8269, 8303, 8303, 8303, 9839, 9839, 9839, 9839, 10507, 10507, 10507, 10507, 10507, 13043, 13043, 13043, 16579, 16579, 16579, 16579, 20043, 20043, 20043, 20043, 28808, 28808, 28808, 28808, 39471, 39471, 39471, 39471, 39471, 45313, 45313, 45313, 45313, 47433, 47433, 47433, 47576, 47576, 47576, 47576, 52330, 52330, 52330, 57428, 57428, 57428, 57428, 62440, 62440, 62440, 62440, 66314, 66314, 66314, 68526, 68526, 68526, 68526, 93178, 93178, 93178, 93178, 98005, 104496, 104496, 104496, 110730, 110730, 110967, 114640, 114640, 114640, 114640, 119068, 119068, 119068, 119068, 122784, 122784, 129256, 131797, 136324, 136324, 161763, 193278, 193278, 196735, 196735, 196735], "y": ["Cybil", "Oralee", "Gilberta", "Thomasin", "Shirleen", "Shawnee", "Rois", "Kessiah", "Reba", "Krystalle", "Lyndsey", "Amaleta", "Frances", "Amye", "Reiko", "Gusti", "Yolanda", "Lulita", "Ranna", "Arabella", "Madelina", "Emmalynne", "Josey", "Oralia", "Malvina", "Sophia", "Billye", "Norina", "Robin", "Darice", "Leodora", "Opaline", "Moreen", "Stephanie", "Celestine", "Diahann", "Nikki", "Eleanore", "Leisha", "Lezlie", "Kathie", "Delila", "Katheryn", "Marcille", "Ollie", "Leland", "Caryn", "Emmi", "Hope", "Dianemarie", "Minetta", "Sukey", "Karie", "Kira", "Zara", "Jocelyn", "Zitella", "Marguerite", "Amelina", "Minette", "Tomi", "Devonne", "Benni", "Melania", "Tana", "Cornelle", "Roby", "Julienne", "Kellia", "Marje", "Merrie", "Beth", "Timmi", "Dee", "Letisha", "Megen", "Minta", "Krystal", "Korrie", "Anthiathia", "Cosetta", "Blondy", "Edwina", "Kayle", "Ciel", "Becca", "Celia", "Fiann", "Doro", "Jazmin", "Alvina", "Roxie", "Jana", "Rosa", "Sharl", "Kalina", "Christabella", "Sidonnie", "Becki", "Cindy", "Arleta", "Charissa"], "cumulative y": [1, 2, 3, 4, 5, 6, 7, 8, 9, 10, 11, 12, 13, 14, 15, 16, 17, 18, 19, 20, 21, 22, 23, 24, 25, 26, 27, 28, 29, 30, 31, 32, 33, 34, 35, 36, 37, 38, 39, 40, 41, 42, 43, 44, 45, 46, 47, 48, 49, 50, 51, 52, 53, 54, 55, 56, 57, 58, 59, 60, 61, 62, 63, 64, 65, 66, 67, 68, 69, 70, 71, 72, 73, 74, 75, 76, 77, 78, 79, 80, 81, 82, 83, 84, 85, 86, 87, 88, 89, 90, 91, 92, 93, 94, 95, 96, 97, 98, 99, 100, 101, 102], "total events": 102}, "Vulnerabilities Exploited": {"record name": "Vulnerabilities Exploited", "x": [224, 662, 662, 973, 973, 1328, 1328, 1328, 1717, 1717, 2216, 2216, 2216, 2216, 2914, 3566, 3972, 4153, 5077, 5544, 5623, 6067, 6067, 6145, 6283, 6360, 6850, 8035, 8035, 8035, 8035, 8035, 8035, 8035, 8035, 8035, 8035, 8035, 8035, 8035, 8035, 8035, 8035, 8175, 8269, 8699, 9049, 9306, 10966, 11765, 12276, 12276, 13226, 14465, 16579, 16579, 17599, 20043, 20043, 20043, 20043, 20043, 20043, 20043, 20043, 20043, 20043, 20043, 20043, 20109, 20477, 28808, 30581, 30581, 31656, 32185, 39471, 43221, 45313, 47433, 47433, 47576, 47576, 51070, 51703, 55244, 55244, 55655, 58129, 59413, 59997, 59997, 59997, 62580, 68526, 94838, 94838, 94838, 94838, 94838, 94838, 94838, 104658, 107862, 108516, 108516, 110335, 110335, 114640, 114640, 114889, 114889, 114889, 119068, 119068, 134463, 141997, 154303, 164567, 169492, 172920, 175159, 196735, 196735, 214187, 214187, 214187, 214187, 214187, 247833], "cumulative exploited vulns": [1, 2, 3, 4, 5, 6, 7, 8, 9, 10, 11, 12, 13, 14, 15, 16, 17, 18, 19, 20, 21, 22, 23, 24, 25, 26, 27, 28, 29, 30, 31, 32, 33, 34, 35, 36, 37, 38, 39, 40, 41, 42, 43, 44, 45, 46, 47, 48, 49, 50, 51, 52, 53, 54, 55, 56, 57, 58, 59, 60, 61, 62, 63, 64, 65, 66, 67, 68, 69, 70, 71, 72, 73, 74, 75, 76, 77, 78, 79, 80, 81, 82, 83, 84, 85, 86, 87, 88, 89, 90, 91, 92, 93, 94, 95, 96, 97, 98, 99, 100, 101, 102, 103, 104, 105, 106, 107, 108, 109, 110, 111, 112, 113, 114, 115, 116, 117, 118, 119, 120, 121, 122, 123, 124, 125, 126, 127, 128, 129, 130],