{"Total Initial Vulnerabilities": 640, "Initial Vulns Per OS": {"ubuntu": {"18.04": 25, "16.04": 31, "20.04": 22, "14.04": 20, "12.04": 30, "10.04": 56}, "freebsd": {"9": 56, "11": 26, "10": 39, "13": 6, "12": 12, "8": 31}, "centos": {"5": 46, "7": 24, "8": 18, "6": 10, "3": 32, "4": 15}, "windows": {"8.1": 11, "vista": 23, "10": 15, "8": 15, "7": 20, "xp": 57}}, "Average Initial RoA Per OS": {"ubuntu": {"18.04": 0.07164049981680913, "16.04": 0.05122065177336177, "20.04": 0.05716667525107468, "14.04": 0.06881252497062099, "12.04": 0.06236646265889298, "10.04": 0.05317671107854394}, "freebsd": {"9": 0.062099901881608535, "11": 0.0627835676842891, "10": 0.07962370318499756, "13": 0.06298222487735507, "12": 0.06851971642646722, "8": 0.06152757411597968}, "centos": {"5": 0.055103413766217656, "7": 0.05098268962602118, "8": 0.04795150327627378, "6": 0.05962925106655585, "3": 0.07447692228501751, "4": 0.0817386460725821}, "windows": {"8.1": 0.02525304420795209, "vista": 0.07786991158200059, "10": 0.03605532614656214, "8": 0.059098122584472154, "7": 0.05893565916156938, "xp": 0.07212943900203811}}, "OS Types In Initial Network": {"windows 10": 15, "ubuntu 18.04": 18, "freebsd 9": 11, "freebsd 12": 10, "freebsd 11": 8, "centos 5": 10, "freebsd 10": 9, "windows 8.1": 5, "freebsd 13": 9, "centos 8": 15, "centos 7": 13, "windows vista": 4, "windows 8": 9, "windows 7": 9, "ubuntu 16.04": 13, "ubuntu 20.04": 16, "centos 6": 8, "windows xp": 1, "ubuntu 14.04": 3, "centos 3": 2, "centos 4": 3, "freebsd 8": 2, "ubuntu 12.04": 5, "ubuntu 10.04": 2}, "Initial Hosts Without Vulnerabilities": 45, "Host Compromises": {"record name": "Host Compromises", "x": [978, 1215, 2100, 3121, 6851, 8699, 22493, 23202, 27698, 42818, 48570, 49608, 62173, 75465, 81058, 84757, 87225, 87330, 94111, 94709, 97491, 97609, 97728, 98544, 101146, 110325, 115741, 115882, 130766, 131817, 138645, 140264, 141922, 144185, 199603, 201147, 214163, 232625, 236696], "y": [8, 9, 15, 20, 30, 39, 65, 186, 63, 66, 188, 184, 26, 189, 154, 82, 77, 78, 74, 76, 105, 106, 108, 148, 89, 145, 110, 146, 139, 135, 167, 166, 170, 2, 150, 51, 79, 176, 179], "cumulative y": [1, 2, 3, 4, 5, 6, 7, 8, 9, 10, 11, 12, 13, 14, 15, 16, 17, 18, 19, 20, 21, 22, 23, 24, 25, 26, 27, 28, 29, 30, 31, 32, 33, 34, 35, 36, 37, 38, 39], "total events": 39, "not exposed x": [22493, 23202, 27698, 42818, 48570, 49608, 75465, 81058, 84757, 87225, 87330, 94111, 94709, 97491, 97609, 97728, 98544, 101146, 110325, 115741, 115882, 130766, 131817, 138645, 140264, 141922, 199603, 201147, 214163, 232625, 236696], "not exposed y": [65, 186, 63, 66, 188, 184, 189, 154, 82, 77, 78, 74, 76, 105, 106, 108, 148, 89, 145, 110, 146, 139, 135, 167, 166, 170, 150, 51, 79, 176, 179], "cumulative not exposed y": [1, 2, 3, 4, 5, 6, 7, 8, 9, 10, 11, 12, 13, 14, 15, 16, 17, 18, 19, 20, 21, 22, 23, 24, 25, 26, 27, 28, 29, 30, 31], "total not exposed events": 31}, "Vuln Compromises": {"record name": "Vuln Compromises", "x": [978, 1215, 2100, 3121, 6851, 22493, 27698, 48570, 62173, 75465, 81058, 84757, 87225, 87330, 94111, 94709, 97491, 98544, 110325, 115741, 115882, 130766, 131817, 138645, 140264, 199603, 201147, 214163, 236696], "y": [8, 9, 15, 20, 30, 65, 63, 188, 26, 189, 154, 82, 77, 78, 74, 76, 105, 148, 145, 110, 146, 139, 135, 167, 166, 150, 51, 79, 179], "cumulative y": [1, 2, 3, 4, 5, 6, 7, 8, 9, 10, 11, 12, 13, 14, 15, 16, 17, 18, 19, 20, 21, 22, 23, 24, 25, 26, 27, 28, 29], "total events": 29, "not exposed x": [22493, 27698, 48570, 75465, 81058, 84757, 87225, 87330, 94111, 94709, 97491, 98544, 110325, 115741, 115882, 130766, 131817, 138645, 140264, 199603, 201147, 214163, 236696], "not exposed y": [65, 63, 188, 189, 154, 82, 77, 78, 74, 76, 105, 148, 145, 110, 146, 139, 135, 167, 166, 150, 51, 79, 179], "cumulative not exposed y": [1, 2, 3, 4, 5, 6, 7, 8, 9, 10, 11, 12, 13, 14, 15, 16, 17, 18, 19, 20, 21, 22, 23], "total not exposed events": 23}, "Reuse Password Compromises": {"record name": "Reuse Password Compromises", "x": [8699, 23202, 97609, 97728, 101146, 141922, 144185, 232625], "y": [39, 186, 106, 108, 89, 170, 2, 176], "cumulative y": [1, 2, 3, 4, 5, 6, 7, 8], "total events": 8, "not exposed x": [23202, 97609, 97728, 101146, 141922, 232625], "not exposed y": [186, 106, 108, 89, 170, 176], "cumulative not exposed y": [1, 2, 3, 4, 5, 6], "total not exposed events": 6}, "Password Spray Compromises": {"record name": "Password Spray Compromises", "x": [42818, 49608], "y": [66, 184], "cumulative y": [1, 2], "total events": 2, "not exposed x": [42818, 49608], "not exposed y": [66, 184], "cumulative not exposed y": [1, 2], "total not exposed events": 2}, "User Account Leaks": {"record name": "User Account Has Been Leaked By Compromise", "x": [978, 978, 978, 978, 978, 1215, 1215, 1215, 1215, 1215, 2100, 2100, 2100, 2100, 2100, 3121, 3121, 3121, 3121, 6851, 6851, 6851, 6851, 6851, 8699, 8699, 22493, 22493, 22493, 23202, 23202, 23202, 23202, 27698, 27698, 27698, 27698, 27698, 42818, 42818, 42818, 48570, 48570, 48570, 48570, 49608, 49608, 49608, 62173, 62173, 62173, 62173, 75465, 75465, 81058, 81058, 81058, 81058, 81058, 84757, 84757, 84757, 84757, 87225, 87225, 87225, 87225, 87330, 87330, 87330, 87330, 94111, 94111, 94111, 94111, 94111, 94709, 94709, 97491, 97491, 97491, 97491, 97609, 97609, 97728, 97728, 97728, 98544, 98544, 98544, 101146, 110325, 110325, 110325, 110325, 115741, 115741, 115741, 115882, 115882, 115882, 130766, 130766, 131817, 131817, 131817, 138645, 138645, 140264, 140264, 144185, 144185, 144185, 199603, 199603, 201147, 201147, 201147, 214163, 214163, 232625, 232625, 232625, 236696], "y": ["Appolonia", "Licha", "Harriott", "Catlin", "Anne-Corinne", "Zorana", "Guenna", "Lulita", "Alena", "Georgie", "Gwyn", "Bobbye", "Jayme", "Maryann", "Korney", "Angeline", "Timmy", "Renae", "Dori", "Carmela", "Ketti", "Katherine", "Konstanze", "Abigail", "Missy", "Lynelle", "Dalila", "Willi", "Maggy", "Pat", "Kittie", "Ninnetta", "Shaylyn", "Elvera", "Toni", "Alex", "Cecil", "Nessi", "Cesya", "Ida", "Carmine", "Nathalia", "Almira", "Gerri", "Brigitte", "Maridel", "Harriot", "Aidan", "Brandais", "Milly", "Edy", "Torie", "Roch", "Marni", "Noni", "Nanine", "Edita", "Milzie", "Tonye", "Tillie", "Orelie", "Genvieve", "Marie-Jeanne", "Seline", "Miquela", "Cristine", "Kristine", "Mitzi", "Tommy", "Bobbie", "Dallas", "Korella", "Blanche", "Hanna", "Ricky", "Nolie", "Tabbatha", "Natalie", "Dreddy", "Ailee", "Paloma", "Elie", "Cammie", "Cyb", "Calla", "Francene", "Bonita", "Moyna", "Saraann", "Chiarra", "Barry", "Lilyan", "Fern", "Deirdre", "Perry", "Lorry", "Velvet", "Vida", "Jerrilee", "Lorri", "Isabel", "Corine", "Belvia", "Rhianna", "Ailina", "Lynnet", "Emlynn", "Coretta", "Anjela", "Sibyl", "Mellie", "Bridie", "Belicia", "Gypsy", "Alie", "Marylee", "Myriam", "Kimmi", "Constantine", "Tamarah", "Valerye", "Davida", "Bunni", "Lucina"], "cumulative y": [1, 2, 3, 4, 5, 6, 7, 8, 9, 10, 11, 12, 13, 14, 15, 16, 17, 18, 19, 20, 21, 22, 23, 24, 25, 26, 27, 28, 29, 30, 31, 32, 33, 34, 35, 36, 37, 38, 39, 40, 41, 42, 43, 44, 45, 46, 47, 48, 49, 50, 51, 52, 53, 54, 55, 56, 57, 58, 59, 60, 61, 62, 63, 64, 65, 66, 67, 68, 69, 70, 71, 72, 73, 74, 75, 76, 77, 78, 79, 80, 81, 82, 83, 84, 85, 86, 87, 88, 89, 90, 91, 92, 93, 94, 95, 96, 97, 98, 99, 100, 101, 102, 103, 104, 105, 106, 107, 108, 109, 110, 111, 112, 113, 114, 115, 116, 117, 118, 119, 120, 121, 122, 123, 124], "total events": 124}, "Vulnerabilities Exploited": {"record name": "Vulnerabilities Exploited",