{"Total Initial Vulnerabilities": 712, "Initial Vulns Per OS": {"ubuntu": {"18.04": 31, "14.04": 25, "20.04": 9, "16.04": 33, "12.04": 11, "10.04": 10}, "freebsd": {"12": 43, "10": 64, "11": 38, "13": 6, "9": 44, "8": 4}, "centos": {"8": 6, "5": 15, "7": 30, "3": 75, "6": 20, "4": 20}, "windows": {"8.1": 33, "10": 14, "8": 52, "7": 46, "xp": 51, "vista": 32}}, "Average Initial RoA Per OS": {"ubuntu": {"18.04": 0.028103501452053276, "14.04": 0.10748175157068124, "20.04": 0.015641410596728685, "16.04": 0.02158464289066635, "12.04": 0.056298553297695314, "10.04": 0.032457668827253726}, "freebsd": {"12": 0.038302318798030636, "10": 0.06045840303532175, "11": 0.025287685165554536, "13": 0.04110690936826497, "9": 0.03488837691535781, "8": 0.00672132234808398}, "centos": {"8": 0.017316341177333813, "5": 0.06899320346630564, "7": 0.020686253585636163, "3": 0.04474063004477283, "6": 0.03022517486208361, "4": 0.020681555256640744}, "windows": {"8.1": 0.026613016358526354, "10": 0.01688025531256445, "8": 0.02219142637283086, "7": 0.05454687862069621, "xp": 0.05321829957911235, "vista": 0.05120539033130536}}, "OS Types In Initial Network": {"ubuntu 18.04": 13, "ubuntu 20.04": 14, "freebsd 12": 14, "centos 8": 12, "windows 8.1": 12, "freebsd 10": 14, "centos 5": 4, "ubuntu 14.04": 6, "freebsd 11": 10, "centos 7": 12, "windows 10": 17, "freebsd 13": 11, "windows 8": 15, "centos 3": 3, "ubuntu 16.04": 8, "centos 6": 7, "windows 7": 9, "freebsd 9": 6, "freebsd 8": 1, "windows xp": 1, "windows vista": 5, "centos 4": 3, "ubuntu 12.04": 2, "ubuntu 10.04": 1}, "Initial Hosts Without Vulnerabilities": 41, "Host Compromises": {"record name": "Host Compromises", "x": [3596, 6230, 13610, 30088, 38075, 44567, 55593, 57007, 60883, 89810, 104304, 106539, 123684, 125829, 133192, 134911, 138365, 138476, 138691, 139230, 146386, 146981, 148239, 148861, 154068, 167288, 172083, 172882, 173632, 177509, 183696, 195368, 199492, 201658, 202335, 206033, 227203, 236909, 238902, 240909], "y": [25, 42, 32, 44, 43, 18, 24, 33, 71, 48, 41, 73, 180, 69, 75, 173, 68, 72, 162, 81, 64, 90, 196, 84, 79, 89, 85, 80, 82, 86, 2, 21, 30, 36, 37, 47, 137, 76, 168, 60], "cumulative y": [1, 2, 3, 4, 5, 6, 7, 8, 9, 10, 11, 12, 13, 14, 15, 16, 17, 18, 19, 20, 21, 22, 23, 24, 25, 26, 27, 28, 29, 30, 31, 32, 33, 34, 35, 36, 37, 38, 39, 40], "total events": 40, "not exposed x": [60883, 106539, 123684, 125829, 133192, 134911, 138365, 138476, 138691, 139230, 146386, 146981, 148239, 148861, 154068, 167288, 172083, 172882, 173632, 177509, 227203, 236909, 238902, 240909], "not exposed y": [71, 73, 180, 69, 75, 173, 68, 72, 162, 81, 64, 90, 196, 84, 79, 89, 85, 80, 82, 86, 137, 76, 168, 60], "cumulative not exposed y": [1, 2, 3, 4, 5, 6, 7, 8, 9, 10, 11, 12, 13, 14, 15, 16, 17, 18, 19, 20, 21, 22, 23, 24], "total not exposed events": 24}, "Vuln Compromises": {"record name": "Vuln Compromises", "x": [3596, 6230, 13610, 30088, 38075, 57007, 60883, 89810, 123684, 125829, 133192, 134911, 138365, 138476, 138691, 146981, 148239, 154068, 167288, 172882, 173632, 177509, 227203, 236909, 238902, 240909], "y": [25, 42, 32, 44, 43, 33, 71, 48, 180, 69, 75, 173, 68, 72, 162, 90, 196, 79, 89, 80, 82, 86, 137, 76, 168, 60], "cumulative y": [1, 2, 3, 4, 5, 6, 7, 8, 9, 10, 11, 12, 13, 14, 15, 16, 17, 18, 19, 20, 21, 22, 23, 24, 25, 26], "total events": 26, "not exposed x": [60883, 123684, 125829, 133192, 134911, 138365, 138476, 138691, 146981, 148239, 154068, 167288, 172882, 173632, 177509, 227203, 236909, 238902, 240909], "not exposed y": [71, 180, 69, 75, 173, 68, 72, 162, 90, 196, 79, 89, 80, 82, 86, 137, 76, 168, 60], "cumulative not exposed y": [1, 2, 3, 4, 5, 6, 7, 8, 9, 10, 11, 12, 13, 14, 15, 16, 17, 18, 19], "total not exposed events": 19}, "Reuse Password Compromises": {"record name": "Reuse Password Compromises", "x": [44567, 104304, 139230, 146386, 148861, 172083, 183696, 195368, 199492, 201658, 206033], "y": [18, 41, 81, 64, 84, 85, 2, 21, 30, 36, 47], "cumulative y": [1, 2, 3, 4, 5, 6, 7, 8, 9, 10, 11], "total events": 11, "not exposed x": [139230, 146386, 148861, 172083], "not exposed y": [81, 64, 84, 85], "cumulative not exposed y": [1, 2, 3, 4], "total not exposed events": 4}, "Password Spray Compromises": {"record name": "Password Spray Compromises", "x": [55593, 106539, 202335], "y": [24, 73, 37], "cumulative y": [1, 2, 3], "total events": 3, "not exposed x": [106539], "not exposed y": [73], "cumulative not exposed y": [1], "total not exposed events": 1}, "User Account Leaks": {"record name": "User Account Has Been Leaked By Compromise", "x": [3596, 3596, 3596, 3596, 3596, 6230, 6230, 6230, 6230, 6230, 13610, 13610, 13610, 13610, 30088, 30088, 30088, 30088, 30088, 38075, 38075, 38075, 38075, 44567, 44567, 44567, 44567, 55593, 55593, 55593, 55593, 57007, 57007, 57007, 60883, 60883, 60883, 60883, 89810, 89810, 89810, 89810, 104304, 104304, 106539, 106539, 106539, 123684, 123684, 123684, 125829, 125829, 133192, 133192, 133192, 134911, 134911, 134911, 134911, 138365, 138365, 138476, 138476, 138476, 138691, 138691, 138691, 139230, 139230, 146386, 146386, 146981, 146981, 146981, 148239, 148239, 148239, 148861, 148861, 148861, 154068, 154068, 154068, 167288, 167288, 167288, 167288, 167288, 172083, 172882, 172882, 172882, 172882, 173632, 173632, 173632, 177509, 177509, 177509, 183696, 183696, 183696, 195368, 195368, 195368, 199492, 199492, 201658, 201658, 202335, 202335, 206033, 236909, 236909, 238902, 238902], "y": ["Natty", "Rosalinde", "Charisse", "Kaylyn", "Sarena", "Corabelle", "Cara", "Dodie", "Anselma", "Ebony", "Emmalee", "Marilee", "Karlotta", "Cristen", "Mavra", "Clara", "Nina", "Tiffany", "Alane", "Mella", "Shandie", "Monah", "Phillida", "Libby", "Lissi", "Sashenka", "Elsi", "Gussie", "Lucita", "Bill", "Lenore", "Shawnee", "Vittoria", "Nicholle", "Patti", "Clerissa", "Lyndell", "Luci", "Ami", "Bel", "Margret", "Lesli", "Jeannette", "Averyl", "Merilee", "Juieta", "Joane", "Althea", "Britte", "Mellie", "Pauli", "Shannen", "Kikelia", "Carmelina", "Jan", "Phyllys", "Gusti", "Madlen", "Annnora", "Doretta", "Kandace", "Nani", "Rosie", "Becky", "Marlane", "Rhonda", "Bren", "Fredi", "Valida", "Astrid", "Nelli", "Moina", "Theodosia", "Lauri", "Kathye", "Modestia", "Nikoletta", "Adelaida", "Jaime", "Jasmina", "Kittie", "Holly-Anne", "Abbe", "Kristyn", "Lynn", "Jeannine", "Sally", "Gayle", "Maggy", "Pammie", "Pippa", "Harriette", "Dela", "Annabell", "Joella", "Madalena", "Valina", "Joli", "Kendra", "Selena", "Lotty", "Inger", "Melisande", "Lynelle", "Priscilla", "Mehetabel", "Wendye", "Carilyn", "Brooks", "Nertie", "Giustina", "Fleurette", "Avivah", "Hatti", "Jacinthe", "Ursala"], "cumulative y": [1, 2, 3, 4, 5, 6, 7, 8, 9, 10, 11, 12, 13, 14, 15, 16, 17, 18, 19, 20, 21, 22, 23, 24, 25, 26, 27, 28, 29, 30, 31, 32, 33, 34, 35, 36, 37, 38, 39, 40, 41, 42, 43, 44, 45, 46, 47, 48, 49, 50, 51, 52, 53, 54, 55, 56, 57, 58, 59, 60, 61, 62, 63, 64, 65, 66, 67, 68, 69, 70, 71, 72, 73, 74, 75, 76, 77, 78, 79, 80, 81, 82, 83, 84, 85, 86, 87, 88, 89, 90, 91, 92, 93, 94, 95, 96, 97, 98, 99, 100, 101, 102, 103, 104, 105, 106, 107, 108, 109, 110, 111, 112, 113, 114, 115, 116], "total events": 116}, "Vulnerabilities Exploited": {"record name": "Vulnerabilities Exploited", "x": [543, 543, 735, 735, 735, 1030, 1030, 1111, 1530, 1845, 1845, 2133, 2133, 2471, 2767, 2767, 3407, 3596, 3758, 4190, 4190, 5218, 5218, 5218, 5218, 5218, 5581, 5581, 6230, 6230, 6230, 6297, 6838, 6838, 6838, 7377, 8331, 9041, 9137, 13610, 13610, 13610, 13610, 13610, 13610, 15402, 15402, 15619, 16829, 16829, 16829, 18897, 22911, 23221, 23221, 25456, 25582, 28957, 30088, 30088, 30144, 30663, 33021, 43748, 44706, 54060, 54060, 59844, 59844, 61690, 63418, 64511, 76003, 76331, 76331, 86683, 91871, 97080, 124298, 124298, 124298, 125498, 129032, 129032, 129032, 133192, 133192, 134193, 138476, 141088, 141088, 141640, 148239, 167288, 167288, 167461, 177509, 179103, 179103, 179103, 231595, 232773, 236909, 238902, 238902, 241751],