{"Total Initial Vulnerabilities": 487, "Initial Vulns Per OS": {"centos": {"5": 34, "7": 13, "6": 30, "8": 12, "4": 15, "3": 69}, "freebsd": {"11": 40, "13": 10, "10": 14, "12": 13, "9": 16}, "windows": {"8": 18, "8.1": 32, "vista": 22, "10": 6, "7": 14}, "ubuntu": {"20.04": 5, "12.04": 39, "10.04": 29, "18.04": 22, "16.04": 27, "14.04": 7}}, "Average Initial RoA Per OS": {"centos": {"5": 0.10283140819707136, "7": 0.040631662548317585, "6": 0.05420510966815488, "8": 0.04504956825153806, "4": 0.02513643021238379, "3": 0.045609564411730724}, "freebsd": {"11": 0.05711839383521489, "13": 0.12490180361837333, "10": 0.06755510660093415, "12": 0.04351162344271698, "9": 0.10950563689284064}, "windows": {"8": 0.07106938504117598, "8.1": 0.06643326241249192, "vista": 0.08076760188097704, "10": 0.02751898157671806, "7": 0.1137376200107294}, "ubuntu": {"20.04": 0.028224984814474774, "12.04": 0.07274461126177732, "10.04": 0.0909235381625883, "18.04": 0.09933529033368224, "16.04": 0.029208931133171554, "14.04": 0.12108537812444532}}, "OS Types In Initial Network": {"centos 5": 9, "freebsd 11": 12, "windows 8": 11, "ubuntu 20.04": 14, "ubuntu 12.04": 9, "centos 6": 15, "centos 7": 7, "windows 8.1": 19, "freebsd 13": 10, "centos 8": 16, "ubuntu 16.04": 14, "windows vista": 6, "centos 4": 3, "freebsd 12": 9, "freebsd 10": 5, "windows 7": 6, "windows 10": 9, "ubuntu 10.04": 1, "ubuntu 14.04": 5, "ubuntu 18.04": 12, "freebsd 9": 5, "centos 3": 2, "freebsd 8": 1}, "Initial Hosts Without Vulnerabilities": 54, "Host Compromises": {"record name": "Host Compromises", "x": [4179, 6030, 7128, 7541, 14374, 15677, 18866, 20577, 22196, 23299, 23668, 37549, 43539, 44294, 44389, 49257, 63719, 64276, 65614, 66939, 67197, 67846, 73053, 76527, 79809, 83565, 91066, 92565, 98613, 119330, 123962, 130538, 131878, 133339, 134346, 135700, 140139, 146410, 149034, 157099, 157992, 161102, 170725, 177128, 197790, 204485, 204680, 207441, 208500, 231018, 233387, 236994], "y": [39, 43, 49, 124, 16, 24, 34, 42, 97, 106, 130, 20, 33, 37, 64, 67, 122, 121, 126, 127, 56, 57, 103, 157, 101, 184, 162, 70, 2, 36, 47, 90, 88, 89, 91, 69, 96, 99, 92, 66, 63, 156, 189, 7, 35, 83, 85, 125, 65, 193, 107, 160], "cumulative y": [1, 2, 3, 4, 5, 6, 7, 8, 9, 10, 11, 12, 13, 14, 15, 16, 17, 18, 19, 20, 21, 22, 23, 24, 25, 26, 27, 28, 29, 30, 31, 32, 33, 34, 35, 36, 37, 38, 39, 40, 41, 42, 43, 44, 45, 46, 47, 48, 49, 50, 51, 52], "total events": 52, "not exposed x": [7541, 22196, 23299, 23668, 44389, 49257, 63719, 64276, 65614, 66939, 67197, 67846, 73053, 76527, 79809, 83565, 91066, 92565, 130538, 131878, 133339, 134346, 135700, 140139, 146410, 149034, 157099, 157992, 161102, 170725, 204485, 204680, 207441, 208500, 231018, 233387, 236994], "not exposed y": [124, 97, 106, 130, 64, 67, 122, 121, 126, 127, 56, 57, 103, 157, 101, 184, 162, 70, 90, 88, 89, 91, 69, 96, 99, 92, 66, 63, 156, 189, 83, 85, 125, 65, 193, 107, 160], "cumulative not exposed y": [1, 2, 3, 4, 5, 6, 7, 8, 9, 10, 11, 12, 13, 14, 15, 16, 17, 18, 19, 20, 21, 22, 23, 24, 25, 26, 27, 28, 29, 30, 31, 32, 33, 34, 35, 36, 37], "total not exposed events": 37}, "Vuln Compromises": {"record name": "Vuln Compromises", "x": [4179, 6030, 7128, 7541, 14374, 18866, 20577, 23299, 23668, 49257, 63719, 64276, 65614, 66939, 67197, 67846, 73053, 79809, 83565, 91066, 130538, 131878, 135700, 140139, 149034, 161102, 170725, 177128, 204680, 207441, 231018, 233387], "y": [39, 43, 49, 124, 16, 34, 42, 106, 130, 67, 122, 121, 126, 127, 56, 57, 103, 101, 184, 162, 90, 88, 69, 96, 92, 156, 189, 7, 85, 125, 193, 107], "cumulative y": [1, 2, 3, 4, 5, 6, 7, 8, 9, 10, 11, 12, 13, 14, 15, 16, 17, 18, 19, 20, 21, 22, 23, 24, 25, 26, 27, 28, 29, 30, 31, 32], "total events": 32, "not exposed x": [7541, 23299, 23668, 49257, 63719, 64276, 65614, 66939, 67197, 67846, 73053, 79809, 83565, 91066, 130538, 131878, 135700, 140139, 149034, 161102, 170725, 204680, 207441, 231018, 233387], "not exposed y": [124, 106, 130, 67, 122, 121, 126, 127, 56, 57, 103, 101, 184, 162, 90, 88, 69, 96, 92, 156, 189, 85, 125, 193, 107], "cumulative not exposed y": [1, 2, 3, 4, 5, 6, 7, 8, 9, 10, 11, 12, 13, 14, 15, 16, 17, 18, 19, 20, 21, 22, 23, 24, 25], "total not exposed events": 25}, "Reuse Password Compromises": {"record name": "Reuse Password Compromises", "x": [15677, 22196, 37549, 43539, 44294, 44389, 76527, 92565, 98613, 119330, 123962, 133339, 134346, 146410, 157099, 157992, 197790, 204485, 208500, 236994], "y": [24, 97, 20, 33, 37, 64, 157, 70, 2, 36, 47, 89, 91, 99, 66, 63, 35, 83, 65, 160], "cumulative y": [1, 2, 3, 4, 5, 6, 7, 8, 9, 10, 11, 12, 13, 14, 15, 16, 17, 18, 19, 20], "total events": 20, "not exposed x": [22196, 44389, 76527, 92565, 133339, 134346, 146410, 157099, 157992, 204485, 208500, 236994], "not exposed y": [97, 64, 157, 70, 89, 91, 99, 66, 63, 83, 65, 160], "cumulative not exposed y": [1, 2, 3, 4, 5, 6, 7, 8, 9, 10, 11, 12], "total not exposed events": 12}, "Password Spray Compromises": {"record name": "Password Spray Compromises", "x": [], "y": [], "cumulative y": [], "total events": 0, "not exposed x": [], "not exposed y": [], "cumulative not exposed y": [], "total not exposed events": 0}, "User Account Leaks": {"record name": "User Account Has Been Leaked By Compromise", "x": [4179, 4179, 4179, 4179, 6030, 6030, 6030, 6030, 6030, 7128, 7128, 7128, 7128, 7128, 7541, 7541, 7541, 7541, 14374, 14374, 14374, 14374, 15677, 15677, 15677, 15677, 18866, 18866, 18866, 18866, 18866, 20577, 20577, 20577, 22196, 22196, 22196, 23299, 23299, 23299, 23668, 23668, 23668, 23668, 37549, 37549, 37549, 43539, 43539, 43539, 44294, 44294, 44294, 44389, 44389, 44389, 44389, 49257, 49257, 49257, 63719, 63719, 63719, 63719, 64276, 64276, 64276, 64276, 65614, 65614, 65614, 66939, 66939, 66939, 67197, 67197, 67197, 67846, 67846, 67846, 67846, 73053, 73053, 73053, 76527, 76527, 76527, 79809, 79809, 79809, 79809, 83565, 83565, 91066, 92565, 92565, 92565, 98613, 98613, 119330, 123962, 123962, 123962, 130538, 130538, 130538, 134346, 135700, 135700, 135700, 135700, 140139, 140139, 146410, 146410, 149034, 149034, 157099, 157992, 157992, 157992, 161102, 161102, 170725, 177128, 197790, 204485, 204680, 204680, 204680, 204680, 208500, 233387, 236994, 236994], "y": ["Alvera", "Beryl", "Casey", "Clareta", "Amandi", "Frannie", "Leonora", "Kayla", "Vallie", "Norene", "Ida", "Buffy", "Alica", "Lynn", "Deane", "Brandy", "Charlena", "Ambur", "Leeanne", "Starla", "Filippa", "Tracy", "Berget", "Hester", "Shay", "Julita", "Malanie", "Dari", "Corina", "Birgitta", "Amandie", "Emelyne", "Sydelle", "Dosi", "Shena", "Kaja", "Dian", "Dixie", "Gwendolin", "Allegra", "Wally", "Elsi", "Mufinella", "Francisca", "Valida", "Madalyn", "Cody", "Claretta", "Emmi", "Mil", "Edee", "Jeane", "Glyn", "Cherianne", "Eadith", "Joannes", "Kaylyn", "Denna", "Arline", "Marsiella", "Alexandrina", "Jodee", "Lissi", "Albina", "Nannette", "Tybi", "Gilemette", "Millie", "Lettie", "Annalise", "Netty", "Vinnie", "Clio", "Margy", "Debby", "Janeen", "Zenia", "Anabal", "Sabina", "Honoria", "Fianna", "Saundra", "Nathalia", "Kip", "Julie", "Lydie", "Kore", "Alanna", "Karena", "Maryjane", "Alana", "Mariquilla", "Ginnie", "Sada", "Therese", "Tawnya", "Suellen", "Amalle", "Cate", "Hetty", "Therine", "Tallulah", "Kettie", "Gaby", "Elise", "Kira", "Tessa", "Jacintha", "Janice", "Rhodia", "Ramona", "Cathyleen", "Sheryl", "Leese", "Sileas", "Tabbitha", "Harriet", "Danni", "Agata", "Damaris", "Tova", "Danella", "Raquela", "Eve", "Diane-Marie", "Belia", "Bunny", "Selle", "Julieta", "Kippy", "Olva", "Alyce", "Kimberlee", "Riki", "Randene"],