{"Total Initial Vulnerabilities": 481, "Initial Vulns Per OS": {"centos": {"7": 10, "3": 91, "8": 8, "6": 21, "5": 11, "4": 11}, "windows": {"8.1": 9, "10": 7, "8": 16, "7": 26, "vista": 18, "xp": 46}, "ubuntu": {"20.04": 20, "18.04": 29, "16.04": 20, "10.04": 7, "14.04": 23, "12.04": 27}, "freebsd": {"13": 8, "9": 15, "11": 25, "12": 11, "10": 22}}, "Average Initial RoA Per OS": {"centos": {"7": 0.06925542295366406, "3": 0.06600863489997215, "8": 0.03687205417451689, "6": 0.04718564757835778, "5": 0.026587950905340864, "4": 0.0425489569645154}, "windows": {"8.1": 0.062418260819548044, "10": 0.03757387547445511, "8": 0.08110621372406472, "7": 0.03918783050353929, "vista": 0.060463329013470485, "xp": 0.05123675238358449}, "ubuntu": {"20.04": 0.022188534063358092, "18.04": 0.03675910148130412, "16.04": 0.022304730421242695, "10.04": 0.03281099777107765, "14.04": 0.05655804448488246, "12.04": 0.05322642982479343}, "freebsd": {"13": 0.03999516183930572, "9": 0.03191516578559649, "11": 0.015554594326699044, "12": 0.12193312648538161, "10": 0.04074938293309624}}, "OS Types In Initial Network": {"centos 7": 10, "windows 8.1": 12, "windows 10": 11, "ubuntu 20.04": 19, "windows 8": 8, "freebsd 13": 18, "centos 3": 6, "centos 8": 13, "freebsd 11": 11, "centos 6": 11, "centos 5": 4, "freebsd 9": 4, "freebsd 12": 9, "ubuntu 18.04": 16, "ubuntu 16.04": 11, "windows 7": 10, "windows vista": 2, "freebsd 10": 7, "ubuntu 10.04": 2, "ubuntu 14.04": 7, "windows xp": 2, "centos 4": 3, "ubuntu 12.04": 4}, "Initial Hosts Without Vulnerabilities": 55, "Host Compromises": {"record name": "Host Compromises", "x": [2307, 5022, 6301, 19309, 22736, 25338, 27298, 37638, 49067, 52898, 54257, 60053, 75937, 79280, 81489, 82708, 89016, 95153, 107949, 110263, 115042, 128544, 130240, 130373, 131660, 138913, 143306, 147405, 156808, 157585, 159221, 159370, 159525, 159738, 166106, 170905, 187543, 188418, 221996, 241971], "y": [18, 42, 48, 29, 71, 4, 14, 74, 164, 137, 113, 140, 49, 112, 68, 78, 73, 144, 17, 22, 32, 125, 63, 69, 114, 115, 156, 138, 76, 75, 152, 149, 154, 155, 81, 72, 6, 7, 111, 151], "cumulative y": [1, 2, 3, 4, 5, 6, 7, 8, 9, 10, 11, 12, 13, 14, 15, 16, 17, 18, 19, 20, 21, 22, 23, 24, 25, 26, 27, 28, 29, 30, 31, 32, 33, 34, 35, 36, 37, 38, 39, 40], "total events": 40, "not exposed x": [22736, 37638, 49067, 52898, 54257, 60053, 79280, 81489, 82708, 89016, 95153, 128544, 130240, 130373, 131660, 138913, 143306, 147405, 156808, 157585, 159221, 159370, 159525, 159738, 166106, 170905, 221996, 241971], "not exposed y": [71, 74, 164, 137, 113, 140, 112, 68, 78, 73, 144, 125, 63, 69, 114, 115, 156, 138, 76, 75, 152, 149, 154, 155, 81, 72, 111, 151], "cumulative not exposed y": [1, 2, 3, 4, 5, 6, 7, 8, 9, 10, 11, 12, 13, 14, 15, 16, 17, 18, 19, 20, 21, 22, 23, 24, 25, 26, 27, 28], "total not exposed events": 28}, "Vuln Compromises": {"record name": "Vuln Compromises", "x": [2307, 5022, 6301, 19309, 37638, 49067, 52898, 60053, 79280, 95153, 115042, 128544, 130240, 130373, 138913, 143306, 147405, 159525, 159738, 166106, 241971], "y": [18, 42, 48, 29, 74, 164, 137, 140, 112, 144, 32, 125, 63, 69, 115, 156, 138, 154, 155, 81, 151], "cumulative y": [1, 2, 3, 4, 5, 6, 7, 8, 9, 10, 11, 12, 13, 14, 15, 16, 17, 18, 19, 20, 21], "total events": 21, "not exposed x": [37638, 49067, 52898, 60053, 79280, 95153, 128544, 130240, 130373, 138913, 143306, 147405, 159525, 159738, 166106, 241971], "not exposed y": [74, 164, 137, 140, 112, 144, 125, 63, 69, 115, 156, 138, 154, 155, 81, 151], "cumulative not exposed y": [1, 2, 3, 4, 5, 6, 7, 8, 9, 10, 11, 12, 13, 14, 15, 16], "total not exposed events": 16}, "Reuse Password Compromises": {"record name": "Reuse Password Compromises", "x": [22736, 25338, 27298, 54257, 75937, 81489, 89016, 107949, 110263, 131660, 156808, 157585, 159221, 159370, 170905, 187543, 188418], "y": [71, 4, 14, 113, 49, 68, 73, 17, 22, 114, 76, 75, 152, 149, 72, 6, 7], "cumulative y": [1, 2, 3, 4, 5, 6, 7, 8, 9, 10, 11, 12, 13, 14, 15, 16, 17], "total events": 17, "not exposed x": [22736, 54257, 81489, 89016, 131660, 156808, 157585, 159221, 159370, 170905], "not exposed y": [71, 113, 68, 73, 114, 76, 75, 152, 149, 72], "cumulative not exposed y": [1, 2, 3, 4, 5, 6, 7, 8, 9, 10], "total not exposed events": 10}, "Password Spray Compromises": {"record name": "Password Spray Compromises", "x": [82708, 221996], "y": [78, 111], "cumulative y": [1, 2], "total events": 2, "not exposed x": [82708, 221996], "not exposed y": [78, 111], "cumulative not exposed y": [1, 2], "total not exposed events": 2}, "User Account Leaks": {"record name": "User Account Has Been Leaked By Compromise", "x": [2307, 2307, 2307, 2307, 2307, 5022, 5022, 5022, 5022, 6301, 6301, 6301, 6301, 19309, 19309, 19309, 22736, 22736, 22736, 25338, 25338, 25338, 25338, 27298, 27298, 27298, 37638, 37638, 37638, 37638, 49067, 49067, 49067, 52898, 52898, 52898, 52898, 52898, 54257, 54257, 54257, 54257, 60053, 60053, 60053, 75937, 75937, 75937, 79280, 79280, 79280, 79280, 81489, 81489, 81489, 81489, 82708, 82708, 82708, 89016, 89016, 89016, 89016, 95153, 95153, 95153, 107949, 107949, 110263, 110263, 110263, 115042, 115042, 115042, 115042, 128544, 128544, 128544, 130240, 130240, 130240, 130373, 130373, 130373, 130373, 131660, 131660, 138913, 138913, 138913, 138913, 143306, 143306, 143306, 143306, 147405, 147405, 156808, 156808, 157585, 157585, 159221, 159221, 159221, 159370, 159370, 159525, 159525, 159738, 159738, 159738, 170905, 188418, 188418, 221996, 241971], "y": ["Allianora", "Marigold", "Elisabetta", "Shara", "Coletta", "Minnaminnie", "Mavis", "Horatia", "Lenee", "Marchelle", "Carol-Jean", "Alfie", "Rubetta", "Gigi", "Camala", "Rois", "Kathe", "Julianne", "Jacqui", "Ortensia", "Ronni", "Jonie", "Quintana", "Danya", "Isabelle", "Manda", "Christian", "Frankie", "Trixie", "Maure", "Kendra", "Julissa", "Kellia", "Adrea", "Cherilyn", "Trescha", "Merna", "Joanie", "Kissie", "Giovanna", "Carrissa", "Morganica", "Naoma", "Fayth", "Leandra", "Odilia", "Dorothee", "Idell", "Shanie", "Valene", "Guinevere", "Vevay", "Evy", "Avie", "Micaela", "Lorinda", "Augustine", "Evey", "Laurie", "Jodie", "Esta", "Hermia", "Tammy", "Rubi", "Rana", "Cara", "Reina", "Doris", "Andrea", "Tierney", "Berry", "Shannen", "Flss", "Kit", "Esmeralda", "Deni", "Miriam", "Emmye", "Valery", "Beverie", "Meredith", "Jacquenette", "Jaimie", "Laureen", "Doll", "Othilia", "Micheline", "Harriot", "Babita", "Maybelle", "Janka", "Lea", "Jolene", "Elyn", "Netta", "Jennette", "Pepi", "Guendolen", "Rhodie", "Bethina", "Tracey", "Irita", "Guenevere", "Brandais", "Veronique", "Rodi", "Almire", "Verena", "Tamarah", "Lurlene", "Taryn", "Deonne", "Aloise", "Mignon", "Bessie", "Dian"], "cumulative y": [1, 2, 3, 4, 5, 6, 7, 8, 9, 10, 11, 12, 13, 14, 15, 16, 17, 18, 19, 20, 21, 22, 23, 24, 25, 26, 27, 28, 29, 30, 31, 32, 33, 34, 35, 36, 37, 38, 39, 40, 41, 42, 43, 44, 45, 46, 47, 48, 49, 50, 51, 52, 53, 54, 55, 56, 57, 58, 59, 60, 61, 62, 63, 64, 65, 66, 67, 68, 69, 70, 71, 72, 73, 74, 75, 76, 77, 78, 79, 80, 81, 82, 83, 84, 85, 86, 87, 88, 89, 90, 91, 92, 93, 94, 95, 96, 97, 98, 99, 100, 101, 102, 103, 104, 105, 106, 107, 108, 109, 110, 111, 112, 113, 114, 115, 116], "total events": 116}, "Vulnerabilities Exploited": {"record name": "Vulnerabilities Exploited", "x": [362, 400, 958, 1494, 1962, 1962, 2307, 2307, 2478, 2833, 2833, 2922, 3276, 3276, 3943, 3943, 3943, 4060, 4516, 5022, 5022, 5022, 5290, 5719, 6301, 6301, 6301, 6301, 6301, 6658, 7010, 8428, 9917, 10359, 11286, 12643, 13816, 16307, 17976, 20853, 22482, 23635, 26943, 33749, 33950, 36718, 44774, 55240, 57328, 57623, 59005, 59005, 60053, 60053, 60053, 60053, 60714, 61063, 79280, 80361, 85786, 88231, 88231, 89314, 92183, 92183, 92969, 95153, 99643, 107515, 126010, 143306, 144781, 147796, 147796, 154714, 156963, 165417, 165417, 173036, 173036, 173036, 173036, 173036, 174840, 174840, 174840, 174840, 174840, 183216, 229457, 231097, 234415, 234415, 234415, 235634, 235634, 238937, 238937, 243663, 244655],