{"Total Initial Vulnerabilities": 767, "Initial Vulns Per OS": {"centos": {"6": 39, "7": 26, "8": 12, "5": 39, "4": 10, "3": 6}, "ubuntu": {"16.04": 45, "18.04": 15, "12.04": 34, "20.04": 9, "14.04": 19, "10.04": 187}, "windows": {"10": 18, "vista": 34, "8.1": 23, "8": 18, "xp": 44, "7": 27}, "freebsd": {"8": 56, "10": 16, "13": 6, "9": 43, "12": 20, "11": 21}}, "Average Initial RoA Per OS": {"centos": {"6": 0.04662968039096122, "7": 0.07883843867295069, "8": 0.0160845607990617, "5": 0.04066099824994447, "4": 0.04521264460138582, "3": 0.035038324044170316}, "ubuntu": {"16.04": 0.07221349143640297, "18.04": 0.08257902872977985, "12.04": 0.08071893844968202, "20.04": 0.03017511325485662, "14.04": 0.033178042162247005, "10.04": 0.04889542677300947}, "windows": {"10": 0.03586570695624659, "vista": 0.07450132281634418, "8.1": 0.056285268939212915, "8": 0.09790803670567501, "xp": 0.06676768495855664, "7": 0.034756795696930284}, "freebsd": {"8": 0.07046748919223736, "10": 0.04539956823513957, "13": 0.03870703356610808, "9": 0.07259837187461371, "12": 0.02991333893137686, "11": 0.046217603546916605}}, "OS Types In Initial Network": {"centos 6": 13, "ubuntu 16.04": 11, "windows 10": 22, "windows vista": 8, "ubuntu 18.04": 9, "centos 7": 13, "windows 8.1": 13, "centos 8": 11, "ubuntu 12.04": 6, "freebsd 8": 3, "windows 8": 7, "freebsd 10": 5, "ubuntu 20.04": 14, "centos 5": 9, "freebsd 12": 12, "freebsd 13": 7, "freebsd 9": 8, "freebsd 11": 7, "ubuntu 14.04": 6, "centos 4": 2, "windows xp": 2, "windows 7": 6, "centos 3": 1, "ubuntu 10.04": 5}, "Initial Hosts Without Vulnerabilities": 42, "Host Compromises": {"record name": "Host Compromises", "x": [780, 2993, 4405, 6417, 10510, 10571, 16425, 17035, 17098, 17282, 19272, 19956, 24457, 25010, 32150, 38884, 41526, 48546, 60778, 64874, 68736, 75539, 103863, 117907, 119169, 121075, 127339, 151425, 154247, 166998, 167169, 175550, 184511, 193980, 198306, 209900, 213113, 213428, 221351, 230209, 233637, 233790, 241612], "y": [4, 17, 110, 24, 38, 39, 14, 18, 76, 193, 79, 77, 21, 23, 37, 190, 123, 107, 25, 32, 43, 192, 34, 188, 81, 112, 80, 96, 94, 99, 91, 196, 10, 31, 44, 93, 75, 78, 191, 132, 122, 124, 9], "cumulative y": [1, 2, 3, 4, 5, 6, 7, 8, 9, 10, 11, 12, 13, 14, 15, 16, 17, 18, 19, 20, 21, 22, 23, 24, 25, 26, 27, 28, 29, 30, 31, 32, 33, 34, 35, 36, 37, 38, 39, 40, 41, 42, 43], "total events": 43, "not exposed x": [4405, 17098, 17282, 19272, 19956, 38884, 41526, 48546, 75539, 117907, 119169, 121075, 127339, 151425, 154247, 166998, 167169, 175550, 209900, 213113, 213428, 221351, 230209, 233637, 233790], "not exposed y": [110, 76, 193, 79, 77, 190, 123, 107, 192, 188, 81, 112, 80, 96, 94, 99, 91, 196, 93, 75, 78, 191, 132, 122, 124], "cumulative not exposed y": [1, 2, 3, 4, 5, 6, 7, 8, 9, 10, 11, 12, 13, 14, 15, 16, 17, 18, 19, 20, 21, 22, 23, 24, 25], "total not exposed events": 25}, "Vuln Compromises": {"record name": "Vuln Compromises", "x": [780, 2993, 4405, 6417, 10510, 10571, 16425, 17035, 17282, 19956, 25010, 32150, 38884, 41526, 48546, 64874, 75539, 121075, 151425, 175550, 209900, 213428], "y": [4, 17, 110, 24, 38, 39, 14, 18, 193, 77, 23, 37, 190, 123, 107, 32, 192, 112, 96, 196, 93, 78], "cumulative y": [1, 2, 3, 4, 5, 6, 7, 8, 9, 10, 11, 12, 13, 14, 15, 16, 17, 18, 19, 20, 21, 22], "total events": 22, "not exposed x": [4405, 17282, 19956, 38884, 41526, 48546, 75539, 121075, 151425, 175550, 209900, 213428], "not exposed y": [110, 193, 77, 190, 123, 107, 192, 112, 96, 196, 93, 78], "cumulative not exposed y": [1, 2, 3, 4, 5, 6, 7, 8, 9, 10, 11, 12], "total not exposed events": 12}, "Reuse Password Compromises": {"record name": "Reuse Password Compromises", "x": [17098, 19272, 24457, 60778, 68736, 103863, 117907, 119169, 127339, 154247, 166998, 167169, 184511, 193980, 198306, 213113, 221351, 230209, 233637, 233790, 241612], "y": [76, 79, 21, 25, 43, 34, 188, 81, 80, 94, 99, 91, 10, 31, 44, 75, 191, 132, 122, 124, 9], "cumulative y": [1, 2, 3, 4, 5, 6, 7, 8, 9, 10, 11, 12, 13, 14, 15, 16, 17, 18, 19, 20, 21], "total events": 21, "not exposed x": [17098, 19272, 117907, 119169, 127339, 154247, 166998, 167169, 213113, 221351, 230209, 233637, 233790], "not exposed y": [76, 79, 188, 81, 80, 94, 99, 91, 75, 191, 132, 122, 124], "cumulative not exposed y": [1, 2, 3, 4, 5, 6, 7, 8, 9, 10, 11, 12, 13], "total not exposed events": 13}, "Password Spray Compromises": {"record name": "Password Spray Compromises", "x": [], "y": [], "cumulative y": [], "total events": 0, "not exposed x": [], "not exposed y": [], "cumulative not exposed y": [], "total not exposed events": 0}, "User Account Leaks": {"record name": "User Account Has Been Leaked By Compromise", "x": [780, 780, 780, 780, 2993, 2993, 2993, 2993, 4405, 4405, 4405, 4405, 4405, 6417, 6417, 6417, 6417, 6417, 10510, 10510, 10510, 10510, 10510, 10571, 10571, 10571, 10571, 16425, 16425, 17035, 17035, 17035, 17035, 17035, 17098, 17098, 17098, 17098, 17282, 17282, 17282, 17282, 17282, 19272, 19272, 19272, 19956, 19956, 19956, 19956, 24457, 24457, 24457, 25010, 25010, 25010, 25010, 32150, 32150, 32150, 38884, 38884, 38884, 41526, 41526, 48546, 48546, 48546, 48546, 48546, 60778, 60778, 60778, 60778, 64874, 64874, 64874, 64874, 68736, 68736, 68736, 68736, 75539, 75539, 103863, 103863, 103863, 117907, 119169, 121075, 121075, 121075, 127339, 127339, 151425, 151425, 151425, 151425, 154247, 154247, 166998, 166998, 166998, 167169, 167169, 167169, 175550, 184511, 193980, 193980, 209900, 209900, 213113, 213113, 213428, 213428, 221351, 221351, 221351, 230209, 233637, 233790, 233790], "y": ["Ana", "Kaitlynn", "Catherin", "Kellie", "Dannye", "Karna", "Etti", "Mozelle", "Rochette", "Callie", "Drucill", "Sarajane", "Sydel", "Idaline", "Elayne", "Carmelita", "Etty", "Hope", "Steffane", "Lyn", "Kipp", "Daria", "Mady", "Layla", "Zuzana", "Lisa", "Aileen", "Fayette", "Albertina", "Ainsley", "Malina", "Emmeline", "Ysabel", "Fidela", "Becca", "Joella", "Lorna", "Sandye", "Kay", "Berri", "Zita", "Jacqui", "Electra", "Cinda", "Millicent", "Agata", "Germain", "Maryellen", "Elly", "Aeriel", "Diane", "Oralee", "Joye", "Joey", "Jesse", "Fionna", "Ingaborg", "Donetta", "Beatrisa", "Noella", "Crista", "Gaye", "Darla", "Nathalia", "Berrie", "Vi", "Maryanne", "Ferdinanda", "Lelia", "Elaine", "Catlee", "Mufinella", "Cecile", "Ammamaria", "Maia", "Mela", "Horatia", "Estell", "Andromache", "Winifred", "Lil", "Delphine", "Michaeline", "Aile", "Dotty", "Kirstyn", "Delila", "Melantha", "Vanda", "Portia", "Edee", "Elbertine", "Madelena", "Ginni", "Dolley", "Shaylah", "Daphene", "Isidora", "Elicia", "Lauri", "Deloris", "Jacquelynn", "Irma", "Gwendolin", "Klara", "Bamby", "Annemarie", "Jennine", "Emmaline", "Lillis", "Ricki", "Tabitha", "Coletta", "Livy", "Ali", "Rorie", "Cordey", "Briana", "Lissi", "Melitta", "Lizzie", "Arlen", "Lita"], "cumulative y": [1, 2, 3, 4, 5, 6, 7, 8, 9, 10, 11, 12, 13, 14, 15, 16, 17, 18, 19, 20, 21, 22, 23, 24, 25, 26, 27, 28, 29, 30, 31, 32, 33, 34, 35, 36, 37, 38, 39, 40, 41, 42, 43, 44, 45, 46, 47, 48, 49, 50, 51, 52, 53, 54, 55, 56, 57, 58, 59, 60, 61, 62, 63, 64, 65, 66, 67, 68, 69, 70, 71, 72, 73, 74, 75, 76, 77, 78, 79, 80, 81, 82, 83, 84, 85, 86, 87, 88, 89, 90, 91, 92, 93, 94, 95, 96, 97, 98, 99, 100, 101, 102, 103, 104, 105, 106, 107, 108, 109, 110, 111, 112, 113, 114, 115, 116, 117, 118, 119, 120, 121, 122, 123], "total events": 123}, "Vulnerabilities Exploited": {"record name": "Vulnerabilities Exploited",