{"Total Initial Vulnerabilities": 715, "Initial Vulns Per OS": {"centos": {"6": 25, "8": 13, "5": 30, "7": 28, "4": 14, "3": 71}, "ubuntu": {"20.04": 17, "14.04": 26, "12.04": 15, "16.04": 26, "18.04": 13, "10.04": 119}, "windows": {"8": 18, "8.1": 19, "7": 17, "10": 14, "vista": 18, "xp": 114}, "freebsd": {"9": 25, "8": 43, "12": 23, "13": 11, "10": 8, "11": 8}}, "Average Initial RoA Per OS": {"centos": {"6": 0.12050599696448243, "8": 0.019135272572973556, "5": 0.041851291099043966, "7": 0.079681392828939, "4": 0.06501931911489008, "3": 0.0508678143317744}, "ubuntu": {"20.04": 0.06433390344416658, "14.04": 0.04997406040843409, "12.04": 0.051717330345277104, "16.04": 0.13202961092526974, "18.04": 0.07357356848204835, "10.04": 0.05602696791663363}, "windows": {"8": 0.08958649700262637, "8.1": 0.08844442885463669, "7": 0.0934725330423915, "10": 0.042490055105069646, "vista": 0.0782851441822297, "xp": 0.06451789166162283}, "freebsd": {"9": 0.08773616174266849, "8": 0.05493264217585127, "12": 0.045866716790325036, "13": 0.014957635859348338, "10": 0.052886211150294654, "11": 0.12418943272268781}}, "OS Types In Initial Network": {"centos 6": 7, "ubuntu 20.04": 22, "centos 8": 14, "centos 5": 11, "windows 8": 8, "ubuntu 14.04": 7, "freebsd 12": 11, "windows 8.1": 13, "windows 7": 4, "windows 10": 11, "ubuntu 12.04": 4, "freebsd 9": 5, "windows vista": 5, "freebsd 8": 3, "ubuntu 16.04": 11, "freebsd 13": 15, "ubuntu 18.04": 12, "ubuntu 10.04": 3, "centos 7": 15, "centos 4": 4, "windows xp": 5, "centos 3": 2, "freebsd 10": 4, "freebsd 11": 4}, "Initial Hosts Without Vulnerabilities": 58, "Host Compromises": {"record name": "Host Compromises", "x": [813, 3142, 4300, 7261, 11550, 13212, 18216, 18271, 26943, 30171, 30558, 33336, 38332, 38429, 45580, 46920, 52477, 53236, 54276, 54391, 160075, 163712], "y": [6, 16, 58, 56, 19, 23, 35, 36, 59, 0, 2, 11, 26, 27, 48, 57, 5, 8, 12, 13, 40, 47], "cumulative y": [1, 2, 3, 4, 5, 6, 7, 8, 9, 10, 11, 12, 13, 14, 15, 16, 17, 18, 19, 20, 21, 22], "total events": 22, "not exposed x": [4300, 7261, 26943, 46920], "not exposed y": [58, 56, 59, 57], "cumulative not exposed y": [1, 2, 3, 4], "total not exposed events": 4}, "Vuln Compromises": {"record name": "Vuln Compromises", "x": [813, 3142, 4300, 7261, 11550, 13212, 18216, 26943, 30171, 33336, 38429, 52477, 53236, 54276, 160075], "y": [6, 16, 58, 56, 19, 23, 35, 59, 0, 11, 27, 5, 8, 12, 40], "cumulative y": [1, 2, 3, 4, 5, 6, 7, 8, 9, 10, 11, 12, 13, 14, 15], "total events": 15, "not exposed x": [4300, 7261, 26943], "not exposed y": [58, 56, 59], "cumulative not exposed y": [1, 2, 3], "total not exposed events": 3}, "Reuse Password Compromises": {"record name": "Reuse Password Compromises", "x": [18271, 30558, 45580, 46920, 54391, 163712], "y": [36, 2, 48, 57, 13, 47], "cumulative y": [1, 2, 3, 4, 5, 6], "total events": 6, "not exposed x": [46920], "not exposed y": [57], "cumulative not exposed y": [1], "total not exposed events": 1}, "Password Spray Compromises": {"record name": "Password Spray Compromises", "x": [38332], "y": [26], "cumulative y": [1], "total events": 1, "not exposed x": [], "not exposed y": [], "cumulative not exposed y": [], "total not exposed events": 0}, "User Account Leaks": {"record name": "User Account Has Been Leaked By Compromise", "x": [813, 813, 813, 813, 813, 3142, 3142, 3142, 3142, 3142, 4300, 4300, 4300, 4300, 4300, 7261, 7261, 7261, 7261, 7261, 11550, 11550, 11550, 11550, 11550, 13212, 13212, 13212, 18216, 18216, 18216, 18216, 18216, 18271, 18271, 18271, 26943, 26943, 26943, 30171, 30171, 30171, 30171, 30171, 30558, 30558, 30558, 33336, 33336, 38332, 38332, 38332, 38332, 38429, 38429, 45580, 45580, 45580, 46920, 46920, 52477, 52477, 52477, 52477, 53236, 53236, 53236, 54276, 54276, 54276, 54276, 54391, 54391, 160075, 160075, 160075, 163712, 163712], "y": ["Ofilia", "Sarene", "Suki", "Melessa", "Mufi", "Liuka", "Shaylyn", "Taryn", "Salomi", "Becca", "Marian", "Flory", "Rozanna", "Alana", "Hannah", "Jori", "Marianne", "Merilyn", "Jeri", "Orly", "Melissa", "Willa", "Becky", "Candie", "Roxi", "Ailis", "Breanne", "Phyllida", "Merrily", "Anissa", "Darcey", "Livvyy", "Prudence", "Tessie", "Shandy", "Jena", "Allianora", "Courtney", "Kalinda", "Gweneth", "Edwina", "Brittne", "Fanechka", "Bobina", "Bertha", "Kat", "Bethina", "Marti", "Janith", "Georgianne", "Aurilia", "Ivie", "Karlotta", "Angelina", "Dorri", "Danielle", "Jacklyn", "Lydia", "Walliw", "Ania", "Lynett", "Daveen", "Kristal", "Ronnica", "Cristal", "Edi", "Sam", "Geneva", "Cordi", "Cindra", "Cristionna", "Sibbie", "Minetta", "Ali", "Lil", "Ester", "Nancie", "Olive"], "cumulative y": [1, 2, 3, 4, 5, 6, 7, 8, 9, 10, 11, 12, 13, 14, 15, 16, 17, 18, 19, 20, 21, 22, 23, 24, 25, 26, 27, 28, 29, 30, 31, 32, 33, 34, 35, 36, 37, 38, 39, 40, 41, 42, 43, 44, 45, 46, 47, 48, 49, 50, 51, 52, 53, 54, 55, 56, 57, 58, 59, 60, 61, 62, 63, 64, 65, 66, 67, 68, 69, 70, 71, 72, 73, 74, 75, 76, 77, 78], "total events": 78}, "Vulnerabilities Exploited": {"record name": "Vulnerabilities Exploited", "x": [221, 221, 306, 306, 813, 1646, 1646, 1646, 1844, 2087, 2388, 2796, 2796, 3142, 3142, 3142, 3142, 4300, 4300, 4300, 4300, 4300, 4300, 4300, 4300, 4300, 7261, 7261, 7261, 7261, 7261, 7261, 9502, 9502, 9502, 9502, 9502, 9502, 9502, 9502, 9502, 9502, 9502, 9502, 9502, 9502, 9502, 9502, 9502, 9502, 9502, 9502, 9502, 9502, 9502, 9502, 9502, 9502, 9502, 10796, 11302, 11806, 12132, 13212, 13212, 13212, 13212, 13212, 13212, 13212, 13212, 13212, 13290, 13502, 13801, 13801, 14372, 14606, 14606, 14909, 14909, 15585, 16409, 18216, 18216, 18216, 18216, 18216, 18216, 18216, 18216, 18216, 18216, 18216, 20676, 21252, 21252, 21786, 22069, 23697, 26943, 26943, 26943, 26943, 26943, 26943, 26943, 26943, 27412, 29784, 30171, 31112, 32388, 33336, 34890, 35304, 36085, 36085, 36821, 38087, 38429, 38964, 38964, 39434, 52096, 52096, 53236, 58677, 79596, 84593, 91055, 105181, 113508, 135605, 160075, 187851, 230376], "cumulative exploited vulns": [1, 2, 3, 4, 5, 6, 7, 8, 9, 10, 11, 12, 13, 14, 15, 16, 17, 18, 19, 20, 21, 22, 23, 24, 25, 26, 27, 28, 29, 30, 31, 32, 33, 34, 35, 36, 37, 38, 39, 40, 41, 42, 43, 44, 45, 46, 47, 48, 49, 50, 51, 52, 53, 54, 55, 56, 57, 58, 59, 60, 61, 62, 63, 64, 65, 66, 67, 68, 69, 70, 71, 72, 73, 74, 75, 76, 77, 78, 79, 80, 81, 82, 83, 84, 85, 86, 87, 88, 89, 90, 91, 92, 93, 94, 95, 96, 97, 98, 99, 100, 101, 102, 103, 104, 105, 106, 107, 108, 109, 110, 111, 112, 113, 114, 115, 116, 117, 118, 119, 120, 121, 122, 123, 124, 125, 126, 127, 128, 129, 130, 131, 132, 133, 134, 135, 136, 137],