{"Total Initial Vulnerabilities": 567, "Initial Vulns Per OS": {"windows": {"xp": 112, "10": 8, "vista": 16, "7": 26, "8.1": 15, "8": 21}, "freebsd": {"13": 6, "12": 8, "11": 28, "10": 21, "9": 14, "8": 43}, "centos": {"7": 25, "5": 34, "6": 27, "8": 4, "3": 28, "4": 5}, "ubuntu": {"18.04": 12, "16.04": 16, "14.04": 21, "12.04": 42, "20.04": 9, "10.04": 26}}, "Average Initial RoA Per OS": {"windows": {"xp": 0.060714727264855224, "10": 0.05347195245269714, "vista": 0.04038626100063918, "7": 0.050958467775782196, "8.1": 0.04138603929133055, "8": 0.053024381492971735}, "freebsd": {"13": 0.11356246383030273, "12": 0.04448690475409726, "11": 0.053817474644822845, "10": 0.03696433143563647, "9": 0.03362188087173626, "8": 0.06870517661179212}, "centos": {"7": 0.09630148752925896, "5": 0.03907451068852363, "6": 0.05632592697237087, "8": 0.0535522141509924, "3": 0.0595397313806159, "4": 0.02030759875036909}, "ubuntu": {"18.04": 0.12027052501769869, "16.04": 0.044836804994840315, "14.04": 0.044348767863093844, "12.04": 0.040225666781206225, "20.04": 0.02419234130714801, "10.04": 0.05800460718998749}}, "OS Types In Initial Network": {"windows xp": 4, "freebsd 13": 13, "freebsd 12": 8, "centos 7": 16, "ubuntu 20.04": 19, "windows 8.1": 15, "windows 10": 11, "windows vista": 3, "centos 5": 8, "freebsd 11": 15, "centos 8": 9, "ubuntu 18.04": 11, "freebsd 10": 5, "centos 6": 14, "ubuntu 16.04": 11, "windows 7": 6, "ubuntu 14.04": 9, "ubuntu 12.04": 7, "freebsd 9": 4, "ubuntu 10.04": 1, "windows 8": 5, "centos 3": 2, "centos 4": 2, "freebsd 8": 2}, "Initial Hosts Without Vulnerabilities": 64, "Host Compromises": {"record name": "Host Compromises", "x": [228, 5138, 10929, 11914, 12668, 13157, 15121, 17555, 20190, 23226, 24388, 26993, 30037, 34069, 36546, 42863, 46841, 68501, 72023, 80268, 84846, 89940, 90593, 92403, 98261, 100709, 101431, 102057, 102856, 104313, 110652, 113482, 113674, 124508, 124662, 129000, 132286, 134718, 137790, 142404, 149262, 159831, 161552, 169697, 169869, 170027, 171837, 174067, 177168, 177872, 178078, 180879, 183427, 187127, 190953, 195552, 196629, 201215, 210739, 210928, 213874, 216911, 232113, 235163, 235394, 235591, 244330, 244570], "y": [0, 26, 7, 14, 18, 19, 29, 40, 60, 63, 62, 10, 17, 28, 32, 43, 75, 35, 44, 64, 108, 1, 3, 8, 24, 33, 36, 37, 39, 45, 74, 65, 67, 141, 140, 146, 145, 144, 6, 20, 34, 58, 86, 182, 127, 125, 129, 66, 192, 196, 53, 56, 55, 195, 126, 5, 9, 21, 41, 42, 49, 68, 50, 153, 167, 164, 71, 150], "cumulative y": [1, 2, 3, 4, 5, 6, 7, 8, 9, 10, 11, 12, 13, 14, 15, 16, 17, 18, 19, 20, 21, 22, 23, 24, 25, 26, 27, 28, 29, 30, 31, 32, 33, 34, 35, 36, 37, 38, 39, 40, 41, 42, 43, 44, 45, 46, 47, 48, 49, 50, 51, 52, 53, 54, 55, 56, 57, 58, 59, 60, 61, 62, 63, 64, 65, 66, 67, 68], "total events": 68, "not exposed x": [20190, 23226, 24388, 46841, 80268, 84846, 110652, 113482, 113674, 124508, 124662, 129000, 132286, 134718, 159831, 161552, 169697, 169869, 170027, 171837, 174067, 177168, 177872, 178078, 180879, 183427, 187127, 190953, 216911, 232113, 235163, 235394, 235591, 244330, 244570], "not exposed y": [60, 63, 62, 75, 64, 108, 74, 65, 67, 141, 140, 146, 145, 144, 58, 86, 182, 127, 125, 129, 66, 192, 196, 53, 56, 55, 195, 126, 68, 50, 153, 167, 164, 71, 150], "cumulative not exposed y": [1, 2, 3, 4, 5, 6, 7, 8, 9, 10, 11, 12, 13, 14, 15, 16, 17, 18, 19, 20, 21, 22, 23, 24, 25, 26, 27, 28, 29, 30, 31, 32, 33, 34, 35], "total not exposed events": 35}, "Vuln Compromises": {"record name": "Vuln Compromises", "x": [228, 5138, 10929, 12668, 13157, 23226, 26993, 30037, 34069, 42863, 68501, 72023, 80268, 89940, 90593, 92403, 98261, 100709, 102856, 113674, 124662, 132286, 149262, 159831, 161552, 169697, 169869, 174067, 177168, 177872, 195552, 196629, 201215, 210739, 210928, 213874, 216911, 232113, 235394, 244330], "y": [0, 26, 7, 18, 19, 63, 10, 17, 28, 43, 35, 44, 64, 1, 3, 8, 24, 33, 39, 67, 140, 145, 34, 58, 86, 182, 127, 66, 192, 196, 5, 9, 21, 41, 42, 49, 68, 50, 167, 71], "cumulative y": [1, 2, 3, 4, 5, 6, 7, 8, 9, 10, 11, 12, 13, 14, 15, 16, 17, 18, 19, 20, 21, 22, 23, 24, 25, 26, 27, 28, 29, 30, 31, 32, 33, 34, 35, 36, 37, 38, 39, 40], "total events": 40, "not exposed x": [23226, 80268, 113674, 124662, 132286, 159831, 161552, 169697, 169869, 174067, 177168, 177872, 216911, 232113, 235394, 244330], "not exposed y": [63, 64, 67, 140, 145, 58, 86, 182, 127, 66, 192, 196, 68, 50, 167, 71], "cumulative not exposed y": [1, 2, 3, 4, 5, 6, 7, 8, 9, 10, 11, 12, 13, 14, 15, 16], "total not exposed events": 16}, "Reuse Password Compromises": {"record name": "Reuse Password Compromises", "x": [11914, 15121, 17555, 20190, 24388, 36546, 46841, 84846, 101431, 104313, 110652, 113482, 124508, 129000, 134718, 137790, 142404, 170027, 171837, 178078, 180879, 183427, 187127, 190953, 235163, 235591, 244570], "y": [14, 29, 40, 60, 62, 32, 75, 108, 36, 45, 74, 65, 141, 146, 144, 6, 20, 125, 129, 53, 56, 55, 195, 126, 153, 164, 150], "cumulative y": [1, 2, 3, 4, 5, 6, 7, 8, 9, 10, 11, 12, 13, 14, 15, 16, 17, 18, 19, 20, 21, 22, 23, 24, 25, 26, 27], "total events": 27, "not exposed x": [20190, 24388, 46841, 84846, 110652, 113482, 124508, 129000, 134718, 170027, 171837, 178078, 180879, 183427, 187127, 190953, 235163, 235591, 244570], "not exposed y": [60, 62, 75, 108, 74, 65, 141, 146, 144, 125, 129, 53, 56, 55, 195, 126, 153, 164, 150], "cumulative not exposed y": [1, 2, 3, 4, 5, 6, 7, 8, 9, 10, 11, 12, 13, 14, 15, 16, 17, 18, 19], "total not exposed events": 19}, "Password Spray Compromises": {"record name": "Password Spray Compromises", "x": [102057], "y": [37], "cumulative y": [1], "total events": 1, "not exposed x": [], "not exposed y": [], "cumulative not exposed y": [], "total not exposed events": 0}, "User Account Leaks": {"record name": "User Account Has Been Leaked By Compromise", "x": [228, 228, 228, 228, 228, 5138, 5138, 5138, 5138, 5138, 10929, 10929, 10929, 10929, 10929, 11914, 11914, 11914, 11914, 12668, 12668, 12668, 13157, 13157, 13157, 13157, 13157, 15121, 15121, 15121, 15121, 17555, 17555, 20190, 20190, 20190, 23226, 23226, 23226, 23226, 24388, 24388, 24388, 26993, 26993, 26993, 26993, 26993, 30037, 30037, 30037, 30037, 30037, 34069, 34069, 34069, 36546, 36546, 42863, 42863, 42863, 46841, 46841, 46841, 68501, 68501, 68501, 68501, 68501, 72023, 72023, 72023, 80268, 80268, 80268, 80268, 80268, 84846, 84846, 89940, 89940, 89940, 89940, 90593, 92403, 92403, 92403, 92403, 98261, 98261, 100709, 100709, 100709, 100709, 101431, 101431, 102057, 102057, 102057, 102057, 102856, 102856, 104313, 110652, 113482, 113482, 113482, 113674, 113674, 113674, 124662, 124662, 129000, 129000, 132286, 134718, 137790, 142404, 142404, 149262, 159831, 159831, 161552, 161552, 161552, 169869, 169869, 170027, 170027, 171837, 174067, 174067, 177168, 177872, 178078, 178078, 183427, 183427, 190953, 190953, 196629, 201215, 201215, 201215, 210739, 210928, 216911, 216911, 232113, 235163, 235394, 235394, 235394, 244330, 244570],