{"Total Initial Vulnerabilities": 659, "Initial Vulns Per OS": {"freebsd": {"12": 18, "13": 17, "11": 24, "10": 13, "8": 21}, "windows": {"7": 15, "8": 33, "8.1": 28, "10": 25, "xp": 66, "vista": 42}, "ubuntu": {"18.04": 23, "14.04": 36, "16.04": 52, "12.04": 59, "20.04": 8, "10.04": 23}, "centos": {"7": 18, "4": 24, "6": 37, "5": 26, "8": 18, "3": 33}}, "Average Initial RoA Per OS": {"freebsd": {"12": 0.06807590245131592, "13": 0.039127999248333635, "11": 0.051344207943768906, "10": 0.05795200934798647, "8": 0.044561780572361945}, "windows": {"7": 0.02345278799515701, "8": 0.039173948349396186, "8.1": 0.03428823037240302, "10": 0.021725965586105612, "xp": 0.043821563291235884, "vista": 0.07586448635175609}, "ubuntu": {"18.04": 0.04309089767099815, "14.04": 0.042927971022244105, "16.04": 0.04065016029581837, "12.04": 0.034501754253346686, "20.04": 0.03498714469903203, "10.04": 0.05913500829056694}, "centos": {"7": 0.034704123611025026, "4": 0.03257057605571299, "6": 0.029421072416900996, "5": 0.023805473947400277, "8": 0.041666464053270305, "3": 0.060880572851062104}}, "OS Types In Initial Network": {"freebsd 12": 9, "windows 7": 8, "freebsd 13": 14, "windows 8": 7, "windows 8.1": 10, "windows 10": 15, "ubuntu 18.04": 11, "ubuntu 14.04": 10, "windows xp": 3, "ubuntu 20.04": 13, "centos 5": 9, "ubuntu 16.04": 15, "centos 7": 13, "freebsd 11": 7, "centos 4": 5, "centos 6": 9, "windows vista": 8, "ubuntu 12.04": 8, "freebsd 10": 5, "centos 8": 17, "ubuntu 10.04": 2, "freebsd 8": 1, "centos 3": 1}, "Initial Hosts Without Vulnerabilities": 35, "Host Compromises": {"record name": "Host Compromises", "x": [526, 1710, 1894, 3205, 4269, 6823, 8602, 8856, 10646, 13961, 14711, 16466, 27515, 34317, 38004, 59400, 65554, 67664, 70782, 94210, 129185, 130861, 151400, 151924, 187415, 204481], "y": [3, 8, 9, 17, 23, 31, 38, 39, 45, 0, 4, 12, 48, 7, 22, 33, 77, 76, 75, 74, 30, 111, 1, 2, 25, 85], "cumulative y": [1, 2, 3, 4, 5, 6, 7, 8, 9, 10, 11, 12, 13, 14, 15, 16, 17, 18, 19, 20, 21, 22, 23, 24, 25, 26], "total events": 26, "not exposed x": [65554, 67664, 70782, 94210, 130861, 204481], "not exposed y": [77, 76, 75, 74, 111, 85], "cumulative not exposed y": [1, 2, 3, 4, 5, 6], "total not exposed events": 6}, "Vuln Compromises": {"record name": "Vuln Compromises", "x": [526, 1710, 1894, 3205, 4269, 6823, 8602, 8856, 10646, 13961, 14711, 34317, 38004, 65554, 67664, 70782, 94210, 129185, 130861, 204481], "y": [3, 8, 9, 17, 23, 31, 38, 39, 45, 0, 4, 7, 22, 77, 76, 75, 74, 30, 111, 85], "cumulative y": [1, 2, 3, 4, 5, 6, 7, 8, 9, 10, 11, 12, 13, 14, 15, 16, 17, 18, 19, 20], "total events": 20, "not exposed x": [65554, 67664, 70782, 94210, 130861, 204481], "not exposed y": [77, 76, 75, 74, 111, 85], "cumulative not exposed y": [1, 2, 3, 4, 5, 6], "total not exposed events": 6}, "Reuse Password Compromises": {"record name": "Reuse Password Compromises", "x": [16466, 27515], "y": [12, 48], "cumulative y": [1, 2], "total events": 2, "not exposed x": [], "not exposed y": [], "cumulative not exposed y": [], "total not exposed events": 0}, "Password Spray Compromises": {"record name": "Password Spray Compromises", "x": [59400, 151400, 151924, 187415], "y": [33, 1, 2, 25], "cumulative y": [1, 2, 3, 4], "total events": 4, "not exposed x": [], "not exposed y": [], "cumulative not exposed y": [], "total not exposed events": 0}, "User Account Leaks": {"record name": "User Account Has Been Leaked By Compromise", "x": [526, 526, 526, 526, 526, 1710, 1710, 1710, 1710, 1894, 1894, 1894, 1894, 1894, 3205, 3205, 3205, 3205, 4269, 4269, 4269, 4269, 6823, 6823, 6823, 6823, 8602, 8602, 8602, 8602, 8856, 8856, 10646, 10646, 10646, 10646, 10646, 13961, 13961, 13961, 13961, 14711, 14711, 14711, 14711, 16466, 16466, 27515, 27515, 27515, 27515, 34317, 34317, 38004, 38004, 38004, 59400, 59400, 59400, 59400, 65554, 65554, 65554, 67664, 67664, 70782, 70782, 70782, 70782, 94210, 94210, 94210, 129185, 129185, 130861, 130861, 130861, 151400, 151400, 151400, 151400, 151924, 151924, 151924, 151924, 187415, 187415, 204481, 204481, 204481, 204481], "y": ["Kit", "Clemence", "Alica", "Cinderella", "Emalia", "Madlin", "Kara-Lynn", "Erna", "Kriste", "Liesa", "Cate", "Juliette", "Arda", "Laural", "Gabbey", "Sibilla", "Becki", "Lisette", "Donny", "Gilbertine", "Karrah", "Yvonne", "Selene", "Cordey", "Farra", "Barry", "Leeanne", "Ginevra", "Risa", "Feliza", "Anatola", "Ranee", "Emmalee", "Berget", "Alyson", "Anabal", "Emylee", "Kelcey", "Reina", "Carmine", "Etty", "Carita", "Sarine", "Celle", "Mavis", "Bobina", "Eustacia", "Mair", "Fae", "Marta", "Randa", "Lorianne", "Cosette", "Caryn", "Bunny", "Adaline", "Kettie", "Rowe", "Melessa", "Felicle", "Aileen", "Kristi", "Wenonah", "Elsy", "Kamila", "Joey", "Myrtle", "Calypso", "Vivienne", "Zsa Zsa", "Tonia", "Natala", "Pris", "Vilma", "Chery", "Dion", "Karina", "Sula", "Tierney", "Cathrine", "Lavinia", "Ashien", "Laney", "Marketa", "Cherilyn", "Jillian", "Jackqueline", "Nanci", "Birgit", "Shelbi", "Estell"], "cumulative y": [1, 2, 3, 4, 5, 6, 7, 8, 9, 10, 11, 12, 13, 14, 15, 16, 17, 18, 19, 20, 21, 22, 23, 24, 25, 26, 27, 28, 29, 30, 31, 32, 33, 34, 35, 36, 37, 38, 39, 40, 41, 42, 43, 44, 45, 46, 47, 48, 49, 50, 51, 52, 53, 54, 55, 56, 57, 58, 59, 60, 61, 62, 63, 64, 65, 66, 67, 68, 69, 70, 71, 72, 73, 74, 75, 76, 77, 78, 79, 80, 81, 82, 83, 84, 85, 86, 87, 88, 89, 90, 91], "total events": 91}, "Vulnerabilities Exploited": {"record name": "Vulnerabilities Exploited", "x": [126, 526, 526, 602, 804, 1025, 1025, 1710, 1710, 1710, 1710, 1710, 1710, 1710, 1710, 1894, 1894, 2711, 2857, 3205, 3205, 3429, 3725, 3957, 3957, 3957, 3957, 4269, 4526, 4526, 5393, 5968, 6540, 6540, 6540, 6823, 8231, 8856, 8974, 8974, 9522, 9863, 10339, 11375, 15497, 16556, 19523, 21413, 22381, 24430, 24430, 24430, 26094, 28365, 28365, 28365, 28365, 28365, 30564, 34317, 35886, 38004, 39324, 40681, 49739, 60516, 65999, 69319, 70782, 70782, 70980, 71473, 80631, 91210, 93728, 94210, 95334, 103863, 106822, 106822, 108725, 111139, 117213, 129185, 129185, 130861, 130861, 130861, 130861, 130861, 133857, 133857, 143234, 143234, 173219, 202171, 202171, 204481, 207581, 236313, 236313], "cumulative exploited vulns": [1, 2, 3, 4, 5, 6, 7, 8, 9, 10, 11, 12, 13, 14, 15, 16, 17, 18, 19, 20, 21, 22, 23, 24, 25, 26, 27, 28, 29, 30, 31, 32, 33, 34, 35, 36, 37, 38, 39, 40, 41, 42, 43, 44, 45, 46, 47, 48, 49, 50, 51, 52, 53, 54, 55, 56, 57, 58, 59, 60, 61, 62, 63, 64, 65, 66, 67, 68, 69, 70, 71, 72, 73, 74, 75, 76, 77, 78, 79, 80, 81, 82, 83, 84, 85, 86, 87, 88, 89, 90, 91, 92, 93, 94, 95, 96, 97, 98, 99, 100, 101],