{"Total Initial Vulnerabilities": 988, "Initial Vulns Per OS": {"freebsd": {"9": 25, "10": 22, "12": 14, "8": 257, "13": 9, "11": 20}, "windows": {"10": 9, "7": 32, "8.1": 27, "xp": 104, "vista": 68, "8": 20}, "centos": {"5": 25, "3": 114, "8": 12, "7": 10, "4": 6, "6": 26}, "ubuntu": {"12.04": 14, "20.04": 11, "18.04": 23, "14.04": 3, "10.04": 116, "16.04": 21}}, "Average Initial RoA Per OS": {"freebsd": {"9": 0.058709818077290594, "10": 0.08310599387456254, "12": 0.06510707188741945, "8": 0.06574967479348395, "13": 0.10215560323119346, "11": 0.10769836867899814}, "windows": {"10": 0.021401381965112945, "7": 0.06231573643283994, "8.1": 0.08482172056494992, "xp": 0.054690768094315355, "vista": 0.06216011220226307, "8": 0.03652355403534441}, "centos": {"5": 0.026384585356939296, "3": 0.060784873153364664, "8": 0.05562027072876961, "7": 0.0989666816263229, "4": 0.06289389679022445, "6": 0.032142071798067974}, "ubuntu": {"12.04": 0.09464983019658034, "20.04": 0.007566817094634054, "18.04": 0.04502463899061348, "14.04": 0.034824815422266786, "10.04": 0.06408383783414284, "16.04": 0.1099038897474988}}, "OS Types In Initial Network": {"freebsd 9": 4, "freebsd 10": 6, "windows 10": 14, "ubuntu 20.04": 13, "centos 5": 8, "centos 3": 3, "windows 7": 7, "centos 8": 19, "freebsd 13": 15, "centos 7": 7, "freebsd 11": 7, "ubuntu 12.04": 3, "windows 8.1": 11, "freebsd 12": 10, "ubuntu 18.04": 14, "freebsd 8": 10, "windows xp": 4, "windows 8": 7, "windows vista": 9, "centos 4": 4, "ubuntu 14.04": 3, "centos 6": 11, "ubuntu 10.04": 3, "ubuntu 16.04": 8}, "Initial Hosts Without Vulnerabilities": 52, "Host Compromises": {"record name": "Host Compromises", "x": [1927, 2077, 5222, 6063, 8337, 12043, 20433, 25149, 37627, 45678, 80734], "y": [8, 10, 22, 23, 34, 1, 38, 5, 7, 42, 33], "cumulative y": [1, 2, 3, 4, 5, 6, 7, 8, 9, 10, 11], "total events": 11, "not exposed x": [], "not exposed y": [], "cumulative not exposed y": [], "total not exposed events": 0}, "Vuln Compromises": {"record name": "Vuln Compromises", "x": [1927, 2077, 5222, 6063, 12043, 20433, 25149, 37627, 45678, 80734], "y": [8, 10, 22, 23, 1, 38, 5, 7, 42, 33], "cumulative y": [1, 2, 3, 4, 5, 6, 7, 8, 9, 10], "total events": 10, "not exposed x": [], "not exposed y": [], "cumulative not exposed y": [], "total not exposed events": 0}, "Reuse Password Compromises": {"record name": "Reuse Password Compromises", "x": [8337], "y": [34], "cumulative y": [1], "total events": 1, "not exposed x": [], "not exposed y": [], "cumulative not exposed y": [], "total not exposed events": 0}, "Password Spray Compromises": {"record name": "Password Spray Compromises", "x": [], "y": [], "cumulative y": [], "total events": 0, "not exposed x": [], "not exposed y": [], "cumulative not exposed y": [], "total not exposed events": 0}, "User Account Leaks": {"record name": "User Account Has Been Leaked By Compromise", "x": [1927, 1927, 1927, 1927, 1927, 2077, 2077, 2077, 2077, 2077, 5222, 5222, 5222, 5222, 6063, 6063, 6063, 6063, 8337, 8337, 8337, 12043, 12043, 12043, 12043, 12043, 20433, 20433, 20433, 20433, 25149, 25149, 25149, 25149, 25149, 37627, 37627, 37627, 37627, 45678, 45678, 45678, 45678, 80734, 80734, 80734, 80734], "y": ["Linnell", "Priscilla", "Lucine", "Fiorenze", "Tommi", "Drusy", "Romona", "Aidan", "Alanah", "Sydelle", "Phedra", "Annora", "Merl", "Candis", "Livy", "Georgeanne", "Veronica", "Kerrie", "Helene", "Ardath", "Muffin", "Marigold", "Corny", "Amelie", "Chloris", "Verina", "Orella", "Brina", "Ilse", "Dennie", "Valentia", "Arden", "Leoine", "Shantee", "Quintina", "Goldarina", "Cathlene", "Mellisa", "Ilene", "Alyssa", "Sianna", "Peri", "Lynnell", "Helena", "Charmian", "Kettie", "Kathy"], "cumulative y": [1, 2, 3, 4, 5, 6, 7, 8, 9, 10, 11, 12, 13, 14, 15, 16, 17, 18, 19, 20, 21, 22, 23, 24, 25, 26, 27, 28, 29, 30, 31, 32, 33, 34, 35, 36, 37, 38, 39, 40, 41, 42, 43, 44, 45, 46, 47], "total events": 47}, "Vulnerabilities Exploited": {"record name": "Vulnerabilities Exploited", "x": [1246, 1246, 1246, 1246, 1246, 1246, 1246, 1246, 1246, 1246, 1533, 1533, 1533, 1533, 1863, 1863, 1863, 1863, 1863, 1927, 2077, 2433, 2575, 2575, 2836, 3027, 3142, 5222, 5222, 5222, 5222, 5222, 5222, 5222, 5222, 5222, 5222, 5222, 5222, 5222, 5222, 5222, 5222, 6063, 6063, 6063, 6063, 6063, 6063, 6063, 6063, 6338, 6936, 7118, 7312, 8204, 8204, 10230, 10230, 10496, 10809, 10809, 10809, 11170, 11170, 12043, 14207, 14207, 14207, 14207, 14207, 14692, 15876, 17421, 18567, 19484, 19484, 19484, 20433, 20433, 20795, 21007, 25149, 25149, 25149, 25149, 25149, 25149, 25149, 25539, 31877, 33146, 33639, 33914, 37627, 45678, 46124, 49066, 49386, 54506, 56394, 61550, 80734, 137862, 178136], "cumulative exploited vulns": [1, 2, 3, 4, 5, 6, 7, 8, 9, 10, 11, 12, 13, 14, 15, 16, 17, 18, 19, 20, 21, 22, 23, 24, 25, 26, 27, 28, 29, 30, 31, 32, 33, 34, 35, 36, 37, 38, 39, 40, 41, 42, 43, 44, 45, 46, 47, 48, 49, 50, 51, 52, 53, 54, 55, 56, 57, 58, 59, 60, 61, 62, 63, 64, 65, 66, 67, 68, 69, 70, 71, 72, 73, 74, 75, 76, 77, 78, 79, 80, 81, 82, 83, 84, 85, 86, 87, 88, 89, 90, 91, 92, 93, 94, 95, 96, 97, 98, 99, 100, 101, 102, 103, 104, 105], "roa": [0.7929654745179435, 0.4977636311435359, 0.1331716252112723, 0.16140717676896255, 0.463781369848152, 0.37304776784911975, 0.13137713261181735, 0.2861543146628993, 0.10619587324546051, 0.21254934382853027, 0.5441241657387209, 0.15972678213003014, 0.24087333641471229, 0.16182707847055852, 0.6864284145456446, 0.2167008766547104, 0.05190490817334237, 0.05190490817334237, 0.050343370209716534, 0.6087969762427117, 0.7393099953260027, 0.4451347211266527, 0.743566948961812, 0.12374574723301339, 0.02798142066083757, 0.37515939574706486, 0.5399308966733911, 0.8249846592733228, 0.3254488048690362, 0.06441282529760735, 0.7739569364560976, 0.10156407027150396, 0.11364354834255581, 0.077797984168295, 0.7458873935933676, 0.6574810526084354, 0.5979996137975149, 0.41205045598458206, 0.23094697560299537, 0.346897805781171, 0.07085539994917794, 0.8249846592733228, 0.5232876980683223, 0.5953545734499576, 0.5483290114372472, 0.3069991833476808, 0.045934078585895044, 0.5692416509746898, 0.11940344691593101, 0.12013426277059491, 0.045024169345625684, 0.7214186751647216, 0.01943336180702554, 0.3346834697270442, 0.051287746694519055, 0.07807509979444427, 0.18514285389609056, 0.5389078560300113, 0.09249791088802337, 0.17185298655611653, 0.5934817255372693, 0.4326168340171689, 0.1986336420285148, 0.26430904254531973, 0.20021343338641523, 0.6701250927284339, 0.5428854740177815, 0.18291071727971536, 0.4689705053630336, 0.20299091422513788, 0.17845996279417944, 0.17449112901552816, 0.14673237788658783, 0.21848979066141577, 0.522097214170195, 0.7005924849074675, 0.24897170033123167, 0.29901523690902276, 0.7919422580421923, 0.22675448366981046, 0.043772847952021916, 0.06003915603016731, 0.44923343939994487, 0.1286589285022949, 0.34007089448247685, 0.35159185308269925, 0.23992478203156545, 0.23000626998017068, 0.2294629676235162, 0.3261915459754022, 0.029231334790936064, 0.2409202087213338, 0.13359519261516373, 0.17026676948453429, 0.10478975365775453, 0.3966282926278365, 0.13707348766349517, 0.3304691788557982, 0.18136804193969072, 0.12519601328450833, 0.052890043190682315, 0.1301079711135774, 0.0955562491011548, 0.0620817638808646, 0.008834707318910364],