{"Total Initial Vulnerabilities": 683, "Initial Vulns Per OS": {"windows": {"7": 25, "8.1": 12, "8": 38, "xp": 73, "10": 21, "vista": 41}, "centos": {"8": 16, "4": 39, "6": 35, "7": 23, "5": 62}, "freebsd": {"11": 20, "8": 87, "10": 28, "13": 16, "9": 12, "12": 25}, "ubuntu": {"20.04": 13, "14.04": 26, "18.04": 21, "16.04": 21, "10.04": 22, "12.04": 7}}, "Average Initial RoA Per OS": {"windows": {"7": 0.08868623363108634, "8.1": 0.12148891314211878, "8": 0.02300985015310803, "xp": 0.05865834324087025, "10": 0.07563291083078444, "vista": 0.08450999801953506}, "centos": {"8": 0.062324526408047726, "4": 0.045019157209006115, "6": 0.028939776314192932, "7": 0.09441289702229101, "5": 0.07712205884163706}, "freebsd": {"11": 0.02948293378416312, "8": 0.05165204799457148, "10": 0.05998793504059278, "13": 0.08027234819012358, "9": 0.03319871248038854, "12": 0.045591209855756244}, "ubuntu": {"20.04": 0.05724769263416776, "14.04": 0.0346053701475548, "18.04": 0.09037185896442777, "16.04": 0.052548155681225006, "10.04": 0.08481943237581255, "12.04": 0.05817607442206938}}, "OS Types In Initial Network": {"windows 7": 9, "centos 8": 10, "freebsd 11": 8, "windows 8.1": 10, "freebsd 13": 10, "centos 4": 7, "ubuntu 20.04": 9, "ubuntu 14.04": 10, "windows 8": 12, "windows xp": 2, "windows 10": 22, "ubuntu 18.04": 15, "freebsd 8": 3, "centos 6": 9, "centos 7": 15, "windows vista": 6, "freebsd 10": 5, "centos 5": 9, "freebsd 12": 13, "freebsd 9": 4, "ubuntu 16.04": 7, "ubuntu 10.04": 2, "ubuntu 12.04": 3}, "Initial Hosts Without Vulnerabilities": 36, "Host Compromises": {"record name": "Host Compromises", "x": [5787, 8845, 9676, 9870, 14919, 16738, 18555, 37607, 40275, 49623, 54891, 94562, 137438, 180459, 218674], "y": [24, 35, 40, 41, 11, 16, 25, 9, 21, 6, 31, 27, 42, 44, 20], "cumulative y": [1, 2, 3, 4, 5, 6, 7, 8, 9, 10, 11, 12, 13, 14, 15], "total events": 15, "not exposed x": [], "not exposed y": [], "cumulative not exposed y": [], "total not exposed events": 0}, "Vuln Compromises": {"record name": "Vuln Compromises", "x": [5787, 9676, 9870, 14919, 16738, 18555, 37607, 40275, 49623, 54891, 94562, 180459], "y": [24, 40, 41, 11, 16, 25, 9, 21, 6, 31, 27, 44], "cumulative y": [1, 2, 3, 4, 5, 6, 7, 8, 9, 10, 11, 12], "total events": 12, "not exposed x": [], "not exposed y": [], "cumulative not exposed y": [], "total not exposed events": 0}, "Reuse Password Compromises": {"record name": "Reuse Password Compromises", "x": [8845], "y": [35], "cumulative y": [1], "total events": 1, "not exposed x": [], "not exposed y": [], "cumulative not exposed y": [], "total not exposed events": 0}, "Password Spray Compromises": {"record name": "Password Spray Compromises", "x": [137438, 218674], "y": [42, 20], "cumulative y": [1, 2], "total events": 2, "not exposed x": [], "not exposed y": [], "cumulative not exposed y": [], "total not exposed events": 0}, "User Account Leaks": {"record name": "User Account Has Been Leaked By Compromise", "x": [5787, 5787, 5787, 5787, 5787, 8845, 8845, 8845, 8845, 9676, 9676, 9676, 9676, 9870, 9870, 9870, 9870, 9870, 14919, 14919, 14919, 14919, 14919, 16738, 16738, 16738, 16738, 18555, 18555, 18555, 37607, 37607, 37607, 37607, 40275, 40275, 40275, 40275, 40275, 49623, 49623, 49623, 54891, 54891, 54891, 94562, 94562, 94562, 137438, 137438, 137438, 137438, 180459, 180459, 180459, 180459, 180459, 218674], "y": ["Emelyne", "Lorrayne", "Roobbie", "Austine", "Carlin", "Cordelie", "Bernadette", "Marji", "Eleonore", "Ellynn", "Harriet", "Karmen", "Rennie", "Beulah", "Lily", "Angelica", "Alethea", "Maressa", "Doro", "Deirdre", "Else", "Nerte", "Lilli", "Constantina", "Retha", "Kathe", "Corliss", "Mina", "Xaviera", "Cornela", "Ester", "Casandra", "Carey", "Madelene", "Truda", "Brenda", "Sande", "Jenifer", "Rikki", "Ilyse", "Sally", "Catha", "Moria", "Daffi", "Aime", "Crissy", "Melessa", "Page", "Bettina", "Danice", "Sonny", "Margarethe", "Denys", "Stevena", "Janaye", "Adena", "Judy", "Odella"], "cumulative y": [1, 2, 3, 4, 5, 6, 7, 8, 9, 10, 11, 12, 13, 14, 15, 16, 17, 18, 19, 20, 21, 22, 23, 24, 25, 26, 27, 28, 29, 30, 31, 32, 33, 34, 35, 36, 37, 38, 39, 40, 41, 42, 43, 44, 45, 46, 47, 48, 49, 50, 51, 52, 53, 54, 55, 56, 57, 58], "total events": 58}, "Vulnerabilities Exploited": {"record name": "Vulnerabilities Exploited", "x": [119, 283, 283, 848, 848, 1085, 1311, 1457, 3045, 3045, 3045, 3045, 3045, 3045, 3045, 3045, 3045, 3045, 3045, 3045, 3148, 3321, 3321, 3321, 4459, 4459, 4459, 4459, 4459, 4459, 4459, 4459, 4459, 4459, 4544, 4757, 5003, 5003, 5787, 5787, 5787, 5787, 5787, 5787, 5787, 6228, 6228, 6329, 6523, 6643, 6643, 6643, 7555, 7555, 7555, 8054, 8054, 8054, 8584, 8584, 8764, 9083, 9586, 9586, 9586, 9586, 9586, 9870, 10062, 10062, 10062, 12609, 13240, 13240, 14919, 14919, 14919, 14919, 14919, 14919, 14919, 14919, 14919, 14919, 14919, 16738, 16738, 16738, 16738, 17398, 18555, 18555, 18555, 18555, 20576, 20576, 20576, 20576, 20576, 21066, 22685, 24325, 33126, 33126, 36896, 37185, 37185, 37818, 37818, 40275, 42451, 43146, 43424, 44556, 46231, 49623, 68941, 94562, 97613, 168962, 246672], "cumulative exploited vulns": [1, 2, 3, 4, 5, 6, 7, 8, 9, 10, 11, 12, 13, 14, 15, 16, 17, 18, 19, 20, 21, 22, 23, 24, 25, 26, 27, 28, 29, 30, 31, 32, 33, 34, 35, 36, 37, 38, 39, 40, 41, 42, 43, 44, 45, 46, 47, 48, 49, 50, 51, 52, 53, 54, 55, 56, 57, 58, 59, 60, 61, 62, 63, 64, 65, 66, 67, 68, 69, 70, 71, 72, 73, 74, 75, 76, 77, 78, 79, 80, 81, 82, 83, 84, 85, 86, 87, 88, 89, 90, 91, 92, 93, 94, 95, 96, 97, 98, 99, 100, 101, 102, 103, 104, 105, 106, 107, 108, 109, 110, 111, 112, 113, 114, 115, 116, 117, 118, 119, 120, 121],