{"Total Initial Vulnerabilities": 745, "Initial Vulns Per OS": {"freebsd": {"13": 16, "10": 35, "11": 41, "9": 15, "12": 35}, "centos": {"8": 22, "4": 20, "7": 15, "6": 15, "5": 56, "3": 98}, "windows": {"7": 50, "10": 23, "8.1": 8, "vista": 28, "8": 30}, "ubuntu": {"20.04": 16, "18.04": 45, "16.04": 39, "14.04": 27, "10.04": 75, "12.04": 36}}, "Average Initial RoA Per OS": {"freebsd": {"13": 0.046516365257317206, "10": 0.03745867069022575, "11": 0.028481458332602596, "9": 0.06378462739581486, "12": 0.04152202483091245}, "centos": {"8": 0.01858178717185801, "4": 0.023848493750699067, "7": 0.04136737116457807, "6": 0.09883860238961556, "5": 0.0491112852077805, "3": 0.07032571029013454}, "windows": {"7": 0.07793220624908917, "10": 0.02671218903319625, "8.1": 0.06355833336286204, "vista": 0.031035107773132117, "8": 0.04029673571299274}, "ubuntu": {"20.04": 0.016575574169524675, "18.04": 0.06570080036507057, "16.04": 0.05099511150635311, "14.04": 0.0583076629129764, "10.04": 0.04345838510558987, "12.04": 0.05469118231778494}}, "OS Types In Initial Network": {"ubuntu 20.04": 18, "freebsd 13": 11, "centos 8": 17, "freebsd 10": 6, "windows 7": 11, "windows 10": 19, "windows 8": 9, "ubuntu 18.04": 14, "centos 4": 5, "windows 8.1": 8, "centos 7": 5, "freebsd 11": 11, "ubuntu 16.04": 8, "freebsd 9": 2, "centos 6": 6, "centos 5": 12, "freebsd 12": 15, "windows vista": 6, "ubuntu 14.04": 5, "centos 3": 3, "ubuntu 10.04": 3, "ubuntu 12.04": 6}, "Initial Hosts Without Vulnerabilities": 37, "Host Compromises": {"record name": "Host Compromises", "x": [1304, 3445, 5079, 6115, 8249, 9618, 9964, 15574, 19656, 21278, 31487, 33573, 34685, 62804, 69114, 85916, 116661, 184999, 241922], "y": [7, 20, 28, 32, 43, 48, 49, 23, 39, 45, 33, 38, 44, 29, 109, 27, 5, 22, 21], "cumulative y": [1, 2, 3, 4, 5, 6, 7, 8, 9, 10, 11, 12, 13, 14, 15, 16, 17, 18, 19], "total events": 19, "not exposed x": [69114], "not exposed y": [109], "cumulative not exposed y": [1], "total not exposed events": 1}, "Vuln Compromises": {"record name": "Vuln Compromises", "x": [1304, 3445, 6115, 8249, 9618, 9964, 15574, 19656, 21278, 33573, 34685, 116661, 241922], "y": [7, 20, 32, 43, 48, 49, 23, 39, 45, 38, 44, 5, 21], "cumulative y": [1, 2, 3, 4, 5, 6, 7, 8, 9, 10, 11, 12, 13], "total events": 13, "not exposed x": [], "not exposed y": [], "cumulative not exposed y": [], "total not exposed events": 0}, "Reuse Password Compromises": {"record name": "Reuse Password Compromises", "x": [31487, 69114, 85916], "y": [33, 109, 27], "cumulative y": [1, 2, 3], "total events": 3, "not exposed x": [69114], "not exposed y": [109], "cumulative not exposed y": [1], "total not exposed events": 1}, "Password Spray Compromises": {"record name": "Password Spray Compromises", "x": [5079, 62804, 184999], "y": [28, 29, 22], "cumulative y": [1, 2, 3], "total events": 3, "not exposed x": [], "not exposed y": [], "cumulative not exposed y": [], "total not exposed events": 0}, "User Account Leaks": {"record name": "User Account Has Been Leaked By Compromise", "x": [1304, 1304, 1304, 1304, 1304, 3445, 3445, 3445, 3445, 3445, 5079, 5079, 5079, 5079, 6115, 6115, 6115, 6115, 6115, 8249, 8249, 8249, 9618, 9618, 9618, 9618, 9964, 9964, 9964, 9964, 15574, 15574, 15574, 15574, 19656, 19656, 19656, 19656, 19656, 21278, 21278, 21278, 21278, 21278, 31487, 31487, 31487, 33573, 33573, 33573, 34685, 34685, 34685, 34685, 34685, 62804, 62804, 69114, 69114, 85916, 116661, 116661, 184999, 184999, 184999, 241922, 241922, 241922], "y": ["Essie", "Arleta", "Cordula", "Beryle", "Reba", "Alane", "Tildi", "Maris", "Shandra", "Sheila", "Tamera", "Dari", "Juliana", "Hedvig", "Renee", "Kittie", "Della", "Katerina", "Anatola", "Teriann", "Evangelia", "Susanne", "Karola", "Halimeda", "Alena", "Melisa", "Maybelle", "Lesley", "Velvet", "Kira", "Ebba", "Morena", "Margo", "Robinia", "Almeria", "Gavra", "Sephira", "Evangeline", "Jodi", "Tracie", "Cindelyn", "Melisande", "Georgia", "Ealasaid", "Nicolette", "Joyan", "Carlie", "Ameline", "Augusta", "Fanchon", "Debi", "Brooks", "Louella", "Katie", "Golda", "Donielle", "Diahann", "Jeanette", "Minne", "Starr", "Gus", "Sandi", "Sybyl", "Enrika", "Carolynn", "Stormie", "Kynthia", "Twyla"], "cumulative y": [1, 2, 3, 4, 5, 6, 7, 8, 9, 10, 11, 12, 13, 14, 15, 16, 17, 18, 19, 20, 21, 22, 23, 24, 25, 26, 27, 28, 29, 30, 31, 32, 33, 34, 35, 36, 37, 38, 39, 40, 41, 42, 43, 44, 45, 46, 47, 48, 49, 50, 51, 52, 53, 54, 55, 56, 57, 58, 59, 60, 61, 62, 63, 64, 65, 66, 67, 68], "total events": 68}, "Vulnerabilities Exploited": {"record name": "Vulnerabilities Exploited", "x": [158, 310, 310, 435, 938, 938, 938, 1083, 1144, 1304, 1484, 1484, 1484, 1484, 1548, 2213, 2213, 2213, 2604, 2759, 2915, 3012, 3445, 3445, 3445, 3445, 3636, 3636, 3636, 4278, 4278, 4726, 4726, 5494, 5807, 6115, 6298, 7108, 7397, 7397, 7397, 8249, 8249, 8249, 8249, 8657, 9319, 9618, 9618, 9618, 9618, 10536, 11408, 11408, 12998, 12998, 14001, 15574, 15574, 16883, 17257, 17565, 17836, 19174, 19656, 19656, 20449, 20449, 20973, 21278, 21764, 21764, 26062, 26062, 26359, 29822, 29822, 33573, 33573, 37964, 45514, 50942, 51343, 54341, 54772, 57292, 69265, 69265, 69265, 72985, 86486, 91855, 114241, 155639, 169577, 231030, 241922], "cumulative exploited vulns": [1, 2, 3, 4, 5, 6, 7, 8, 9, 10, 11, 12, 13, 14, 15, 16, 17, 18, 19, 20, 21, 22, 23, 24, 25, 26, 27, 28, 29, 30, 31, 32, 33, 34, 35, 36, 37, 38, 39, 40, 41, 42, 43, 44, 45, 46, 47, 48, 49, 50, 51, 52, 53, 54, 55, 56, 57, 58, 59, 60, 61, 62, 63, 64, 65, 66, 67, 68, 69, 70, 71, 72, 73, 74, 75, 76, 77, 78, 79, 80, 81, 82, 83, 84, 85, 86, 87, 88, 89, 90, 91, 92, 93, 94, 95, 96, 97], "roa": [0.5527730337316457, 0.17796991101325282, 0.032638338067741815, 0.07703869667896117, 0.5957707797691365, 0.1611445808721893, 0.09732832900551774, 0.45905544736217385, 0.045435958110690886, 0.23050613945659154, 0.2994831271226508, 0.18510255397584294, 0.08152360934266142, 0.07013898256625789, 0.5205442221967665, 0.0001305927502791707, 0.21119976788568878, 0.0001305927502791707, 0.10624124840120355, 0.09174730153547296, 0.3295131362594647, 0.13904911585912225, 0.7257666694694171, 0.03919687664907532, 0.314963942710808, 0.10282473586790661, 0.15886395498241399, 0.07411135305351457, 0.02112730496817348, 0.18804167863653373, 0.016928463933752292, 0.6677509248787825, 0.3454532274098378, 0.6635146890594892, 0.3736273466024681, 0.33144871251170727, 0.6940049911957225, 0.3572419295195432, 0.8827339833602666, 0.5562842436165807, 0.049165230304172226, 0.8730631229489658, 0.2583012803223203, 0.45488914904879507, 0.2583012803223203, 0.02875438883158856, 0.3874417327619549, 0.43465185319723953, 0.5348807614751375, 0.07589856266210446, 0.07589856266210446, 0.382000531371253, 0.2717628109197365, 0.009454723127849432, 0.02771007934399164, 0.011235617079193719, 0.13789645731270056, 0.4562154731782833, 0.056065183351089586, 0.08206070734077249, 0.4506726534553593, 0.3614727942043419, 0.11810683369684487, 0.4031611807683159, 0.7438856182935063, 0.39065882646293965, 0.03158174537340632, 0.15731721361105408, 0.03659198134788292, 0.26636171814674237, 0.5148921177323093, 0.02375719474804904, 0.08020570453517215, 0.01807180939114305, 0.14185491719169474, 0.24250510968685496, 0.5683915921256417, 0.03683762903357272, 0.06673767561175505, 0.31927625211531224, 0.09327995817256048, 0.02695756435986458, 0.018219688059619037, 0.0009494425516038598, 0.15535815668964523, 0.09198629076733565, 0.5488262905311392, 0.6148924906954456, 0.3019144644037511, 0.22999461683843064, 0.01907744415751143, 0.0020487834946961545, 0.14477338586189792, 0.21666537955114906, 0.0037803979823615246, 0.02127912447709266, 0.06836763030890146],