{"Total Initial Vulnerabilities": 720, "Initial Vulns Per OS": {"windows": {"8.1": 24, "8": 40, "vista": 30, "10": 9, "xp": 85, "7": 8}, "freebsd": {"11": 19, "9": 37, "10": 28, "13": 9, "12": 19, "8": 56}, "centos": {"5": 47, "8": 12, "6": 17, "7": 27, "4": 3, "3": 46}, "ubuntu": {"16.04": 28, "10.04": 72, "18.04": 21, "12.04": 52, "20.04": 11, "14.04": 20}}, "Average Initial RoA Per OS": {"windows": {"8.1": 0.08142367782056618, "8": 0.03872426794137539, "vista": 0.04941085125787336, "10": 0.02034577886627722, "xp": 0.05002330452509752, "7": 0.015187328143975842}, "freebsd": {"11": 0.05422395716443256, "9": 0.06727962350449777, "10": 0.09697862550542333, "13": 0.039813526251111425, "12": 0.07691930468165042, "8": 0.06731213195174164}, "centos": {"5": 0.08401040464708091, "8": 0.024057460723646656, "6": 0.043137385823078814, "7": 0.029366948760576328, "4": 0.01929244457817796, "3": 0.10024804086868012}, "ubuntu": {"16.04": 0.036757409805601556, "10.04": 0.05940387021053618, "18.04": 0.07743730695456298, "12.04": 0.0389183930176019, "20.04": 0.046733387658435085, "14.04": 0.048894031302930636}}, "OS Types In Initial Network": {"windows 8.1": 10, "freebsd 12": 7, "freebsd 11": 8, "windows 8": 15, "windows 10": 16, "centos 5": 13, "centos 8": 15, "ubuntu 16.04": 10, "ubuntu 10.04": 3, "freebsd 9": 8, "centos 6": 7, "windows vista": 7, "centos 7": 11, "ubuntu 18.04": 8, "ubuntu 12.04": 7, "freebsd 10": 11, "ubuntu 20.04": 16, "freebsd 13": 13, "centos 4": 1, "ubuntu 14.04": 5, "windows xp": 4, "centos 3": 2, "windows 7": 2, "freebsd 8": 1}, "Initial Hosts Without Vulnerabilities": 45, "Host Compromises": {"record name": "Host Compromises", "x": [355, 3225, 3427, 3652, 6228, 6916, 10269, 11534, 14176, 15497, 22462, 24061, 27290, 81765, 81868, 82410, 83624, 83742, 84332, 95497, 99243, 155029, 183293, 213421], "y": [3, 13, 14, 83, 22, 24, 39, 44, 96, 47, 10, 17, 26, 18, 70, 75, 73, 127, 132, 131, 133, 72, 25, 77], "cumulative y": [1, 2, 3, 4, 5, 6, 7, 8, 9, 10, 11, 12, 13, 14, 15, 16, 17, 18, 19, 20, 21, 22, 23, 24], "total events": 24, "not exposed x": [3652, 14176, 81868, 82410, 83624, 83742, 84332, 95497, 99243, 155029, 213421], "not exposed y": [83, 96, 70, 75, 73, 127, 132, 131, 133, 72, 77], "cumulative not exposed y": [1, 2, 3, 4, 5, 6, 7, 8, 9, 10, 11], "total not exposed events": 11}, "Vuln Compromises": {"record name": "Vuln Compromises", "x": [355, 3225, 3427, 3652, 6228, 6916, 10269, 14176, 22462, 24061, 27290, 81765, 82410, 83624, 83742, 95497, 99243, 155029, 213421], "y": [3, 13, 14, 83, 22, 24, 39, 96, 10, 17, 26, 18, 75, 73, 127, 131, 133, 72, 77], "cumulative y": [1, 2, 3, 4, 5, 6, 7, 8, 9, 10, 11, 12, 13, 14, 15, 16, 17, 18, 19], "total events": 19, "not exposed x": [3652, 14176, 82410, 83624, 83742, 95497, 99243, 155029, 213421], "not exposed y": [83, 96, 75, 73, 127, 131, 133, 72, 77], "cumulative not exposed y": [1, 2, 3, 4, 5, 6, 7, 8, 9], "total not exposed events": 9}, "Reuse Password Compromises": {"record name": "Reuse Password Compromises", "x": [11534, 15497, 81868, 84332], "y": [44, 47, 70, 132], "cumulative y": [1, 2, 3, 4], "total events": 4, "not exposed x": [81868, 84332], "not exposed y": [70, 132], "cumulative not exposed y": [1, 2], "total not exposed events": 2}, "Password Spray Compromises": {"record name": "Password Spray Compromises", "x": [183293], "y": [25], "cumulative y": [1], "total events": 1, "not exposed x": [], "not exposed y": [], "cumulative not exposed y": [], "total not exposed events": 0}, "User Account Leaks": {"record name": "User Account Has Been Leaked By Compromise", "x": [355, 355, 355, 355, 355, 3225, 3225, 3225, 3225, 3225, 3427, 3427, 3427, 3427, 3652, 3652, 3652, 3652, 3652, 6228, 6228, 6228, 6228, 6228, 6916, 6916, 6916, 6916, 6916, 10269, 10269, 10269, 10269, 10269, 11534, 11534, 11534, 11534, 14176, 14176, 14176, 15497, 15497, 15497, 15497, 22462, 22462, 24061, 24061, 24061, 24061, 27290, 27290, 27290, 27290, 81765, 81765, 81765, 81765, 81765, 81868, 81868, 81868, 82410, 82410, 82410, 82410, 83624, 83624, 83624, 83624, 83742, 84332, 84332, 84332, 95497, 95497, 95497, 99243, 99243, 99243, 99243, 155029, 183293, 213421, 213421, 213421], "y": ["George", "Xylina", "Bryn", "Dorian", "Lotta", "Ellette", "Billy", "Keely", "Layney", "Rina", "Geri", "Klara", "Ddene", "Maye", "Erika", "Dorine", "Dory", "Shelbi", "Elisabet", "Cherri", "Trina", "Vannie", "Sissy", "Katey", "Zilvia", "Kay", "Barbey", "Enrika", "Lea", "Ira", "Emelda", "Shina", "Alta", "Prisca", "Rowena", "Ellene", "Ivette", "Celle", "Sherri", "Dominique", "Laurianne", "Trenna", "Michaela", "Oona", "Cecil", "Aurelie", "Haley", "Karleen", "Winne", "Dacia", "Hynda", "Camile", "Hatti", "Harmonia", "Maia", "Audi", "Nona", "Nixie", "Gabey", "Zita", "Tamarra", "Charlena", "Abigael", "Debby", "Tessa", "Mildred", "Ursala", "Taryn", "Ofilia", "Anetta", "Dina", "Colly", "Ashil", "Florance", "Athena", "Ulla", "Delora", "Ginnie", "Ede", "Vallie", "Giralda", "Irena", "Kerrie", "Ninette", "Kata", "Codi", "Essa"], "cumulative y": [1, 2, 3, 4, 5, 6, 7, 8, 9, 10, 11, 12, 13, 14, 15, 16, 17, 18, 19, 20, 21, 22, 23, 24, 25, 26, 27, 28, 29, 30, 31, 32, 33, 34, 35, 36, 37, 38, 39, 40, 41, 42, 43, 44, 45, 46, 47, 48, 49, 50, 51, 52, 53, 54, 55, 56, 57, 58, 59, 60, 61, 62, 63, 64, 65, 66, 67, 68, 69, 70, 71, 72, 73, 74, 75, 76, 77, 78, 79, 80, 81, 82, 83, 84, 85, 86, 87], "total events": 87}, "Vulnerabilities Exploited": {"record name": "Vulnerabilities Exploited", "x": [110, 355, 1204, 1204, 2662, 2662, 2662, 2662, 2662, 2662, 2662, 2662, 2662, 2662, 2662, 2662, 2662, 2743, 3100, 3225, 3427, 3427, 3652, 3652, 3652, 3736, 4467, 4627, 4913, 4913, 4913, 4913, 5346, 5346, 5520, 6228, 6916, 6916, 6916, 6916, 6916, 8105, 8523, 10269, 14176, 14176, 14176, 14176, 14176, 14176, 14176, 14176, 14176, 14176, 14176, 14176, 14176, 14176, 14968, 15626, 15626, 16118, 17151, 17917, 19952, 20647, 22462, 22462, 22462, 22462, 22462, 22462, 22462, 22462, 22462, 22462, 22462, 22462, 22462, 22462, 22462, 23026, 23418, 24061, 24992, 27290, 34865, 41511, 45456, 50759, 52327, 55101, 58111, 61098, 63014, 63014, 77545, 81765, 81998, 82691, 83624, 85850, 91308, 91308, 95497, 95497, 95497, 95497, 95497, 95497, 95497, 95497, 95497, 95497, 95497, 95497, 95497, 95497, 95497, 95497, 95497, 95497, 95497, 95497, 95497, 95497, 95497, 95497, 95497, 99243, 99243, 99243, 99243, 99243, 118604, 118604, 119435, 119435, 122777, 155029, 155029, 166404, 173161, 207934, 213421], "cumulative exploited vulns": [1, 2, 3, 4, 5, 6, 7, 8, 9, 10, 11, 12, 13, 14, 15, 16, 17, 18, 19, 20, 21, 22, 23, 24, 25, 26, 27, 28, 29, 30, 31, 32, 33, 34, 35, 36, 37, 38, 39, 40, 41, 42, 43, 44, 45, 46, 47, 48, 49, 50, 51, 52, 53, 54, 55, 56, 57, 58, 59, 60, 61, 62, 63, 64, 65, 66, 67, 68, 69, 70, 71, 72, 73, 74, 75, 76, 77, 78, 79, 80, 81, 82, 83, 84, 85, 86, 87, 88, 89, 90, 91, 92, 93, 94, 95, 96, 97, 98, 99, 100, 101, 102, 103, 104, 105, 106, 107, 108, 109, 110, 111, 112, 113, 114, 115, 116, 117, 118, 119, 120, 121, 122, 123, 124, 125, 126, 127, 128, 129, 130, 131, 132, 133, 134, 135, 136, 137, 138, 139, 140, 141, 142, 143, 144, 145],