{"Total Initial Vulnerabilities": 670, "Initial Vulns Per OS": {"ubuntu": {"20.04": 19, "10.04": 19, "18.04": 34, "14.04": 43, "16.04": 15, "12.04": 8}, "windows": {"7": 17, "10": 12, "vista": 48, "8.1": 27, "xp": 72, "8": 9}, "freebsd": {"11": 25, "10": 18, "13": 20, "12": 38, "9": 38, "8": 62}, "centos": {"7": 32, "5": 30, "8": 35, "6": 15, "4": 34}}, "Average Initial RoA Per OS": {"ubuntu": {"20.04": 0.05191762414665698, "10.04": 0.044402000952957855, "18.04": 0.10545948168258935, "14.04": 0.027482381028812876, "16.04": 0.12804402732094375, "12.04": 0.03698264595274538}, "windows": {"7": 0.11529366945941165, "10": 0.11165226178558729, "vista": 0.039984905909617834, "8.1": 0.047705356109484634, "xp": 0.04218120354165609, "8": 0.12076083200070159}, "freebsd": {"11": 0.14273710196254627, "10": 0.059729898645066316, "13": 0.051750405851735494, "12": 0.03773808643238369, "9": 0.08525028039049584, "8": 0.045248908514063504}, "centos": {"7": 0.03077705835219673, "5": 0.025636617843877166, "8": 0.06842317801517189, "6": 0.07913673778985729, "4": 0.05039449107920228}}, "OS Types In Initial Network": {"ubuntu 20.04": 17, "windows 7": 5, "freebsd 11": 12, "ubuntu 10.04": 2, "ubuntu 18.04": 9, "freebsd 10": 6, "freebsd 13": 11, "ubuntu 14.04": 10, "centos 8": 22, "ubuntu 16.04": 6, "centos 7": 15, "freebsd 12": 17, "centos 5": 8, "windows 8.1": 12, "windows 10": 11, "windows vista": 8, "windows xp": 2, "freebsd 9": 6, "centos 6": 7, "centos 4": 4, "ubuntu 12.04": 3, "windows 8": 5, "freebsd 8": 2}, "Initial Hosts Without Vulnerabilities": 38, "Host Compromises": {"record name": "Host Compromises", "x": [674, 1055, 2000, 5361, 5408, 6248, 6323, 6486, 8673, 9318, 17197, 19070, 22588, 24330, 27593, 31539, 32925, 41692, 46144, 51783, 70584, 72617, 74338, 90279, 103619, 106367, 108799, 112219, 117101, 123065, 125894, 131446, 138112, 164973, 173268, 173439, 179306, 182454, 204965, 205149, 205372, 210647, 215626, 219800, 224087, 228271, 236958, 237958, 243328], "y": [3, 6, 11, 30, 113, 32, 33, 100, 34, 37, 1, 9, 17, 23, 36, 41, 45, 16, 28, 46, 24, 29, 38, 14, 115, 104, 103, 109, 86, 112, 5, 13, 31, 194, 10, 12, 27, 43, 114, 117, 126, 129, 133, 131, 2, 19, 42, 47, 73], "cumulative y": [1, 2, 3, 4, 5, 6, 7, 8, 9, 10, 11, 12, 13, 14, 15, 16, 17, 18, 19, 20, 21, 22, 23, 24, 25, 26, 27, 28, 29, 30, 31, 32, 33, 34, 35, 36, 37, 38, 39, 40, 41, 42, 43, 44, 45, 46, 47, 48, 49], "total events": 49, "not exposed x": [5408, 6486, 103619, 106367, 108799, 112219, 117101, 123065, 164973, 204965, 205149, 205372, 210647, 215626, 219800, 243328], "not exposed y": [113, 100, 115, 104, 103, 109, 86, 112, 194, 114, 117, 126, 129, 133, 131, 73], "cumulative not exposed y": [1, 2, 3, 4, 5, 6, 7, 8, 9, 10, 11, 12, 13, 14, 15, 16], "total not exposed events": 16}, "Vuln Compromises": {"record name": "Vuln Compromises", "x": [674, 1055, 2000, 5361, 5408, 6248, 6486, 8673, 9318, 17197, 22588, 27593, 31539, 32925, 41692, 51783, 70584, 72617, 74338, 90279, 103619, 106367, 108799, 112219, 117101, 123065, 125894, 131446, 138112, 164973, 173268, 173439, 179306, 182454, 204965, 205149, 205372, 210647, 215626, 228271, 236958, 237958, 243328], "y": [3, 6, 11, 30, 113, 32, 100, 34, 37, 1, 17, 36, 41, 45, 16, 46, 24, 29, 38, 14, 115, 104, 103, 109, 86, 112, 5, 13, 31, 194, 10, 12, 27, 43, 114, 117, 126, 129, 133, 19, 42, 47, 73], "cumulative y": [1, 2, 3, 4, 5, 6, 7, 8, 9, 10, 11, 12, 13, 14, 15, 16, 17, 18, 19, 20, 21, 22, 23, 24, 25, 26, 27, 28, 29, 30, 31, 32, 33, 34, 35, 36, 37, 38, 39, 40, 41, 42, 43], "total events": 43, "not exposed x": [5408, 6486, 103619, 106367, 108799, 112219, 117101, 123065, 164973, 204965, 205149, 205372, 210647, 215626, 243328], "not exposed y": [113, 100, 115, 104, 103, 109, 86, 112, 194, 114, 117, 126, 129, 133, 73], "cumulative not exposed y": [1, 2, 3, 4, 5, 6, 7, 8, 9, 10, 11, 12, 13, 14, 15], "total not exposed events": 15}, "Reuse Password Compromises": {"record name": "Reuse Password Compromises", "x": [6323, 19070, 24330, 219800, 224087], "y": [33, 9, 23, 131, 2], "cumulative y": [1, 2, 3, 4, 5], "total events": 5, "not exposed x": [219800], "not exposed y": [131], "cumulative not exposed y": [1], "total not exposed events": 1}, "Password Spray Compromises": {"record name": "Password Spray Compromises", "x": [46144], "y": [28], "cumulative y": [1], "total events": 1, "not exposed x": [], "not exposed y": [], "cumulative not exposed y": [], "total not exposed events": 0}, "User Account Leaks": {"record name": "User Account Has Been Leaked By Compromise", "x": [674, 674, 674, 674, 674, 1055, 1055, 1055, 1055, 2000, 2000, 2000, 2000, 2000, 5361, 5361, 5361, 5361, 5361, 5408, 5408, 5408, 5408, 5408, 6248, 6248, 6248, 6323, 6323, 6323, 6323, 6486, 6486, 6486, 6486, 8673, 9318, 9318, 9318, 17197, 17197, 17197, 17197, 17197, 19070, 19070, 22588, 22588, 22588, 24330, 24330, 24330, 27593, 27593, 27593, 31539, 31539, 31539, 31539, 32925, 32925, 32925, 32925, 41692, 41692, 41692, 41692, 41692, 46144, 46144, 51783, 51783, 70584, 70584, 72617, 72617, 72617, 74338, 74338, 74338, 74338, 90279, 90279, 90279, 90279, 103619, 103619, 103619, 103619, 106367, 106367, 106367, 108799, 108799, 108799, 112219, 112219, 112219, 117101, 117101, 123065, 123065, 123065, 125894, 131446, 131446, 138112, 138112, 138112, 164973, 164973, 173439, 173439, 173439, 179306, 179306, 179306, 182454, 204965, 204965, 205149, 205149, 210647, 215626, 215626, 219800, 219800, 219800, 219800, 228271, 228271, 236958, 237958, 237958, 237958, 243328], "y": ["Lita", "Tisha", "Ilse", "Margalo", "Kial", "Gaye", "Myrtia", "Merilee", "Andromache", "Goldie", "Talya", "Caresse", "Karee", "Nell", "Amie", "Daisey", "Roana", "Midge", "Serena", "Emmaline", "Latashia", "Paige", "Arleen", "Sheela", "Miran", "Kathlin", "Lorilyn", "Faye", "Aileen", "Iormina", "Audrey", "Dionis", "Ricca", "Adrienne", "Annadiane", "Adiana", "Sharyl", "Roselin", "Raychel", "Christen", "Ninetta", "Golda", "Tabbitha", "Petra", "Elinor", "Henrietta", "Berri", "Myranda", "Sue", "Mehetabel", "Leann", "Elna", "Donetta", "Van", "Vivienne", "Brina", "Matti", "Elladine", "Caitrin", "Anny", "Virginia", "Hester", "Essy", "Malynda", "Riki", "Mandi", "Cynthie", "Mufi", "Ranique", "Dulcea", "Emlynn", "Selinda", "Clio", "Hermione", "Malissa", "Matelda", "Valma", "Marcile", "Tandi", "Benny", "Annabela", "Elayne", "Norah", "Shauna", "Lorianne", "Berry", "Sara-Ann", "Reine", "Cassi", "Netta", "Gizela", "Madelin", "Mireielle", "Sophronia", "Melva", "Lina", "Pippa", "Elvina", "Nerte", "Bren", "Nikkie", "Jewell", "Tiphani", "Malissia", "Theodora", "Catie", "Nonnah", "Eilis", "Jerry", "Prue", "Sadie", "Joscelin", "Idaline", "Veriee", "Maria", "Verena", "Ardath", "Pauletta", "Alejandra", "Tildy", "Sula", "Lanni", "Bendite", "Marisa", "Nettle", "Dara", "Bethena", "Marti", "Cristina", "Nanette", "Livy", "Terrye", "Ashlan", "Dianne", "Judye", "Hope"], "cumulative y": [1, 2, 3, 4, 5, 6, 7, 8, 9, 10, 11, 12, 13, 14, 15, 16, 17, 18, 19, 20, 21, 22, 23, 24, 25, 26, 27, 28, 29, 30, 31, 32, 33, 34, 35, 36, 37, 38, 39, 40, 41, 42, 43, 44, 45, 46, 47, 48, 49, 50, 51, 52, 53, 54, 55, 56, 57, 58, 59, 60, 61, 62, 63, 64, 65, 66, 67, 68, 69, 70, 71, 72, 73, 74, 75, 76, 77, 78, 79, 80, 81, 82, 83, 84, 85, 86, 87, 88, 89, 90, 91, 92, 93, 94, 95, 96, 97, 98, 99, 100, 101, 102, 103, 104, 105, 106, 107, 108, 109, 110, 111, 112, 113, 114, 115, 116, 117, 118, 119, 120, 121, 122, 123, 124, 125, 126, 127, 128, 129, 130, 131, 132, 133, 134, 135, 136], "total events": 136}, "Vulnerabilities Exploited": {"record name": "Vulnerabilities Exploited",