{"Total Initial Vulnerabilities": 770, "Initial Vulns Per OS": {"centos": {"7": 18, "8": 15, "6": 16, "5": 22, "4": 24, "3": 137}, "windows": {"8.1": 26, "8": 29, "10": 4, "7": 23, "vista": 17, "xp": 56}, "freebsd": {"12": 48, "10": 25, "11": 17, "9": 31, "8": 82, "13": 11}, "ubuntu": {"18.04": 28, "14.04": 28, "12.04": 19, "10.04": 66, "16.04": 15, "20.04": 13}}, "Average Initial RoA Per OS": {"centos": {"7": 0.04389820006152249, "8": 0.07264089009758387, "6": 0.08014467412299628, "5": 0.08653297097019509, "4": 0.03120646237342915, "3": 0.041652736300376886}, "windows": {"8.1": 0.03841375412794002, "8": 0.04372739419537575, "10": 0.03711904520623195, "7": 0.07919049117448278, "vista": 0.04055487551426013, "xp": 0.05225369218351763}, "freebsd": {"12": 0.05198549818714365, "10": 0.04517067325143687, "11": 0.10002277115692292, "9": 0.05296104187261053, "8": 0.03744549679636902, "13": 0.048782638333234124}, "ubuntu": {"18.04": 0.01845334041736119, "14.04": 0.06959994934517864, "12.04": 0.04378201108771835, "10.04": 0.0455791499047133, "16.04": 0.06235459940112432, "20.04": 0.08570390332015586}}, "OS Types In Initial Network": {"centos 7": 19, "centos 8": 12, "ubuntu 20.04": 14, "windows 8.1": 19, "ubuntu 18.04": 15, "freebsd 12": 21, "windows 8": 9, "windows 10": 7, "ubuntu 16.04": 6, "ubuntu 14.04": 8, "freebsd 10": 9, "freebsd 11": 5, "ubuntu 12.04": 2, "freebsd 9": 4, "centos 6": 5, "centos 5": 9, "freebsd 13": 9, "freebsd 8": 3, "windows 7": 5, "centos 4": 4, "ubuntu 10.04": 3, "centos 3": 4, "windows vista": 5, "windows xp": 3}, "Initial Hosts Without Vulnerabilities": 40, "Host Compromises": {"record name": "Host Compromises", "x": [1290, 1339, 1842, 10143, 10483, 20165, 24658, 26179, 27662, 28294, 29352, 35388, 35502, 35601, 38279, 38720, 38815, 39787, 45785, 51751, 51868, 53447, 63952, 74066, 93533, 96540, 99207, 99345, 108465, 118697, 120760, 133049, 146296, 178343, 195993, 196979, 197134, 207821, 228678], "y": [15, 123, 16, 44, 46, 41, 12, 21, 25, 28, 32, 118, 121, 120, 3, 5, 6, 9, 24, 39, 40, 47, 17, 38, 30, 33, 42, 43, 122, 22, 29, 1, 36, 2, 171, 178, 173, 8, 175], "cumulative y": [1, 2, 3, 4, 5, 6, 7, 8, 9, 10, 11, 12, 13, 14, 15, 16, 17, 18, 19, 20, 21, 22, 23, 24, 25, 26, 27, 28, 29, 30, 31, 32, 33, 34, 35, 36, 37, 38, 39], "total events": 39, "not exposed x": [1339, 35388, 35502, 35601, 108465, 195993, 196979, 197134, 228678], "not exposed y": [123, 118, 121, 120, 122, 171, 178, 173, 175], "cumulative not exposed y": [1, 2, 3, 4, 5, 6, 7, 8, 9], "total not exposed events": 9}, "Vuln Compromises": {"record name": "Vuln Compromises", "x": [1290, 1842, 10143, 10483, 20165, 26179, 27662, 29352, 38815, 39787, 51868, 53447, 63952, 74066, 96540, 99207, 108465, 118697, 133049, 146296, 178343, 195993, 196979, 197134, 207821, 228678], "y": [15, 16, 44, 46, 41, 21, 25, 32, 6, 9, 40, 47, 17, 38, 33, 42, 122, 22, 1, 36, 2, 171, 178, 173, 8, 175], "cumulative y": [1, 2, 3, 4, 5, 6, 7, 8, 9, 10, 11, 12, 13, 14, 15, 16, 17, 18, 19, 20, 21, 22, 23, 24, 25, 26], "total events": 26, "not exposed x": [108465, 195993, 196979, 197134, 228678], "not exposed y": [122, 171, 178, 173, 175], "cumulative not exposed y": [1, 2, 3, 4, 5], "total not exposed events": 5}, "Reuse Password Compromises": {"record name": "Reuse Password Compromises", "x": [1339, 24658, 28294, 35388, 35502, 35601, 38279, 38720, 45785, 51751, 93533, 99345, 120760], "y": [123, 12, 28, 118, 121, 120, 3, 5, 24, 39, 30, 43, 29], "cumulative y": [1, 2, 3, 4, 5, 6, 7, 8, 9, 10, 11, 12, 13], "total events": 13, "not exposed x": [1339, 35388, 35502, 35601], "not exposed y": [123, 118, 121, 120], "cumulative not exposed y": [1, 2, 3, 4], "total not exposed events": 4}, "Password Spray Compromises": {"record name": "Password Spray Compromises", "x": [], "y": [], "cumulative y": [], "total events": 0, "not exposed x": [], "not exposed y": [], "cumulative not exposed y": [], "total not exposed events": 0}, "User Account Leaks": {"record name": "User Account Has Been Leaked By Compromise", "x": [1290, 1290, 1290, 1290, 1290, 1339, 1339, 1339, 1339, 1842, 1842, 1842, 1842, 1842, 10143, 10143, 10143, 10143, 10143, 10483, 10483, 10483, 10483, 10483, 20165, 20165, 20165, 24658, 24658, 24658, 26179, 26179, 26179, 26179, 27662, 27662, 27662, 27662, 27662, 28294, 28294, 29352, 29352, 29352, 29352, 29352, 35388, 35388, 35388, 35502, 35502, 35502, 35601, 35601, 35601, 38279, 38279, 38720, 38720, 38720, 38815, 38815, 38815, 38815, 39787, 39787, 39787, 45785, 45785, 51751, 51868, 51868, 51868, 51868, 53447, 53447, 53447, 53447, 63952, 63952, 63952, 63952, 63952, 74066, 74066, 74066, 74066, 93533, 93533, 93533, 96540, 96540, 96540, 96540, 99345, 99345, 99345, 108465, 108465, 108465, 118697, 118697, 120760, 133049, 133049, 146296, 146296, 146296, 178343, 178343, 178343, 195993, 196979, 196979, 196979, 197134, 197134, 207821, 207821, 228678, 228678], "y": ["Anissa", "Cherey", "Fayina", "Adriaens", "Dru", "Brit", "Cathi", "Zulema", "Jacquetta", "Agatha", "Ariella", "Dominica", "Jaclyn", "Maegan", "Devonna", "Monique", "Maritsa", "Sib", "Nona", "Ronna", "Konstance", "Piper", "Romy", "Dalia", "Lona", "Bel", "Kary", "Genny", "Elonore", "Goldia", "Asia", "Josselyn", "Liza", "Garland", "Joan", "Tanya", "Tamarah", "Marni", "Cybill", "Marys", "Lani", "Reeba", "Vittoria", "Kari", "Dorise", "Thalia", "Lilyan", "Sisile", "Clio", "Kariotta", "Pet", "Verla", "Kissie", "Merrill", "Beatrice", "Madelle", "Nicola", "Glori", "Joy", "Nancie", "Natalya", "Eada", "Kizzee", "Marita", "Corrina", "Bertie", "Caralie", "Norine", "Evey", "Dorry", "Andree", "Suzie", "Alli", "Meggi", "Simonne", "Rhodie", "Nicky", "Meagan", "Willette", "Marcia", "Romona", "Isadora", "Micaela", "Dona", "Leonie", "Sean", "Kara-Lynn", "Kristine", "Louella", "Else", "Novelia", "Gwenette", "Sherrie", "Suzi", "Karlen", "Shawnee", "Taryn", "Nedi", "Carry", "Shaylynn", "Lindsay", "Faye", "Allix", "Kerstin", "Olympie", "Karla", "Willamina", "Donnie", "Gayle", "Adele", "Jayme", "Papagena", "Elfie", "Madelyn", "Rowena", "Beverley", "Betteanne", "Laverne", "Freddi", "Nan", "Chrystal"], "cumulative y": [1, 2, 3, 4, 5, 6, 7, 8, 9, 10, 11, 12, 13, 14, 15, 16, 17, 18, 19, 20, 21, 22, 23, 24, 25, 26, 27, 28, 29, 30, 31, 32, 33, 34, 35, 36, 37, 38, 39, 40, 41, 42, 43, 44, 45, 46, 47, 48, 49, 50, 51, 52, 53, 54, 55, 56, 57, 58, 59, 60, 61, 62, 63, 64, 65, 66, 67, 68, 69, 70, 71, 72, 73, 74, 75, 76, 77, 78, 79, 80, 81, 82, 83, 84, 85, 86, 87, 88, 89, 90, 91, 92, 93, 94, 95, 96, 97, 98, 99, 100, 101, 102, 103, 104, 105, 106, 107, 108, 109, 110, 111, 112, 113, 114, 115, 116, 117, 118, 119, 120, 121], "total events": 121}, "Vulnerabilities Exploited": {"record name": "Vulnerabilities Exploited", "x": [118, 335, 569, 569, 824, 1219, 1740, 2162, 2162, 4105, 4105, 4367, 4495, 4694, 5063, 5063, 6130, 6509, 6509, 6509, 7403, 7403, 7403, 8684, 10143, 10143, 10143, 10143, 10143, 10483, 10483, 10483, 10582, 10582, 11138, 11529, 11529, 12611, 16081, 16364, 17875, 18359, 18359, 18359, 19253, 19253, 19983, 20870, 20870, 21418, 21830, 22290, 25473, 25473, 26782, 27662, 29352, 29352, 29352, 31677, 33951, 34691, 44879, 52461, 53447, 57780, 66556, 66556, 66556, 81299, 81299, 96540, 96666, 100869, 105684, 105684, 134698, 141601, 196237, 196237, 196237, 196237, 196979, 202513, 202513, 203884, 227930, 227930, 227930, 229831, 230759, 230759], "cumulative exploited vulns": [1, 2, 3, 4, 5, 6, 7, 8, 9, 10, 11, 12, 13, 14, 15, 16, 17, 18, 19, 20, 21, 22, 23, 24, 25, 26, 27, 28, 29, 30, 31, 32, 33, 34, 35, 36, 37, 38, 39, 40, 41, 42, 43, 44, 45, 46, 47, 48, 49, 50, 51, 52, 53, 54, 55, 56, 57, 58, 59, 60, 61, 62, 63, 64, 65, 66, 67, 68, 69, 70, 71, 72, 73, 74, 75, 76, 77, 78, 79, 80, 81, 82, 83, 84, 85, 86, 87, 88, 89, 90, 91, 92],