{"Total Initial Vulnerabilities": 615, "Initial Vulns Per OS": {"centos": {"3": 25, "8": 14, "6": 33, "7": 9, "4": 24, "5": 48}, "ubuntu": {"18.04": 29, "20.04": 7, "14.04": 40, "10.04": 74, "12.04": 21, "16.04": 8}, "freebsd": {"13": 6, "8": 58, "11": 31, "12": 11, "9": 10, "10": 28}, "windows": {"8.1": 26, "7": 24, "8": 37, "xp": 17, "10": 10, "vista": 25}}, "Average Initial RoA Per OS": {"centos": {"3": 0.041625166322304515, "8": 0.026311310205142966, "6": 0.06311716742840429, "7": 0.023252005606130617, "4": 0.06885326506246402, "5": 0.06366072059765437}, "ubuntu": {"18.04": 0.038278123242467446, "20.04": 0.01718935992897295, "14.04": 0.053507664221211323, "10.04": 0.04446577054085175, "12.04": 0.043469372925194164, "16.04": 0.07085622158894819}, "freebsd": {"13": 0.018607600491728004, "8": 0.04379457688892119, "11": 0.08046678549151456, "12": 0.009755473809347208, "9": 0.07143946078319345, "10": 0.06428490998050744}, "windows": {"8.1": 0.08535840092091965, "7": 0.05712607631860508, "8": 0.04282996664581748, "xp": 0.1153321878668485, "10": 0.03645044364656577, "vista": 0.04987515972164174}}, "OS Types In Initial Network": {"centos 3": 4, "ubuntu 20.04": 19, "centos 8": 15, "ubuntu 18.04": 16, "centos 6": 11, "freebsd 13": 8, "freebsd 8": 2, "windows 10": 11, "windows 8.1": 14, "freebsd 11": 10, "windows 7": 8, "windows 8": 9, "freebsd 12": 10, "freebsd 10": 10, "centos 7": 5, "ubuntu 14.04": 9, "ubuntu 10.04": 3, "centos 4": 6, "windows xp": 1, "freebsd 9": 2, "centos 5": 13, "ubuntu 12.04": 5, "ubuntu 16.04": 5, "windows vista": 4}, "Initial Hosts Without Vulnerabilities": 53, "Host Compromises": {"record name": "Host Compromises", "x": [1685, 3768, 7348, 13476, 15199, 15369, 15784, 20970, 23597, 26559, 30851, 34775, 34883, 36518, 36653, 38079, 41308, 45649, 51356, 52518, 52635, 52741, 53583, 53696, 56818, 58129, 64190, 71088, 74357, 75782, 83025, 85195, 90053, 102566, 109490, 117120, 119469, 123607, 123779, 134128, 136635, 136851, 141628, 142565, 146472, 155470, 158926, 159103, 162599, 165261, 171473, 174497, 195963, 212712, 218668, 220844, 226560, 247382], "y": [6, 20, 35, 13, 22, 23, 25, 42, 49, 4, 16, 28, 67, 30, 31, 34, 38, 47, 0, 2, 59, 101, 53, 98, 50, 149, 102, 94, 9, 11, 21, 26, 39, 51, 141, 144, 154, 89, 90, 95, 91, 97, 7, 10, 17, 33, 40, 41, 48, 69, 76, 71, 99, 58, 92, 70, 12, 148], "cumulative y": [1, 2, 3, 4, 5, 6, 7, 8, 9, 10, 11, 12, 13, 14, 15, 16, 17, 18, 19, 20, 21, 22, 23, 24, 25, 26, 27, 28, 29, 30, 31, 32, 33, 34, 35, 36, 37, 38, 39, 40, 41, 42, 43, 44, 45, 46, 47, 48, 49, 50, 51, 52, 53, 54, 55, 56, 57, 58], "total events": 58, "not exposed x": [34883, 52635, 52741, 53583, 53696, 56818, 58129, 64190, 71088, 102566, 109490, 117120, 119469, 123607, 123779, 134128, 136635, 136851, 165261, 171473, 174497, 195963, 212712, 218668, 220844, 247382], "not exposed y": [67, 59, 101, 53, 98, 50, 149, 102, 94, 51, 141, 144, 154, 89, 90, 95, 91, 97, 69, 76, 71, 99, 58, 92, 70, 148], "cumulative not exposed y": [1, 2, 3, 4, 5, 6, 7, 8, 9, 10, 11, 12, 13, 14, 15, 16, 17, 18, 19, 20, 21, 22, 23, 24, 25, 26], "total not exposed events": 26}, "Vuln Compromises": {"record name": "Vuln Compromises", "x": [1685, 3768, 7348, 13476, 15199, 15369, 15784, 20970, 23597, 26559, 34775, 34883, 36518, 36653, 38079, 41308, 45649, 51356, 52635, 56818, 64190, 71088, 74357, 83025, 102566, 119469, 123607, 136635, 136851, 146472, 155470, 159103, 162599, 174497, 195963, 212712, 218668, 220844, 226560, 247382], "y": [6, 20, 35, 13, 22, 23, 25, 42, 49, 4, 28, 67, 30, 31, 34, 38, 47, 0, 59, 50, 102, 94, 9, 21, 51, 154, 89, 91, 97, 17, 33, 41, 48, 71, 99, 58, 92, 70, 12, 148], "cumulative y": [1, 2, 3, 4, 5, 6, 7, 8, 9, 10, 11, 12, 13, 14, 15, 16, 17, 18, 19, 20, 21, 22, 23, 24, 25, 26, 27, 28, 29, 30, 31, 32, 33, 34, 35, 36, 37, 38, 39, 40], "total events": 40, "not exposed x": [34883, 52635, 56818, 64190, 71088, 102566, 119469, 123607, 136635, 136851, 174497, 195963, 212712, 218668, 220844, 247382], "not exposed y": [67, 59, 50, 102, 94, 51, 154, 89, 91, 97, 71, 99, 58, 92, 70, 148], "cumulative not exposed y": [1, 2, 3, 4, 5, 6, 7, 8, 9, 10, 11, 12, 13, 14, 15, 16], "total not exposed events": 16}, "Reuse Password Compromises": {"record name": "Reuse Password Compromises", "x": [30851, 52518, 52741, 53583, 53696, 58129, 75782, 85195, 90053, 117120, 123779, 134128, 142565, 158926, 171473], "y": [16, 2, 101, 53, 98, 149, 11, 26, 39, 144, 90, 95, 10, 40, 76], "cumulative y": [1, 2, 3, 4, 5, 6, 7, 8, 9, 10, 11, 12, 13, 14, 15], "total events": 15, "not exposed x": [52741, 53583, 53696, 58129, 117120, 123779, 134128, 171473], "not exposed y": [101, 53, 98, 149, 144, 90, 95, 76], "cumulative not exposed y": [1, 2, 3, 4, 5, 6, 7, 8], "total not exposed events": 8}, "Password Spray Compromises": {"record name": "Password Spray Compromises", "x": [109490, 141628, 165261], "y": [141, 7, 69], "cumulative y": [1, 2, 3], "total events": 3, "not exposed x": [109490, 165261], "not exposed y": [141, 69], "cumulative not exposed y": [1, 2], "total not exposed events": 2}, "User Account Leaks": {"record name": "User Account Has Been Leaked By Compromise", "x": [1685, 1685, 1685, 1685, 1685, 3768, 3768, 3768, 3768, 3768, 7348, 7348, 7348, 7348, 7348, 13476, 13476, 13476, 13476, 15199, 15199, 15199, 15199, 15199, 15369, 15369, 15369, 15369, 15784, 15784, 15784, 15784, 20970, 20970, 20970, 20970, 20970, 23597, 23597, 23597, 23597, 23597, 26559, 26559, 26559, 26559, 30851, 30851, 30851, 30851, 34775, 34775, 34775, 34883, 34883, 34883, 34883, 36518, 36518, 36518, 36653, 36653, 36653, 36653, 38079, 38079, 38079, 41308, 41308, 45649, 45649, 45649, 51356, 51356, 51356, 51356, 52518, 52518, 52518, 52635, 52635, 52635, 52741, 52741, 52741, 52741, 53583, 53696, 53696, 56818, 56818, 56818, 58129, 58129, 64190, 64190, 71088, 74357, 74357, 74357, 75782, 83025, 83025, 85195, 85195, 85195, 102566, 102566, 102566, 102566, 109490, 109490, 117120, 119469, 119469, 123607, 123607, 123779, 134128, 136635, 136635, 136635, 136851, 136851, 141628, 141628, 141628, 142565, 142565, 146472, 158926, 158926, 159103, 162599, 162599, 165261, 171473, 171473, 171473, 174497, 195963, 212712, 218668, 218668, 220844, 226560, 247382], "y": ["Carlina", "Willy", "Britt", "Phillis", "Carlita", "Marlee", "Heda", "Lucinda", "Tory", "Dinah", "Averyl", "Myriam", "Jany", "Marrissa", "Gretta", "Merrily", "Cordey", "Carlen", "Valencia", "Bettine", "Gavrielle", "Gertruda", "Elsey", "Nicolle", "Yoshi", "Lida", "Amalia", "Anna", "Evangelia", "Caprice", "Lotta", "Anthe", "Brita", "Celeste", "Esme", "Merrili", "Sibyl", "Lorain", "Nessa", "Enriqueta", "Alika", "Michele", "Aileen", "Melinde", "Haley", "Fanechka", "Olivie", "Harrie", "Tatiana", "Andria", "Peggi", "Arlana", "Alix", "Theo", "Taryn", "Alica", "Daloris", "Elbertina", "Alicea", "Pris", "Sela", "Ivonne", "Charmine", "Rosette", "Devon", "Kyla", "Elberta", "Ally", "Minne", "Thomasine", "Kassi", "Dorris", "Martha", "Allsun", "Michal", "Marnia", "Meggi", "Alverta", "Sherri", "Bernete", "Heidie", "Melisse", "Sabra", "Waneta", "Noelle", "Daffie", "Joey", "Andeee", "Maggee", "Janie", "Wynn", "Amelia", "Kayley", "Liuka", "Vittoria", "Eleen", "Darda", "Fallon", "Ardith", "Hazel", "Wren", "Hilda", "Dania", "Latrina", "Dorey", "Sacha", "Yetta", "Trula", "Salaidh", "Gwenette", "Christiana", "Rani", "Rosalind", "Kathye", "Barbey", "Drusie", "Lexie", "Tabbitha", "Janis", "Giustina", "Lucina", "Kelley", "Dodi", "Andriette", "Alexandrina", "Livia", "Cassi", "Danika", "Jacki", "Aloisia", "Noelani", "Electra", "Lorine", "Josephine", "Elaine", "Laverne", "Paulina", "Clementia", "Annadiane", "Melitta", "Lucia", "Gloriane", "Cora", "Cindi", "Rosanne", "Suzann", "Talya"],