{"Total Initial Vulnerabilities": 679, "Initial Vulns Per OS": {"freebsd": {"9": 20, "11": 35, "12": 17, "13": 15, "8": 65, "10": 15}, "windows": {"8": 33, "8.1": 18, "7": 32, "10": 10, "vista": 58, "xp": 17}, "ubuntu": {"16.04": 31, "14.04": 23, "18.04": 12, "10.04": 44, "20.04": 8}, "centos": {"8": 11, "3": 103, "7": 41, "6": 32, "5": 23, "4": 16}}, "Average Initial RoA Per OS": {"freebsd": {"9": 0.04593942427487473, "11": 0.04273142542595278, "12": 0.026813440974165454, "13": 0.08579897518112435, "8": 0.06502565462126479, "10": 0.09858487813361266}, "windows": {"8": 0.054021696659738105, "8.1": 0.030881792241136727, "7": 0.054411608472513806, "10": 0.034427313284605396, "vista": 0.06690312811443393, "xp": 0.024588453149541202}, "ubuntu": {"16.04": 0.1383052627802652, "14.04": 0.07147303864708966, "18.04": 0.03044003175496419, "10.04": 0.05756245971431639, "20.04": 0.03520505270871333}, "centos": {"8": 0.02248543197139213, "3": 0.06739539136671067, "7": 0.0328391643191683, "6": 0.04511243464691296, "5": 0.03375043173466693, "4": 0.04225199170173613}}, "OS Types In Initial Network": {"freebsd 11": 15, "freebsd 9": 4, "ubuntu 20.04": 13, "windows 8": 14, "windows 10": 15, "freebsd 12": 10, "windows 8.1": 8, "ubuntu 16.04": 11, "freebsd 13": 15, "freebsd 8": 2, "windows 7": 7, "ubuntu 14.04": 5, "ubuntu 18.04": 8, "centos 8": 13, "windows vista": 10, "centos 3": 4, "centos 7": 19, "centos 6": 10, "freebsd 10": 5, "centos 5": 5, "ubuntu 10.04": 3, "windows xp": 1, "centos 4": 3}, "Initial Hosts Without Vulnerabilities": 49, "Host Compromises": {"record name": "Host Compromises", "x": [7918, 8996, 9682, 9848, 10592, 10990, 15453, 19125, 19422, 19755, 20431, 21720, 24126, 24904, 25533, 32948, 35124, 39452, 45366, 45461, 46053, 63076, 63720, 65510, 68785, 69618, 79155, 88704, 90065, 93428, 96165, 96962, 98461, 102136, 105898, 106965, 130645, 130814, 146313, 147276, 148240, 148405, 152307, 162162, 165895, 166084, 167947, 169000, 173189, 173364, 177622, 186021, 195359, 239046, 248010], "y": [10, 19, 20, 95, 99, 93, 106, 28, 30, 32, 35, 39, 43, 45, 47, 104, 107, 174, 1, 2, 4, 33, 34, 37, 44, 46, 100, 61, 51, 132, 6, 8, 12, 17, 24, 25, 96, 105, 94, 167, 169, 170, 172, 11, 16, 57, 55, 52, 50, 53, 60, 29, 48, 59, 171], "cumulative y": [1, 2, 3, 4, 5, 6, 7, 8, 9, 10, 11, 12, 13, 14, 15, 16, 17, 18, 19, 20, 21, 22, 23, 24, 25, 26, 27, 28, 29, 30, 31, 32, 33, 34, 35, 36, 37, 38, 39, 40, 41, 42, 43, 44, 45, 46, 47, 48, 49, 50, 51, 52, 53, 54, 55], "total events": 55, "not exposed x": [9848, 10592, 10990, 15453, 32948, 35124, 39452, 79155, 88704, 90065, 93428, 130645, 130814, 146313, 147276, 148240, 148405, 152307, 166084, 167947, 169000, 173189, 173364, 177622, 239046, 248010], "not exposed y": [95, 99, 93, 106, 104, 107, 174, 100, 61, 51, 132, 96, 105, 94, 167, 169, 170, 172, 57, 55, 52, 50, 53, 60, 59, 171], "cumulative not exposed y": [1, 2, 3, 4, 5, 6, 7, 8, 9, 10, 11, 12, 13, 14, 15, 16, 17, 18, 19, 20, 21, 22, 23, 24, 25, 26], "total not exposed events": 26}, "Vuln Compromises": {"record name": "Vuln Compromises", "x": [7918, 8996, 9682, 9848, 10592, 10990, 15453, 19125, 20431, 24126, 32948, 35124, 39452, 45366, 63076, 63720, 69618, 79155, 90065, 96165, 96962, 102136, 105898, 106965, 146313, 165895, 169000, 173189, 195359, 239046, 248010], "y": [10, 19, 20, 95, 99, 93, 106, 28, 35, 43, 104, 107, 174, 1, 33, 34, 46, 100, 51, 6, 8, 17, 24, 25, 94, 16, 52, 50, 48, 59, 171], "cumulative y": [1, 2, 3, 4, 5, 6, 7, 8, 9, 10, 11, 12, 13, 14, 15, 16, 17, 18, 19, 20, 21, 22, 23, 24, 25, 26, 27, 28, 29, 30, 31], "total events": 31, "not exposed x": [9848, 10592, 10990, 15453, 32948, 35124, 39452, 79155, 90065, 146313, 169000, 173189, 239046, 248010], "not exposed y": [95, 99, 93, 106, 104, 107, 174, 100, 51, 94, 52, 50, 59, 171], "cumulative not exposed y": [1, 2, 3, 4, 5, 6, 7, 8, 9, 10, 11, 12, 13, 14], "total not exposed events": 14}, "Reuse Password Compromises": {"record name": "Reuse Password Compromises", "x": [19422, 19755, 21720, 24904, 25533, 45461, 46053, 65510, 68785, 88704, 93428, 98461, 130814, 147276, 148240, 148405, 152307, 162162, 166084, 167947, 173364, 177622, 186021], "y": [30, 32, 39, 45, 47, 2, 4, 37, 44, 61, 132, 12, 105, 167, 169, 170, 172, 11, 57, 55, 53, 60, 29], "cumulative y": [1, 2, 3, 4, 5, 6, 7, 8, 9, 10, 11, 12, 13, 14, 15, 16, 17, 18, 19, 20, 21, 22, 23], "total events": 23, "not exposed x": [88704, 93428, 130814, 147276, 148240, 148405, 152307, 166084, 167947, 173364, 177622], "not exposed y": [61, 132, 105, 167, 169, 170, 172, 57, 55, 53, 60], "cumulative not exposed y": [1, 2, 3, 4, 5, 6, 7, 8, 9, 10, 11], "total not exposed events": 11}, "Password Spray Compromises": {"record name": "Password Spray Compromises", "x": [130645], "y": [96], "cumulative y": [1], "total events": 1, "not exposed x": [130645], "not exposed y": [96], "cumulative not exposed y": [1], "total not exposed events": 1}, "User Account Leaks": {"record name": "User Account Has Been Leaked By Compromise", "x": [7918, 7918, 7918, 7918, 7918, 8996, 8996, 8996, 8996, 8996, 9682, 9682, 9682, 9682, 9682, 9848, 9848, 9848, 9848, 9848, 10592, 10592, 10592, 10990, 10990, 10990, 10990, 15453, 15453, 15453, 15453, 19125, 19125, 19125, 19422, 19422, 19422, 19755, 19755, 19755, 20431, 20431, 20431, 20431, 20431, 21720, 21720, 21720, 24126, 24126, 24126, 24126, 24904, 24904, 24904, 25533, 25533, 25533, 25533, 32948, 32948, 32948, 35124, 35124, 35124, 35124, 35124, 39452, 39452, 39452, 45366, 45366, 45461, 45461, 45461, 45461, 46053, 46053, 63076, 63076, 63720, 63720, 65510, 65510, 65510, 68785, 68785, 69618, 79155, 79155, 88704, 90065, 90065, 90065, 90065, 90065, 93428, 93428, 96165, 96165, 96165, 96165, 96962, 96962, 96962, 98461, 98461, 98461, 102136, 102136, 102136, 105898, 105898, 105898, 106965, 130645, 130645, 130814, 146313, 146313, 147276, 147276, 147276, 148240, 148240, 148240, 148405, 148405, 148405, 152307, 165895, 166084, 167947, 167947, 167947, 173189, 177622, 177622, 177622, 186021, 186021, 195359, 195359, 239046, 248010, 248010, 248010], "y": ["Augustine", "Leilah", "Buffy", "Morena", "Randi", "Elise", "Eolanda", "Inge", "Tabina", "Helli", "Eddie", "Brear", "Kelcey", "Emiline", "Lenee", "Chelsy", "Candis", "Rafaela", "Olympe", "Becka", "Edin", "Bobbye", "Gerry", "Emmaline", "Charleen", "Ediva", "Eudora", "Nata", "Caritta", "Aryn", "Maddie", "Jonis", "Ekaterina", "Tally", "Phil", "Christen", "Sadie", "Rora", "Philippe", "Justina", "Bertine", "Terrye", "Teddy", "Elyn", "Merrilee", "Reeta", "Germain", "Halley", "Nomi", "Kariotta", "Nicolina", "Winonah", "Jaclin", "Cosette", "Dido", "Meaghan", "Corrinne", "Malissia", "Val", "Babbette", "Cindi", "Paola", "Cindelyn", "Lizabeth", "Jeanelle", "Faythe", "Ronda", "Willow", "Brynne", "Collie", "Charin", "Audi", "Maryanne", "Thalia", "Holly-Anne", "Codie", "Rivalee", "Jonell", "Bev", "Annalee", "Wini", "Lianna", "Isahella", "Helene", "Bren", "Myrtie", "Rosalind", "Con", "Marni", "Mallissa", "Madelle", "Francene", "Amanda", "Mallory", "Darcee", "Kip", "Jill", "Rubina", "Natka", "Ann", "Jacqueline", "Enrica", "Costanza", "Gui", "Charline", "Gabbie", "Fernande", "Valery", "Trixi", "Em", "Tara", "Madelon", "Wandis", "Edwina", "Rivi", "Carri", "Nanice", "Reina", "Mag", "Irene", "Christiana", "Conchita", "Ellen", "Cherey", "Elset", "Anthea", "Enid", "Karlen", "Celka", "Roseanna", "Emmalee", "Eleanora", "Kathie", "Peggi", "Ajay", "Lark", "Nola", "Marys", "Beatrisa", "Janis", "Sophia", "Lorette", "Loreen", "Kellia", "Delcina", "Lona", "Britni"],