{"Total Initial Vulnerabilities": 655, "Initial Vulns Per OS": {"windows": {"7": 31, "vista": 22, "8": 14, "8.1": 25, "10": 13, "xp": 36}, "freebsd": {"10": 21, "13": 10, "12": 21, "9": 34, "8": 46, "11": 22}, "centos": {"4": 34, "6": 17, "7": 37, "5": 31, "8": 23}, "ubuntu": {"20.04": 19, "14.04": 46, "12.04": 12, "18.04": 31, "10.04": 85, "16.04": 25}}, "Average Initial RoA Per OS": {"windows": {"7": 0.04562879955494269, "vista": 0.047253555472508396, "8": 0.06329730794510899, "8.1": 0.0745574444492232, "10": 0.03902096869674131, "xp": 0.07432378393395284}, "freebsd": {"10": 0.028883526292637123, "13": 0.07795879304141282, "12": 0.0426417380354281, "9": 0.035177504667322126, "8": 0.09362853083775287, "11": 0.0948167554275777}, "centos": {"4": 0.03774752444841446, "6": 0.10061029996865742, "7": 0.11248930946669744, "5": 0.04395274291017555, "8": 0.06697273994319439}, "ubuntu": {"20.04": 0.056405387221186175, "14.04": 0.040689761842502975, "12.04": 0.027635051753247892, "18.04": 0.09881143438230962, "10.04": 0.06523482590035716, "16.04": 0.03246731480982833}}, "OS Types In Initial Network": {"windows 7": 7, "freebsd 10": 6, "centos 4": 7, "ubuntu 20.04": 15, "centos 6": 9, "windows vista": 5, "centos 7": 16, "freebsd 12": 9, "windows 8": 6, "freebsd 13": 9, "ubuntu 14.04": 9, "centos 5": 7, "ubuntu 12.04": 5, "centos 8": 21, "windows 8.1": 12, "ubuntu 18.04": 13, "ubuntu 10.04": 3, "windows 10": 14, "freebsd 9": 7, "freebsd 11": 7, "freebsd 8": 2, "ubuntu 16.04": 10, "windows xp": 1}, "Initial Hosts Without Vulnerabilities": 42, "Host Compromises": {"record name": "Host Compromises", "x": [4004, 5719, 6872, 7414, 9248, 9530, 10217, 10515, 20513, 26951, 29083, 37644, 38115, 40622, 41848, 104146, 106344, 113118, 114580, 164245, 164374, 164498, 165124, 169762, 177762, 185637], "y": [28, 32, 35, 39, 47, 48, 0, 1, 21, 30, 104, 2, 3, 8, 12, 7, 14, 26, 33, 79, 113, 50, 54, 112, 11, 29], "cumulative y": [1, 2, 3, 4, 5, 6, 7, 8, 9, 10, 11, 12, 13, 14, 15, 16, 17, 18, 19, 20, 21, 22, 23, 24, 25, 26], "total events": 26, "not exposed x": [29083, 164245, 164374, 164498, 165124, 169762], "not exposed y": [104, 79, 113, 50, 54, 112], "cumulative not exposed y": [1, 2, 3, 4, 5, 6], "total not exposed events": 6}, "Vuln Compromises": {"record name": "Vuln Compromises", "x": [4004, 5719, 6872, 7414, 9248, 9530, 10217, 10515, 26951, 29083, 37644, 38115, 40622, 113118, 114580, 169762, 185637], "y": [28, 32, 35, 39, 47, 48, 0, 1, 30, 104, 2, 3, 8, 26, 33, 112, 29], "cumulative y": [1, 2, 3, 4, 5, 6, 7, 8, 9, 10, 11, 12, 13, 14, 15, 16, 17], "total events": 17, "not exposed x": [29083, 169762], "not exposed y": [104, 112], "cumulative not exposed y": [1, 2], "total not exposed events": 2}, "Reuse Password Compromises": {"record name": "Reuse Password Compromises", "x": [20513, 41848, 104146, 106344, 164245, 164374, 164498, 165124, 177762], "y": [21, 12, 7, 14, 79, 113, 50, 54, 11], "cumulative y": [1, 2, 3, 4, 5, 6, 7, 8, 9], "total events": 9, "not exposed x": [164245, 164374, 164498, 165124], "not exposed y": [79, 113, 50, 54], "cumulative not exposed y": [1, 2, 3, 4], "total not exposed events": 4}, "Password Spray Compromises": {"record name": "Password Spray Compromises", "x": [], "y": [], "cumulative y": [], "total events": 0, "not exposed x": [], "not exposed y": [], "cumulative not exposed y": [], "total not exposed events": 0}, "User Account Leaks": {"record name": "User Account Has Been Leaked By Compromise", "x": [4004, 4004, 4004, 4004, 4004, 5719, 5719, 5719, 5719, 5719, 6872, 6872, 6872, 6872, 6872, 7414, 7414, 7414, 7414, 7414, 9248, 9248, 9248, 9248, 9530, 9530, 9530, 9530, 10217, 10217, 10515, 10515, 10515, 10515, 20513, 20513, 20513, 26951, 26951, 26951, 29083, 29083, 29083, 29083, 29083, 37644, 37644, 37644, 37644, 38115, 38115, 40622, 40622, 40622, 40622, 41848, 41848, 41848, 41848, 104146, 104146, 106344, 106344, 106344, 113118, 113118, 113118, 113118, 114580, 114580, 114580, 114580, 164245, 164245, 164374, 164374, 164374, 164498, 164498, 165124, 165124, 169762, 169762, 169762, 177762, 177762, 177762, 185637, 185637], "y": ["Ketty", "Doloritas", "Gill", "Luciana", "Umeko", "Moll", "Peggie", "Marget", "Helena", "Adriaens", "Cara", "Rebekkah", "Ivy", "Demetra", "Jeanna", "Cosetta", "Lissi", "Nissa", "Alessandra", "Karen", "Elysee", "Ondrea", "Shoshanna", "Pepi", "Sibylle", "Em", "Harriett", "Mabelle", "Ebony", "Simonette", "Anna-Diane", "Edwina", "Barry", "Dorolice", "Robena", "Mona", "Maryellen", "Kary", "Kendre", "Milka", "Nicolette", "Babita", "Ellene", "Ella", "Van", "Ruthi", "Dorolisa", "Jill", "Perry", "Gabbey", "Kassandra", "Katerina", "Inger", "Willetta", "Marcella", "Cherye", "Selma", "Melantha", "Brandais", "Ottilie", "Karrah", "Zorana", "Floria", "Cacilie", "Morganica", "Andrei", "Analise", "Elisha", "Iolanthe", "Monica", "Aliza", "Rosalyn", "Rozalin", "Coretta", "Leslie", "Freddy", "Julee", "Terri", "Janis", "Auria", "Kissiah", "Peri", "Tiffany", "Merrilee", "Odessa", "Silvie", "Aimil", "Page", "Cate"], "cumulative y": [1, 2, 3, 4, 5, 6, 7, 8, 9, 10, 11, 12, 13, 14, 15, 16, 17, 18, 19, 20, 21, 22, 23, 24, 25, 26, 27, 28, 29, 30, 31, 32, 33, 34, 35, 36, 37, 38, 39, 40, 41, 42, 43, 44, 45, 46, 47, 48, 49, 50, 51, 52, 53, 54, 55, 56, 57, 58, 59, 60, 61, 62, 63, 64, 65, 66, 67, 68, 69, 70, 71, 72, 73, 74, 75, 76, 77, 78, 79, 80, 81, 82, 83, 84, 85, 86, 87, 88, 89], "total events": 89}, "Vulnerabilities Exploited": {"record name": "Vulnerabilities Exploited", "x": [189, 189, 189, 189, 189, 537, 537, 1009, 1009, 1009, 1303, 2209, 2209, 2209, 2551, 2597, 2758, 2758, 2801, 2914, 3207, 3751, 3751, 3805, 4004, 4004, 5474, 5474, 5474, 5474, 5474, 5474, 5474, 5474, 5474, 5474, 5474, 5474, 5474, 5474, 5719, 5909, 5909, 6126, 6126, 6872, 7414, 7853, 8205, 9248, 9248, 9248, 9248, 9248, 9248, 9530, 9530, 9775, 10217, 10515, 10701, 10701, 12193, 12193, 12193, 12193, 12193, 14422, 15137, 16498, 16498, 18869, 19139, 20672, 23086, 26951, 26951, 26951, 26951, 26951, 26951, 26951, 26951, 26951, 26951, 27036, 29083, 29083, 29083, 29083, 29083, 29083, 29083, 29083, 29083, 29083, 29083, 29547, 32763, 32763, 32763, 33354, 34362, 37053, 37644, 37774, 40759, 41128, 50871, 54001, 56584, 57602, 57602, 58025, 64256, 64791, 67551, 69615, 74318, 78237, 89204, 98438, 113118, 114138, 121331, 142080, 160799, 168963, 173407, 185637, 194297, 200239, 201420, 222932], "cumulative exploited vulns": [1, 2, 3, 4, 5, 6, 7, 8, 9, 10, 11, 12, 13, 14, 15, 16, 17, 18, 19, 20, 21, 22, 23, 24, 25, 26, 27, 28, 29, 30, 31, 32, 33, 34, 35, 36, 37, 38, 39, 40, 41, 42, 43, 44, 45, 46, 47, 48, 49, 50, 51, 52, 53, 54, 55, 56, 57, 58, 59, 60, 61, 62, 63, 64, 65, 66, 67, 68, 69, 70, 71, 72, 73, 74, 75, 76, 77, 78, 79, 80, 81, 82, 83, 84, 85, 86, 87, 88, 89, 90, 91, 92, 93, 94, 95, 96, 97, 98, 99, 100, 101, 102, 103, 104, 105, 106, 107, 108, 109, 110, 111, 112, 113, 114, 115, 116, 117, 118, 119, 120, 121, 122, 123, 124, 125, 126, 127, 128, 129, 130, 131, 132, 133, 134],