{"Total Initial Vulnerabilities": 575, "Initial Vulns Per OS": {"ubuntu": {"20.04": 5, "18.04": 20, "10.04": 82, "16.04": 14, "12.04": 14, "14.04": 1}, "freebsd": {"12": 18, "11": 28, "9": 33, "13": 20, "8": 61, "10": 21}, "centos": {"6": 17, "8": 8, "3": 30, "7": 17, "5": 27, "4": 6}, "windows": {"7": 29, "8": 24, "10": 22, "8.1": 25, "vista": 9, "xp": 44}}, "Average Initial RoA Per OS": {"ubuntu": {"20.04": 0.03831666115315675, "18.04": 0.13174124342640064, "10.04": 0.07659007420734978, "16.04": 0.08514855411480535, "12.04": 0.018998232269500037, "14.04": 0.010364973316062294}, "freebsd": {"12": 0.03498089147739425, "11": 0.06426999934993348, "9": 0.04602052832707353, "13": 0.0591305254974359, "8": 0.05973623689542626, "10": 0.03561456441309032}, "centos": {"6": 0.042282865639532506, "8": 0.03487040882954231, "3": 0.09276577883384209, "7": 0.10839441727496653, "5": 0.03961453412144875, "4": 0.0254032237132381}, "windows": {"7": 0.05181521935017391, "8": 0.04232875036919471, "10": 0.06657229177917241, "8.1": 0.07714803440799557, "vista": 0.08126253466728166, "xp": 0.037295651462262776}}, "OS Types In Initial Network": {"centos 8": 15, "windows 10": 22, "ubuntu 20.04": 13, "freebsd 12": 11, "centos 6": 9, "windows 7": 11, "ubuntu 18.04": 15, "freebsd 11": 8, "windows 8": 9, "ubuntu 10.04": 5, "freebsd 9": 7, "freebsd 13": 20, "ubuntu 16.04": 8, "windows 8.1": 11, "freebsd 8": 2, "freebsd 10": 8, "windows vista": 2, "centos 7": 9, "windows xp": 1, "centos 3": 2, "ubuntu 12.04": 2, "centos 5": 6, "centos 4": 2, "ubuntu 14.04": 2}, "Initial Hosts Without Vulnerabilities": 60, "Host Compromises": {"record name": "Host Compromises", "x": [3043, 4341, 6608, 11418, 11925, 15518, 23692, 46466, 47901, 48404, 51621, 52604, 55107, 55875, 60789, 61424, 72782, 84540, 87369, 87494, 88794, 94052, 97851, 107427, 107555, 108255, 116471, 116603, 116717, 116860, 116999, 138856, 141046, 150266, 153822, 183345, 198856, 209601, 211150, 239295, 243081, 244671, 247099, 247247], "y": [17, 25, 44, 12, 15, 34, 9, 47, 72, 194, 155, 162, 160, 92, 158, 106, 0, 26, 33, 88, 90, 94, 41, 126, 101, 125, 74, 75, 168, 165, 65, 163, 89, 4, 11, 177, 195, 171, 167, 18, 24, 27, 31, 32], "cumulative y": [1, 2, 3, 4, 5, 6, 7, 8, 9, 10, 11, 12, 13, 14, 15, 16, 17, 18, 19, 20, 21, 22, 23, 24, 25, 26, 27, 28, 29, 30, 31, 32, 33, 34, 35, 36, 37, 38, 39, 40, 41, 42, 43, 44], "total events": 44, "not exposed x": [47901, 48404, 51621, 52604, 55107, 55875, 60789, 61424, 87494, 88794, 94052, 107427, 107555, 108255, 116471, 116603, 116717, 116860, 116999, 138856, 141046, 183345, 198856, 209601, 211150], "not exposed y": [72, 194, 155, 162, 160, 92, 158, 106, 88, 90, 94, 126, 101, 125, 74, 75, 168, 165, 65, 163, 89, 177, 195, 171, 167], "cumulative not exposed y": [1, 2, 3, 4, 5, 6, 7, 8, 9, 10, 11, 12, 13, 14, 15, 16, 17, 18, 19, 20, 21, 22, 23, 24, 25], "total not exposed events": 25}, "Vuln Compromises": {"record name": "Vuln Compromises", "x": [3043, 4341, 6608, 11925, 15518, 48404, 51621, 52604, 55107, 55875, 94052, 141046], "y": [17, 25, 44, 15, 34, 194, 155, 162, 160, 92, 94, 89], "cumulative y": [1, 2, 3, 4, 5, 6, 7, 8, 9, 10, 11, 12], "total events": 12, "not exposed x": [48404, 51621, 52604, 55107, 55875, 94052, 141046], "not exposed y": [194, 155, 162, 160, 92, 94, 89], "cumulative not exposed y": [1, 2, 3, 4, 5, 6, 7], "total not exposed events": 7}, "Reuse Password Compromises": {"record name": "Reuse Password Compromises", "x": [11418, 23692, 46466, 47901, 60789, 61424, 72782, 84540, 87369, 87494, 88794, 97851, 107427, 107555, 108255, 116471, 116603, 116717, 116860, 116999, 138856, 150266, 153822, 183345, 198856, 209601, 211150, 239295, 243081, 244671, 247099, 247247], "y": [12, 9, 47, 72, 158, 106, 0, 26, 33, 88, 90, 41, 126, 101, 125, 74, 75, 168, 165, 65, 163, 4, 11, 177, 195, 171, 167, 18, 24, 27, 31, 32], "cumulative y": [1, 2, 3, 4, 5, 6, 7, 8, 9, 10, 11, 12, 13, 14, 15, 16, 17, 18, 19, 20, 21, 22, 23, 24, 25, 26, 27, 28, 29, 30, 31, 32], "total events": 32, "not exposed x": [47901, 60789, 61424, 87494, 88794, 107427, 107555, 108255, 116471, 116603, 116717, 116860, 116999, 138856, 183345, 198856, 209601, 211150], "not exposed y": [72, 158, 106, 88, 90, 126, 101, 125, 74, 75, 168, 165, 65, 163, 177, 195, 171, 167], "cumulative not exposed y": [1, 2, 3, 4, 5, 6, 7, 8, 9, 10, 11, 12, 13, 14, 15, 16, 17, 18], "total not exposed events": 18}, "Password Spray Compromises": {"record name": "Password Spray Compromises", "x": [], "y": [], "cumulative y": [], "total events": 0, "not exposed x": [], "not exposed y": [], "cumulative not exposed y": [], "total not exposed events": 0}, "User Account Leaks": {"record name": "User Account Has Been Leaked By Compromise", "x": [3043, 3043, 3043, 3043, 3043, 4341, 4341, 4341, 4341, 4341, 6608, 6608, 6608, 6608, 6608, 11418, 11418, 11418, 11925, 11925, 11925, 11925, 15518, 15518, 15518, 15518, 23692, 23692, 23692, 23692, 46466, 46466, 46466, 46466, 47901, 47901, 47901, 48404, 48404, 48404, 48404, 51621, 51621, 51621, 51621, 51621, 52604, 52604, 52604, 52604, 52604, 55107, 55107, 55107, 55875, 55875, 55875, 55875, 55875, 60789, 60789, 61424, 61424, 61424, 61424, 72782, 72782, 84540, 84540, 87369, 87369, 87369, 87494, 87494, 87494, 88794, 88794, 88794, 94052, 94052, 94052, 97851, 97851, 107427, 107555, 107555, 107555, 116603, 116603, 116717, 116717, 116717, 116860, 116860, 116860, 116999, 138856, 138856, 138856, 141046, 141046, 141046, 141046, 150266, 150266, 150266, 153822, 153822, 183345, 183345, 209601, 211150, 211150, 239295, 239295, 243081, 244671, 244671, 247099, 247247, 247247], "y": ["Bendite", "Irina", "Dorie", "Alane", "Leanna", "Kerrin", "Cordelie", "Sabra", "Ophelia", "Ronnie", "Deana", "Oralie", "Annnora", "Nanci", "Adria", "Lulu", "Ira", "Tracey", "Juanita", "Ardith", "Jessy", "Dore", "Quinta", "Fiorenze", "Valeda", "Zara", "Gabbie", "Aimee", "Jordanna", "Mahala", "Claudine", "Audi", "Emili", "Lane", "Roselia", "Lynnell", "Karine", "Olympia", "Koressa", "Andriette", "Gusti", "Emmalee", "Nelle", "Viki", "Lolita", "Demeter", "Leyla", "Kayley", "Lauryn", "Laurene", "Calla", "Madelle", "Dasie", "Jaquenetta", "Norri", "Trula", "Elyssa", "Brinn", "Hyacinthia", "Lorraine", "Athene", "Sherrie", "Trenna", "Laurie", "Erica", "Riannon", "Gates", "Abbie", "Katerine", "Margaux", "Petra", "Kellia", "Glenn", "Carmelle", "Steffane", "Kristan", "Agneta", "Linette", "Ellissa", "Nissie", "Robin", "Kylynn", "Jacklyn", "Catriona", "Moira", "Kendre", "Rhody", "Valenka", "Abra", "Ariadne", "Iona", "Cissiee", "Effie", "Orel", "Rahel", "Brina", "Delora", "Alvinia", "Sandi", "Ulrica", "Carlen", "Ella", "Kevina", "Celestina", "Eliza", "Monica", "Gabriell", "Leia", "Tiphany", "Kore", "Mimi", "Gill", "Ardeen", "Ailyn", "Bebe", "Brigid", "Cherice", "Caye", "Rakel", "Rozele", "Kissee"], "cumulative y": [1, 2, 3, 4, 5, 6, 7, 8, 9, 10, 11, 12, 13, 14, 15, 16, 17, 18, 19, 20, 21, 22, 23, 24, 25, 26, 27, 28, 29, 30, 31, 32, 33, 34, 35, 36, 37, 38, 39, 40, 41, 42, 43, 44, 45, 46, 47, 48, 49, 50, 51, 52, 53, 54, 55, 56, 57, 58, 59, 60, 61, 62, 63, 64, 65, 66, 67, 68, 69, 70, 71, 72, 73, 74, 75, 76, 77, 78, 79, 80, 81, 82, 83, 84, 85, 86, 87, 88, 89, 90, 91, 92, 93, 94, 95, 96, 97, 98, 99, 100, 101, 102, 103, 104, 105, 106, 107, 108, 109, 110, 111, 112, 113, 114, 115, 116, 117, 118, 119, 120, 121], "total events": 121}, "Vulnerabilities Exploited": {"record name": "Vulnerabilities Exploited",